Ativo;Data;Hora;Abertura;Máximo;Mínimo;Fechamento;Volume;Quantidade
WINJ26;30/12/2025;18:15:00;167.140;167.220;167.080;167.080;1.972.342,00;59
WINJ26;30/12/2025;18:00:00;167.355;167.395;167.070;167.070;5.049.859,00;151
WINJ26;30/12/2025;17:45:00;167.570;167.615;167.300;167.385;6.998.481,00;209
WINJ26;30/12/2025;17:30:00;167.655;167.660;167.545;167.545;1.810.106,00;54
WINJ26;30/12/2025;17:15:00;167.630;167.730;167.620;167.630;2.582.117,00;77
WINJ26;30/12/2025;17:00:00;167.660;167.660;167.500;167.595;1.709.427,00;51
WINJ26;30/12/2025;16:45:00;167.710;167.710;167.615;167.685;335.354,00;10
WINJ26;30/12/2025;16:30:00;167.650;167.740;167.555;167.705;1.173.529,00;35
WINJ26;30/12/2025;16:15:00;167.735;167.785;167.630;167.630;1.475.855,00;44
WINJ26;30/12/2025;16:00:00;167.615;167.790;167.595;167.745;603.807,00;18
WINJ26;30/12/2025;15:45:00;167.680;167.710;167.550;167.600;2.547.718,00;76
WINJ26;30/12/2025;15:30:00;167.815;167.815;167.660;167.660;939.152,00;28
WINJ26;30/12/2025;15:15:00;167.770;167.810;167.700;167.790;603.916,00;18
WINJ26;30/12/2025;15:00:00;167.845;167.845;167.775;167.775;805.488,00;24
WINJ26;30/12/2025;14:45:00;167.755;167.875;167.755;167.820;1.879.779,00;56
WINJ26;30/12/2025;14:30:00;167.795;167.860;167.740;167.775;3.020.644,00;90
WINJ26;30/12/2025;14:15:00;167.640;167.850;167.640;167.840;1.342.230,00;40
WINJ26;30/12/2025;14:00:00;167.555;167.715;167.460;167.600;1.307.398,00;39
WINJ26;30/12/2025;13:45:00;167.760;167.760;167.565;167.650;1.374.488,00;41
WINJ26;30/12/2025;13:30:00;167.670;167.810;167.670;167.735;4.362.396,00;130
WINJ26;30/12/2025;13:15:00;167.660;167.760;167.640;167.640;1.844.887,00;55
WINJ26;30/12/2025;13:00:00;167.505;167.680;167.505;167.625;7.038.755,00;210
WINJ26;30/12/2025;12:45:00;167.440;167.555;167.390;167.505;2.646.101,00;79
WINJ26;30/12/2025;12:30:00;167.160;167.450;167.130;167.420;1.740.474,00;52
WINJ26;30/12/2025;12:15:00;167.220;167.365;167.145;167.165;1.772.838,00;53
WINJ26;30/12/2025;12:00:00;167.060;167.220;166.975;167.220;1.370.376,00;41
WINJ26;30/12/2025;11:45:00;167.450;167.450;166.970;167.015;1.838.089,00;55
WINJ26;30/12/2025;11:30:00;167.455;167.455;167.120;167.445;2.877.639,00;86
WINJ26;30/12/2025;11:15:00;167.420;167.630;167.365;167.375;3.817.755,00;114
WINJ26;30/12/2025;11:00:00;167.200;167.660;167.165;167.580;56.803.896,00;1.696
WINJ26;30/12/2025;10:45:00;167.570;167.570;167.205;167.205;13.922.082,00;416
WINJ26;30/12/2025;10:30:00;167.820;167.990;167.570;167.570;28.377.857,00;846
WINJ26;30/12/2025;10:15:00;167.755;168.035;167.755;167.870;22.495.689,00;670
WINJ26;30/12/2025;10:00:00;167.590;167.720;167.445;167.720;28.628.458,00;854
WINJ26;30/12/2025;09:45:00;167.675;167.760;167.585;167.740;10.090.068,00;301
WINJ26;30/12/2025;09:30:00;167.520;167.975;167.450;167.660;36.000.942,00;1.073
WINJ26;30/12/2025;09:15:00;167.400;167.640;167.335;167.505;12.760.904,00;381
WINJ26;30/12/2025;09:00:00;166.530;167.420;166.420;167.420;54.807.505,00;1.640
WINJ26;29/12/2025;18:15:00;166.240;166.420;166.130;166.420;68.167.538,00;2.050
WINJ26;29/12/2025;18:00:00;166.210;166.320;166.210;166.240;2.194.547,00;66
WINJ26;29/12/2025;17:45:00;166.070;166.265;166.050;166.205;7.539.882,00;227
WINJ26;29/12/2025;17:30:00;166.330;166.375;165.875;166.075;22.352.150,00;673
WINJ26;29/12/2025;17:15:00;166.345;166.345;166.280;166.300;432.410,00;13
WINJ26;29/12/2025;17:00:00;166.175;166.385;166.175;166.300;1.230.661,00;37
WINJ26;29/12/2025;16:45:00;166.010;166.225;165.990;166.150;2.725.233,00;82
WINJ26;29/12/2025;16:30:00;165.940;166.050;165.920;165.950;1.228.259,00;37
WINJ26;29/12/2025;16:15:00;165.980;165.980;165.845;165.950;995.464,00;30
WINJ26;29/12/2025;16:00:00;165.800;165.955;165.735;165.955;1.824.278,00;55
WINJ26;29/12/2025;15:45:00;165.920;165.920;165.700;165.805;2.089.053,00;63
WINJ26;29/12/2025;15:30:00;166.000;166.150;165.930;165.950;8.104.998,00;244
WINJ26;29/12/2025;15:15:00;166.285;166.350;165.940;166.000;8.504.250,00;256
WINJ26;29/12/2025;15:00:00;166.185;166.325;166.185;166.275;4.621.702,00;139
WINJ26;29/12/2025;14:45:00;166.380;166.400;166.115;166.160;4.420.242,00;133
WINJ26;29/12/2025;14:30:00;166.205;166.400;166.160;166.395;7.879.541,00;237
WINJ26;29/12/2025;14:15:00;166.045;166.175;166.000;166.150;465.018,00;14
WINJ26;29/12/2025;14:00:00;166.130;166.130;165.975;165.975;13.987.400,00;421
WINJ26;29/12/2025;13:45:00;166.090;166.145;166.000;166.130;631.121,00;19
WINJ26;29/12/2025;13:30:00;166.175;166.200;166.045;166.090;963.416,00;29
WINJ26;29/12/2025;13:15:00;166.075;166.170;166.045;166.170;365.394,00;11
WINJ26;29/12/2025;13:00:00;166.250;166.260;165.980;166.100;1.062.935,00;32
WINJ26;29/12/2025;12:45:00;166.045;166.200;166.030;166.190;797.208,00;24
WINJ26;29/12/2025;12:30:00;166.205;166.205;165.950;166.035;3.255.205,00;98
WINJ26;29/12/2025;12:15:00;166.185;166.220;165.960;166.205;3.853.964,00;116
WINJ26;29/12/2025;12:00:00;166.490;166.520;166.090;166.250;19.716.983,00;593
WINJ26;29/12/2025;11:45:00;166.635;166.765;166.380;166.450;3.698.403,00;111
WINJ26;29/12/2025;11:30:00;166.510;166.635;166.315;166.630;5.126.519,00;154
WINJ26;29/12/2025;11:15:00;166.350;166.450;166.295;166.450;11.345.164,00;341
WINJ26;29/12/2025;11:00:00;166.510;166.600;166.330;166.365;10.052.509,00;302
WINJ26;29/12/2025;10:45:00;166.430;166.505;166.425;166.460;5.958.149,00;179
WINJ26;29/12/2025;10:30:00;166.705;166.705;166.425;166.460;13.895.907,00;417
WINJ26;29/12/2025;10:15:00;166.720;166.785;166.350;166.740;47.372.875,00;1.422
WINJ26;29/12/2025;10:00:00;166.885;167.075;166.730;166.970;6.473.365,00;194
WINJ26;29/12/2025;09:45:00;166.925;167.145;166.840;166.895;6.647.720,00;199
WINJ26;29/12/2025;09:30:00;167.005;167.195;166.950;166.970;6.781.665,00;203
WINJ26;29/12/2025;09:15:00;167.245;167.420;166.880;167.000;7.284.332,00;218
WINJ26;29/12/2025;09:00:00;167.145;167.555;166.975;167.295;36.829.166,00;1.101
WINJ26;26/12/2025;18:15:00;167.195;167.355;167.180;167.315;2.543.021,00;76
WINJ26;26/12/2025;18:00:00;167.125;167.225;167.100;167.225;1.270.432,00;38
WINJ26;26/12/2025;17:45:00;167.045;167.125;167.045;167.125;634.895,00;19
WINJ26;26/12/2025;17:30:00;166.965;167.075;166.965;167.030;3.907.467,00;117
WINJ26;26/12/2025;17:15:00;166.775;166.985;166.775;166.965;2.970.724,00;89
WINJ26;26/12/2025;17:00:00;166.650;166.730;166.650;166.730;66.676,00;2
WINJ26;26/12/2025;16:45:00;166.750;166.750;166.695;166.705;266.750,00;8
WINJ26;26/12/2025;16:30:00;166.730;166.730;166.640;166.640;633.381,00;19
WINJ26;26/12/2025;16:15:00;166.725;166.750;166.700;166.700;500.174,00;15
WINJ26;26/12/2025;16:00:00;166.580;166.735;166.535;166.725;1.966.277,00;59
WINJ26;26/12/2025;15:45:00;166.525;166.605;166.510;166.605;266.468,00;8
WINJ26;26/12/2025;15:30:00;166.510;166.585;166.445;166.585;432.891,00;13
WINJ26;26/12/2025;15:15:00;166.500;166.580;166.450;166.580;1.365.338,00;41
WINJ26;26/12/2025;15:00:00;166.645;166.745;166.525;166.535;2.066.291,00;62
WINJ26;26/12/2025;14:45:00;166.490;166.640;166.435;166.640;2.997.387,00;90
WINJ26;26/12/2025;14:30:00;166.310;166.525;166.310;166.510;1.365.196,00;41
WINJ26;26/12/2025;14:15:00;166.500;166.515;166.350;166.410;1.231.722,00;37
WINJ26;26/12/2025;14:00:00;166.110;166.515;166.110;166.495;1.430.505,00;43
WINJ26;26/12/2025;13:45:00;166.085;166.110;165.960;166.110;929.842,00;28
WINJ26;26/12/2025;13:30:00;166.195;166.195;166.015;166.050;1.893.368,00;57
WINJ26;26/12/2025;13:15:00;166.295;166.295;166.160;166.235;1.063.903,00;32
WINJ26;26/12/2025;13:00:00;166.420;166.490;166.350;166.350;1.531.253,00;46
WINJ26;26/12/2025;12:45:00;166.405;166.420;166.280;166.420;1.730.130,00;52
WINJ26;26/12/2025;12:30:00;166.450;166.500;166.400;166.480;2.862.706,00;86
WINJ26;26/12/2025;12:15:00;166.540;166.575;166.295;166.490;3.030.142,00;91
WINJ26;26/12/2025;12:00:00;166.005;166.685;165.940;166.620;3.728.542,00;112
WINJ26;26/12/2025;11:45:00;166.015;166.195;165.880;165.975;2.125.234,00;64
WINJ26;26/12/2025;11:30:00;165.920;166.335;165.875;166.025;2.657.722,00;80
WINJ26;26/12/2025;11:15:00;165.720;165.880;165.570;165.880;22.975.878,00;693
WINJ26;26/12/2025;11:00:00;165.420;165.725;165.390;165.725;15.917.960,00;481
WINJ26;26/12/2025;10:45:00;165.470;165.605;165.355;165.455;12.611.453,00;381
WINJ26;26/12/2025;10:30:00;165.750;165.905;165.475;165.525;22.205.535,00;670
WINJ26;26/12/2025;10:15:00;165.975;166.050;165.375;165.695;34.463.911,00;1.041
WINJ26;26/12/2025;10:00:00;165.700;166.045;165.700;166.035;12.843.964,00;387
WINJ26;26/12/2025;09:45:00;165.890;166.025;165.675;165.705;18.311.603,00;552
WINJ26;26/12/2025;09:30:00;165.790;165.880;165.580;165.880;43.518.068,00;1.313
WINJ26;26/12/2025;09:15:00;165.980;166.065;165.655;165.775;1.427.018,00;43
WINJ26;26/12/2025;09:00:00;166.295;166.295;165.460;165.950;37.027.554,00;1.116
WINJ26;23/12/2025;18:15:00;166.690;166.690;166.500;166.500;1.066.293,00;32
WINJ26;23/12/2025;18:00:00;166.590;166.780;166.590;166.680;6.701.941,00;201
WINJ26;23/12/2025;17:45:00;166.445;166.635;166.375;166.590;4.197.128,00;126
WINJ26;23/12/2025;17:30:00;166.420;166.485;166.400;166.445;466.036,00;14
WINJ26;23/12/2025;17:15:00;166.415;166.505;166.360;166.465;2.929.456,00;88
WINJ26;23/12/2025;17:00:00;166.370;166.445;166.330;166.425;3.494.247,00;105
WINJ26;23/12/2025;16:45:00;166.470;166.525;166.390;166.405;1.198.334,00;36
WINJ26;23/12/2025;16:30:00;166.500;166.540;166.420;166.495;8.488.990,00;255
WINJ26;23/12/2025;16:15:00;166.600;166.600;166.500;166.500;6.261.646,00;188
WINJ26;23/12/2025;16:00:00;166.470;166.580;166.425;166.580;6.160.082,00;185
WINJ26;23/12/2025;15:45:00;166.445;166.490;166.410;166.475;1.032.012,00;31
WINJ26;23/12/2025;15:30:00;166.390;166.410;166.355;166.355;299.483,00;9
WINJ26;23/12/2025;15:15:00;166.230;166.435;166.220;166.320;8.686.107,00;261
WINJ26;23/12/2025;15:00:00;166.675;166.675;166.195;166.265;26.395.784,00;793
WINJ26;23/12/2025;14:45:00;166.580;166.695;166.580;166.685;6.464.875,00;194
WINJ26;23/12/2025;14:30:00;166.450;166.645;166.440;166.555;12.462.210,00;374
WINJ26;23/12/2025;14:15:00;166.540;166.580;166.455;166.485;11.690.389,00;351
WINJ26;23/12/2025;14:00:00;166.500;166.540;166.400;166.525;5.195.030,00;156
WINJ26;23/12/2025;13:45:00;166.555;166.555;166.440;166.505;3.529.427,00;106
WINJ26;23/12/2025;13:30:00;166.345;166.580;166.345;166.500;11.456.979,00;344
WINJ26;23/12/2025;13:15:00;166.480;166.520;166.325;166.325;17.874.022,00;537
WINJ26;23/12/2025;13:00:00;166.360;166.480;166.300;166.415;6.026.217,00;181
WINJ26;23/12/2025;12:45:00;166.380;166.415;166.260;166.405;12.407.258,00;373
WINJ26;23/12/2025;12:30:00;166.500;166.705;166.400;166.400;54.892.105,00;1.648
WINJ26;23/12/2025;12:15:00;166.490;166.535;166.250;166.525;11.049.622,00;332
WINJ26;23/12/2025;12:00:00;166.130;166.525;166.125;166.440;89.674.527,00;2.695
WINJ26;23/12/2025;11:45:00;165.860;166.160;165.755;166.060;51.762.767,00;1.559
WINJ26;23/12/2025;11:30:00;165.435;165.925;165.325;165.835;40.038.347,00;1.208
WINJ26;23/12/2025;11:15:00;165.710;165.745;165.220;165.445;31.061.844,00;939
WINJ26;23/12/2025;11:00:00;165.660;165.995;165.650;165.710;20.563.208,00;620
WINJ26;23/12/2025;10:45:00;165.375;165.715;165.375;165.620;7.484.176,00;226
WINJ26;23/12/2025;10:30:00;165.390;165.455;165.065;165.330;16.924.604,00;512
WINJ26;23/12/2025;10:15:00;165.455;165.735;165.300;165.370;16.050.345,00;485
WINJ26;23/12/2025;10:00:00;165.025;165.535;164.915;165.430;12.398.452,00;375
WINJ26;23/12/2025;09:45:00;165.300;165.350;165.000;165.010;12.025.630,00;364
WINJ26;23/12/2025;09:30:00;164.900;165.385;164.845;165.370;8.718.674,00;264
WINJ26;23/12/2025;09:15:00;164.800;165.190;164.750;164.950;18.239.530,00;553
WINJ26;23/12/2025;09:00:00;164.310;164.750;164.220;164.750;7.504.371,00;228
WINJ26;22/12/2025;18:15:00;164.250;164.285;164.125;164.125;51.824.468,00;1.578
WINJ26;22/12/2025;18:00:00;164.315;164.355;164.285;164.285;2.267.544,00;69
WINJ26;22/12/2025;17:45:00;164.345;164.500;164.310;164.315;4.768.537,00;145
WINJ26;22/12/2025;17:30:00;164.330;164.330;164.220;164.305;2.365.702,00;72
WINJ26;22/12/2025;17:15:00;164.380;164.470;164.380;164.405;394.633,00;12
WINJ26;22/12/2025;17:00:00;164.375;164.425;164.330;164.390;7.759.484,00;236
WINJ26;22/12/2025;16:45:00;164.275;164.405;164.275;164.325;986.012,00;30
WINJ26;22/12/2025;16:30:00;164.295;164.305;164.145;164.235;1.478.221,00;45
WINJ26;22/12/2025;16:15:00;164.340;164.340;164.230;164.255;11.762.395,00;358
WINJ26;22/12/2025;16:00:00;164.360;164.400;164.280;164.365;854.641,00;26
WINJ26;22/12/2025;15:45:00;164.345;164.505;164.295;164.425;8.287.664,00;252
WINJ26;22/12/2025;15:30:00;164.020;164.360;164.010;164.335;13.994.699,00;426
WINJ26;22/12/2025;15:15:00;164.205;164.235;163.985;164.000;12.902.319,00;393
WINJ26;22/12/2025;15:00:00;164.350;164.405;164.075;164.210;12.222.735,00;372
WINJ26;22/12/2025;14:45:00;164.445;164.465;164.300;164.400;3.911.726,00;119
WINJ26;22/12/2025;14:30:00;164.410;164.500;164.320;164.425;1.315.118,00;40
WINJ26;22/12/2025;14:15:00;164.435;164.500;164.245;164.365;4.272.871,00;130
WINJ26;22/12/2025;14:00:00;164.520;164.590;164.435;164.435;2.434.971,00;74
WINJ26;22/12/2025;13:45:00;164.415;164.585;164.415;164.525;13.683.773,00;416
WINJ26;22/12/2025;13:30:00;164.315;164.410;164.070;164.335;12.321.296,00;375
WINJ26;22/12/2025;13:15:00;164.220;164.400;164.205;164.315;13.242.162,00;403
WINJ26;22/12/2025;13:00:00;164.135;164.255;164.110;164.155;7.979.831,00;243
WINJ26;22/12/2025;12:45:00;163.825;164.285;163.755;164.115;15.687.626,00;478
WINJ26;22/12/2025;12:30:00;164.025;164.125;163.800;163.800;9.710.909,00;296
WINJ26;22/12/2025;12:15:00;163.780;164.020;163.730;164.020;4.819.748,00;147
WINJ26;22/12/2025;12:00:00;163.750;164.025;163.735;163.790;25.231.235,00;770
WINJ26;22/12/2025;11:45:00;163.790;163.890;163.670;163.830;41.148.758,00;1.256
WINJ26;22/12/2025;11:30:00;163.620;163.785;163.415;163.750;64.692.209,00;1.977
WINJ26;22/12/2025;11:15:00;164.230;164.240;163.465;163.545;10.381.595,00;317
WINJ26;22/12/2025;11:00:00;164.250;164.580;164.220;164.330;7.232.286,00;220
WINJ26;22/12/2025;10:45:00;164.285;164.390;163.985;164.285;6.140.976,00;187
WINJ26;22/12/2025;10:30:00;164.400;164.400;164.185;164.265;7.423.548,00;226
WINJ26;22/12/2025;10:15:00;164.360;164.595;164.220;164.390;3.419.259,00;104
WINJ26;22/12/2025;10:00:00;164.740;164.825;164.190;164.330;17.858.462,00;543
WINJ26;22/12/2025;09:45:00;164.895;164.895;164.645;164.810;8.731.943,00;265
WINJ26;22/12/2025;09:30:00;164.980;165.080;164.760;164.930;13.950.387,00;423
WINJ26;22/12/2025;09:15:00;165.050;165.070;164.710;164.950;11.678.876,00;354
WINJ26;22/12/2025;09:00:00;165.430;165.610;164.970;164.975;24.229.036,00;732
WINJ26;19/12/2025;18:15:00;164.910;165.200;164.775;165.200;23.338.425,00;708
WINJ26;19/12/2025;18:00:00;164.745;164.925;164.690;164.885;1.516.642,00;46
WINJ26;19/12/2025;17:45:00;164.680;164.775;164.600;164.725;4.248.997,00;129
WINJ26;19/12/2025;17:30:00;165.010;165.010;164.640;164.715;6.493.308,00;197
WINJ26;19/12/2025;17:15:00;164.995;165.070;164.975;165.025;627.034,00;19
WINJ26;19/12/2025;17:00:00;165.060;165.080;164.975;164.980;1.518.271,00;46
WINJ26;19/12/2025;16:45:00;165.020;165.090;164.945;165.060;857.968,00;26
WINJ26;19/12/2025;16:30:00;165.005;165.110;164.975;165.110;693.153,00;21
WINJ26;19/12/2025;16:15:00;164.995;165.125;164.980;165.005;1.914.614,00;58
WINJ26;19/12/2025;16:00:00;165.000;165.045;164.950;165.045;1.616.880,00;49
WINJ26;19/12/2025;15:45:00;165.030;165.165;164.980;165.025;5.149.786,00;156
WINJ26;19/12/2025;15:30:00;165.130;165.145;164.985;165.040;5.545.169,00;168
WINJ26;19/12/2025;15:15:00;165.190;165.190;165.050;165.130;3.632.275,00;110
WINJ26;19/12/2025;15:00:00;165.135;165.215;165.075;165.165;5.680.703,00;172
WINJ26;19/12/2025;14:45:00;165.150;165.200;165.085;165.200;4.063.081,00;123
WINJ26;19/12/2025;14:30:00;165.175;165.275;165.150;165.150;6.938.720,00;210
WINJ26;19/12/2025;14:15:00;165.475;165.550;165.190;165.245;8.364.384,00;253
WINJ26;19/12/2025;14:00:00;165.495;165.530;165.415;165.485;2.151.277,00;65
WINJ26;19/12/2025;13:45:00;165.420;165.510;165.420;165.510;3.210.178,00;97
WINJ26;19/12/2025;13:30:00;165.525;165.570;165.375;165.435;5.261.199,00;159
WINJ26;19/12/2025;13:15:00;165.630;165.630;165.475;165.575;4.469.364,00;135
WINJ26;19/12/2025;13:00:00;165.465;165.625;165.465;165.600;2.914.071,00;88
WINJ26;19/12/2025;12:45:00;165.475;165.600;165.350;165.450;10.126.529,00;306
WINJ26;19/12/2025;12:30:00;165.730;165.800;165.450;165.450;4.834.396,00;146
WINJ26;19/12/2025;12:15:00;165.550;165.750;165.535;165.750;16.964.585,00;512
WINJ26;19/12/2025;12:00:00;165.800;165.965;165.500;165.580;17.068.429,00;515
WINJ26;19/12/2025;11:45:00;165.610;165.850;165.610;165.740;22.208.234,00;670
WINJ26;19/12/2025;11:30:00;165.100;165.740;165.100;165.635;3.869.219,00;117
WINJ26;19/12/2025;11:15:00;165.195;165.265;164.905;165.265;2.509.771,00;76
WINJ26;19/12/2025;11:00:00;165.315;165.580;165.140;165.155;13.289.237,00;402
WINJ26;19/12/2025;10:45:00;164.835;165.300;164.700;165.275;10.104.291,00;306
WINJ26;19/12/2025;10:30:00;164.670;164.855;164.545;164.545;7.215.501,00;219
WINJ26;19/12/2025;10:15:00;164.465;164.670;164.395;164.670;1.316.519,00;40
WINJ26;19/12/2025;10:00:00;164.435;164.660;164.250;164.525;5.528.390,00;168
WINJ26;19/12/2025;09:45:00;164.475;164.700;164.475;164.500;2.995.695,00;91
WINJ26;19/12/2025;09:30:00;164.520;164.595;164.425;164.430;3.093.170,00;94
WINJ26;19/12/2025;09:15:00;164.745;164.825;164.465;164.550;1.152.349,00;35
WINJ26;19/12/2025;09:00:00;164.250;165.195;164.250;164.725;7.705.244,00;234
WINJ26;18/12/2025;18:15:00;164.600;164.685;164.440;164.440;3.325.258,00;101
WINJ26;18/12/2025;18:00:00;164.480;164.605;164.470;164.540;13.624.968,00;414
WINJ26;18/12/2025;17:45:00;164.675;164.720;164.405;164.445;81.797.849,00;2.485
WINJ26;18/12/2025;17:30:00;164.490;164.675;164.400;164.675;37.443.657,00;1.138
WINJ26;18/12/2025;17:15:00;164.350;164.560;164.330;164.470;27.507.490,00;836
WINJ26;18/12/2025;17:00:00;164.205;164.455;164.205;164.370;7.231.390,00;220
WINJ26;18/12/2025;16:45:00;164.300;164.330;164.060;164.165;10.242.628,00;312
WINJ26;18/12/2025;16:30:00;164.475;164.475;164.250;164.250;10.980.981,00;334
WINJ26;18/12/2025;16:15:00;164.655;164.655;164.450;164.580;93.079.703,00;2.829
WINJ26;18/12/2025;16:00:00;164.700;164.735;164.630;164.685;1.383.351,00;42
WINJ26;18/12/2025;15:45:00;164.735;164.800;164.705;164.710;4.348.563,00;132
WINJ26;18/12/2025;15:30:00;164.945;164.950;164.760;164.760;6.989.490,00;212
WINJ26;18/12/2025;15:15:00;164.925;164.950;164.820;164.940;14.806.883,00;449
WINJ26;18/12/2025;15:00:00;164.735;164.915;164.660;164.915;29.734.658,00;902
WINJ26;18/12/2025;14:45:00;164.745;164.855;164.595;164.745;75.934.058,00;2.305
WINJ26;18/12/2025;14:30:00;164.180;164.775;164.180;164.705;99.970.249,00;3.037
WINJ26;18/12/2025;14:15:00;164.200;164.205;163.940;164.055;65.024.616,00;1.981
WINJ26;18/12/2025;14:00:00;164.815;164.950;164.240;164.240;92.395.131,00;2.810
WINJ26;18/12/2025;13:45:00;164.890;164.980;164.830;164.830;7.255.570,00;220
WINJ26;18/12/2025;13:30:00;164.800;164.955;164.755;164.825;11.013.800,00;334
WINJ26;18/12/2025;13:15:00;164.705;165.035;164.685;164.795;15.654.391,00;475
WINJ26;18/12/2025;13:00:00;164.805;165.040;164.700;164.715;28.441.857,00;863
WINJ26;18/12/2025;12:45:00;164.435;165.055;164.435;164.835;50.069.497,00;1.519
WINJ26;18/12/2025;12:30:00;164.545;164.575;164.300;164.450;48.313.881,00;1.469
WINJ26;18/12/2025;12:15:00;164.440;164.565;164.035;164.565;92.026.691,00;2.801
WINJ26;18/12/2025;12:00:00;164.050;164.500;164.050;164.480;46.019.618,00;1.400
WINJ26;18/12/2025;11:45:00;163.785;164.035;163.510;163.960;13.036.946,00;398
WINJ26;18/12/2025;11:30:00;164.010;164.115;163.735;163.755;66.398.678,00;2.025
WINJ26;18/12/2025;11:15:00;163.965;164.050;163.730;164.000;82.724.772,00;2.523
WINJ26;18/12/2025;11:00:00;163.735;164.315;163.640;163.945;151.952.205,00;4.630
WINJ26;18/12/2025;10:45:00;164.075;164.355;163.765;163.795;81.494.607,00;2.484
WINJ26;18/12/2025;10:30:00;163.835;164.230;163.820;164.115;58.801.149,00;1.792
WINJ26;18/12/2025;10:15:00;163.760;163.955;163.650;163.810;15.230.321,00;465
WINJ26;18/12/2025;10:00:00;163.440;163.770;163.260;163.665;3.434.195,00;105
WINJ26;18/12/2025;09:45:00;163.550;163.605;163.100;163.450;61.634.040,00;1.886
WINJ26;18/12/2025;09:30:00;163.750;163.845;163.505;163.505;15.814.236,00;483
WINJ26;18/12/2025;09:15:00;163.555;163.735;163.500;163.725;41.821.737,00;1.278
WINJ26;18/12/2025;09:00:00;164.080;164.315;163.375;163.610;90.554.070,00;2.764
WINJ26;17/12/2025;18:15:00;163.790;163.790;163.790;163.790;163.790,00;5
WINJ26;17/12/2025;18:00:00;163.850;163.945;163.815;163.945;2.162.788,00;66
WINJ26;17/12/2025;17:45:00;163.950;164.050;163.610;163.700;5.111.842,00;156
WINJ26;17/12/2025;17:30:00;164.000;164.085;163.870;163.940;9.743.361,00;297
WINJ26;17/12/2025;17:15:00;163.700;163.920;163.700;163.920;1.605.538,00;49
WINJ26;17/12/2025;16:45:00;163.670;163.670;163.670;163.670;196.404,00;6
WINJ26;17/12/2025;16:15:00;163.655;163.655;163.645;163.645;65.460,00;2
WINJ26;17/12/2025;16:00:00;163.670;163.670;163.670;163.670;32.734,00;1
WINJ26;17/12/2025;15:30:00;163.850;163.850;163.850;163.850;32.770,00;1
WINJ26;17/12/2025;15:00:00;163.670;163.670;163.670;163.670;163.670,00;5
WINJ26;17/12/2025;14:45:00;163.595;163.600;163.355;163.600;424.965,00;13
WINJ26;17/12/2025;14:30:00;163.605;163.865;163.605;163.700;818.844,00;25
WINJ26;17/12/2025;14:15:00;163.740;163.740;163.610;163.610;98.200,00;3
WINJ26;17/12/2025;14:00:00;163.675;163.695;163.600;163.600;130.933,00;4
WINJ26;17/12/2025;13:45:00;163.125;163.530;163.000;163.530;326.184,00;10
WINJ26;17/12/2025;13:30:00;163.250;163.300;163.250;163.300;97.960,00;3
WINJ26;17/12/2025;13:15:00;163.480;163.480;163.455;163.455;65.387,00;2
WINJ26;17/12/2025;13:00:00;163.480;163.480;163.480;163.480;65.392,00;2
WINJ26;17/12/2025;12:45:00;163.685;163.685;163.450;163.450;65.427,00;2
WINJ26;17/12/2025;12:30:00;163.915;163.915;163.600;163.600;65.503,00;2
WINJ26;17/12/2025;12:15:00;163.735;163.980;163.685;163.980;9.006.816,00;275
WINJ26;17/12/2025;12:00:00;164.165;164.165;163.900;163.905;3.376.806,00;103
WINJ26;17/12/2025;11:45:00;164.140;164.200;164.000;164.200;8.500.420,00;259
WINJ26;17/12/2025;11:30:00;163.775;164.235;163.695;163.735;14.338.640,00;437
WINJ26;17/12/2025;11:15:00;163.430;163.850;163.430;163.770;13.847.870,00;423
WINJ26;17/12/2025;11:00:00;163.230;163.230;163.150;163.150;195.796,00;6
WINJ26;17/12/2025;10:45:00;163.200;163.225;163.080;163.080;195.776,00;6
WINJ26;17/12/2025;10:30:00;163.250;163.375;162.770;163.375;38.929.741,00;1.194
WINJ26;17/12/2025;10:15:00;164.165;164.165;163.300;163.310;753.251,00;23
WINJ26;17/12/2025;10:00:00;164.285;164.285;164.010;164.120;918.987,00;28
WINJ26;17/12/2025;09:45:00;164.110;164.350;164.065;164.335;459.697,00;14
WINJ26;17/12/2025;09:30:00;164.680;164.775;164.020;164.160;3.385.513,00;103
WINJ26;17/12/2025;09:15:00;164.810;164.850;164.280;164.560;14.983.359,00;455
WINJ26;17/12/2025;09:00:00;164.410;164.800;164.000;164.800;7.992.781,00;243
WINJ26;16/12/2025;18:15:00;164.700;164.850;164.200;164.500;460.952,00;14
WINJ26;16/12/2025;18:00:00;165.400;165.430;164.675;164.770;11.106.733,00;337
WINJ26;16/12/2025;17:45:00;165.700;165.700;165.450;165.450;364.490,00;11
WINJ26;16/12/2025;17:30:00;165.650;165.750;165.650;165.690;695.892,00;21
WINJ26;16/12/2025;17:15:00;166.000;166.000;165.500;165.500;596.736,00;18
WINJ26;16/12/2025;17:00:00;166.200;166.230;166.120;166.125;1.993.558,00;60
WINJ26;16/12/2025;16:45:00;166.200;166.300;166.200;166.300;166.258,00;5
WINJ26;16/12/2025;16:30:00;166.115;166.115;166.090;166.090;830.570,00;25
WINJ26;16/12/2025;16:15:00;166.450;166.460;166.000;166.050;1.296.468,00;39
WINJ26;16/12/2025;15:15:00;166.655;166.655;166.655;166.655;33.331,00;1
WINJ26;16/12/2025;14:45:00;166.800;166.800;166.600;166.600;100.040,00;3
WINJ26;16/12/2025;14:30:00;166.550;166.550;166.550;166.550;33.310,00;1
WINJ26;16/12/2025;14:15:00;166.680;166.680;166.680;166.680;33.336,00;1
WINJ26;16/12/2025;14:00:00;166.990;167.000;166.990;167.000;133.598,00;4
WINJ26;16/12/2025;13:45:00;166.600;166.600;166.600;166.600;33.320,00;1
WINJ26;16/12/2025;13:00:00;166.450;166.450;166.450;166.450;33.290,00;1
WINJ26;16/12/2025;12:45:00;166.200;166.250;166.200;166.250;66.490,00;2
WINJ26;16/12/2025;12:30:00;166.335;166.335;166.000;166.000;432.005,00;13
WINJ26;16/12/2025;12:15:00;166.400;166.400;166.400;166.400;33.280,00;1
WINJ26;16/12/2025;12:00:00;166.675;166.675;166.430;166.430;333.150,00;10
WINJ26;16/12/2025;11:45:00;167.060;167.060;166.730;166.730;100.124,00;3
WINJ26;16/12/2025;11:30:00;167.075;167.075;166.730;166.730;333.915,00;10
WINJ26;16/12/2025;11:15:00;167.200;167.200;167.200;167.200;33.440,00;1
WINJ26;16/12/2025;11:00:00;167.000;167.000;167.000;167.000;33.400,00;1
WINJ26;16/12/2025;10:45:00;166.805;167.200;166.800;167.200;200.390,00;6
WINJ26;16/12/2025;10:30:00;167.165;167.400;166.930;166.930;267.427,00;8
WINJ26;16/12/2025;10:15:00;167.200;167.375;167.200;167.375;167.272,00;5
WINJ26;16/12/2025;10:00:00;167.270;167.675;166.670;167.075;3.342.484,00;100
WINJ26;16/12/2025;09:45:00;167.150;167.200;167.090;167.200;200.586,00;6
WINJ26;16/12/2025;09:30:00;166.840;167.100;166.750;167.100;734.150,00;22
WINJ26;16/12/2025;09:15:00;166.960;167.395;166.785;166.810;935.261,00;28
WINJ26;16/12/2025;09:00:00;168.995;168.995;166.855;166.865;1.072.095,00;32
WINJ26;15/12/2025;17:00:00;169.380;169.465;169.380;169.465;67.769,00;2
WINJ26;15/12/2025;16:00:00;169.110;169.110;169.110;169.110;33.822,00;1
WINJ26;15/12/2025;15:30:00;169.000;169.000;169.000;169.000;33.800,00;1
WINJ26;15/12/2025;15:15:00;169.100;169.100;169.020;169.020;101.428,00;3
WINJ26;15/12/2025;14:45:00;169.020;169.020;169.020;169.020;169.020,00;5
WINJ26;15/12/2025;14:15:00;169.500;169.500;169.300;169.300;67.760,00;2
WINJ26;15/12/2025;14:00:00;169.505;169.505;169.505;169.505;67.802,00;2
WINJ26;15/12/2025;13:45:00;169.565;169.565;169.560;169.565;169.564,00;5
WINJ26;15/12/2025;13:30:00;169.705;169.705;169.505;169.505;101.743,00;3
WINJ26;15/12/2025;13:15:00;169.700;169.860;169.700;169.860;373.433,00;11
WINJ26;15/12/2025;13:00:00;169.400;169.580;169.400;169.580;237.299,00;7
WINJ26;15/12/2025;12:30:00;169.000;169.000;169.000;169.000;33.800,00;1
WINJ26;15/12/2025;12:15:00;169.000;169.000;169.000;169.000;33.800,00;1
WINJ26;15/12/2025;11:45:00;169.000;169.000;169.000;169.000;33.800,00;1
WINJ26;15/12/2025;11:30:00;169.000;169.000;169.000;169.000;67.600,00;2
WINJ26;15/12/2025;11:15:00;169.330;169.330;169.330;169.330;33.866,00;1
WINJ26;15/12/2025;10:45:00;168.750;168.750;168.750;168.750;33.750,00;1
WINJ26;15/12/2025;10:30:00;168.650;168.650;168.650;168.650;33.730,00;1
WINJ26;15/12/2025;10:15:00;168.500;168.500;168.400;168.400;67.380,00;2
WINJ26;15/12/2025;09:45:00;169.400;169.465;169.400;169.465;67.773,00;2
WINJ26;15/12/2025;09:30:00;169.000;169.200;169.000;169.200;236.640,00;7
WINJ26;15/12/2025;09:15:00;168.730;168.835;168.730;168.835;135.029,00;4
WINJ26;15/12/2025;09:00:00;168.025;168.500;168.025;168.500;67.305,00;2
WINJ26;12/12/2025;18:00:00;167.560;167.560;167.560;167.560;33.512,00;1
WINJ26;12/12/2025;17:15:00;167.430;167.430;167.430;167.430;33.486,00;1
WINJ26;12/12/2025;17:00:00;167.500;167.500;167.500;167.500;33.500,00;1
WINJ26;12/12/2025;16:15:00;167.270;167.270;167.270;167.270;33.454,00;1
WINJ26;12/12/2025;14:45:00;167.400;167.400;167.400;167.400;33.480,00;1
WINJ26;12/12/2025;14:30:00;167.060;167.350;167.060;167.155;234.037,00;7
WINJ26;12/12/2025;14:00:00;166.800;166.800;166.800;166.800;66.720,00;2
WINJ26;12/12/2025;13:30:00;166.300;166.435;166.300;166.435;199.683,00;6
WINJ26;12/12/2025;12:15:00;166.900;166.900;166.900;166.900;66.760,00;2
WINJ26;12/12/2025;12:00:00;167.300;167.300;167.210;167.210;234.130,00;7
WINJ26;12/12/2025;11:15:00;167.950;167.950;167.850;167.900;100.740,00;3
WINJ26;12/12/2025;11:00:00;167.925;167.925;167.925;167.925;33.585,00;1
WINJ26;12/12/2025;10:45:00;167.610;168.100;167.610;167.945;167.937,00;5
WINJ26;12/12/2025;10:30:00;167.150;167.370;167.125;167.370;434.834,00;13
WINJ26;12/12/2025;10:15:00;166.815;167.050;166.815;166.950;467.663,00;14
WINJ26;12/12/2025;10:00:00;166.600;166.600;166.600;166.600;33.320,00;1
WINJ26;12/12/2025;09:15:00;166.575;166.575;166.575;166.575;33.315,00;1
WINJ26;12/12/2025;09:00:00;166.575;166.575;166.575;166.575;166.575,00;5
WINJ26;11/12/2025;17:45:00;166.500;166.500;166.200;166.200;99.800,00;3
WINJ26;11/12/2025;17:00:00;166.730;166.730;166.620;166.620;200.054,00;6
WINJ26;11/12/2025;16:45:00;166.550;166.550;166.550;166.550;33.310,00;1
WINJ26;11/12/2025;16:00:00;166.750;166.750;166.750;166.750;33.350,00;1
WINJ26;11/12/2025;14:45:00;166.400;166.400;166.400;166.400;33.280,00;1
WINJ26;11/12/2025;14:30:00;166.500;166.500;166.500;166.500;33.300,00;1
WINJ26;11/12/2025;13:45:00;166.800;166.800;166.800;166.800;33.360,00;1
WINJ26;11/12/2025;13:30:00;166.750;166.750;166.750;166.750;33.350,00;1
WINJ26;11/12/2025;12:15:00;166.215;166.580;166.215;166.580;166.488,00;5
WINJ26;11/12/2025;11:45:00;166.000;166.000;165.750;165.750;66.350,00;2
WINJ26;11/12/2025;11:30:00;165.750;165.750;165.750;165.750;33.150,00;1
WINJ26;11/12/2025;11:15:00;165.580;165.580;165.580;165.580;33.116,00;1
WINJ26;11/12/2025;11:00:00;165.500;165.815;165.500;165.815;99.413,00;3
WINJ26;11/12/2025;10:30:00;165.040;165.040;165.040;165.040;33.008,00;1
WINJ26;11/12/2025;10:00:00;165.615;165.615;165.615;165.615;33.123,00;1
WINJ26;11/12/2025;09:00:00;165.815;165.815;164.825;164.825;198.103,00;6
WINJ26;10/12/2025;18:15:00;166.300;166.300;166.300;166.300;99.780,00;3
WINJ26;10/12/2025;17:45:00;165.980;166.400;165.870;166.400;33.382.322,00;1.006
WINJ26;10/12/2025;17:30:00;166.200;166.400;166.200;166.395;332.570,00;10
WINJ26;10/12/2025;17:15:00;166.605;166.650;166.130;166.130;166.435,00;5
WINJ26;10/12/2025;17:00:00;165.625;166.600;165.625;166.600;432.201,00;13
WINJ26;10/12/2025;16:15:00;165.200;165.200;164.950;164.950;99.020,00;3
WINJ26;10/12/2025;16:00:00;165.700;165.700;165.500;165.500;66.240,00;2
WINJ26;10/12/2025;15:30:00;165.300;165.300;165.300;165.300;33.060,00;1
WINJ26;10/12/2025;15:15:00;165.300;165.300;165.300;165.300;33.060,00;1
WINJ26;10/12/2025;14:15:00;165.230;165.230;165.230;165.230;66.092,00;2
WINJ26;10/12/2025;13:45:00;165.500;165.500;165.500;165.500;33.100,00;1
WINJ26;10/12/2025;11:45:00;165.510;165.610;165.430;165.610;463.490,00;14
WINJ26;10/12/2025;11:30:00;165.525;165.525;165.525;165.525;33.105,00;1
WINJ26;10/12/2025;10:45:00;165.310;165.310;165.300;165.300;99.184,00;3
WINJ26;10/12/2025;10:30:00;164.850;164.850;164.850;164.850;32.970,00;1
WINJ26;10/12/2025;10:15:00;165.030;165.030;164.850;164.850;65.976,00;2
WINJ26;10/12/2025;09:30:00;165.600;165.705;165.600;165.705;198.825,00;6
WINJ26;10/12/2025;09:15:00;166.330;166.330;166.330;166.330;66.532,00;2
WINJ26;10/12/2025;09:00:00;165.750;166.300;165.750;166.300;265.905,00;8
WINJ26;09/12/2025;18:15:00;164.700;164.700;164.700;164.700;32.940,00;1
WINJ26;09/12/2025;18:00:00;164.850;164.850;164.800;164.800;98.890,00;3
WINJ26;09/12/2025;17:30:00;165.225;165.225;165.000;165.175;330.288,00;10
WINJ26;09/12/2025;17:15:00;165.600;165.600;165.400;165.405;231.605,00;7
WINJ26;09/12/2025;17:00:00;165.725;165.725;165.695;165.695;397.674,00;12
WINJ26;09/12/2025;16:45:00;165.225;165.225;165.225;165.225;99.135,00;3
WINJ26;09/12/2025;14:45:00;164.700;164.700;164.700;164.700;65.880,00;2
WINJ26;09/12/2025;14:30:00;164.655;164.655;164.655;164.655;65.862,00;2
WINJ26;09/12/2025;14:15:00;164.600;164.600;164.600;164.600;32.920,00;1
WINJ26;09/12/2025;13:45:00;164.500;164.500;164.500;164.500;32.900,00;1
WINJ26;09/12/2025;13:30:00;165.000;165.000;164.650;164.650;131.870,00;4
WINJ26;09/12/2025;13:15:00;164.830;164.830;164.830;164.830;32.966,00;1
WINJ26;09/12/2025;12:45:00;164.900;164.900;164.800;164.800;65.940,00;2
WINJ26;09/12/2025;12:30:00;164.900;165.100;164.800;164.900;263.897,00;8
WINJ26;09/12/2025;12:15:00;164.470;164.595;164.470;164.595;98.713,00;3
WINJ26;09/12/2025;12:00:00;163.700;163.900;163.700;163.900;98.280,00;3
WINJ26;09/12/2025;11:45:00;163.750;163.900;163.750;163.800;163.790,00;5
WINJ26;09/12/2025;11:30:00;163.080;163.080;163.080;163.080;32.616,00;1
WINJ26;09/12/2025;11:15:00;163.295;163.295;163.000;163.000;65.259,00;2
WINJ26;09/12/2025;11:00:00;163.150;163.150;163.150;163.150;65.260,00;2
WINJ26;09/12/2025;10:45:00;162.700;163.150;162.700;163.150;162.830,00;5
WINJ26;09/12/2025;10:30:00;163.300;163.300;162.730;162.730;293.224,00;9
WINJ26;09/12/2025;10:15:00;163.500;163.750;163.400;163.615;523.474,00;16
WINJ26;09/12/2025;10:00:00;164.050;164.050;163.765;163.765;262.391,00;8
WINJ26;09/12/2025;09:45:00;164.355;164.355;164.050;164.050;65.681,00;2
WINJ26;09/12/2025;09:30:00;164.850;164.850;164.850;164.850;32.970,00;1
WINJ26;09/12/2025;09:15:00;164.665;164.665;164.650;164.650;65.863,00;2
WINJ26;09/12/2025;09:00:00;165.000;165.000;164.700;164.700;98.890,00;3
WINJ26;08/12/2025;18:00:00;165.300;165.300;165.300;165.300;33.060,00;1
WINJ26;08/12/2025;17:45:00;165.000;165.000;164.900;165.000;197.950,00;6
WINJ26;08/12/2025;17:15:00;165.630;165.630;165.630;165.630;33.126,00;1
WINJ26;08/12/2025;15:30:00;165.630;165.630;165.630;165.630;33.126,00;1
WINJ26;08/12/2025;14:30:00;166.150;166.455;166.150;166.455;199.441,00;6
WINJ26;08/12/2025;13:30:00;165.600;165.600;165.600;165.600;33.120,00;1
WINJ26;08/12/2025;13:15:00;165.450;165.450;165.450;165.450;33.090,00;1
WINJ26;08/12/2025;12:30:00;164.800;164.800;164.800;164.800;32.960,00;1
WINJ26;08/12/2025;11:45:00;165.450;165.450;165.450;165.450;33.090,00;1
WINJ26;08/12/2025;11:30:00;165.650;165.650;165.650;165.650;33.130,00;1
WINJ26;08/12/2025;11:15:00;165.950;165.950;165.950;165.950;33.190,00;1
WINJ26;08/12/2025;10:30:00;165.600;165.600;165.600;165.600;33.120,00;1
WINJ26;08/12/2025;09:45:00;166.000;166.000;166.000;166.000;66.400,00;2
WINJ26;08/12/2025;09:30:00;166.180;166.180;166.180;166.180;33.236,00;1
WINJ26;08/12/2025;09:15:00;166.300;166.300;166.000;166.000;66.460,00;2
WINJ26;08/12/2025;09:00:00;165.950;166.250;165.950;166.250;66.440,00;2
WINJ26;05/12/2025;18:15:00;164.650;164.650;164.650;164.650;32.930,00;1
WINJ26;05/12/2025;18:00:00;164.620;164.620;164.620;164.620;65.848,00;2
WINJ26;05/12/2025;17:30:00;164.500;164.910;164.335;164.755;494.008,00;15
WINJ26;05/12/2025;17:15:00;165.370;165.370;164.600;164.600;726.400,00;22
WINJ26;05/12/2025;17:00:00;165.730;165.730;165.170;165.170;165.282,00;5
WINJ26;05/12/2025;16:45:00;165.655;165.750;165.565;165.750;530.052,00;16
WINJ26;05/12/2025;16:15:00;165.035;165.150;165.000;165.000;528.128,00;16
WINJ26;05/12/2025;16:00:00;165.005;165.005;164.925;164.925;65.986,00;2
WINJ26;05/12/2025;15:45:00;166.530;166.530;164.940;164.940;694.942,00;21
WINJ26;05/12/2025;15:30:00;166.800;166.800;166.265;166.520;399.737,00;12
WINJ26;05/12/2025;15:15:00;167.000;167.000;167.000;167.000;33.400,00;1
WINJ26;05/12/2025;15:00:00;166.950;166.950;166.950;166.950;33.390,00;1
WINJ26;05/12/2025;14:45:00;168.350;168.350;167.190;167.190;469.537,00;14
WINJ26;05/12/2025;14:30:00;169.300;169.300;169.050;169.050;67.670,00;2
WINJ26;05/12/2025;14:15:00;169.300;169.300;168.750;168.750;371.916,00;11
WINJ26;05/12/2025;14:00:00;168.900;168.900;168.900;168.900;33.780,00;1
WINJ26;05/12/2025;13:45:00;168.350;168.660;168.350;168.660;404.411,00;12
WINJ26;05/12/2025;13:30:00;168.115;169.000;168.115;168.575;708.445,00;21
WINJ26;05/12/2025;13:15:00;170.450;170.450;167.875;168.390;2.356.382,00;70
WINJ26;05/12/2025;13:00:00;170.835;170.835;170.450;170.490;170.591,00;5
WINJ26;05/12/2025;12:45:00;172.375;172.375;170.275;170.275;1.371.418,00;40
WINJ26;05/12/2025;12:30:00;172.450;172.450;172.450;172.450;344.900,00;10
WINJ26;05/12/2025;12:00:00;172.240;172.240;172.240;172.240;34.448,00;1
WINJ26;05/12/2025;11:45:00;171.805;172.000;171.805;171.805;92.809.100,00;2.701
WINJ26;05/12/2025;11:30:00;171.570;171.805;171.570;171.805;27.523.114,00;801
WINJ26;05/12/2025;11:15:00;171.690;171.690;171.640;171.640;240.356,00;7
WINJ26;05/12/2025;09:00:00;171.890;172.000;171.690;171.985;549.914,00;16
WINJ26;04/12/2025;18:15:00;172.105;172.105;171.995;171.995;68.820,00;2
WINJ26;04/12/2025;18:00:00;172.000;172.000;172.000;172.000;34.400,00;1
WINJ26;04/12/2025;17:15:00;171.815;171.815;171.815;171.815;103.089,00;3
WINJ26;04/12/2025;17:00:00;171.825;171.825;171.825;171.825;171.825,00;5
WINJ26;04/12/2025;16:45:00;171.680;171.800;171.680;171.800;137.386,00;4
WINJ26;04/12/2025;15:00:00;171.440;171.440;171.440;171.440;171.440,00;5
WINJ26;04/12/2025;14:00:00;171.190;171.285;171.190;171.250;719.338,00;21
WINJ26;04/12/2025;13:45:00;171.300;171.300;171.300;171.300;34.260,00;1
WINJ26;04/12/2025;13:30:00;171.430;171.430;171.410;171.410;68.568,00;2
WINJ26;04/12/2025;13:15:00;171.655;171.655;171.520;171.520;137.269,00;4
WINJ26;04/12/2025;12:45:00;171.500;171.680;171.500;171.680;102.936,00;3
WINJ26;04/12/2025;12:30:00;171.500;171.500;171.500;171.500;34.300,00;1
WINJ26;04/12/2025;12:15:00;171.435;171.435;171.435;171.435;34.287,00;1
WINJ26;04/12/2025;12:00:00;171.260;171.260;171.070;171.070;239.536,00;7
WINJ26;04/12/2025;11:45:00;171.225;171.225;171.225;171.225;34.245,00;1
WINJ26;04/12/2025;11:30:00;171.250;171.250;171.250;171.250;68.500,00;2
WINJ26;04/12/2025;11:00:00;171.250;171.250;171.250;171.250;68.500,00;2
WINJ26;04/12/2025;10:45:00;171.060;171.060;171.060;171.060;205.272,00;6
WINJ26;04/12/2025;10:30:00;170.850;171.060;170.815;171.060;478.690,00;14
WINJ26;04/12/2025;10:15:00;170.090;170.650;170.090;170.650;443.535,00;13
WINJ26;04/12/2025;10:00:00;170.085;170.090;169.950;169.950;476.167,00;14
WINJ26;04/12/2025;09:30:00;170.000;170.000;170.000;170.000;170.000,00;5
WINJ26;04/12/2025;09:15:00;169.805;170.000;169.770;169.770;271.856,00;8
WINJ26;04/12/2025;09:00:00;169.480;169.500;169.480;169.500;576.260,00;17
WINJ26;03/12/2025;18:15:00;169.345;169.345;169.100;169.100;101.558,00;3
WINJ26;03/12/2025;17:15:00;169.245;169.245;169.245;169.245;169.245,00;5
WINJ26;03/12/2025;17:00:00;169.165;169.165;169.165;169.165;33.833,00;1
WINJ26;03/12/2025;12:45:00;168.745;168.745;168.745;168.745;168.745,00;5
WINJ26;03/12/2025;11:30:00;169.000;169.000;169.000;169.000;33.800,00;1
WINJ26;03/12/2025;11:00:00;168.970;168.970;168.970;168.970;33.794,00;1
WINJ26;03/12/2025;10:45:00;169.170;169.170;169.170;169.170;33.834,00;1
WINJ26;03/12/2025;10:30:00;169.200;169.200;169.200;169.200;169.200,00;5
WINJ26;03/12/2025;10:15:00;169.100;169.100;169.100;169.100;33.820,00;1
WINJ26;03/12/2025;09:30:00;168.900;168.900;168.900;168.900;33.780,00;1
WINJ26;03/12/2025;09:00:00;168.990;169.280;168.785;168.785;1.352.610,00;40
WINJ26;02/12/2025;18:15:00;168.805;168.845;168.805;168.845;67.530,00;2
WINJ26;02/12/2025;18:00:00;168.585;168.650;168.585;168.600;168.617,00;5
WINJ26;02/12/2025;17:45:00;168.435;168.435;168.435;168.435;134.748,00;4
WINJ26;02/12/2025;17:30:00;168.435;168.435;168.345;168.345;101.036,00;3
WINJ26;02/12/2025;17:15:00;168.250;168.250;168.200;168.200;67.290,00;2
WINJ26;02/12/2025;16:45:00;168.050;168.050;167.955;167.955;100.801,00;3
WINJ26;02/12/2025;16:00:00;168.120;168.120;168.120;168.120;33.624,00;1
WINJ26;02/12/2025;15:45:00;167.935;168.000;167.935;168.000;67.187,00;2
WINJ26;02/12/2025;15:30:00;167.815;167.815;167.780;167.780;134.234,00;4
WINJ26;02/12/2025;15:15:00;167.900;167.935;167.900;167.935;67.167,00;2
WINJ26;02/12/2025;15:00:00;167.650;167.880;167.650;167.880;67.106,00;2
WINJ26;02/12/2025;12:15:00;167.500;167.500;167.500;167.500;33.500,00;1
WINJ26;02/12/2025;12:00:00;167.400;167.400;167.400;167.400;66.960,00;2
WINJ26;02/12/2025;11:45:00;167.500;167.500;167.500;167.500;33.500,00;1
WINJ26;02/12/2025;11:30:00;167.570;167.570;167.230;167.230;66.960,00;2
WINJ26;02/12/2025;11:15:00;167.900;167.900;167.640;167.705;972.820,00;29
WINJ26;02/12/2025;11:00:00;167.435;167.730;167.435;167.700;201.083,00;6
WINJ26;02/12/2025;10:45:00;167.050;167.435;166.900;167.435;602.249,00;18
WINJ26;02/12/2025;10:30:00;167.000;167.200;166.900;167.100;601.262,00;18
WINJ26;02/12/2025;10:15:00;166.650;166.770;166.625;166.770;199.984,00;6
WINJ26;02/12/2025;10:00:00;166.390;166.580;166.390;166.580;199.712,00;6
WINJ26;02/12/2025;09:30:00;166.840;166.860;166.840;166.860;66.740,00;2
WINJ26;02/12/2025;09:15:00;166.580;166.820;166.580;166.820;500.220,00;15
WINJ26;02/12/2025;09:00:00;166.040;166.770;166.040;166.770;266.453,00;8
WINJ26;01/12/2025;18:15:00;166.180;166.180;166.180;166.180;33.236,00;1
WINJ26;01/12/2025;18:00:00;165.930;165.930;165.930;165.930;66.372,00;2
WINJ26;01/12/2025;17:45:00;165.980;166.040;165.930;165.930;165.962,00;5
WINJ26;01/12/2025;17:15:00;165.950;165.950;165.950;165.950;33.190,00;1
WINJ26;01/12/2025;17:00:00;165.950;165.950;165.950;165.950;33.190,00;1
WINJ26;01/12/2025;13:30:00;166.055;166.070;166.055;166.070;166.064,00;5
WINJ26;01/12/2025;13:00:00;166.100;166.100;166.100;166.100;265.760,00;8
WINJ26;01/12/2025;12:30:00;165.980;165.980;165.980;165.980;33.196,00;1
WINJ26;01/12/2025;12:15:00;166.375;166.375;166.280;166.280;99.787,00;3
WINJ26;01/12/2025;12:00:00;166.560;166.685;166.560;166.685;99.961,00;3
WINJ26;01/12/2025;11:45:00;166.320;166.500;166.320;166.500;199.620,00;6
WINJ26;01/12/2025;11:30:00;166.100;166.410;166.100;166.300;132.999,00;4
WINJ26;01/12/2025;11:15:00;165.740;165.910;165.740;165.910;199.052,00;6
WINJ26;01/12/2025;11:00:00;165.945;165.945;165.760;165.760;66.341,00;2
WINJ26;01/12/2025;10:45:00;165.685;165.685;165.685;165.685;33.137,00;1
WINJ26;01/12/2025;10:30:00;165.625;165.625;165.500;165.500;66.225,00;2
WINJ26;01/12/2025;10:15:00;166.090;166.090;165.650;165.650;199.079,00;6
WINJ26;01/12/2025;10:00:00;166.620;166.620;166.330;166.330;233.076,00;7
WINJ26;01/12/2025;09:45:00;166.780;166.780;166.780;166.780;33.356,00;1
WINJ26;01/12/2025;09:30:00;166.560;166.800;166.560;166.780;266.706,00;8
WINJ26;01/12/2025;09:15:00;166.745;166.745;166.745;166.745;33.349,00;1
WINJ26;01/12/2025;09:00:00;166.975;166.975;166.600;166.650;1.199.804,00;36
WINJ26;28/11/2025;18:15:00;166.770;166.805;166.770;166.775;266.871,00;8
WINJ26;28/11/2025;18:00:00;166.670;166.670;166.670;166.670;33.334,00;1
WINJ26;28/11/2025;17:45:00;166.915;166.915;166.850;166.850;133.506,00;4
WINJ26;28/11/2025;16:45:00;167.020;167.020;166.800;166.800;400.517,00;12
WINJ26;28/11/2025;16:30:00;167.065;167.065;166.805;166.820;1.235.949,00;37
WINJ26;28/11/2025;16:15:00;167.100;167.100;167.100;167.100;100.260,00;3
WINJ26;28/11/2025;15:45:00;167.180;167.200;167.180;167.200;100.316,00;3
WINJ26;28/11/2025;15:30:00;167.050;167.100;167.050;167.100;66.830,00;2
WINJ26;28/11/2025;15:00:00;167.000;167.000;167.000;167.000;66.800,00;2
WINJ26;28/11/2025;14:15:00;166.800;166.800;166.800;166.800;33.360,00;1
WINJ26;28/11/2025;14:00:00;166.700;166.980;166.695;166.980;333.614,00;10
WINJ26;28/11/2025;13:45:00;166.605;166.605;166.605;166.605;33.321,00;1
WINJ26;28/11/2025;13:15:00;166.360;166.360;166.175;166.175;66.507,00;2
WINJ26;28/11/2025;13:00:00;166.500;166.500;166.500;166.500;33.300,00;1
WINJ26;28/11/2025;12:00:00;166.300;166.300;166.100;166.100;66.480,00;2
WINJ26;28/11/2025;11:30:00;166.100;166.100;166.100;166.100;33.220,00;1
WINJ26;28/11/2025;11:15:00;166.685;166.685;166.685;166.685;33.337,00;1
WINJ26;28/11/2025;11:00:00;166.300;166.300;166.300;166.300;33.260,00;1
WINJ26;28/11/2025;10:45:00;166.235;166.235;166.235;166.235;33.247,00;1
WINJ26;28/11/2025;10:30:00;166.100;166.100;166.100;166.100;33.220,00;1
WINJ26;28/11/2025;10:00:00;166.235;166.235;166.235;166.235;33.247,00;1
WINJ26;28/11/2025;09:00:00;165.800;166.435;165.800;166.435;66.447,00;2
WINJ26;27/11/2025;18:15:00;166.010;166.010;166.010;166.010;99.606,00;3
WINJ26;27/11/2025;18:00:00;166.010;166.010;166.010;166.010;33.202,00;1
WINJ26;27/11/2025;17:00:00;165.890;165.890;165.890;165.890;33.178,00;1
WINJ26;27/11/2025;16:00:00;165.810;165.810;165.810;165.810;33.162,00;1
WINJ26;27/11/2025;15:45:00;165.810;165.810;165.810;165.810;33.162,00;1
WINJ26;27/11/2025;13:00:00;166.020;166.020;166.020;166.020;33.204,00;1
WINJ26;27/11/2025;11:15:00;165.940;165.940;165.940;165.940;33.188,00;1
WINJ26;27/11/2025;09:45:00;166.195;166.195;166.185;166.185;66.476,00;2
WINJ26;27/11/2025;09:00:00;166.370;166.370;166.370;166.370;33.274,00;1
WINJ26;26/11/2025;18:15:00;166.415;166.500;166.415;166.500;99.877,00;3
WINJ26;26/11/2025;18:00:00;166.300;166.300;166.300;166.300;33.260,00;1
WINJ26;26/11/2025;17:15:00;166.265;166.300;166.265;166.300;66.513,00;2
WINJ26;26/11/2025;17:00:00;166.215;166.215;166.150;166.150;66.473,00;2
WINJ26;26/11/2025;16:45:00;166.130;166.130;166.130;166.130;66.452,00;2
WINJ26;26/11/2025;16:30:00;166.050;166.200;166.040;166.200;99.658,00;3
WINJ26;26/11/2025;16:15:00;166.005;166.005;166.005;166.005;33.201,00;1
WINJ26;26/11/2025;15:45:00;166.100;166.105;166.085;166.085;1.660.869,00;50
WINJ26;26/11/2025;15:30:00;165.785;165.880;165.785;165.880;66.333,00;2
WINJ26;26/11/2025;15:15:00;165.935;166.000;165.935;166.000;232.387,00;7
WINJ26;26/11/2025;15:00:00;165.900;165.900;165.740;165.740;66.328,00;2
WINJ26;26/11/2025;14:30:00;165.700;165.700;165.700;165.700;33.140,00;1
WINJ26;26/11/2025;14:15:00;165.750;165.750;165.750;165.750;33.150,00;1
WINJ26;26/11/2025;14:00:00;165.750;165.750;165.750;165.750;33.150,00;1
WINJ26;26/11/2025;13:15:00;165.600;165.600;165.550;165.600;198.680,00;6
WINJ26;26/11/2025;13:00:00;165.405;165.550;165.405;165.550;132.361,00;4
WINJ26;26/11/2025;12:15:00;165.050;165.050;165.050;165.050;33.010,00;1
WINJ26;26/11/2025;11:30:00;165.435;165.460;165.255;165.460;132.300,00;4
WINJ26;26/11/2025;11:00:00;165.300;165.300;165.275;165.300;429.735,00;13
WINJ26;26/11/2025;10:45:00;165.250;165.250;165.250;165.250;33.050,00;1
WINJ26;26/11/2025;10:30:00;164.900;165.160;164.800;165.160;461.883,00;14
WINJ26;26/11/2025;10:15:00;164.250;164.605;164.145;164.590;657.999,00;20
WINJ26;26/11/2025;10:00:00;164.250;164.250;163.990;163.990;98.486,00;3
WINJ26;26/11/2025;09:45:00;164.200;164.200;164.200;164.200;32.840,00;1
WINJ26;26/11/2025;09:30:00;164.100;164.100;164.100;164.100;32.820,00;1
WINJ26;26/11/2025;09:15:00;164.075;164.250;164.075;164.250;98.480,00;3
WINJ26;26/11/2025;09:00:00;163.850;163.900;163.850;163.900;65.550,00;2
WINJ26;25/11/2025;16:15:00;163.500;163.500;163.500;163.500;32.700,00;1
WINJ26;25/11/2025;16:00:00;163.320;163.500;163.320;163.500;65.364,00;2
WINJ26;25/11/2025;14:00:00;163.105;163.105;163.105;163.105;391.452,00;12
WINJ26;25/11/2025;13:15:00;162.890;162.945;162.890;162.945;6.516.810,00;200
WINJ26;25/11/2025;12:45:00;163.150;163.150;162.950;162.950;65.220,00;2
WINJ26;25/11/2025;12:15:00;163.185;163.185;163.185;163.185;32.637,00;1
WINJ26;25/11/2025;11:45:00;162.670;162.670;162.670;162.670;32.534,00;1
WINJ26;25/11/2025;11:30:00;162.700;162.700;162.700;162.700;32.540,00;1
WINJ26;25/11/2025;11:15:00;162.780;162.780;162.500;162.565;162.639,00;5
WINJ26;25/11/2025;10:45:00;163.000;163.000;162.895;162.935;162.938,00;5
WINJ26;25/11/2025;10:30:00;164.000;164.000;163.750;163.750;131.150,00;4
WINJ26;25/11/2025;10:15:00;163.715;163.935;163.715;163.935;131.090,00;4
WINJ26;25/11/2025;10:00:00;163.435;163.435;163.435;163.435;32.687,00;1
WINJ26;25/11/2025;09:45:00;163.025;163.025;162.880;162.880;97.785,00;3
WINJ26;25/11/2025;09:15:00;163.150;163.150;162.850;162.850;130.400,00;4
WINJ26;25/11/2025;09:00:00;163.300;163.300;163.300;163.300;32.660,00;1
WINJ26;24/11/2025;18:15:00;163.200;163.200;163.200;163.200;32.640,00;1
WINJ26;24/11/2025;18:00:00;163.020;163.020;163.020;163.020;65.208,00;2
WINJ26;24/11/2025;17:45:00;162.900;162.900;162.800;162.800;97.710,00;3
WINJ26;24/11/2025;17:30:00;162.950;162.950;162.950;162.950;32.590,00;1
WINJ26;24/11/2025;17:15:00;163.000;163.000;163.000;163.000;65.200,00;2
WINJ26;24/11/2025;17:00:00;163.065;163.065;163.065;163.065;32.613,00;1
WINJ26;24/11/2025;12:30:00;163.100;163.100;163.100;163.100;32.620,00;1
WINJ26;24/11/2025;12:15:00;163.240;163.240;163.120;163.120;130.544,00;4
WINJ26;24/11/2025;11:45:00;163.040;163.040;163.040;163.040;32.608,00;1
WINJ26;24/11/2025;11:30:00;163.600;163.600;163.350;163.350;130.750,00;4
WINJ26;24/11/2025;11:15:00;163.340;163.340;163.340;163.340;32.668,00;1
WINJ26;24/11/2025;10:45:00;162.700;162.700;162.700;162.700;32.540,00;1
WINJ26;24/11/2025;10:30:00;163.120;163.120;163.120;163.120;32.624,00;1
WINJ26;24/11/2025;10:00:00;162.450;162.450;162.450;162.450;32.490,00;1
WINJ26;24/11/2025;09:45:00;162.615;162.615;162.615;162.615;813.075,00;25
WINJ26;24/11/2025;09:15:00;162.710;162.710;162.710;162.710;162.710,00;5
WINJ26;21/11/2025;17:15:00;162.695;162.695;162.695;162.695;32.539,00;1
WINJ26;21/11/2025;16:15:00;162.500;162.500;162.465;162.465;3.249.546,00;100
WINJ26;21/11/2025;15:45:00;162.500;162.745;162.500;162.745;97.598,00;3
WINJ26;21/11/2025;15:30:00;162.400;162.400;162.400;162.400;32.480,00;1
WINJ26;21/11/2025;15:15:00;162.250;162.250;162.250;162.250;32.450,00;1
WINJ26;21/11/2025;14:30:00;162.635;162.635;162.635;162.635;32.527,00;1
WINJ26;21/11/2025;14:00:00;162.570;162.570;162.570;162.570;32.514,00;1
WINJ26;21/11/2025;13:45:00;162.410;162.410;162.410;162.410;32.482,00;1
WINJ26;21/11/2025;13:30:00;162.120;162.250;162.120;162.250;64.874,00;2
WINJ26;21/11/2025;13:15:00;161.990;161.990;161.990;161.990;32.398,00;1
WINJ26;21/11/2025;12:45:00;161.860;161.860;161.860;161.860;32.372,00;1
WINJ26;21/11/2025;12:30:00;161.495;161.495;161.495;161.495;32.299,00;1
WINJ26;21/11/2025;12:00:00;162.180;162.180;161.975;161.975;3.271.939,00;101
WINJ26;21/11/2025;11:30:00;162.260;162.450;162.260;162.400;97.422,00;3
WINJ26;21/11/2025;11:15:00;161.780;162.100;161.780;162.100;161.876,00;5
WINJ26;21/11/2025;09:45:00;162.930;162.930;162.930;162.930;32.586,00;1
WINJ26;21/11/2025;09:30:00;162.655;162.655;162.655;162.655;32.531,00;1
WINJ26;21/11/2025;09:15:00;162.260;162.420;162.260;162.270;97.390,00;3
WINJ26;21/11/2025;09:00:00;161.865;162.100;161.840;162.100;777.481,00;24
WINJ26;19/11/2025;18:15:00;163.000;163.200;162.735;163.200;781.720,00;24
WINJ26;19/11/2025;18:00:00;163.470;163.470;163.160;163.160;97.966,00;3
WINJ26;19/11/2025;17:15:00;163.590;163.590;163.590;163.590;32.718,00;1
WINJ26;19/11/2025;17:00:00;163.450;163.450;163.450;163.450;32.690,00;1
WINJ26;19/11/2025;16:15:00;163.250;163.250;163.250;163.250;32.650,00;1
WINJ26;19/11/2025;16:00:00;163.435;163.435;163.400;163.400;98.049,00;3
WINJ26;19/11/2025;13:15:00;163.500;163.500;163.435;163.435;65.387,00;2
WINJ26;19/11/2025;13:00:00;163.725;163.725;163.725;163.725;65.490,00;2
WINJ26;19/11/2025;12:15:00;163.990;163.990;163.810;163.810;229.460,00;7
WINJ26;19/11/2025;12:00:00;164.100;164.100;164.100;164.100;32.820,00;1
WINJ26;19/11/2025;11:45:00;164.200;164.200;164.200;164.200;32.840,00;1
WINJ26;19/11/2025;11:15:00;163.700;163.700;163.700;163.700;32.740,00;1
WINJ26;19/11/2025;10:30:00;163.905;163.905;163.905;163.905;163.905,00;5
WINJ26;19/11/2025;10:15:00;163.750;163.750;163.750;163.750;32.750,00;1
WINJ26;19/11/2025;09:30:00;164.200;164.380;164.200;164.380;65.716,00;2
WINJ26;19/11/2025;09:15:00;164.475;164.475;164.000;164.150;295.462,00;9
WINJ26;18/11/2025;17:15:00;164.900;164.900;164.800;164.800;65.940,00;2
WINJ26;18/11/2025;16:00:00;165.100;165.100;165.100;165.100;33.020,00;1
WINJ26;18/11/2025;13:45:00;164.770;164.770;164.770;164.770;164.770,00;5
WINJ26;18/11/2025;13:15:00;164.630;164.800;164.630;164.800;65.886,00;2
WINJ26;18/11/2025;11:45:00;164.500;164.500;164.500;164.500;32.900,00;1
WINJ26;18/11/2025;11:00:00;164.500;164.500;164.500;164.500;32.900,00;1
WINJ26;18/11/2025;10:45:00;164.410;164.785;164.410;164.785;98.741,00;3
WINJ26;18/11/2025;10:30:00;164.740;164.740;164.445;164.510;164.575,00;5
WINJ26;18/11/2025;10:15:00;163.970;164.840;163.970;164.840;131.540,00;4
WINJ26;18/11/2025;09:45:00;163.600;163.600;163.505;163.505;65.421,00;2
WINJ26;18/11/2025;09:30:00;163.750;163.750;163.700;163.700;98.240,00;3
WINJ26;18/11/2025;09:15:00;164.000;164.000;164.000;164.000;32.800,00;1
WINJ26;18/11/2025;09:00:00;164.750;164.750;164.310;164.310;296.237,00;9
WINJ26;17/11/2025;18:15:00;165.225;165.250;165.225;165.250;66.095,00;2
WINJ26;17/11/2025;18:00:00;165.150;165.150;165.150;165.150;33.030,00;1
WINJ26;17/11/2025;17:45:00;164.950;165.050;164.950;165.050;66.000,00;2
WINJ26;17/11/2025;17:30:00;164.940;164.955;164.850;164.850;527.828,00;16
WINJ26;17/11/2025;17:00:00;164.850;164.940;164.840;164.940;98.926,00;3
WINJ26;17/11/2025;16:45:00;165.115;165.115;164.970;164.970;165.017,00;5
WINJ26;17/11/2025;16:30:00;165.350;165.350;165.100;165.115;297.289,00;9
WINJ26;17/11/2025;15:30:00;165.450;165.450;165.450;165.450;33.090,00;1
WINJ26;17/11/2025;15:15:00;165.600;165.600;165.600;165.600;33.120,00;1
WINJ26;17/11/2025;14:00:00;165.840;165.840;165.840;165.840;33.168,00;1
WINJ26;17/11/2025;13:30:00;166.000;166.000;166.000;166.000;33.200,00;1
WINJ26;17/11/2025;12:00:00;165.855;165.855;165.855;165.855;165.855,00;5
WINJ26;17/11/2025;11:45:00;165.655;165.655;165.655;165.655;165.655,00;5
WINJ26;17/11/2025;11:15:00;165.780;165.780;165.780;165.780;33.156,00;1
WINJ26;17/11/2025;10:45:00;165.150;165.150;165.100;165.100;66.050,00;2
WINJ26;17/11/2025;10:30:00;165.475;165.475;165.200;165.200;99.185,00;3
WINJ26;14/11/2025;18:15:00;165.850;165.850;165.780;165.780;66.326,00;2
WINJ26;14/11/2025;18:00:00;165.915;165.915;165.915;165.915;331.830,00;10
WINJ26;14/11/2025;17:45:00;166.185;166.185;166.185;166.185;33.237,00;1
WINJ26;14/11/2025;16:00:00;166.520;166.520;166.520;166.520;33.304,00;1
WINJ26;14/11/2025;15:30:00;166.515;166.515;166.515;166.515;66.606,00;2
WINJ26;14/11/2025;14:45:00;166.635;166.635;166.635;166.635;33.327,00;1
WINJ26;14/11/2025;12:45:00;166.500;166.500;166.500;166.500;33.300,00;1
WINJ26;14/11/2025;12:00:00;166.105;166.105;166.105;166.105;332.210,00;10
WINJ26;14/11/2025;11:45:00;166.200;166.200;166.200;166.200;33.240,00;1
WINJ26;14/11/2025;11:30:00;165.600;165.935;165.600;165.935;66.307,00;2
WINJ26;14/11/2025;11:15:00;165.500;165.785;165.500;165.775;99.412,00;3
WINJ26;14/11/2025;11:00:00;165.350;165.350;165.350;165.350;33.070,00;1
WINJ26;14/11/2025;10:15:00;165.180;165.380;165.180;165.380;99.162,00;3
WINJ26;14/11/2025;10:00:00;164.970;165.230;164.970;165.230;165.083,00;5
WINJ26;14/11/2025;09:45:00;164.950;164.950;164.950;164.950;32.990,00;1
WINJ26;14/11/2025;09:30:00;164.905;165.100;164.905;165.050;165.022,00;5
WINJ26;14/11/2025;09:15:00;164.780;164.930;164.680;164.930;329.600,00;10
WINJ26;14/11/2025;09:00:00;165.300;165.300;164.500;164.730;857.180,00;26
WINJ26;13/11/2025;18:00:00;165.525;165.550;165.525;165.550;66.215,00;2
WINJ26;13/11/2025;17:30:00;165.450;165.450;165.450;165.450;33.090,00;1
WINJ26;13/11/2025;17:15:00;165.250;165.250;165.250;165.250;33.050,00;1
WINJ26;13/11/2025;17:00:00;165.450;165.500;165.450;165.500;364.090,00;11
WINJ26;13/11/2025;16:30:00;165.250;165.250;165.250;165.250;33.050,00;1
WINJ26;13/11/2025;16:15:00;165.000;165.100;165.000;165.100;99.030,00;3
WINJ26;13/11/2025;16:00:00;165.000;165.045;164.965;164.965;527.975,00;16
WINJ26;13/11/2025;15:15:00;165.200;165.200;165.200;165.200;33.040,00;1
WINJ26;13/11/2025;15:00:00;165.500;165.500;165.500;165.500;33.100,00;1
WINJ26;13/11/2025;14:30:00;165.500;165.500;165.500;165.500;33.100,00;1
WINJ26;13/11/2025;14:00:00;165.640;165.640;165.640;165.640;33.128,00;1
WINJ26;13/11/2025;13:30:00;165.800;165.800;165.500;165.500;132.520,00;4
WINJ26;13/11/2025;13:00:00;165.900;165.900;165.900;165.900;33.180,00;1
WINJ26;13/11/2025;12:45:00;166.000;166.000;166.000;166.000;66.400,00;2
WINJ26;13/11/2025;12:30:00;166.100;166.100;166.000;166.000;66.420,00;2
WINJ26;13/11/2025;11:45:00;166.200;166.200;166.200;166.200;33.240,00;1
WINJ26;13/11/2025;11:15:00;165.920;165.920;165.920;165.920;331.840,00;10
WINJ26;13/11/2025;10:45:00;166.000;166.000;165.900;165.900;66.380,00;2
WINJ26;13/11/2025;10:15:00;166.350;166.395;166.350;166.395;99.828,00;3
WINJ26;13/11/2025;10:00:00;165.900;165.900;165.790;165.790;99.508,00;3
WINJ26;13/11/2025;09:45:00;165.950;166.000;165.900;165.950;132.760,00;4
WINJ26;13/11/2025;09:30:00;166.050;166.050;166.050;166.050;66.420,00;2
WINJ26;13/11/2025;09:15:00;166.000;166.000;165.950;165.950;199.160,00;6
WINJ26;13/11/2025;09:00:00;165.995;166.300;165.895;165.895;365.373,00;11
WINJ26;12/11/2025;18:00:00;166.100;166.100;166.100;166.100;66.440,00;2
WINJ26;12/11/2025;17:45:00;166.000;166.200;166.000;166.200;66.440,00;2
WINJ26;12/11/2025;17:15:00;165.800;165.800;165.800;165.800;33.160,00;1
WINJ26;12/11/2025;17:00:00;165.750;165.750;165.750;165.750;33.150,00;1
WINJ26;12/11/2025;14:45:00;165.140;165.240;165.140;165.240;66.076,00;2
WINJ26;12/11/2025;14:15:00;165.000;165.040;165.000;165.040;132.008,00;4
WINJ26;12/11/2025;13:45:00;165.200;165.345;165.200;165.345;363.730,00;11
WINJ26;12/11/2025;13:15:00;165.180;165.180;165.180;165.180;33.036,00;1
WINJ26;12/11/2025;12:45:00;165.345;165.345;165.245;165.245;66.118,00;2
WINJ26;12/11/2025;12:30:00;165.300;165.300;165.300;165.300;33.060,00;1
WINJ26;12/11/2025;11:45:00;165.500;165.500;165.500;165.500;33.100,00;1
WINJ26;12/11/2025;11:30:00;166.000;166.000;166.000;166.000;33.200,00;1
WINJ26;12/11/2025;11:15:00;166.050;166.050;166.050;166.050;33.210,00;1
WINJ26;12/11/2025;11:00:00;165.880;165.880;165.880;165.880;33.176,00;1
WINJ26;12/11/2025;10:45:00;166.250;166.250;166.035;166.035;99.697,00;3
WINJ26;12/11/2025;10:30:00;166.350;166.400;166.300;166.300;266.160,00;8
WINJ26;12/11/2025;10:15:00;166.220;166.220;166.200;166.200;199.444,00;6
WINJ26;12/11/2025;10:00:00;166.200;166.320;166.150;166.270;132.988,00;4
WINJ26;12/11/2025;09:45:00;166.300;166.300;166.150;166.250;199.470,00;6
WINJ26;12/11/2025;09:30:00;166.300;166.350;166.250;166.250;133.040,00;4
WINJ26;12/11/2025;09:15:00;166.400;166.400;166.200;166.250;266.060,00;8
WINJ26;12/11/2025;09:00:00;166.285;166.450;166.200;166.400;499.007,00;15
WINJ26;11/11/2025;18:15:00;166.390;166.500;166.390;166.460;233.070,00;7
WINJ26;11/11/2025;18:00:00;166.290;166.300;166.290;166.300;66.518,00;2
WINJ26;11/11/2025;17:45:00;166.530;166.530;166.400;166.490;932.283,00;28
WINJ26;11/11/2025;17:30:00;166.450;166.455;166.450;166.455;599.232,00;18
WINJ26;11/11/2025;17:00:00;166.560;166.600;166.560;166.600;66.632,00;2
WINJ26;11/11/2025;16:45:00;166.200;166.200;166.200;166.200;33.240,00;1
WINJ26;11/11/2025;15:30:00;166.080;166.080;166.080;166.080;33.216,00;1
WINJ26;11/11/2025;15:00:00;166.170;166.170;166.170;166.170;66.468,00;2
WINJ26;11/11/2025;14:15:00;165.925;165.925;165.925;165.925;66.370,00;2
WINJ26;11/11/2025;14:00:00;165.980;166.065;165.925;165.925;199.207,00;6
WINJ26;11/11/2025;13:15:00;165.955;165.985;165.895;165.985;398.266,00;12
WINJ26;11/11/2025;12:45:00;165.895;165.895;165.895;165.895;33.179,00;1
WINJ26;11/11/2025;12:30:00;166.110;166.110;165.820;165.820;199.042,00;6
WINJ26;11/11/2025;12:15:00;166.560;166.560;166.350;166.350;99.873,00;3
WINJ26;11/11/2025;11:45:00;166.560;166.560;166.560;166.560;66.624,00;2
WINJ26;11/11/2025;11:15:00;166.205;166.295;166.180;166.295;664.905,00;20
WINJ26;11/11/2025;11:00:00;166.075;166.130;166.040;166.040;730.724,00;22
WINJ26;11/11/2025;10:45:00;166.000;166.000;166.000;166.000;33.200,00;1
WINJ26;11/11/2025;10:30:00;165.400;165.600;165.400;165.600;66.200,00;2
WINJ26;11/11/2025;10:15:00;164.750;165.100;164.750;165.100;758.430,00;23
WINJ26;11/11/2025;10:00:00;164.500;164.505;164.400;164.505;1.085.700,00;33
WINJ26;11/11/2025;09:45:00;164.500;164.595;164.500;164.540;98.727,00;3
WINJ26;11/11/2025;09:30:00;164.730;164.730;164.730;164.730;32.946,00;1
WINJ26;11/11/2025;09:15:00;164.810;164.810;164.810;164.810;32.962,00;1
WINJ26;11/11/2025;09:00:00;163.755;164.815;163.755;164.800;1.021.599,00;31
WINJ26;10/11/2025;18:15:00;163.800;164.000;163.800;164.000;623.158,00;19
WINJ26;10/11/2025;18:00:00;163.600;163.745;163.600;163.745;65.469,00;2
WINJ26;10/11/2025;17:30:00;163.300;163.300;163.300;163.300;32.660,00;1
WINJ26;10/11/2025;17:15:00;163.375;163.375;163.375;163.375;32.675,00;1
WINJ26;10/11/2025;12:15:00;163.405;163.420;163.405;163.420;653.644,00;20
WINJ26;10/11/2025;11:45:00;163.370;163.370;163.370;163.370;32.674,00;1
WINJ26;10/11/2025;10:45:00;163.445;163.750;163.445;163.750;1.112.041,00;34
WINJ26;10/11/2025;10:30:00;162.950;162.950;162.950;162.950;32.590,00;1
WINJ26;10/11/2025;10:15:00;163.070;163.160;162.955;162.955;684.767,00;21
WINJ26;10/11/2025;10:00:00;163.365;163.370;163.100;163.100;326.474,00;10
WINJ26;10/11/2025;09:45:00;163.150;163.150;162.960;162.960;554.306,00;17
WINJ26;10/11/2025;09:00:00;163.000;163.415;161.500;163.000;1.174.699,00;36
WINJ26;07/11/2025;18:00:00;162.420;162.420;162.415;162.415;129.934,00;4
WINJ26;07/11/2025;17:45:00;162.235;162.235;162.235;162.235;32.447,00;1
WINJ26;07/11/2025;16:45:00;162.000;162.000;162.000;162.000;64.800,00;2
WINJ26;07/11/2025;16:30:00;161.920;161.920;161.720;161.720;1.294.600,00;40
WINJ26;07/11/2025;16:15:00;161.875;161.875;161.875;161.875;32.375,00;1
WINJ26;07/11/2025;15:15:00;161.750;161.750;161.750;161.750;64.700,00;2
WINJ26;07/11/2025;14:15:00;161.250;161.250;161.250;161.250;96.750,00;3
WINJ26;07/11/2025;12:30:00;161.500;161.500;161.500;161.500;32.300,00;1
WINJ26;07/11/2025;12:15:00;161.250;161.250;161.250;161.250;32.250,00;1
WINJ26;07/11/2025;11:45:00;161.000;161.000;161.000;161.000;32.200,00;1
WINJ26;07/11/2025;11:30:00;160.750;160.900;160.750;160.900;64.330,00;2
WINJ26;07/11/2025;11:00:00;161.000;161.000;161.000;161.000;32.200,00;1
WINJ26;07/11/2025;10:45:00;161.225;161.225;161.225;161.225;32.245,00;1
WINJ26;07/11/2025;10:00:00;161.250;161.250;161.250;161.250;32.250,00;1
WINJ26;07/11/2025;09:30:00;161.700;161.700;161.500;161.500;96.976,00;3
WINJ26;07/11/2025;09:15:00;161.900;161.900;161.900;161.900;32.380,00;1
WINJ26;06/11/2025;17:45:00;162.035;162.100;162.035;162.100;97.234,00;3
WINJ26;06/11/2025;16:00:00;161.855;161.900;161.800;161.900;517.890,00;16
WINJ26;06/11/2025;15:15:00;161.800;161.800;161.800;161.800;32.360,00;1
WINJ26;06/11/2025;15:00:00;161.750;161.750;161.750;161.750;32.350,00;1
WINJ26;06/11/2025;14:15:00;162.000;162.000;162.000;162.000;32.400,00;1
WINJ26;06/11/2025;14:00:00;162.000;162.000;162.000;162.000;32.400,00;1
WINJ26;06/11/2025;13:45:00;162.000;162.000;162.000;162.000;32.400,00;1
WINJ26;06/11/2025;12:45:00;161.995;161.995;161.995;161.995;32.399,00;1
WINJ26;06/11/2025;11:30:00;162.300;162.305;162.245;162.245;227.210,00;7
WINJ26;06/11/2025;10:45:00;162.500;162.500;162.500;162.500;32.500,00;1
WINJ26;06/11/2025;09:15:00;161.900;161.950;161.900;161.950;64.770,00;2
WINJ26;06/11/2025;09:00:00;161.835;161.835;161.835;161.835;32.367,00;1
WINJ26;05/11/2025;18:15:00;162.130;162.130;162.130;162.130;32.426,00;1
WINJ26;05/11/2025;18:00:00;161.940;161.940;161.940;161.940;129.552,00;4
WINJ26;05/11/2025;17:45:00;161.900;161.980;161.900;161.940;291.469,00;9
WINJ26;05/11/2025;17:30:00;161.900;162.150;161.900;161.900;129.590,00;4
WINJ26;05/11/2025;16:45:00;161.700;161.700;161.700;161.700;97.020,00;3
WINJ26;05/11/2025;16:30:00;161.425;161.425;161.425;161.425;32.285,00;1
WINJ26;05/11/2025;14:00:00;161.445;161.445;161.445;161.445;64.578,00;2
WINJ26;05/11/2025;13:45:00;161.300;161.500;161.300;161.500;161.422,00;5
WINJ26;05/11/2025;13:15:00;161.300;161.300;161.200;161.200;96.760,00;3
WINJ26;05/11/2025;13:00:00;161.000;161.000;161.000;161.000;64.400,00;2
WINJ26;05/11/2025;12:45:00;160.720;160.730;160.720;160.730;96.436,00;3
WINJ26;05/11/2025;12:15:00;160.705;160.880;160.705;160.855;643.408,00;20
WINJ26;05/11/2025;12:00:00;160.120;160.570;160.120;160.570;706.213,00;22
WINJ26;05/11/2025;11:45:00;160.250;160.380;160.250;160.380;192.430,00;6
WINJ26;05/11/2025;11:30:00;159.900;160.000;159.900;160.000;127.980,00;4
WINJ26;05/11/2025;11:15:00;159.750;159.750;159.750;159.750;31.950,00;1
WINJ26;05/11/2025;11:00:00;159.460;159.460;159.460;159.460;31.892,00;1
WINJ26;05/11/2025;10:45:00;159.495;159.710;159.495;159.710;159.581,00;5
WINJ26;05/11/2025;10:30:00;159.040;159.500;159.040;159.500;223.043,00;7
WINJ26;05/11/2025;10:15:00;158.820;158.820;158.820;158.820;31.764,00;1
WINJ26;05/11/2025;09:15:00;158.900;158.900;158.725;158.725;63.525,00;2
WINJ26;05/11/2025;09:00:00;159.000;159.250;158.950;158.950;190.911,00;6
WINJ26;04/11/2025;18:15:00;159.020;159.140;159.020;159.140;95.448,00;3
WINJ26;04/11/2025;18:00:00;159.000;159.000;159.000;159.000;63.600,00;2
WINJ26;04/11/2025;17:45:00;158.900;158.960;158.900;158.960;63.572,00;2
WINJ26;04/11/2025;17:30:00;158.840;158.840;158.840;158.840;31.768,00;1
WINJ26;04/11/2025;17:15:00;158.780;158.780;158.780;158.780;31.756,00;1
WINJ26;04/11/2025;16:45:00;158.660;158.720;158.660;158.720;63.476,00;2
WINJ26;04/11/2025;16:30:00;158.700;158.700;158.700;158.700;31.740,00;1
WINJ26;04/11/2025;16:00:00;158.520;158.520;158.520;158.520;158.520,00;5
WINJ26;04/11/2025;15:15:00;158.695;158.695;158.625;158.625;63.464,00;2
WINJ26;04/11/2025;14:15:00;158.725;158.725;158.725;158.725;31.745,00;1
WINJ26;04/11/2025;14:00:00;158.895;158.895;158.895;158.895;31.779,00;1
WINJ26;04/11/2025;12:00:00;159.240;159.250;159.240;159.250;63.698,00;2
WINJ26;04/11/2025;11:45:00;159.000;159.160;159.000;159.160;127.269,00;4
WINJ26;04/11/2025;11:30:00;158.650;158.750;158.650;158.750;63.480,00;2
WINJ26;04/11/2025;11:15:00;158.600;158.600;158.600;158.600;31.720,00;1
WINJ26;04/11/2025;11:00:00;158.620;158.620;158.620;158.620;31.724,00;1
WINJ26;04/11/2025;10:45:00;158.620;158.620;158.620;158.620;31.724,00;1
WINJ26;04/11/2025;10:30:00;158.520;158.655;158.520;158.655;95.159,00;3
WINJ26;04/11/2025;10:15:00;158.540;158.680;158.540;158.680;63.444,00;2
WINJ26;04/11/2025;10:00:00;158.430;158.430;158.430;158.430;31.686,00;1
WINJ26;04/11/2025;09:00:00;158.500;158.500;157.925;157.925;347.719,00;11
WINJ26;03/11/2025;18:15:00;159.005;159.030;159.000;159.030;127.208,00;4
WINJ26;03/11/2025;17:30:00;158.720;158.780;158.720;158.780;63.500,00;2
WINJ26;03/11/2025;16:45:00;158.660;158.660;158.660;158.660;31.732,00;1
WINJ26;03/11/2025;16:15:00;158.700;158.700;158.700;158.700;31.740,00;1
WINJ26;03/11/2025;16:00:00;158.640;158.640;158.640;158.640;31.728,00;1
WINJ26;03/11/2025;15:15:00;158.560;158.560;158.560;158.560;95.136,00;3
WINJ26;03/11/2025;13:45:00;158.750;158.750;158.750;158.750;31.750,00;1
WINJ26;03/11/2025;13:30:00;158.750;158.750;158.750;158.750;31.750,00;1
WINJ26;03/11/2025;12:30:00;158.680;158.680;158.650;158.650;63.466,00;2
WINJ26;03/11/2025;12:15:00;158.620;158.620;158.620;158.620;31.724,00;1
WINJ26;03/11/2025;12:00:00;159.000;159.150;159.000;159.000;159.040,00;5
WINJ26;03/11/2025;11:45:00;158.845;158.845;158.845;158.845;31.769,00;1
WINJ26;03/11/2025;11:30:00;158.705;158.705;158.705;158.705;31.741,00;1
WINJ26;03/11/2025;11:15:00;158.605;158.605;158.605;158.605;31.721,00;1
WINJ26;03/11/2025;09:45:00;158.750;158.800;158.750;158.755;95.261,00;3
WINJ26;03/11/2025;09:30:00;158.700;158.720;158.700;158.720;63.484,00;2
WINJ26;03/11/2025;09:15:00;158.500;158.500;158.500;158.500;31.700,00;1
WINJ26;03/11/2025;09:00:00;158.300;158.300;158.300;158.300;316.600,00;10
WINJ26;31/10/2025;18:00:00;158.155;158.195;158.150;158.195;126.539,00;4
WINJ26;31/10/2025;17:45:00;158.090;158.090;158.090;158.090;31.618,00;1
WINJ26;31/10/2025;16:45:00;158.000;158.000;158.000;158.000;63.200,00;2
WINJ26;31/10/2025;16:00:00;158.000;158.000;158.000;158.000;63.200,00;2
WINJ26;31/10/2025;15:30:00;157.950;157.950;157.950;157.950;31.590,00;1
WINJ26;31/10/2025;15:15:00;157.825;157.825;157.825;157.825;31.565,00;1
WINJ26;31/10/2025;13:30:00;157.700;157.700;157.700;157.700;31.540,00;1
WINJ26;31/10/2025;12:00:00;157.450;157.450;157.450;157.450;31.490,00;1
WINJ26;31/10/2025;11:30:00;157.700;157.700;157.700;157.700;31.540,00;1
WINJ26;31/10/2025;10:30:00;157.595;157.595;157.595;157.595;31.519,00;1
WINJ26;31/10/2025;09:45:00;158.000;158.000;158.000;158.000;31.600,00;1
WINJ26;31/10/2025;09:15:00;157.750;157.750;157.750;157.750;31.550,00;1
WINJ26;31/10/2025;09:00:00;157.750;157.750;157.750;157.750;31.550,00;1
WINJ26;30/10/2025;18:15:00;157.755;157.755;157.755;157.755;31.551,00;1
WINJ26;30/10/2025;18:00:00;157.605;157.605;157.605;157.605;31.521,00;1
WINJ26;30/10/2025;17:45:00;157.490;157.490;157.490;157.490;31.498,00;1
WINJ26;30/10/2025;17:15:00;157.390;157.390;157.390;157.390;31.478,00;1
WINJ26;30/10/2025;16:00:00;157.295;157.295;157.295;157.295;62.918,00;2
WINJ26;30/10/2025;15:00:00;157.475;157.475;157.475;157.475;31.495,00;1
WINJ26;30/10/2025;14:45:00;157.745;157.750;157.745;157.750;63.099,00;2
WINJ26;30/10/2025;14:30:00;157.480;157.480;157.475;157.475;62.991,00;2
WINJ26;30/10/2025;13:30:00;157.500;157.500;157.500;157.500;31.500,00;1
WINJ26;30/10/2025;12:15:00;157.460;157.460;157.455;157.455;94.475,00;3
WINJ26;30/10/2025;11:30:00;157.335;157.500;157.335;157.500;62.967,00;2
WINJ26;30/10/2025;10:45:00;157.250;157.290;157.250;157.290;62.908,00;2
WINJ26;30/10/2025;10:30:00;156.695;156.695;156.695;156.695;31.339,00;1
WINJ26;30/10/2025;09:45:00;156.250;156.250;156.000;156.000;93.650,00;3
WINJ26;30/10/2025;09:15:00;156.385;156.385;156.375;156.375;344.045,00;11
WINJ26;30/10/2025;09:00:00;157.000;157.000;156.500;156.500;156.650,00;5
WINJ26;29/10/2025;16:45:00;157.100;157.100;157.100;157.100;31.420,00;1
WINJ26;29/10/2025;16:30:00;157.000;157.000;157.000;157.000;31.400,00;1
WINJ26;29/10/2025;16:15:00;157.135;157.135;157.135;157.135;314.270,00;10
WINJ26;29/10/2025;16:00:00;157.135;157.135;157.135;157.135;31.427,00;1
WINJ26;29/10/2025;15:45:00;157.250;157.290;157.075;157.075;188.695,00;6
WINJ26;29/10/2025;15:30:00;157.250;157.250;157.000;157.000;94.250,00;3
WINJ26;29/10/2025;15:00:00;157.335;157.335;157.295;157.295;62.926,00;2
WINJ26;29/10/2025;13:45:00;157.445;157.500;157.445;157.500;125.989,00;4
WINJ26;29/10/2025;13:30:00;157.310;157.325;157.310;157.325;62.927,00;2
WINJ26;29/10/2025;12:00:00;157.250;157.305;157.250;157.305;62.911,00;2
WINJ26;29/10/2025;11:30:00;157.000;157.000;157.000;157.000;31.400,00;1
WINJ26;29/10/2025;11:15:00;157.200;157.250;157.200;157.250;94.340,00;3
WINJ26;29/10/2025;11:00:00;156.925;156.925;156.840;156.840;94.122,00;3
WINJ26;29/10/2025;10:45:00;157.000;157.000;157.000;157.000;31.400,00;1
WINJ26;29/10/2025;10:15:00;156.920;157.030;156.860;157.025;407.991,00;13
WINJ26;29/10/2025;10:00:00;156.700;156.700;156.700;156.700;31.340,00;1
WINJ26;28/10/2025;16:00:00;156.200;156.200;156.200;156.200;187.440,00;6
WINJ26;28/10/2025;14:30:00;156.360;156.360;156.360;156.360;31.272,00;1
WINJ26;28/10/2025;14:00:00;156.200;156.200;156.200;156.200;156.200,00;5
WINJ26;28/10/2025;13:00:00;156.200;156.200;156.200;156.200;31.240,00;1
WINJ26;28/10/2025;11:45:00;155.785;155.800;155.785;155.800;62.317,00;2
WINJ26;28/10/2025;11:30:00;156.000;156.000;156.000;156.000;31.200,00;1
WINJ26;28/10/2025;11:15:00;155.985;155.985;155.985;155.985;31.197,00;1
WINJ26;28/10/2025;10:30:00;155.800;155.800;155.800;155.800;31.160,00;1
WINJ26;28/10/2025;10:15:00;155.400;155.400;155.400;155.400;31.080,00;1
WINJ26;28/10/2025;10:00:00;155.150;155.150;155.150;155.150;31.030,00;1
WINJ26;28/10/2025;09:45:00;155.400;155.400;155.400;155.400;31.080,00;1
WINJ26;28/10/2025;09:15:00;155.400;155.400;155.400;155.400;31.080,00;1
WINJ26;28/10/2025;09:00:00;155.580;155.580;155.120;155.120;62.140,00;2
WINJ26;27/10/2025;16:30:00;155.550;155.600;155.550;155.600;248.930,00;8
WINJ26;27/10/2025;13:30:00;155.550;155.550;155.550;155.550;31.110,00;1
WINJ26;27/10/2025;13:15:00;155.480;155.480;155.470;155.470;217.660,00;7
WINJ26;27/10/2025;12:15:00;155.660;155.660;155.660;155.660;124.528,00;4
WINJ26;27/10/2025;10:30:00;155.900;155.900;155.900;155.900;31.180,00;1
WINJ26;27/10/2025;10:00:00;156.500;156.500;156.500;156.500;62.600,00;2
WINJ26;27/10/2025;09:45:00;156.495;156.495;156.175;156.200;93.774,00;3
WINJ26;27/10/2025;09:15:00;156.050;156.050;156.050;156.050;31.210,00;1
WINJ26;27/10/2025;09:00:00;155.750;156.000;155.000;156.000;217.824,00;7
WINJ26;24/10/2025;13:45:00;154.830;154.830;154.750;154.750;92.867,00;3
WINJ26;24/10/2025;11:45:00;154.825;154.825;154.825;154.825;30.965,00;1
WINJ26;24/10/2025;11:30:00;155.025;155.025;155.000;155.000;62.005,00;2
WINJ26;24/10/2025;11:15:00;154.825;154.825;154.825;154.825;30.965,00;1
WINJ26;24/10/2025;11:00:00;155.000;155.000;154.860;154.860;526.792,00;17
WINJ26;24/10/2025;10:45:00;155.250;155.250;155.250;155.250;31.050,00;1
WINJ26;24/10/2025;10:30:00;155.500;155.500;155.500;155.500;31.100,00;1
WINJ26;24/10/2025;10:15:00;155.750;155.750;155.750;155.750;31.150,00;1
WINJ26;24/10/2025;10:00:00;155.700;155.700;155.700;155.700;31.140,00;1
WINJ26;24/10/2025;09:45:00;155.500;155.500;155.500;155.500;31.100,00;1
WINJ26;24/10/2025;09:30:00;155.000;155.520;155.000;155.330;1.491.901,00;48
WINJ26;24/10/2025;09:15:00;154.700;154.700;154.700;154.700;61.880,00;2
WINJ26;24/10/2025;09:00:00;154.690;154.690;154.690;154.690;30.938,00;1
WINJ26;23/10/2025;18:15:00;154.600;154.630;154.600;154.630;154.612,00;5
WINJ26;23/10/2025;12:45:00;153.950;153.950;153.950;153.950;30.790,00;1
WINJ26;23/10/2025;12:15:00;153.700;153.700;153.700;153.700;30.740,00;1
WINJ26;23/10/2025;10:30:00;154.600;154.600;154.400;154.400;92.690,00;3
WINJ26;23/10/2025;10:15:00;154.900;154.900;154.900;154.900;30.980,00;1
WINJ26;23/10/2025;10:00:00;154.795;154.795;154.795;154.795;30.959,00;1
WINJ26;23/10/2025;09:45:00;154.825;154.825;154.500;154.500;61.865,00;2
WINJ26;23/10/2025;09:30:00;154.700;154.700;154.700;154.700;30.940,00;1
WINJ26;23/10/2025;09:15:00;154.500;154.500;154.400;154.400;123.570,00;4
WINJ26;23/10/2025;09:00:00;154.500;154.735;154.500;154.735;123.647,00;4
WINJ26;22/10/2025;18:15:00;153.700;153.700;153.700;153.700;61.480,00;2
WINJ26;22/10/2025;18:00:00;153.600;153.600;153.600;153.600;30.720,00;1
WINJ26;22/10/2025;17:45:00;153.550;153.550;153.550;153.550;30.710,00;1
WINJ26;22/10/2025;17:15:00;153.400;153.400;153.400;153.400;30.680,00;1
WINJ26;22/10/2025;17:00:00;153.500;153.500;153.500;153.500;61.400,00;2
WINJ26;22/10/2025;14:30:00;153.300;153.300;153.250;153.250;61.310,00;2
WINJ26;22/10/2025;13:30:00;153.300;153.550;153.250;153.550;122.720,00;4
WINJ26;22/10/2025;12:30:00;153.500;153.550;153.500;153.550;61.410,00;2
WINJ26;22/10/2025;12:15:00;153.250;153.250;153.250;153.250;30.650,00;1
WINJ26;22/10/2025;12:00:00;153.500;153.500;153.500;153.500;30.700,00;1
WINJ26;22/10/2025;11:00:00;153.000;153.000;153.000;153.000;30.600,00;1
WINJ26;22/10/2025;10:15:00;153.000;153.000;153.000;153.000;30.600,00;1
WINJ26;22/10/2025;10:00:00;153.350;153.350;153.100;153.100;153.180,00;5
WINJ26;22/10/2025;09:45:00;153.250;153.500;153.250;153.360;276.041,00;9
WINJ26;22/10/2025;09:30:00;152.900;152.970;152.900;152.970;61.174,00;2
WINJ26;22/10/2025;09:15:00;152.800;152.800;152.800;152.800;30.560,00;1
WINJ26;22/10/2025;09:00:00;152.500;152.500;152.500;152.500;30.500,00;1
WINJ26;21/10/2025;18:15:00;153.000;153.000;153.000;153.000;122.400,00;4
WINJ26;21/10/2025;18:00:00;152.950;152.950;152.950;152.950;30.590,00;1
WINJ26;21/10/2025;16:00:00;152.700;152.700;152.700;152.700;30.540,00;1
WINJ26;21/10/2025;14:45:00;152.950;152.950;152.950;152.950;30.590,00;1
WINJ26;21/10/2025;13:45:00;152.725;152.725;152.500;152.500;91.585,00;3
WINJ26;21/10/2025;12:15:00;153.100;153.100;152.950;152.950;397.910,00;13
WINJ26;21/10/2025;12:00:00;153.100;153.300;153.050;153.200;551.360,00;18
WINJ26;21/10/2025;11:45:00;153.100;153.100;153.000;153.100;244.920,00;8
WINJ26;21/10/2025;11:30:00;153.000;153.000;152.950;152.950;91.790,00;3
WINJ26;21/10/2025;11:15:00;153.200;153.250;153.200;153.250;61.290,00;2
WINJ26;21/10/2025;11:00:00;152.950;152.950;152.950;152.950;30.590,00;1
WINJ26;21/10/2025;10:45:00;153.180;153.275;152.700;152.700;520.671,00;17
WINJ26;21/10/2025;10:30:00;152.795;152.795;152.500;152.500;152.736,00;5
WINJ26;21/10/2025;10:15:00;152.700;152.700;152.700;152.700;61.080,00;2
WINJ26;21/10/2025;10:00:00;152.700;152.800;152.680;152.700;274.956,00;9
WINJ26;21/10/2025;09:45:00;152.800;152.800;152.800;152.800;30.560,00;1
WINJ26;21/10/2025;09:30:00;153.200;153.200;152.900;153.000;214.230,00;7
WINJ26;21/10/2025;09:15:00;153.250;153.250;153.250;153.250;30.650,00;1
WINJ26;21/10/2025;09:00:00;152.700;152.700;152.680;152.680;61.076,00;2
WINJ26;20/10/2025;18:00:00;153.250;153.250;153.230;153.230;153.240,00;5
WINJ26;20/10/2025;17:30:00;153.180;153.180;153.180;153.180;30.636,00;1
WINJ26;20/10/2025;17:15:00;153.200;153.200;153.180;153.200;91.916,00;3
WINJ26;20/10/2025;17:00:00;153.250;153.250;153.200;153.200;61.290,00;2
WINJ26;20/10/2025;16:45:00;153.300;153.500;153.250;153.300;337.264,00;11
WINJ26;20/10/2025;15:00:00;153.500;153.500;153.500;153.500;30.700,00;1
WINJ26;20/10/2025;14:30:00;153.570;153.570;153.570;153.570;30.714,00;1
WINJ26;20/10/2025;13:45:00;153.655;153.655;153.655;153.655;61.462,00;2
WINJ26;20/10/2025;13:15:00;153.680;153.680;153.680;153.680;30.736,00;1
WINJ26;20/10/2025;12:30:00;153.750;153.750;153.750;153.750;30.750,00;1
WINJ26;20/10/2025;12:15:00;153.725;153.725;153.725;153.725;30.745,00;1
WINJ26;20/10/2025;11:45:00;153.255;153.255;153.255;153.255;30.651,00;1
WINJ26;20/10/2025;11:30:00;153.160;153.405;153.160;153.405;214.488,00;7
WINJ26;20/10/2025;11:00:00;153.160;153.160;153.160;153.160;30.632,00;1
WINJ26;20/10/2025;10:45:00;152.550;153.000;152.500;152.935;275.023,00;9
WINJ26;20/10/2025;10:30:00;152.500;152.800;152.500;152.800;91.610,00;3
WINJ26;20/10/2025;10:15:00;152.300;152.300;152.120;152.120;60.884,00;2
WINJ26;20/10/2025;09:45:00;152.165;152.165;152.165;152.165;152.165,00;5
WINJ26;17/10/2025;17:45:00;151.805;151.805;151.805;151.805;151.805,00;5
WINJ26;17/10/2025;15:15:00;152.000;152.000;152.000;152.000;30.400,00;1
WINJ26;17/10/2025;15:00:00;151.850;151.850;151.850;151.850;30.370,00;1
WINJ26;17/10/2025;14:30:00;151.600;151.600;151.600;151.600;30.320,00;1
WINJ26;17/10/2025;14:00:00;151.750;151.750;151.750;151.750;30.350,00;1
WINJ26;17/10/2025;12:45:00;151.850;152.115;151.850;152.115;243.181,00;8
WINJ26;17/10/2025;12:15:00;151.600;151.600;151.600;151.600;30.320,00;1
WINJ26;17/10/2025;12:00:00;151.925;151.960;151.925;151.960;60.777,00;2
WINJ26;17/10/2025;11:45:00;151.850;151.850;151.850;151.850;30.370,00;1
WINJ26;17/10/2025;11:15:00;151.340;151.600;151.340;151.600;60.588,00;2
WINJ26;17/10/2025;11:00:00;151.365;151.365;151.365;151.365;30.273,00;1
WINJ26;17/10/2025;10:45:00;151.350;151.515;151.350;151.515;90.843,00;3
WINJ26;17/10/2025;10:30:00;150.800;151.250;150.800;151.000;181.282,00;6
WINJ26;17/10/2025;09:30:00;150.815;150.815;150.815;150.815;30.163,00;1
WINJ26;17/10/2025;09:15:00;151.210;151.210;151.210;151.210;30.242,00;1
WINJ26;16/10/2025;14:30:00;151.250;151.250;151.250;151.250;30.250,00;1
WINJ26;16/10/2025;13:45:00;151.210;151.500;151.210;151.500;90.798,00;3
WINJ26;16/10/2025;13:30:00;150.875;150.875;150.875;150.875;30.175,00;1
WINJ26;16/10/2025;13:15:00;151.250;151.250;151.250;151.250;30.250,00;1
WINJ26;16/10/2025;12:30:00;151.495;151.495;151.495;151.495;30.299,00;1
WINJ26;16/10/2025;12:00:00;151.645;151.645;151.645;151.645;606.580,00;20
WINJ26;16/10/2025;11:45:00;151.500;151.500;151.500;151.500;30.300,00;1
WINJ26;16/10/2025;11:30:00;151.000;151.210;151.000;151.210;60.442,00;2
WINJ26;16/10/2025;11:15:00;150.750;150.750;150.750;150.750;30.150,00;1
WINJ26;16/10/2025;11:00:00;150.965;151.000;150.965;151.000;483.095,00;16
WINJ26;16/10/2025;10:30:00;150.400;150.595;150.400;150.595;90.299,00;3
WINJ26;16/10/2025;10:15:00;150.400;150.595;150.400;150.595;60.199,00;2
WINJ26;16/10/2025;10:00:00;150.600;150.600;150.600;150.600;30.120,00;1
WINJ26;16/10/2025;09:45:00;150.600;150.600;150.600;150.600;30.120,00;1
WINJ26;16/10/2025;09:15:00;151.320;151.320;151.000;151.000;90.704,00;3
WINJ26;16/10/2025;09:00:00;151.600;151.600;151.200;151.300;302.709,00;10
WINJ26;15/10/2025;17:30:00;151.330;151.330;151.330;151.330;30.266,00;1
WINJ26;15/10/2025;15:45:00;151.660;151.660;151.660;151.660;151.660,00;5
WINJ26;15/10/2025;15:00:00;151.150;151.600;151.000;151.600;151.270,00;5
WINJ26;15/10/2025;14:45:00;151.300;151.500;151.300;151.500;212.010,00;7
WINJ26;15/10/2025;14:30:00;151.200;151.250;151.200;151.250;90.730,00;3
WINJ26;15/10/2025;14:15:00;150.700;151.195;150.700;151.195;60.379,00;2
WINJ26;15/10/2025;14:00:00;150.975;150.975;150.975;150.975;30.195,00;1
WINJ26;15/10/2025;13:00:00;151.200;151.200;151.200;151.200;30.240,00;1
WINJ26;15/10/2025;11:15:00;151.200;151.200;151.050;151.050;60.450,00;2
WINJ26;15/10/2025;10:45:00;151.190;151.250;151.190;151.250;90.726,00;3
WINJ26;15/10/2025;10:00:00;150.105;150.105;149.910;149.910;60.003,00;2
WINJ26;15/10/2025;09:30:00;150.440;150.440;150.280;150.280;60.144,00;2
WINJ26;15/10/2025;09:15:00;150.600;150.600;150.600;150.600;30.120,00;1
WINJ26;14/10/2025;18:15:00;150.950;150.950;150.950;150.950;90.570,00;3
WINJ26;14/10/2025;18:00:00;151.000;151.000;150.750;150.750;60.350,00;2
WINJ26;14/10/2025;17:30:00;150.715;150.715;150.530;150.530;60.249,00;2
WINJ26;14/10/2025;16:30:00;150.500;150.500;150.500;150.500;30.100,00;1
WINJ26;14/10/2025;15:30:00;150.880;150.880;150.750;150.750;60.326,00;2
WINJ26;14/10/2025;15:15:00;151.020;151.020;151.020;151.020;30.204,00;1
WINJ26;14/10/2025;14:30:00;151.180;151.180;151.180;151.180;30.236,00;1
WINJ26;14/10/2025;13:45:00;151.230;151.330;151.230;151.330;90.768,00;3
WINJ26;14/10/2025;13:30:00;151.180;151.180;151.180;151.180;30.236,00;1
WINJ26;14/10/2025;13:00:00;151.080;151.080;151.080;151.080;30.216,00;1
WINJ26;14/10/2025;12:30:00;151.190;151.240;151.190;151.240;60.486,00;2
WINJ26;14/10/2025;11:30:00;151.300;151.300;151.140;151.140;60.488,00;2
WINJ26;14/10/2025;11:15:00;151.165;151.460;151.165;151.460;211.843,00;7
WINJ26;14/10/2025;10:30:00;150.805;150.805;150.805;150.805;90.483,00;3
WINJ26;14/10/2025;09:00:00;150.605;150.605;150.605;150.605;30.121,00;1
WINJ26;13/10/2025;15:00:00;151.370;151.370;151.370;151.370;30.274,00;1
WINJ26;13/10/2025;13:30:00;151.240;151.350;151.240;151.350;151.302,00;5
WINJ26;13/10/2025;13:00:00;151.230;151.230;151.230;151.230;30.246,00;1
WINJ26;13/10/2025;12:45:00;151.200;151.200;151.200;151.200;30.240,00;1
WINJ26;13/10/2025;12:15:00;151.200;151.220;151.200;151.220;60.484,00;2
WINJ26;13/10/2025;11:30:00;151.130;151.180;151.130;151.180;60.462,00;2
WINJ26;13/10/2025;11:00:00;151.120;151.120;151.120;151.120;30.224,00;1
WINJ26;13/10/2025;10:15:00;151.100;151.100;151.100;151.100;60.440,00;2
WINJ26;13/10/2025;09:45:00;151.120;151.120;151.120;151.120;30.224,00;1
WINJ26;10/10/2025;16:30:00;150.050;150.050;150.050;150.050;30.010,00;1
WINJ26;10/10/2025;16:15:00;150.110;150.110;150.110;150.110;30.022,00;1
WINJ26;10/10/2025;12:00:00;150.250;150.490;150.250;150.490;90.246,00;3
WINJ26;10/10/2025;11:00:00;151.120;151.120;151.120;151.120;30.224,00;1
WINJ26;10/10/2025;10:45:00;151.150;151.150;151.150;151.150;30.230,00;1
WINJ26;10/10/2025;10:30:00;151.110;151.250;151.110;151.250;120.942,00;4
WINJ26;10/10/2025;10:15:00;151.240;151.240;151.240;151.240;30.248,00;1
WINJ26;10/10/2025;09:30:00;151.300;151.450;151.300;151.450;121.100,00;4
WINJ26;10/10/2025;09:15:00;151.200;151.250;151.200;151.250;60.490,00;2
WINJ26;10/10/2025;09:00:00;151.000;151.150;151.000;151.150;120.860,00;4
WINJ26;09/10/2025;17:00:00;151.030;151.030;151.030;151.030;30.206,00;1
WINJ26;09/10/2025;16:45:00;150.980;150.980;150.980;150.980;30.196,00;1
WINJ26;09/10/2025;16:15:00;150.980;150.980;150.980;150.980;30.196,00;1
WINJ26;09/10/2025;16:00:00;150.980;150.980;150.980;150.980;60.392,00;2
WINJ26;09/10/2025;15:30:00;150.970;150.970;150.970;150.970;30.194,00;1
WINJ26;09/10/2025;15:15:00;151.050;151.050;151.050;151.050;30.210,00;1
WINJ26;09/10/2025;15:00:00;150.950;150.950;150.950;150.950;30.190,00;1
WINJ26;09/10/2025;14:45:00;150.890;151.000;150.890;151.000;90.569,00;3
WINJ26;08/10/2025;18:00:00;151.725;151.785;151.725;151.785;212.487,00;7
WINJ26;07/10/2025;10:45:00;151.040;151.040;151.040;151.040;60.416,00;2
WINJ26;07/10/2025;09:00:00;152.620;152.620;152.620;152.620;30.524,00;1
WINJ26;06/10/2025;17:30:00;153.220;153.220;153.220;153.220;30.644,00;1
WINJ26;06/10/2025;16:15:00;153.220;153.220;153.220;153.220;61.288,00;2
WINJ26;06/10/2025;15:45:00;153.250;153.250;153.220;153.220;61.294,00;2
WINJ26;06/10/2025;15:15:00;153.185;153.200;153.185;153.200;61.277,00;2
WINJ26;03/10/2025;11:15:00;153.800;153.800;153.750;153.750;61.510,00;2
WINJ26;03/10/2025;11:00:00;153.700;153.850;153.700;153.850;92.270,00;3
WINJ26;03/10/2025;10:45:00;153.800;153.800;153.800;153.800;61.520,00;2
WINJ26;03/10/2025;10:30:00;153.800;153.800;153.750;153.750;92.270,00;3
WINJ26;03/10/2025;10:15:00;153.695;153.700;153.695;153.700;61.479,00;2
WINJ26;03/10/2025;10:00:00;153.755;153.830;153.700;153.700;123.008,00;4
WINJ26;03/10/2025;09:45:00;153.935;154.100;153.935;154.050;123.211,00;4
WINJ26;03/10/2025;09:15:00;153.945;153.950;153.945;153.950;61.579,00;2
WINJ26;02/10/2025;12:30:00;153.500;153.500;153.500;153.500;30.700,00;1
WINJ26;02/10/2025;12:00:00;153.750;153.880;153.750;153.880;92.276,00;3
WINJ26;02/10/2025;11:45:00;153.850;153.850;153.805;153.805;61.531,00;2
WINJ26;02/10/2025;11:30:00;154.150;154.150;153.950;153.950;123.230,00;4
WINJ26;02/10/2025;11:15:00;154.300;154.300;154.300;154.300;30.860,00;1
WINJ26;02/10/2025;11:00:00;154.950;154.950;154.520;154.520;92.824,00;3
WINJ26;02/10/2025;10:00:00;155.000;155.000;155.000;155.000;31.000,00;1
WINJ26;01/10/2025;16:30:00;155.555;155.555;155.555;155.555;62.222,00;2
WINJ26;01/10/2025;16:15:00;155.485;155.485;155.485;155.485;31.097,00;1
WINJ26;01/10/2025;15:45:00;155.450;155.485;155.450;155.485;93.283,00;3
WINJ26;01/10/2025;15:30:00;155.485;155.485;155.485;155.485;31.097,00;1
WINJ26;01/10/2025;15:15:00;155.260;155.350;155.260;155.350;62.122,00;2
WINJ26;01/10/2025;14:45:00;155.305;155.305;155.305;155.305;31.061,00;1
WINJ26;01/10/2025;14:00:00;155.335;155.335;155.200;155.200;93.167,00;3
WINJ26;01/10/2025;13:45:00;155.250;155.250;155.250;155.250;31.050,00;1
WINJ26;01/10/2025;13:30:00;155.485;155.485;155.350;155.350;62.167,00;2
WINJ26;01/10/2025;12:30:00;155.350;155.350;155.350;155.350;31.070,00;1
WINJ26;01/10/2025;12:15:00;155.450;155.450;155.450;155.450;31.090,00;1
WINJ26;01/10/2025;12:00:00;155.510;155.510;155.450;155.450;124.389,00;4
WINJ26;01/10/2025;11:15:00;156.000;156.000;156.000;156.000;31.200,00;1
WINJ26;01/10/2025;10:00:00;156.750;156.750;156.750;156.750;31.350,00;1
WINJ26;01/10/2025;09:30:00;157.000;157.000;157.000;157.000;31.400,00;1
WINJ26;01/10/2025;09:15:00;156.500;156.750;156.500;156.750;93.990,00;3
WINJ26;01/10/2025;09:00:00;156.500;156.500;156.000;156.000;124.900,00;4
WINJ26;30/09/2025;18:15:00;156.375;156.375;156.375;156.375;31.275,00;1
WINJ26;30/09/2025;16:45:00;156.155;156.250;156.155;156.250;62.481,00;2
WINJ26;30/09/2025;15:15:00;155.875;155.875;155.875;155.875;31.175,00;1
WINJ26;30/09/2025;12:30:00;155.875;155.875;155.875;155.875;31.175,00;1
WINJ26;30/09/2025;12:00:00;156.000;156.000;156.000;156.000;62.400,00;2
WINJ26;30/09/2025;11:45:00;156.500;156.500;156.125;156.125;93.755,00;3
WINJ26;30/09/2025;11:30:00;156.250;156.250;156.250;156.250;31.250,00;1
WINJ26;30/09/2025;11:15:00;156.550;156.550;156.450;156.450;156.521,00;5
WINJ26;30/09/2025;11:00:00;156.725;156.725;156.725;156.725;31.345,00;1
WINJ26;30/09/2025;10:15:00;157.300;157.300;157.300;157.300;31.460,00;1
WINJ26;30/09/2025;10:00:00;157.125;157.125;157.125;157.125;31.425,00;1
WINJ26;30/09/2025;09:45:00;156.800;156.800;156.800;156.800;31.360,00;1
WINJ26;30/09/2025;09:15:00;156.450;156.600;156.450;156.600;62.610,00;2
WINJ26;30/09/2025;09:00:00;156.250;156.450;156.250;156.450;93.790,00;3
WINJ26;29/09/2025;17:15:00;156.590;156.590;156.590;156.590;31.318,00;1
WINJ26;29/09/2025;16:45:00;156.400;156.400;156.400;156.400;31.280,00;1
WINJ26;29/09/2025;15:45:00;156.650;156.650;156.650;156.650;31.330,00;1
WINJ26;29/09/2025;15:30:00;156.550;156.550;156.550;156.550;31.310,00;1
WINJ26;29/09/2025;15:15:00;156.460;156.520;156.460;156.520;62.596,00;2
WINJ26;29/09/2025;15:00:00;156.340;156.340;156.340;156.340;31.268,00;1
WINJ26;29/09/2025;14:45:00;156.400;156.400;156.300;156.360;93.812,00;3
WINJ26;29/09/2025;14:00:00;156.650;156.650;156.650;156.650;31.330,00;1
WINJ26;29/09/2025;13:30:00;156.400;156.400;156.400;156.400;62.560,00;2
WINJ26;29/09/2025;11:45:00;156.600;156.600;156.600;156.600;31.320,00;1
WINJ26;29/09/2025;10:00:00;157.250;157.800;157.250;157.450;189.090,00;6
WINJ26;29/09/2025;09:45:00;157.000;157.000;157.000;157.000;31.400,00;1
WINJ26;29/09/2025;09:30:00;156.700;156.750;156.700;156.750;62.690,00;2
WINJ26;29/09/2025;09:15:00;156.500;156.650;156.500;156.650;62.630,00;2
WINJ26;29/09/2025;09:00:00;156.400;156.400;156.400;156.400;31.280,00;1
WINJ26;26/09/2025;18:15:00;155.550;155.550;155.550;155.550;31.110,00;1
WINJ26;26/09/2025;18:00:00;155.550;155.550;155.550;155.550;31.110,00;1
WINJ26;26/09/2025;17:45:00;155.405;155.405;155.405;155.405;124.324,00;4
WINJ26;26/09/2025;16:45:00;155.570;155.570;155.570;155.570;31.114,00;1
WINJ26;26/09/2025;16:30:00;155.600;155.600;155.600;155.600;31.120,00;1
WINJ26;26/09/2025;16:15:00;155.595;155.595;155.550;155.550;62.229,00;2
WINJ26;26/09/2025;15:30:00;155.500;155.500;155.500;155.500;31.100,00;1
WINJ26;26/09/2025;15:15:00;155.750;155.785;155.750;155.785;186.935,00;6
WINJ26;26/09/2025;11:15:00;155.750;155.750;155.500;155.500;62.250,00;2
WINJ26;26/09/2025;10:30:00;155.500;155.500;155.375;155.375;62.175,00;2
WINJ26;26/09/2025;10:15:00;156.500;156.500;156.500;156.500;31.300,00;1
WINJ26;25/09/2025;14:30:00;155.750;155.750;155.500;155.500;62.250,00;2
WINJ26;25/09/2025;13:15:00;156.680;156.680;156.680;156.680;31.336,00;1
WINJ26;25/09/2025;12:45:00;156.500;156.500;156.500;156.500;31.300,00;1
WINJ26;25/09/2025;11:00:00;155.750;155.750;155.750;155.750;31.150,00;1
WINJ26;25/09/2025;10:30:00;156.000;156.000;156.000;156.000;31.200,00;1
WINJ26;25/09/2025;10:15:00;156.250;156.250;156.250;156.250;31.250,00;1
WINJ26;25/09/2025;09:45:00;156.850;156.900;156.500;156.680;188.053,00;6
WINJ26;25/09/2025;09:30:00;157.000;157.000;156.750;156.900;156.851,00;5
WINJ26;25/09/2025;09:15:00;157.700;157.700;157.700;157.700;31.540,00;1
WINJ26;25/09/2025;09:00:00;157.250;157.270;157.250;157.270;94.354,00;3
WINJ26;24/09/2025;18:15:00;157.800;157.800;157.800;157.800;31.560,00;1
WINJ26;24/09/2025;18:00:00;156.800;157.800;156.800;157.800;283.084,00;9
WINJ26;24/09/2025;17:30:00;156.680;156.680;156.680;156.680;31.336,00;1
WINJ26;24/09/2025;12:00:00;156.650;156.650;156.650;156.650;31.330,00;1
WINJ26;24/09/2025;11:15:00;156.725;156.725;156.725;156.725;31.345,00;1
WINJ26;24/09/2025;09:00:00;156.500;156.500;156.500;156.500;31.300,00;1
WINJ26;23/09/2025;17:30:00;156.875;156.875;156.875;156.875;31.375,00;1
WINJ26;23/09/2025;14:30:00;157.000;157.000;157.000;157.000;31.400,00;1
WINJ26;23/09/2025;13:45:00;157.200;157.200;157.200;157.200;31.440,00;1
WINJ26;23/09/2025;13:30:00;157.050;157.050;157.050;157.050;31.410,00;1
WINJ26;23/09/2025;12:00:00;156.680;156.880;156.680;156.880;94.068,00;3
WINJ26;23/09/2025;10:15:00;155.680;155.680;155.480;155.480;93.348,00;3
WINJ26;23/09/2025;09:45:00;155.500;155.500;155.500;155.500;31.100,00;1
WINJ26;23/09/2025;09:30:00;155.690;155.690;155.600;155.600;62.258,00;2
WINJ26;22/09/2025;17:00:00;155.450;155.450;155.450;155.450;62.180,00;2
WINJ26;22/09/2025;16:45:00;155.500;155.500;155.500;155.500;31.100,00;1
WINJ26;22/09/2025;16:30:00;155.550;155.600;155.500;155.500;93.330,00;3
WINJ26;22/09/2025;16:15:00;155.500;155.500;155.500;155.500;31.100,00;1
WINJ26;22/09/2025;16:00:00;155.510;155.510;155.410;155.410;93.274,00;3
WINJ26;22/09/2025;15:45:00;155.620;155.620;155.545;155.545;62.233,00;2
WINJ26;22/09/2025;15:30:00;155.640;155.640;155.640;155.640;31.128,00;1
WINJ26;22/09/2025;15:15:00;155.610;155.740;155.610;155.740;93.404,00;3
WINJ26;22/09/2025;15:00:00;155.850;155.850;155.660;155.660;218.060,00;7
WINJ26;22/09/2025;14:45:00;155.650;155.650;155.650;155.650;31.130,00;1
WINJ26;22/09/2025;14:30:00;155.740;155.740;155.740;155.740;31.148,00;1
WINJ26;22/09/2025;12:15:00;154.750;154.800;154.750;154.800;61.910,00;2
WINJ26;22/09/2025;11:45:00;154.500;154.500;154.500;154.500;30.900,00;1
WINJ26;19/09/2025;17:00:00;156.200;156.200;156.150;156.150;62.470,00;2
WINJ26;19/09/2025;14:45:00;156.400;156.450;156.400;156.450;62.570,00;2
WINJ26;19/09/2025;10:30:00;156.300;156.300;156.150;156.150;62.490,00;2
WINJ26;19/09/2025;10:00:00;156.400;156.550;156.400;156.550;62.590,00;2
WINJ26;19/09/2025;09:30:00;156.150;156.150;156.150;156.150;31.230,00;1
WINJ26;18/09/2025;18:15:00;156.150;156.150;156.150;156.150;31.230,00;1
WINJ26;18/09/2025;16:30:00;155.800;155.800;155.800;155.800;31.160,00;1
WINJ26;18/09/2025;14:00:00;156.000;156.000;156.000;156.000;31.200,00;1
WINJ26;18/09/2025;12:00:00;155.650;155.650;155.650;155.650;31.130,00;1
WINJ26;18/09/2025;11:45:00;155.790;155.790;155.700;155.700;93.448,00;3
WINJ26;18/09/2025;11:30:00;155.890;155.890;155.700;155.750;249.286,00;8
WINJ26;18/09/2025;09:45:00;155.900;155.900;155.900;155.900;31.180,00;1
WINJ26;17/09/2025;16:00:00;156.000;156.000;155.900;155.900;62.380,00;2
WINJ26;17/09/2025;15:45:00;155.750;155.750;155.750;155.750;31.150,00;1
WINJ26;17/09/2025;15:00:00;156.250;156.550;156.250;156.550;93.860,00;3
WINJ26;17/09/2025;14:15:00;156.150;156.150;156.150;156.150;31.230,00;1
WINJ26;17/09/2025;14:00:00;155.850;156.000;155.850;156.000;62.370,00;2
WINJ26;17/09/2025;13:00:00;155.750;155.800;155.750;155.800;93.470,00;3
WINJ26;17/09/2025;12:00:00;155.600;155.600;155.600;155.600;31.120,00;1
WINJ26;17/09/2025;10:45:00;155.600;155.600;155.600;155.600;31.120,00;1
WINJ26;17/09/2025;10:30:00;155.000;155.450;155.000;155.450;155.183,00;5
WINJ26;16/09/2025;18:15:00;155.000;155.000;155.000;155.000;31.000,00;1
WINJ26;16/09/2025;16:00:00;154.250;154.250;154.250;154.250;30.850,00;1
WINJ26;16/09/2025;15:45:00;154.450;154.450;154.450;154.450;30.890,00;1
WINJ26;16/09/2025;14:00:00;154.120;154.120;154.120;154.120;30.824,00;1
WINJ26;16/09/2025;10:30:00;155.000;155.000;155.000;155.000;31.000,00;1
WINJ26;16/09/2025;09:30:00;154.700;154.700;154.700;154.700;30.940,00;1
WINJ26;15/09/2025;18:15:00;153.880;153.880;153.830;153.830;61.542,00;2
WINJ26;15/09/2025;18:00:00;154.030;154.030;153.930;153.930;215.592,00;7
WINJ26;15/09/2025;17:45:00;154.080;154.080;153.980;154.030;184.846,00;6
WINJ26;15/09/2025;17:30:00;154.080;154.080;154.030;154.030;92.438,00;3
WINJ26;15/09/2025;17:15:00;154.080;154.080;154.030;154.080;123.254,00;4
WINJ26;15/09/2025;17:00:00;154.100;154.180;154.080;154.080;184.944,00;6
WINJ26;15/09/2025;16:45:00;154.020;154.020;153.920;153.920;123.182,00;4
WINJ26;15/09/2025;16:30:00;154.150;154.200;154.070;154.070;92.484,00;3
WINJ26;15/09/2025;16:15:00;154.250;154.250;154.250;154.250;61.700,00;2
WINJ26;15/09/2025;15:45:00;154.320;154.320;154.320;154.320;30.864,00;1
WINJ26;15/09/2025;15:30:00;154.510;154.510;154.380;154.380;61.778,00;2
WINJ26;15/09/2025;15:00:00;154.520;154.520;154.520;154.520;30.904,00;1
WINJ26;15/09/2025;14:30:00;154.500;154.500;154.500;154.500;30.900,00;1
WINJ26;15/09/2025;14:00:00;154.250;154.250;154.250;154.250;30.850,00;1
WINJ26;15/09/2025;13:00:00;154.250;154.250;154.250;154.250;30.850,00;1
WINJ26;15/09/2025;12:15:00;154.000;154.000;154.000;154.000;61.600,00;2
WINJ26;15/09/2025;12:00:00;154.095;154.095;154.050;154.050;61.629,00;2
WINJ26;15/09/2025;11:45:00;154.160;154.160;154.050;154.050;92.462,00;3
WINJ26;15/09/2025;11:15:00;153.995;154.000;153.995;154.000;123.197,00;4
WINJ26;15/09/2025;10:30:00;153.450;153.450;153.450;153.450;30.690,00;1
WINJ26;15/09/2025;10:15:00;153.200;153.200;153.200;153.200;30.640,00;1
WINJ26;15/09/2025;10:00:00;153.200;153.450;153.200;153.450;61.330,00;2
WINJ26;15/09/2025;09:45:00;153.200;153.450;153.200;153.450;61.330,00;2
WINJ26;15/09/2025;09:30:00;153.200;153.400;153.200;153.400;61.320,00;2
WINJ26;12/09/2025;15:30:00;153.200;153.200;153.200;153.200;30.640,00;1
WINJ26;12/09/2025;11:00:00;153.400;153.400;153.400;153.400;30.680,00;1
WINJ26;12/09/2025;09:45:00;152.750;152.750;152.750;152.750;30.550,00;1
WINJ26;12/09/2025;09:30:00;152.500;152.500;152.500;152.500;30.500,00;1
WINJ26;11/09/2025;18:15:00;153.500;153.500;153.500;153.500;30.700,00;1
WINJ26;11/09/2025;16:15:00;154.200;154.200;154.200;154.200;30.840,00;1
WINJ26;11/09/2025;15:00:00;154.000;154.000;154.000;154.000;61.600,00;2
WINJ26;11/09/2025;10:30:00;153.450;153.500;153.450;153.500;61.390,00;2
WINJ26;11/09/2025;10:00:00;153.500;153.500;153.200;153.200;91.990,00;3
WINJ26;11/09/2025;09:30:00;153.500;153.500;153.300;153.500;92.060,00;3
WINJ26;10/09/2025;10:00:00;152.350;152.650;152.000;152.650;182.800,00;6
WINJ26;10/09/2025;09:30:00;152.625;152.625;152.625;152.625;30.525,00;1
WINJ26;10/09/2025;09:00:00;152.500;152.500;152.400;152.400;121.980,00;4
WINJ26;09/09/2025;17:00:00;152.300;152.300;152.300;152.300;30.460,00;1
WINJ26;09/09/2025;09:00:00;152.300;152.550;152.300;152.550;60.970,00;2
WINJ26;08/09/2025;12:30:00;152.200;152.200;152.200;152.200;30.440,00;1
WINJ26;08/09/2025;10:00:00;153.750;153.750;153.500;153.500;92.151,00;3
WINJ26;05/09/2025;17:00:00;153.485;153.485;153.485;153.485;30.697,00;1
WINJ26;05/09/2025;16:15:00;153.200;153.200;153.200;153.200;30.640,00;1
WINJ26;05/09/2025;11:15:00;153.400;153.400;153.400;153.400;30.680,00;1
WINJ26;05/09/2025;10:15:00;153.400;153.400;153.400;153.400;61.360,00;2
WINJ26;05/09/2025;09:30:00;152.500;152.550;152.500;152.550;61.010,00;2
WINJ26;05/09/2025;09:00:00;152.300;152.300;152.300;152.300;60.920,00;2
WINJ26;04/09/2025;17:00:00;151.945;151.945;151.945;151.945;30.389,00;1
WINJ26;04/09/2025;16:30:00;152.000;152.000;152.000;152.000;30.400,00;1
WINJ26;04/09/2025;14:45:00;152.250;152.250;152.250;152.250;60.900,00;2
WINJ26;04/09/2025;13:00:00;151.555;151.555;151.555;151.555;30.311,00;1
WINJ26;04/09/2025;12:00:00;151.100;151.100;151.100;151.100;30.220,00;1
WINJ26;04/09/2025;11:45:00;151.100;151.100;151.100;151.100;30.220,00;1
WINJ26;04/09/2025;09:30:00;150.705;150.800;150.705;150.800;60.301,00;2
WINJ26;03/09/2025;18:00:00;150.705;150.705;150.705;150.705;30.141,00;1
WINJ26;03/09/2025;17:00:00;150.675;150.675;150.675;150.675;30.135,00;1
WINJ26;03/09/2025;15:30:00;150.550;150.550;150.500;150.500;60.210,00;2
WINJ26;03/09/2025;14:30:00;150.700;150.700;150.675;150.675;60.275,00;2
WINJ26;03/09/2025;14:15:00;150.825;150.825;150.825;150.825;60.330,00;2
WINJ26;03/09/2025;14:00:00;150.650;150.650;150.650;150.650;30.130,00;1
WINJ26;03/09/2025;13:15:00;150.700;150.700;150.700;150.700;30.140,00;1
WINJ26;03/09/2025;12:45:00;150.825;150.825;150.825;150.825;30.165,00;1
WINJ26;03/09/2025;12:15:00;150.950;150.950;150.950;150.950;30.190,00;1
WINJ26;03/09/2025;11:00:00;150.950;151.075;150.950;151.075;60.405,00;2
WINJ26;03/09/2025;10:30:00;150.700;150.950;150.700;150.950;60.330,00;2
WINJ26;03/09/2025;09:45:00;150.950;150.950;150.950;150.950;30.190,00;1
WINJ26;02/09/2025;15:00:00;151.400;151.400;151.400;151.400;30.280,00;1
WINJ26;02/09/2025;13:45:00;151.650;151.650;151.650;151.650;30.330,00;1
WINJ26;02/09/2025;12:30:00;151.250;151.250;151.250;151.250;30.250,00;1
WINJ26;02/09/2025;12:00:00;151.400;151.400;151.400;151.400;30.280,00;1
WINJ26;02/09/2025;11:00:00;151.700;152.000;151.700;152.000;91.090,00;3
WINJ26;02/09/2025;10:45:00;151.500;151.650;151.500;151.650;60.630,00;2
WINJ26;02/09/2025;10:30:00;151.005;151.005;151.005;151.005;30.201,00;1
WINJ26;02/09/2025;10:15:00;150.850;150.850;150.850;150.850;30.170,00;1
WINJ26;02/09/2025;10:00:00;150.500;150.500;150.500;150.500;30.100,00;1
WINJ26;02/09/2025;09:45:00;150.600;150.600;150.600;150.600;30.120,00;1
WINJ26;02/09/2025;09:30:00;151.000;151.000;151.000;151.000;30.200,00;1
WINJ26;02/09/2025;09:00:00;151.500;151.500;151.400;151.400;90.860,00;3
WINJ26;01/09/2025;17:00:00;152.250;152.250;152.250;152.250;30.450,00;1
WINJ26;01/09/2025;13:15:00;152.000;152.000;152.000;152.000;30.400,00;1
WINJ26;01/09/2025;12:00:00;152.765;152.765;152.175;152.175;91.463,00;3
WINJ26;29/08/2025;18:00:00;153.000;153.000;153.000;153.000;153.000,00;5
WINJ26;29/08/2025;12:15:00;153.110;153.110;153.110;153.110;30.622,00;1
WINJ26;29/08/2025;09:30:00;152.250;152.250;152.250;152.250;30.450,00;1
WINJ26;29/08/2025;09:15:00;152.000;152.000;152.000;152.000;30.400,00;1
WINJ26;28/08/2025;10:45:00;151.750;152.000;151.750;152.000;151.890,00;5
WINJ26;28/08/2025;10:00:00;151.450;151.650;151.450;151.650;181.817,00;6
WINJ26;28/08/2025;09:15:00;150.940;151.250;150.800;151.250;120.758,00;4
WINJ26;28/08/2025;09:00:00;151.000;151.000;151.000;151.000;30.200,00;1
WINJ26;27/08/2025;18:15:00;150.400;150.400;150.400;150.400;60.160,00;2
WINJ26;27/08/2025;11:30:00;148.300;148.500;148.300;148.300;118.680,00;4
WINJ26;27/08/2025;09:15:00;148.500;148.500;148.500;148.500;29.700,00;1
WINJ26;27/08/2025;09:00:00;148.200;148.200;148.200;148.200;29.640,00;1
WINJ26;26/08/2025;18:15:00;149.050;149.050;149.050;149.050;29.810,00;1
WINJ26;26/08/2025;18:00:00;149.000;149.000;149.000;149.000;29.800,00;1
WINJ26;26/08/2025;17:15:00;148.545;148.545;148.400;148.400;59.389,00;2
WINJ26;26/08/2025;17:00:00;148.745;148.745;148.745;148.745;29.749,00;1
WINJ26;26/08/2025;11:00:00;148.750;148.750;148.750;148.750;29.750,00;1
WINJ26;25/08/2025;18:00:00;149.250;149.250;149.250;149.250;29.850,00;1
WINJ26;25/08/2025;14:30:00;149.250;149.250;149.250;149.250;29.850,00;1
WINJ26;25/08/2025;13:45:00;149.500;149.500;149.500;149.500;29.900,00;1
WINJ26;25/08/2025;12:00:00;149.750;149.750;149.750;149.750;29.950,00;1
WINJ26;25/08/2025;09:00:00;149.000;149.500;149.000;149.500;59.700,00;2
WINJ26;22/08/2025;16:30:00;149.000;149.000;149.000;149.000;29.800,00;1
