WDOM26;13/05/2026;09:20:00;4921,50;4935,00;4920,50;4933,50;3056937380,00;62012
WDOM26;13/05/2026;09:10:00;4924,50;4924,50;4919,50;4921,00;2254412770,00;45803
WDOM26;13/05/2026;09:00:00;4914,50;4927,00;4913,00;4924,50;4304272630,00;87458
WDOM26;12/05/2026;18:20:00;4913,50;4915,50;4912,50;4914,00;370200345,00;7534
WDOM26;12/05/2026;18:10:00;4914,50;4915,00;4913,00;4913,50;363706845,00;7402
WDOM26;12/05/2026;18:00:00;4916,50;4917,50;4914,50;4914,50;278316715,00;5662
WDOM26;12/05/2026;17:50:00;4916,00;4917,00;4915,50;4916,50;216747810,00;4409
WDOM26;12/05/2026;17:40:00;4917,50;4917,50;4915,50;4916,50;444528845,00;9042
WDOM26;12/05/2026;17:30:00;4917,00;4918,00;4916,50;4917,50;310175525,00;6308
WDOM26;12/05/2026;17:20:00;4917,50;4918,00;4916,50;4917,50;332360935,00;6759
WDOM26;12/05/2026;17:10:00;4918,50;4919,00;4917,00;4917,00;357086815,00;7261
WDOM26;12/05/2026;17:00:00;4917,50;4919,00;4917,00;4919,00;725755955,00;14756
WDOM26;12/05/2026;16:50:00;4915,00;4918,00;4914,50;4917,00;741305620,00;15079
WDOM26;12/05/2026;16:40:00;4915,50;4916,00;4914,50;4915,50;568372940,00;11563
WDOM26;12/05/2026;16:30:00;4918,00;4918,00;4914,50;4915,00;574067185,00;11678
WDOM26;12/05/2026;16:20:00;4914,50;4918,00;4914,50;4917,50;1057448190,00;21510
WDOM26;12/05/2026;16:10:00;4914,00;4915,50;4912,00;4914,50;981542215,00;19976
WDOM26;12/05/2026;16:00:00;4915,50;4915,50;4913,00;4913,50;930497580,00;18934
WDOM26;12/05/2026;15:50:00;4917,00;4917,50;4913,50;4915,50;1266616110,00;25770
WDOM26;12/05/2026;15:40:00;4915,00;4917,00;4914,00;4917,00;890003285,00;18106
WDOM26;12/05/2026;15:30:00;4916,50;4916,50;4914,00;4914,50;864588485,00;17590
WDOM26;12/05/2026;15:20:00;4917,00;4917,50;4914,50;4916,50;1067250320,00;21709
WDOM26;12/05/2026;15:10:00;4918,00;4919,50;4917,00;4917,50;1014517540,00;20629
WDOM26;12/05/2026;15:00:00;4918,00;4919,50;4916,50;4918,00;833590430,00;16949
WDOM26;12/05/2026;14:50:00;4918,50;4919,00;4916,50;4918,00;725946935,00;14762
WDOM26;12/05/2026;14:40:00;4916,50;4919,00;4915,50;4919,00;836602485,00;17013
WDOM26;12/05/2026;14:30:00;4915,50;4918,00;4914,50;4917,00;1674136470,00;34053
WDOM26;12/05/2026;14:20:00;4920,00;4923,00;4911,50;4915,00;4475247860,00;91025
WDOM26;12/05/2026;14:10:00;4920,00;4922,00;4919,50;4919,50;587089520,00;11931
WDOM26;12/05/2026;14:00:00;4923,00;4923,50;4918,50;4920,50;1303178815,00;26485
WDOM26;12/05/2026;13:50:00;4924,00;4924,50;4921,00;4923,00;949860670,00;19295
WDOM26;12/05/2026;13:40:00;4922,00;4924,00;4921,00;4924,00;751025415,00;15256
WDOM26;12/05/2026;13:30:00;4922,50;4923,50;4920,00;4921,50;708024345,00;14385
WDOM26;12/05/2026;13:20:00;4920,50;4923,50;4919,50;4922,50;917630870,00;18643
WDOM26;12/05/2026;13:10:00;4923,00;4924,00;4919,00;4920,50;1414371665,00;28741
WDOM26;12/05/2026;13:00:00;4924,50;4925,50;4920,50;4923,50;2058293135,00;41816
WDOM26;12/05/2026;12:50:00;4923,50;4925,50;4923,00;4925,00;1111716485,00;22575
WDOM26;12/05/2026;12:40:00;4930,50;4931,50;4922,50;4923,50;3225844365,00;65470
WDOM26;12/05/2026;12:30:00;4937,00;4937,00;4929,00;4930,50;2079828505,00;42169
WDOM26;12/05/2026;12:20:00;4933,50;4939,00;4933,00;4936,50;2501138110,00;50665
WDOM26;12/05/2026;12:10:00;4925,00;4937,50;4925,00;4933,00;3686925325,00;74741
WDOM26;12/05/2026;12:00:00;4927,00;4929,50;4924,50;4925,00;1817275990,00;36881
WDOM26;12/05/2026;11:50:00;4927,50;4929,50;4926,50;4927,00;1897868000,00;38512
WDOM26;12/05/2026;11:40:00;4926,50;4928,50;4924,00;4927,50;1524054685,00;30938
WDOM26;12/05/2026;11:30:00;4925,50;4929,00;4925,00;4926,00;1816205640,00;36863
WDOM26;12/05/2026;11:20:00;4923,50;4927,50;4922,50;4925,50;1742542925,00;35380
WDOM26;12/05/2026;11:10:00;4922,50;4924,50;4922,00;4923,00;1071761880,00;21770
WDOM26;12/05/2026;11:00:00;4925,00;4925,00;4921,50;4923,00;1611500045,00;32733
WDOM26;12/05/2026;10:50:00;4925,00;4927,00;4923,50;4924,50;1767849550,00;35894
WDOM26;12/05/2026;10:40:00;4923,00;4926,00;4919,50;4925,00;2980665835,00;60547
WDOM26;12/05/2026;10:30:00;4921,00;4923,50;4919,00;4923,50;2236489795,00;45445
WDOM26;12/05/2026;10:20:00;4922,50;4923,50;4919,00;4921,50;2335719865,00;47460
WDOM26;12/05/2026;10:10:00;4914,50;4923,00;4913,50;4923,00;2799227795,00;56903
WDOM26;12/05/2026;10:00:00;4914,00;4916,50;4912,00;4914,50;4051922005,00;82453
WDOM26;12/05/2026;09:50:00;4914,50;4919,00;4913,50;4914,00;3227359695,00;65651
WDOM26;12/05/2026;09:40:00;4917,50;4919,50;4913,50;4914,00;2770790685,00;56358
WDOM26;12/05/2026;09:30:00;4924,00;4926,00;4915,00;4917,50;4762004130,00;96794
WDOM26;12/05/2026;09:20:00;4928,50;4929,00;4923,50;4924,00;2544294010,00;51636
WDOM26;12/05/2026;09:10:00;4927,00;4928,50;4923,00;4928,00;2581399185,00;52403
WDOM26;12/05/2026;09:00:00;4925,50;4932,00;4921,50;4927,50;4371727880,00;88769
WDOM26;11/05/2026;18:20:00;4912,50;4913,50;4911,00;4912,50;489574175,00;9967
WDOM26;11/05/2026;18:10:00;4915,00;4915,50;4912,50;4912,50;372903940,00;7589
WDOM26;11/05/2026;18:00:00;4916,00;4916,50;4913,50;4915,00;270618795,00;5506
WDOM26;11/05/2026;17:50:00;4917,00;4918,00;4915,50;4916,00;253415815,00;5154
WDOM26;11/05/2026;17:40:00;4917,00;4918,00;4916,00;4917,00;316953890,00;6446
WDOM26;11/05/2026;17:30:00;4917,00;4917,50;4916,00;4917,00;204097625,00;4151
WDOM26;11/05/2026;17:20:00;4916,50;4918,00;4916,00;4916,50;241124805,00;4904
WDOM26;11/05/2026;17:10:00;4917,50;4918,50;4914,00;4917,00;1290407525,00;26247
WDOM26;11/05/2026;17:00:00;4916,00;4918,00;4915,50;4917,00;754260170,00;15341
WDOM26;11/05/2026;16:50:00;4918,00;4918,50;4915,50;4915,50;796341980,00;16195
WDOM26;11/05/2026;16:40:00;4919,00;4920,00;4917,50;4918,00;616841090,00;12542
WDOM26;11/05/2026;16:30:00;4920,50;4921,50;4918,50;4919,00;691515555,00;14056
WDOM26;11/05/2026;16:20:00;4920,50;4921,00;4919,00;4920,50;530244780,00;10777
WDOM26;11/05/2026;16:10:00;4920,00;4922,50;4919,50;4920,00;1058673170,00;21513
WDOM26;11/05/2026;16:00:00;4917,00;4920,50;4916,00;4920,50;1096849095,00;22299
WDOM26;11/05/2026;15:50:00;4918,50;4919,50;4915,00;4916,50;1516524545,00;30843
WDOM26;11/05/2026;15:40:00;4919,00;4919,50;4918,50;4919,00;559674945,00;11378
WDOM26;11/05/2026;15:30:00;4919,50;4920,50;4918,00;4919,00;821403385,00;16699
WDOM26;11/05/2026;15:20:00;4920,50;4921,50;4918,00;4920,00;1402540475,00;28506
WDOM26;11/05/2026;15:10:00;4919,50;4921,00;4919,50;4920,00;657452465,00;13362
WDOM26;11/05/2026;15:00:00;4920,00;4920,50;4918,00;4920,00;1311732465,00;26665
WDOM26;11/05/2026;14:50:00;4920,50;4921,50;4919,50;4920,50;587602935,00;11942
WDOM26;11/05/2026;14:40:00;4921,50;4922,50;4919,00;4920,50;1473707770,00;29948
WDOM26;11/05/2026;14:30:00;4923,00;4923,50;4920,50;4921,50;1158227690,00;23531
WDOM26;11/05/2026;14:20:00;4924,00;4924,50;4922,00;4923,00;751195975,00;15258
WDOM26;11/05/2026;14:10:00;4925,00;4925,50;4923,50;4924,00;689817155,00;14008
WDOM26;11/05/2026;14:00:00;4924,00;4927,00;4923,50;4925,00;656854740,00;13336
WDOM26;11/05/2026;13:50:00;4924,50;4925,00;4922,50;4924,00;628426475,00;12763
WDOM26;11/05/2026;13:40:00;4923,50;4927,00;4922,50;4924,00;1406237345,00;28551
WDOM26;11/05/2026;13:30:00;4925,00;4926,00;4922,50;4923,00;773302805,00;15704
WDOM26;11/05/2026;13:20:00;4924,00;4925,50;4923,50;4925,50;490238675,00;9955
WDOM26;11/05/2026;13:10:00;4924,00;4927,50;4923,00;4924,00;1906585315,00;38711
WDOM26;11/05/2026;13:00:00;4922,50;4925,00;4922,50;4924,00;1255816145,00;25504
WDOM26;11/05/2026;12:50:00;4924,50;4926,50;4922,00;4922,50;795539540,00;16157
WDOM26;11/05/2026;12:40:00;4922,00;4926,50;4920,50;4924,50;1765822730,00;35868
WDOM26;11/05/2026;12:30:00;4923,00;4925,50;4921,50;4921,50;1217746260,00;24734
WDOM26;11/05/2026;12:20:00;4923,50;4924,50;4922,00;4923,00;884838250,00;17973
WDOM26;11/05/2026;12:10:00;4924,50;4925,50;4922,50;4923,00;1265522470,00;25702
WDOM26;11/05/2026;12:00:00;4922,00;4925,00;4921,00;4925,00;3555010710,00;72211
WDOM26;11/05/2026;11:50:00;4918,50;4924,00;4917,00;4922,00;3110191815,00;63210
WDOM26;11/05/2026;11:40:00;4913,00;4919,50;4911,00;4918,50;2887544250,00;58745
WDOM26;11/05/2026;11:30:00;4914,00;4917,00;4911,00;4913,00;2283237525,00;46458
WDOM26;11/05/2026;11:20:00;4910,50;4915,00;4910,50;4914,50;1419659535,00;28895
WDOM26;11/05/2026;11:10:00;4916,50;4917,50;4910,00;4911,00;2593433725,00;52778
WDOM26;11/05/2026;11:00:00;4914,50;4917,00;4912,50;4916,50;2812250520,00;57218
WDOM26;11/05/2026;10:50:00;4912,50;4916,00;4911,00;4914,00;2021503675,00;41139
WDOM26;11/05/2026;10:40:00;4916,50;4918,00;4911,50;4913,00;2465682445,00;50173
WDOM26;11/05/2026;10:30:00;4916,50;4918,00;4914,00;4916,50;2383532075,00;48487
WDOM26;11/05/2026;10:20:00;4919,50;4920,00;4916,00;4917,00;2785495205,00;56642
WDOM26;11/05/2026;10:10:00;4924,50;4925,00;4919,00;4919,50;2248841875,00;45691
WDOM26;11/05/2026;10:00:00;4925,50;4926,50;4920,50;4925,00;2981806485,00;60555
WDOM26;11/05/2026;09:50:00;4924,50;4929,50;4922,00;4925,50;2352600665,00;47753
WDOM26;11/05/2026;09:40:00;4918,50;4926,50;4916,00;4924,00;3880001865,00;78851
WDOM26;11/05/2026;09:30:00;4920,00;4922,00;4918,00;4918,00;1440655385,00;29281
WDOM26;11/05/2026;09:20:00;4925,50;4926,00;4917,50;4920,50;3204387445,00;65111
WDOM26;11/05/2026;09:10:00;4926,50;4928,50;4924,00;4925,50;1705303210,00;34617
WDOM26;11/05/2026;09:00:00;4925,00;4928,50;4921,50;4927,00;3054943710,00;62021
WDOM26;08/05/2026;18:20:00;4915,00;4920,50;4914,50;4915,00;577379170,00;11742
WDOM26;08/05/2026;18:10:00;4917,00;4917,00;4914,50;4914,50;296614270,00;6034
WDOM26;08/05/2026;18:00:00;4916,00;4918,00;4915,50;4916,50;246628785,00;5016
WDOM26;08/05/2026;17:50:00;4917,00;4917,00;4914,00;4915,50;468994515,00;9541
WDOM26;08/05/2026;17:40:00;4915,50;4917,00;4915,00;4917,00;571999220,00;11636
WDOM26;08/05/2026;17:30:00;4918,00;4919,00;4914,00;4915,50;1572672225,00;31990
WDOM26;08/05/2026;17:20:00;4918,50;4919,50;4917,50;4918,00;696492145,00;14161
WDOM26;08/05/2026;17:10:00;4921,00;4921,50;4919,00;4919,00;708181425,00;14394
WDOM26;08/05/2026;17:00:00;4922,00;4922,50;4920,00;4921,00;609199420,00;12379
WDOM26;08/05/2026;16:50:00;4921,50;4922,50;4920,00;4922,00;912091305,00;18533
WDOM26;08/05/2026;16:40:00;4922,50;4922,50;4921,00;4921,00;425266385,00;8641
WDOM26;08/05/2026;16:30:00;4921,00;4922,50;4921,00;4922,50;617202020,00;12540
WDOM26;08/05/2026;16:20:00;4920,00;4922,50;4920,00;4921,50;888337045,00;18052
WDOM26;08/05/2026;16:10:00;4919,00;4920,50;4918,50;4920,00;551598510,00;11213
WDOM26;08/05/2026;16:00:00;4920,00;4921,50;4917,50;4919,00;1117635090,00;22720
WDOM26;08/05/2026;15:50:00;4922,50;4922,50;4919,00;4920,00;1207946555,00;24550
WDOM26;08/05/2026;15:40:00;4922,50;4924,00;4921,50;4922,50;780992620,00;15865
WDOM26;08/05/2026;15:30:00;4922,00;4923,00;4919,50;4922,50;1083090595,00;22008
WDOM26;08/05/2026;15:20:00;4921,50;4922,00;4919,00;4922,00;897040130,00;18231
WDOM26;08/05/2026;15:10:00;4922,00;4922,50;4920,50;4921,50;576452710,00;11713
WDOM26;08/05/2026;15:00:00;4923,50;4924,00;4920,50;4922,00;1503103845,00;30539
WDOM26;08/05/2026;14:50:00;4924,50;4925,00;4922,00;4923,50;673757595,00;13685
WDOM26;08/05/2026;14:40:00;4926,50;4927,00;4923,50;4924,00;880771515,00;17884
WDOM26;08/05/2026;14:30:00;4924,00;4929,00;4924,00;4926,50;1979870870,00;40187
WDOM26;08/05/2026;14:20:00;4923,00;4924,50;4922,50;4924,50;830106180,00;16860
WDOM26;08/05/2026;14:10:00;4924,00;4924,00;4921,50;4923,00;529431330,00;10755
WDOM26;08/05/2026;14:00:00;4923,50;4924,50;4922,00;4924,00;545307470,00;11076
WDOM26;08/05/2026;13:50:00;4922,00;4924,00;4921,00;4923,50;851002040,00;17288
WDOM26;08/05/2026;13:40:00;4924,00;4925,50;4922,00;4922,00;908092730,00;18444
WDOM26;08/05/2026;13:30:00;4924,50;4927,00;4923,50;4924,50;782257610,00;15881
WDOM26;08/05/2026;13:20:00;4925,50;4926,00;4923,00;4925,00;680620680,00;13822
WDOM26;08/05/2026;13:10:00;4926,50;4926,50;4924,50;4925,00;577848420,00;11731
WDOM26;08/05/2026;13:00:00;4925,00;4926,50;4923,00;4926,50;1412836525,00;28690
WDOM26;08/05/2026;12:50:00;4922,50;4925,00;4921,50;4924,50;807828665,00;16407
WDOM26;08/05/2026;12:40:00;4920,50;4925,50;4920,50;4923,00;1337111370,00;27158
WDOM26;08/05/2026;12:30:00;4920,00;4923,00;4919,50;4921,00;884471500,00;17974
WDOM26;08/05/2026;12:20:00;4923,50;4923,50;4919,00;4919,50;1876045705,00;38126
WDOM26;08/05/2026;12:10:00;4922,00;4924,00;4921,50;4923,50;722110640,00;14668
WDOM26;08/05/2026;12:00:00;4922,00;4925,00;4921,00;4922,00;2244813945,00;45597
WDOM26;08/05/2026;11:50:00;4922,00;4924,00;4920,50;4922,00;1401494585,00;28472
WDOM26;08/05/2026;11:40:00;4920,50;4922,50;4918,50;4922,00;1567072605,00;31846
WDOM26;08/05/2026;11:30:00;4925,50;4926,50;4918,50;4920,00;2279517080,00;46308
WDOM26;08/05/2026;11:20:00;4923,00;4926,00;4920,50;4926,00;2195343800,00;44594
WDOM26;08/05/2026;11:10:00;4928,00;4930,00;4921,00;4923,00;2958273105,00;60061
WDOM26;08/05/2026;11:00:00;4922,00;4929,00;4921,50;4927,50;2963163900,00;60161
WDOM26;08/05/2026;10:50:00;4921,50;4923,50;4919,00;4922,00;1983171600,00;40298
WDOM26;08/05/2026;10:40:00;4919,00;4922,50;4917,00;4921,50;2549916350,00;51830
WDOM26;08/05/2026;10:30:00;4923,00;4926,00;4917,00;4919,50;3530615915,00;71754
WDOM26;08/05/2026;10:20:00;4922,00;4924,50;4920,50;4923,50;1899874305,00;38595
WDOM26;08/05/2026;10:10:00;4932,00;4933,50;4921,00;4922,00;3957564590,00;80318
WDOM26;08/05/2026;10:00:00;4926,50;4935,00;4926,50;4932,00;4054272260,00;82212
WDOM26;08/05/2026;09:50:00;4923,50;4928,00;4920,50;4926,00;2998688715,00;60897
WDOM26;08/05/2026;09:40:00;4922,00;4926,00;4921,00;4924,00;2407495575,00;48892
WDOM26;08/05/2026;09:30:00;4932,00;4940,00;4920,00;4922,00;6057819285,00;122946
WDOM26;08/05/2026;09:20:00;4937,50;4938,50;4931,00;4932,50;1754522290,00;35550
WDOM26;08/05/2026;09:10:00;4941,00;4941,50;4935,50;4937,50;2023572095,00;40980
WDOM26;08/05/2026;09:00:00;4939,50;4942,00;4937,00;4941,00;3055677965,00;61866
WDOM26;07/05/2026;18:20:00;4955,50;4960,00;4954,50;4959,50;281990200,00;5689
WDOM26;07/05/2026;18:10:00;4953,50;4956,50;4952,50;4956,00;423661345,00;8551
WDOM26;07/05/2026;18:00:00;4953,50;4956,00;4952,00;4953,50;480579005,00;9700
WDOM26;07/05/2026;17:50:00;4945,50;4953,50;4945,00;4953,00;740538160,00;14962
WDOM26;07/05/2026;17:40:00;4943,50;4947,00;4943,50;4946,00;665935710,00;13466
WDOM26;07/05/2026;17:30:00;4943,00;4944,00;4938,50;4944,00;1158929445,00;23453
WDOM26;07/05/2026;17:20:00;4944,00;4944,50;4941,50;4943,00;556348330,00;11255
WDOM26;07/05/2026;17:10:00;4942,50;4945,00;4939,00;4944,00;1490018110,00;30150
WDOM26;07/05/2026;17:00:00;4951,00;4952,50;4942,00;4942,00;2315992325,00;46831
WDOM26;07/05/2026;16:50:00;4948,50;4955,50;4947,50;4951,50;3477960820,00;70236
WDOM26;07/05/2026;16:40:00;4948,50;4949,50;4946,50;4949,00;727042935,00;14694
WDOM26;07/05/2026;16:30:00;4950,00;4951,00;4947,50;4948,00;741946020,00;14991
WDOM26;07/05/2026;16:20:00;4951,50;4953,50;4950,00;4950,50;1504952665,00;30392
WDOM26;07/05/2026;16:10:00;4947,50;4953,00;4947,00;4952,00;1352771320,00;27326
WDOM26;07/05/2026;16:00:00;4950,50;4951,00;4947,00;4948,00;780172395,00;15764
WDOM26;07/05/2026;15:50:00;4950,50;4952,50;4949,00;4950,00;1633718770,00;32999
WDOM26;07/05/2026;15:40:00;4949,50;4952,00;4948,00;4950,50;1535433660,00;31017
WDOM26;07/05/2026;15:30:00;4945,50;4951,00;4944,00;4949,00;2190342635,00;44278
WDOM26;07/05/2026;15:20:00;4948,00;4948,50;4942,50;4945,50;1784063650,00;36077
WDOM26;07/05/2026;15:10:00;4950,00;4950,50;4946,50;4948,00;1135116585,00;22939
WDOM26;07/05/2026;15:00:00;4948,00;4950,50;4947,50;4950,00;968659050,00;19574
WDOM26;07/05/2026;14:50:00;4953,00;4954,00;4947,50;4948,00;1655320190,00;33437
WDOM26;07/05/2026;14:40:00;4953,00;4955,50;4952,00;4953,00;992435705,00;20032
WDOM26;07/05/2026;14:30:00;4956,00;4960,00;4953,00;4953,00;1833183555,00;36983
WDOM26;07/05/2026;14:20:00;4954,00;4959,50;4949,50;4955,50;2937756490,00;59293
WDOM26;07/05/2026;14:10:00;4952,50;4956,50;4952,00;4954,50;1030150865,00;20792
WDOM26;07/05/2026;14:00:00;4951,50;4953,50;4950,00;4952,50;926504580,00;18711
WDOM26;07/05/2026;13:50:00;4949,50;4953,00;4949,50;4951,50;889643875,00;17969
WDOM26;07/05/2026;13:40:00;4951,50;4951,50;4947,50;4950,00;739496785,00;14942
WDOM26;07/05/2026;13:30:00;4948,50;4952,00;4948,00;4951,00;925118030,00;18690
WDOM26;07/05/2026;13:20:00;4953,00;4953,50;4947,00;4949,00;1444624160,00;29189
WDOM26;07/05/2026;13:10:00;4952,00;4956,00;4951,50;4953,50;852765015,00;17215
WDOM26;07/05/2026;13:00:00;4957,00;4958,50;4951,50;4952,00;1855138430,00;37444
WDOM26;07/05/2026;12:50:00;4955,00;4957,50;4953,50;4957,00;1459250160,00;29446
WDOM26;07/05/2026;12:40:00;4951,00;4955,50;4948,50;4955,00;1585682315,00;32019
WDOM26;07/05/2026;12:30:00;4951,50;4953,00;4949,00;4951,50;1436718815,00;29020
WDOM26;07/05/2026;12:20:00;4948,00;4955,00;4944,50;4951,50;2846245260,00;57498
WDOM26;07/05/2026;12:10:00;4945,50;4948,00;4943,50;4948,00;1719061665,00;34761
WDOM26;07/05/2026;12:00:00;4945,50;4949,50;4944,00;4945,50;2220560965,00;44891
WDOM26;07/05/2026;11:50:00;4950,50;4951,50;4940,50;4945,50;3723475665,00;75290
WDOM26;07/05/2026;11:40:00;4947,00;4951,50;4946,50;4951,00;1647449490,00;33288
WDOM26;07/05/2026;11:30:00;4943,50;4952,00;4942,50;4947,00;2789112685,00;56372
WDOM26;07/05/2026;11:20:00;4943,50;4945,50;4939,00;4943,50;2352538575,00;47604
WDOM26;07/05/2026;11:10:00;4948,00;4948,50;4943,00;4943,50;2868322880,00;57999
WDOM26;07/05/2026;11:00:00;4945,50;4951,00;4944,00;4947,50;4170465155,00;84294
WDOM26;07/05/2026;10:50:00;4942,00;4945,50;4939,50;4945,50;2078938150,00;42065
WDOM26;07/05/2026;10:40:00;4940,50;4944,00;4939,00;4942,00;3031698350,00;61351
WDOM26;07/05/2026;10:30:00;4935,50;4941,00;4934,00;4940,50;4422665935,00;89574
WDOM26;07/05/2026;10:20:00;4928,50;4936,00;4927,50;4935,50;2739961020,00;55571
WDOM26;07/05/2026;10:10:00;4931,00;4935,00;4928,00;4928,00;2462709365,00;49938
WDOM26;07/05/2026;10:00:00;4930,00;4934,00;4929,50;4930,50;2685318290,00;54448
WDOM26;07/05/2026;09:50:00;4930,50;4931,50;4924,00;4930,00;5449346000,00;110582
WDOM26;07/05/2026;09:40:00;4936,50;4939,00;4930,50;4930,50;3854270775,00;78115
WDOM26;07/05/2026;09:30:00;4943,00;4943,50;4936,00;4936,50;2945456070,00;59632
WDOM26;07/05/2026;09:20:00;4946,50;4947,50;4942,50;4943,00;1638950170,00;33143
WDOM26;07/05/2026;09:10:00;4946,00;4948,50;4943,50;4947,00;2354821735,00;47610
WDOM26;07/05/2026;09:00:00;4932,50;4946,00;4930,00;4946,00;5037290880,00;101998
WDOM26;06/05/2026;18:20:00;4952,00;4953,00;4949,50;4950,00;455413900,00;9199
WDOM26;06/05/2026;18:10:00;4955,00;4955,50;4951,50;4951,50;377744870,00;7626
WDOM26;06/05/2026;18:00:00;4953,50;4956,50;4952,50;4955,00;291378850,00;5881
WDOM26;06/05/2026;17:50:00;4955,50;4955,50;4951,50;4953,50;645760880,00;13038
WDOM26;06/05/2026;17:40:00;4957,00;4957,50;4954,50;4955,50;349360505,00;7049
WDOM26;06/05/2026;17:30:00;4952,50;4958,00;4952,00;4957,00;967041785,00;19514
WDOM26;06/05/2026;17:20:00;4952,50;4953,00;4951,50;4952,50;472647000,00;9544
WDOM26;06/05/2026;17:10:00;4950,50;4953,00;4949,00;4952,50;668163985,00;13494
WDOM26;06/05/2026;17:00:00;4950,00;4951,00;4948,50;4950,50;901218890,00;18206
WDOM26;06/05/2026;16:50:00;4952,00;4952,00;4949,00;4950,00;834602580,00;16860
WDOM26;06/05/2026;16:40:00;4952,00;4953,00;4951,00;4951,50;649551495,00;13117
WDOM26;06/05/2026;16:30:00;4948,50;4952,00;4948,50;4952,00;1120802235,00;22640
WDOM26;06/05/2026;16:20:00;4947,50;4949,50;4947,00;4949,00;586844850,00;11860
WDOM26;06/05/2026;16:10:00;4948,50;4949,50;4946,50;4947,50;1162132405,00;23487
WDOM26;06/05/2026;16:00:00;4953,50;4953,50;4948,00;4948,50;1117281935,00;22569
WDOM26;06/05/2026;15:50:00;4953,00;4954,50;4952,50;4953,00;1821686385,00;36779
WDOM26;06/05/2026;15:40:00;4955,50;4956,50;4952,50;4952,50;1057340600,00;21341
WDOM26;06/05/2026;15:30:00;4955,50;4956,50;4955,00;4955,50;1357419325,00;27393
WDOM26;06/05/2026;15:20:00;4952,00;4956,50;4951,00;4955,50;1855982415,00;37462
WDOM26;06/05/2026;15:10:00;4952,00;4953,00;4950,00;4952,00;857209200,00;17311
WDOM26;06/05/2026;15:00:00;4947,00;4952,00;4946,00;4952,00;1829615185,00;36962
WDOM26;06/05/2026;14:50:00;4953,00;4953,00;4946,50;4946,50;2334376975,00;47162
WDOM26;06/05/2026;14:40:00;4955,50;4956,00;4952,50;4952,50;929889600,00;18771
WDOM26;06/05/2026;14:30:00;4954,00;4955,50;4953,00;4955,00;891402865,00;17992
WDOM26;06/05/2026;14:20:00;4958,50;4958,50;4953,00;4954,00;1201261270,00;24241
WDOM26;06/05/2026;14:10:00;4957,00;4960,50;4956,00;4958,50;944981010,00;19057
WDOM26;06/05/2026;14:00:00;4960,50;4961,00;4955,00;4957,00;1330273575,00;26831
WDOM26;06/05/2026;13:50:00;4956,00;4963,50;4955,50;4961,00;2357947175,00;47542
WDOM26;06/05/2026;13:40:00;4953,00;4956,50;4953,00;4955,50;600181500,00;12114
WDOM26;06/05/2026;13:30:00;4953,00;4955,50;4952,00;4953,00;1029874705,00;20791
WDOM26;06/05/2026;13:20:00;4956,50;4956,50;4952,50;4952,50;1075534250,00;21710
WDOM26;06/05/2026;13:10:00;4957,50;4958,50;4955,50;4957,00;1032624025,00;20833
WDOM26;06/05/2026;13:00:00;4957,00;4959,00;4956,50;4957,50;1749886060,00;35297
WDOM26;06/05/2026;12:50:00;4955,00;4957,00;4954,00;4957,00;733194420,00;14795
WDOM26;06/05/2026;12:40:00;4956,50;4958,50;4953,00;4955,00;1311062935,00;26460
WDOM26;06/05/2026;12:30:00;4956,50;4958,00;4955,50;4956,50;909554720,00;18349
WDOM26;06/05/2026;12:20:00;4955,50;4957,00;4954,50;4957,00;760382705,00;15343
WDOM26;06/05/2026;12:10:00;4956,00;4957,50;4953,50;4956,00;1441594715,00;29091
WDOM26;06/05/2026;12:00:00;4953,00;4957,00;4952,00;4956,00;2580020805,00;52074
WDOM26;06/05/2026;11:50:00;4949,50;4955,00;4949,50;4953,00;2086532235,00;42131
WDOM26;06/05/2026;11:40:00;4953,50;4954,00;4946,50;4949,50;3305914485,00;66788
WDOM26;06/05/2026;11:30:00;4961,00;4961,50;4953,00;4954,00;3461358770,00;69842
WDOM26;06/05/2026;11:20:00;4961,00;4964,50;4960,00;4961,50;2296571515,00;46281
WDOM26;06/05/2026;11:10:00;4955,00;4964,00;4954,00;4961,00;3785474515,00;76322
WDOM26;06/05/2026;11:00:00;4959,00;4960,50;4953,00;4954,50;3500474710,00;70624
WDOM26;06/05/2026;10:50:00;4953,00;4959,50;4953,00;4959,50;2278109495,00;45961
WDOM26;06/05/2026;10:40:00;4949,50;4957,00;4947,50;4953,00;2554857870,00;51590
WDOM26;06/05/2026;10:30:00;4951,00;4957,50;4947,00;4949,50;3576256115,00;72211
WDOM26;06/05/2026;10:20:00;4948,00;4952,50;4947,00;4950,50;2293261905,00;46327
WDOM26;06/05/2026;10:10:00;4956,50;4957,50;4945,00;4948,00;3815298720,00;77072
WDOM26;06/05/2026;10:00:00;4956,50;4961,00;4953,00;4957,00;5489123600,00;110723
WDOM26;06/05/2026;09:50:00;4954,00;4958,00;4952,50;4956,50;2473031790,00;49911
WDOM26;06/05/2026;09:40:00;4949,00;4955,00;4948,00;4954,00;3827035590,00;77290
WDOM26;06/05/2026;09:30:00;4937,50;4950,00;4933,50;4949,50;7491246320,00;151555
WDOM26;06/05/2026;09:20:00;4950,00;4951,00;4936,50;4937,50;5230366095,00;105821
WDOM26;06/05/2026;09:10:00;4938,50;4955,50;4938,00;4949,50;8134138755,00;164414
WDOM26;06/05/2026;09:00:00;4915,00;4943,00;4914,00;4938,50;1,112350153E10;225614
WDOM26;05/05/2026;18:20:00;4939,00;4942,00;4938,00;4939,50;439250860,00;8891
WDOM26;05/05/2026;18:10:00;4939,00;4941,50;4938,00;4939,00;554057240,00;11217
WDOM26;05/05/2026;18:00:00;4942,50;4943,00;4938,00;4939,00;394772620,00;7992
WDOM26;05/05/2026;17:50:00;4942,50;4943,00;4942,00;4942,50;321361735,00;6502
WDOM26;05/05/2026;17:40:00;4945,00;4945,00;4941,00;4942,50;924025190,00;18693
WDOM26;05/05/2026;17:30:00;4944,00;4945,00;4943,50;4944,50;473574935,00;9578
WDOM26;05/05/2026;17:20:00;4944,50;4945,50;4942,00;4944,00;733549635,00;14838
WDOM26;05/05/2026;17:10:00;4944,50;4946,00;4944,00;4945,00;527678645,00;10671
WDOM26;05/05/2026;17:00:00;4944,50;4945,00;4943,00;4944,50;537014115,00;10862
WDOM26;05/05/2026;16:50:00;4945,00;4946,50;4943,50;4944,50;1369283945,00;27689
WDOM26;05/05/2026;16:40:00;4944,00;4945,50;4944,00;4945,50;885954180,00;17916
WDOM26;05/05/2026;16:30:00;4944,00;4945,00;4943,00;4944,50;858073505,00;17355
WDOM26;05/05/2026;16:20:00;4943,50;4944,50;4942,50;4943,50;760287595,00;15380
WDOM26;05/05/2026;16:10:00;4944,00;4944,50;4943,00;4943,00;839390420,00;16979
WDOM26;05/05/2026;16:00:00;4942,50;4945,00;4942,50;4944,00;745096565,00;15071
WDOM26;05/05/2026;15:50:00;4941,00;4943,50;4940,50;4943,00;1521705135,00;30788
WDOM26;05/05/2026;15:40:00;4939,50;4941,50;4938,50;4941,00;977364640,00;19785
WDOM26;05/05/2026;15:30:00;4938,50;4940,00;4938,00;4940,00;654631040,00;13254
WDOM26;05/05/2026;15:20:00;4939,50;4941,00;4937,50;4938,50;1809318690,00;36631
WDOM26;05/05/2026;15:10:00;4945,00;4945,00;4939,50;4939,50;2173935395,00;43986
WDOM26;05/05/2026;15:00:00;4946,50;4947,50;4944,50;4945,00;1069003440,00;21615
WDOM26;05/05/2026;14:50:00;4945,50;4946,50;4944,00;4946,50;975135030,00;19719
WDOM26;05/05/2026;14:40:00;4947,00;4947,00;4945,00;4945,00;604083090,00;12213
WDOM26;05/05/2026;14:30:00;4946,00;4947,50;4944,50;4947,00;1109495255,00;22432
WDOM26;05/05/2026;14:20:00;4946,00;4947,50;4945,50;4946,50;825411355,00;16687
WDOM26;05/05/2026;14:10:00;4946,50;4947,50;4945,00;4945,50;806279295,00;16301
WDOM26;05/05/2026;14:00:00;4943,50;4946,50;4943,00;4946,50;1237768970,00;25033
WDOM26;05/05/2026;13:50:00;4940,50;4944,50;4940,00;4944,00;1525741415,00;30869
WDOM26;05/05/2026;13:40:00;4941,00;4943,00;4940,00;4940,00;1643952595,00;33269
WDOM26;05/05/2026;13:30:00;4947,00;4948,00;4941,00;4941,50;1932688185,00;39093
WDOM26;05/05/2026;13:20:00;4944,00;4948,50;4944,00;4947,50;1539318265,00;31119
WDOM26;05/05/2026;13:10:00;4943,50;4945,00;4943,00;4944,00;916614530,00;18540
WDOM26;05/05/2026;13:00:00;4943,00;4944,00;4942,00;4943,50;2117039145,00;42832
WDOM26;05/05/2026;12:50:00;4943,00;4944,50;4942,00;4942,50;991189610,00;20050
WDOM26;05/05/2026;12:40:00;4943,50;4943,50;4942,00;4942,50;1752978915,00;35467
WDOM26;05/05/2026;12:30:00;4948,50;4948,50;4942,00;4943,50;2377728440,00;48080
WDOM26;05/05/2026;12:20:00;4949,50;4950,50;4947,00;4948,00;2044289455,00;41312
WDOM26;05/05/2026;12:10:00;4956,00;4956,50;4948,00;4950,00;4183002550,00;84478
WDOM26;05/05/2026;12:00:00;4955,50;4957,00;4954,50;4956,50;2012770255,00;40613
WDOM26;05/05/2026;11:50:00;4955,50;4958,00;4954,00;4955,50;2238038010,00;45157
WDOM26;05/05/2026;11:40:00;4956,50;4957,00;4955,00;4955,00;2404602535,00;48519
WDOM26;05/05/2026;11:30:00;4955,00;4958,00;4954,00;4956,00;2586942660,00;52196
WDOM26;05/05/2026;11:20:00;4959,50;4960,50;4953,00;4955,00;3558771760,00;71809
WDOM26;05/05/2026;11:10:00;4956,50;4961,50;4955,50;4959,50;4797485740,00;96747
WDOM26;05/05/2026;11:00:00;4960,50;4960,50;4955,50;4956,50;3734949315,00;75340
WDOM26;05/05/2026;10:50:00;4961,50;4962,00;4958,50;4960,00;1805406230,00;36399
WDOM26;05/05/2026;10:40:00;4965,00;4965,50;4959,50;4962,00;2419252995,00;48754
WDOM26;05/05/2026;10:30:00;4961,50;4965,00;4960,50;4965,00;3642080335,00;73383
WDOM26;05/05/2026;10:20:00;4962,50;4965,00;4958,50;4961,50;3834847460,00;77298
WDOM26;05/05/2026;10:10:00;4965,50;4967,50;4962,00;4962,50;2700878820,00;54402
WDOM26;05/05/2026;10:00:00;4969,00;4970,00;4963,00;4965,50;3747608180,00;75455
WDOM26;05/05/2026;09:50:00;4973,50;4974,50;4968,00;4969,50;1774312175,00;35697
WDOM26;05/05/2026;09:40:00;4973,00;4975,00;4969,50;4973,50;1921453440,00;38645
WDOM26;05/05/2026;09:30:00;4969,50;4976,50;4969,00;4973,00;2563626645,00;51548
WDOM26;05/05/2026;09:20:00;4978,50;4979,50;4969,00;4969,50;3642017195,00;73223
WDOM26;05/05/2026;09:10:00;4984,50;4984,50;4977,00;4978,50;3741501270,00;75126
WDOM26;05/05/2026;09:00:00;4980,50;4985,00;4976,00;4984,00;4640896025,00;93176
WDOM26;04/05/2026;18:20:00;4996,00;4998,50;4994,00;4998,50;327278160,00;6551
WDOM26;04/05/2026;18:10:00;4998,50;4998,50;4996,00;4996,00;290793695,00;5819
WDOM26;04/05/2026;18:00:00;4996,50;4998,50;4995,00;4998,50;411251980,00;8231
WDOM26;04/05/2026;17:50:00;4999,50;5000,00;4996,50;4997,00;503444645,00;10072
WDOM26;04/05/2026;17:40:00;5004,00;5004,00;4999,00;4999,50;641616490,00;12828
WDOM26;04/05/2026;17:30:00;5004,50;5006,00;5003,50;5003,50;541046605,00;10811
WDOM26;04/05/2026;17:20:00;5004,00;5007,00;5003,50;5004,00;1073109265,00;21440
WDOM26;04/05/2026;17:10:00;5001,00;5004,00;5000,00;5003,50;883235150,00;17659
WDOM26;04/05/2026;17:00:00;5002,00;5002,50;5000,00;5000,50;1040697250,00;20808
WDOM26;04/05/2026;16:50:00;5001,00;5003,50;5000,50;5002,50;1072160400,00;21436
WDOM26;04/05/2026;16:40:00;5002,00;5002,50;5000,00;5000,50;632213640,00;12641
WDOM26;04/05/2026;16:30:00;5001,50;5002,50;5000,50;5002,00;647767950,00;12952
WDOM26;04/05/2026;16:20:00;5001,50;5004,50;5001,00;5002,00;1080343785,00;21596
WDOM26;04/05/2026;16:10:00;5002,00;5002,50;5000,50;5001,50;760483560,00;15205
WDOM26;04/05/2026;16:00:00;5001,00;5003,00;4998,00;5002,00;2006311070,00;40121
WDOM26;04/05/2026;15:50:00;5002,50;5005,00;5000,50;5001,00;1779008395,00;35558
WDOM26;04/05/2026;15:40:00;5003,00;5004,50;5002,00;5002,50;774751230,00;15485
WDOM26;04/05/2026;15:30:00;5000,50;5003,50;5000,00;5003,00;825256585,00;16499
WDOM26;04/05/2026;15:20:00;5003,00;5005,00;5000,00;5000,50;1069127370,00;21369
WDOM26;04/05/2026;15:10:00;5000,00;5003,50;4999,50;5002,50;1007744875,00;20149
WDOM26;04/05/2026;15:00:00;5002,00;5002,50;4998,00;4999,50;1215806995,00;24317
WDOM26;04/05/2026;14:50:00;5001,50;5002,00;5000,00;5002,00;846322225,00;16922
WDOM26;04/05/2026;14:40:00;5004,00;5005,00;5001,50;5001,50;948959885,00;18967
WDOM26;04/05/2026;14:30:00;5005,00;5006,50;5003,00;5004,00;1522608805,00;30422
WDOM26;04/05/2026;14:20:00;5003,50;5006,00;5001,50;5005,00;1663380595,00;33243
WDOM26;04/05/2026;14:10:00;5008,00;5008,50;5002,50;5004,00;1632338705,00;32612
WDOM26;04/05/2026;14:00:00;5016,00;5016,50;5008,00;5008,00;2272077585,00;45334
WDOM26;04/05/2026;13:50:00;5009,00;5017,00;5008,50;5016,00;3180791625,00;63439
WDOM26;04/05/2026;13:40:00;5009,00;5011,00;5007,50;5009,00;1395283500,00;27854
WDOM26;04/05/2026;13:30:00;5006,00;5010,50;5002,50;5009,50;3454599000,00;69010
WDOM26;04/05/2026;13:20:00;5007,50;5009,50;5002,50;5006,00;3085411300,00;61637
WDOM26;04/05/2026;13:10:00;5005,50;5013,00;5003,00;5008,00;5040658685,00;100649
WDOM26;04/05/2026;13:00:00;5001,00;5009,00;4999,50;5005,50;3277615210,00;65502
WDOM26;04/05/2026;12:50:00;4995,50;5003,50;4994,50;5001,00;5627433115,00;112573
WDOM26;04/05/2026;12:40:00;4991,50;4996,00;4989,50;4995,50;2017461025,00;40407
WDOM26;04/05/2026;12:30:00;4986,50;4994,00;4986,50;4991,50;2098714640,00;42051
WDOM26;04/05/2026;12:20:00;4988,50;4994,50;4986,50;4986,50;4257737275,00;85313
WDOM26;04/05/2026;12:10:00;4984,50;4989,50;4981,50;4988,50;3150668480,00;63204
WDOM26;04/05/2026;12:00:00;4986,50;4989,00;4984,00;4985,00;2418689295,00;48500
WDOM26;04/05/2026;11:50:00;4986,00;4987,00;4983,50;4986,50;2027748530,00;40675
WDOM26;04/05/2026;11:40:00;4983,50;4986,00;4982,00;4986,00;1402822820,00;28148
WDOM26;04/05/2026;11:30:00;4986,50;4987,00;4981,50;4983,50;2076692680,00;41667
WDOM26;04/05/2026;11:20:00;4984,50;4987,50;4983,50;4986,00;1272837715,00;25531
WDOM26;04/05/2026;11:10:00;4994,00;4994,50;4983,50;4984,50;3281195880,00;65782
WDOM26;04/05/2026;11:00:00;4991,50;4994,50;4989,50;4994,00;3239465250,00;64891
WDOM26;04/05/2026;10:50:00;4986,00;4991,50;4985,50;4991,50;1893744595,00;37960
WDOM26;04/05/2026;10:40:00;4985,00;4986,50;4982,00;4985,50;2276277935,00;45670
WDOM26;04/05/2026;10:30:00;4994,50;4996,00;4984,50;4985,00;3589532560,00;71934
WDOM26;04/05/2026;10:20:00;4990,50;4995,00;4990,00;4994,50;1661972090,00;33288
WDOM26;04/05/2026;10:10:00;4988,00;4991,50;4986,00;4990,00;2145641420,00;43010
WDOM26;04/05/2026;10:00:00;4986,50;4993,50;4986,50;4988,50;3871049600,00;77579
WDOM26;04/05/2026;09:50:00;4984,50;4987,00;4981,50;4986,50;2550134025,00;51170
WDOM26;04/05/2026;09:40:00;4987,50;4989,50;4984,50;4985,00;1406165755,00;28195
WDOM26;04/05/2026;09:30:00;4986,00;4990,00;4984,50;4987,50;2574578625,00;51621
WDOM26;04/05/2026;09:20:00;4988,00;4989,50;4983,50;4986,00;2684894295,00;53849
WDOM26;04/05/2026;09:10:00;4999,50;5002,50;4988,00;4988,00;3921448815,00;78487
WDOM26;04/05/2026;09:00:00;4996,50;5002,00;4995,00;5000,00;3880046275,00;77627
WDOM26;30/04/2026;18:20:00;4992,50;4993,00;4975,00;4980,00;941784025,00;18889
WDOM26;30/04/2026;18:10:00;4989,00;4995,00;4989,00;4993,00;511233115,00;10241
WDOM26;30/04/2026;18:00:00;4990,50;4991,00;4988,50;4988,50;348708585,00;6989
WDOM26;30/04/2026;17:50:00;4990,00;4992,00;4989,50;4990,50;531105850,00;10642
WDOM26;30/04/2026;17:40:00;4994,00;4994,00;4989,50;4989,50;678292385,00;13587
WDOM26;30/04/2026;17:30:00;4992,00;4995,00;4991,50;4993,50;944449975,00;18913
WDOM26;30/04/2026;17:20:00;4987,50;4993,50;4987,50;4991,50;1044356730,00;20925
WDOM26;30/04/2026;17:10:00;4989,00;4990,50;4987,50;4987,50;573822855,00;11502
WDOM26;30/04/2026;17:00:00;4989,00;4990,50;4987,00;4989,50;1029564750,00;20639
WDOM26;30/04/2026;16:50:00;4989,50;4991,00;4986,50;4988,50;1306433065,00;26190
WDOM26;30/04/2026;16:40:00;4990,50;4992,00;4989,50;4990,00;951879760,00;19073
WDOM26;30/04/2026;16:30:00;4992,00;4993,00;4990,00;4990,00;731889225,00;14661
WDOM26;30/04/2026;16:20:00;4992,00;4993,50;4991,50;4992,50;954763075,00;19124
WDOM26;30/04/2026;16:10:00;4990,50;4992,00;4989,50;4991,50;1066489730,00;21368
WDOM26;30/04/2026;16:00:00;4991,50;4992,00;4988,00;4990,50;2065792060,00;41401
WDOM26;30/04/2026;15:50:00;4993,00;4994,50;4990,50;4992,00;1886896190,00;37796
WDOM26;30/04/2026;15:40:00;4995,50;4998,00;4992,50;4993,50;1587782130,00;31785
WDOM26;30/04/2026;15:30:00;4999,00;4999,00;4995,50;4996,00;1087793410,00;21769
WDOM26;30/04/2026;15:20:00;4998,50;4999,50;4997,00;4999,00;1367390045,00;27358
WDOM26;30/04/2026;15:10:00;4999,00;5000,00;4997,50;4999,00;822123600,00;16447
WDOM26;30/04/2026;15:00:00;5001,50;5002,00;4998,00;4999,50;1001993200,00;20043
WDOM26;30/04/2026;14:50:00;5002,00;5003,50;4999,50;5002,00;1651140285,00;33009
WDOM26;30/04/2026;14:40:00;5002,00;5003,00;4998,00;5002,00;1541863045,00;30833
WDOM26;30/04/2026;14:30:00;5004,50;5005,00;4999,00;5002,00;2902567005,00;58034
WDOM26;30/04/2026;14:20:00;5007,00;5007,00;5003,00;5004,50;2266564635,00;45289
WDOM26;30/04/2026;14:10:00;5010,50;5011,00;5006,50;5006,50;1469892010,00;29346
WDOM26;30/04/2026;14:00:00;5012,50;5014,00;5009,00;5011,00;1490194800,00;29739
WDOM26;30/04/2026;13:50:00;5011,00;5015,50;5010,50;5013,00;1065128490,00;21246
WDOM26;30/04/2026;13:40:00;5014,50;5015,00;5011,00;5011,00;1400297400,00;27934
WDOM26;30/04/2026;13:30:00;5017,00;5018,00;5014,50;5015,00;1004591070,00;20027
WDOM26;30/04/2026;13:20:00;5020,00;5022,00;5017,00;5017,00;3519367320,00;70108
WDOM26;30/04/2026;13:10:00;5017,00;5021,50;5015,50;5020,50;1241971595,00;24746
WDOM26;30/04/2026;13:00:00;5015,50;5019,00;5014,50;5017,00;2744137835,00;54696
WDOM26;30/04/2026;12:50:00;5013,50;5016,00;5009,00;5015,50;2301502005,00;45918
WDOM26;30/04/2026;12:40:00;5010,50;5013,50;5009,00;5013,00;1498535695,00;29904
WDOM26;30/04/2026;12:30:00;5011,50;5012,00;5007,00;5010,50;2157319800,00;43066
WDOM26;30/04/2026;12:20:00;5015,50;5016,50;5008,00;5011,50;2297665090,00;45850
WDOM26;30/04/2026;12:10:00;5017,50;5018,00;5010,50;5015,50;3092931650,00;61688
WDOM26;30/04/2026;12:00:00;5018,50;5020,50;5016,50;5018,00;5449453050,00;108590
WDOM26;30/04/2026;11:50:00;5013,50;5019,50;5011,00;5018,50;4300317770,00;85740
WDOM26;30/04/2026;11:40:00;5022,00;5023,00;5012,00;5013,50;3463901945,00;69032
WDOM26;30/04/2026;11:30:00;5017,00;5024,00;5010,00;5022,00;6296591025,00;125523
WDOM26;30/04/2026;11:20:00;5026,00;5029,00;5015,50;5017,00;4287073815,00;85361
WDOM26;30/04/2026;11:10:00;5032,00;5033,50;5024,50;5025,50;3958937970,00;78731
WDOM26;30/04/2026;11:00:00;5032,00;5035,50;5030,00;5031,50;5191600235,00;103158
WDOM26;30/04/2026;10:50:00;5025,00;5032,50;5023,50;5032,00;2534078650,00;50395
WDOM26;30/04/2026;10:40:00;5026,00;5030,00;5023,50;5025,00;3104148100,00;61757
WDOM26;30/04/2026;10:30:00;5023,00;5026,50;5018,00;5025,50;2643057825,00;52625
WDOM26;30/04/2026;10:20:00;5022,50;5026,00;5020,00;5022,50;3029740520,00;60320
WDOM26;30/04/2026;10:10:00;5025,00;5029,00;5021,00;5022,00;3490687675,00;69478
WDOM26;30/04/2026;10:00:00;5025,50;5030,00;5024,50;5025,50;4993351730,00;99318
WDOM26;30/04/2026;09:50:00;5018,50;5026,00;5012,00;5025,00;3991791625,00;79551
WDOM26;30/04/2026;09:40:00;5019,00;5025,00;5017,50;5019,00;2866982215,00;57093
WDOM26;30/04/2026;09:30:00;5019,50;5024,50;5015,50;5019,00;3486177125,00;69440
WDOM26;30/04/2026;09:20:00;5018,00;5020,00;5016,00;5019,50;1743904330,00;34750
WDOM26;30/04/2026;09:10:00;5018,00;5021,50;5014,00;5018,00;3092159495,00;61623
WDOM26;30/04/2026;09:00:00;5030,00;5030,00;5008,00;5017,50;6354929915,00;126695
WDOM26;29/04/2026;18:20:00;5034,00;5036,00;5031,00;5036,00;62614335,00;1244
WDOM26;29/04/2026;18:10:00;5038,50;5040,50;5034,00;5034,00;38836375,00;771
WDOM26;29/04/2026;18:00:00;5035,00;5038,00;5035,00;5038,00;81397000,00;1616
WDOM26;29/04/2026;17:50:00;5037,50;5037,50;5032,50;5035,00;55540645,00;1103
WDOM26;29/04/2026;17:40:00;5038,50;5039,00;5035,50;5037,50;62262210,00;1236
WDOM26;29/04/2026;17:30:00;5041,50;5042,00;5038,00;5038,00;41676840,00;827
WDOM26;29/04/2026;17:20:00;5045,00;5046,00;5041,00;5041,00;103947560,00;2061
WDOM26;29/04/2026;17:10:00;5039,50;5046,50;5039,00;5044,50;110887250,00;2199
WDOM26;29/04/2026;17:00:00;5039,50;5042,00;5035,00;5040,00;64689705,00;1284
WDOM26;29/04/2026;16:50:00;5042,00;5043,00;5038,50;5040,00;27670465,00;549
WDOM26;29/04/2026;16:40:00;5042,00;5042,50;5038,00;5041,50;58623005,00;1163
WDOM26;29/04/2026;16:30:00;5044,00;5046,50;5042,00;5042,00;53875235,00;1068
WDOM26;29/04/2026;16:20:00;5040,50;5045,50;5040,50;5044,50;71967860,00;1427
WDOM26;29/04/2026;16:10:00;5047,50;5049,50;5040,50;5040,50;65374625,00;1296
WDOM26;29/04/2026;16:00:00;5046,50;5050,50;5045,50;5047,50;386877760,00;7665
WDOM26;29/04/2026;15:50:00;5049,00;5050,00;5044,50;5047,00;452318585,00;8962
WDOM26;29/04/2026;15:40:00;5038,50;5050,00;5036,00;5049,00;279785565,00;5545
WDOM26;29/04/2026;15:30:00;5039,50;5042,50;5034,00;5038,00;79769155,00;1583
WDOM26;29/04/2026;15:20:00;5037,50;5040,00;5036,50;5039,50;47908755,00;951
WDOM26;29/04/2026;15:10:00;5040,50;5043,00;5036,50;5037,50;91263530,00;1811
WDOM26;29/04/2026;15:00:00;5033,50;5042,00;5033,00;5041,00;49976105,00;992
WDOM26;29/04/2026;14:50:00;5033,00;5034,00;5031,50;5033,50;26171685,00;520
WDOM26;29/04/2026;14:40:00;5036,50;5037,00;5030,00;5033,00;58087820,00;1154
WDOM26;29/04/2026;14:30:00;5035,50;5037,50;5033,50;5036,50;84560955,00;1679
WDOM26;29/04/2026;14:20:00;5035,50;5037,50;5034,50;5036,00;52524695,00;1043
WDOM26;29/04/2026;14:10:00;5038,50;5039,50;5035,50;5035,50;74749895,00;1484
WDOM26;29/04/2026;14:00:00;5040,00;5041,00;5037,00;5038,50;94067885,00;1867
WDOM26;29/04/2026;13:50:00;5039,50;5041,50;5039,00;5040,00;88646390,00;1759
WDOM26;29/04/2026;13:40:00;5037,00;5039,50;5036,50;5038,50;155184675,00;3080
WDOM26;29/04/2026;13:30:00;5037,50;5040,00;5037,50;5037,50;36077820,00;716
WDOM26;29/04/2026;13:20:00;5036,50;5037,00;5034,50;5037,00;44420305,00;882
WDOM26;29/04/2026;13:10:00;5036,00;5037,00;5034,00;5036,50;52872015,00;1050
WDOM26;29/04/2026;13:00:00;5036,50;5038,00;5035,00;5036,00;45379130,00;901
WDOM26;29/04/2026;12:50:00;5034,00;5042,00;5033,00;5036,00;109557940,00;2174
WDOM26;29/04/2026;12:40:00;5035,00;5036,50;5032,50;5034,50;25374590,00;504
WDOM26;29/04/2026;12:30:00;5035,00;5036,50;5033,50;5035,50;50702835,00;1007
WDOM26;29/04/2026;12:20:00;5035,50;5037,00;5034,00;5035,00;45572430,00;905
WDOM26;29/04/2026;12:10:00;5036,50;5040,00;5036,00;5036,00;62125370,00;1233
WDOM26;29/04/2026;12:00:00;5032,50;5037,50;5031,00;5037,00;56901095,00;1130
WDOM26;29/04/2026;11:50:00;5037,00;5037,50;5032,00;5033,00;17265255,00;343
WDOM26;29/04/2026;11:40:00;5037,00;5037,00;5032,50;5037,00;24368215,00;484
WDOM26;29/04/2026;11:30:00;5036,50;5038,00;5035,50;5037,00;41854320,00;831
WDOM26;29/04/2026;11:20:00;5031,50;5037,00;5031,00;5036,50;66035405,00;1312
WDOM26;29/04/2026;11:10:00;5039,50;5039,50;5031,50;5032,00;77981770,00;1549
WDOM26;29/04/2026;11:00:00;5039,50;5044,00;5039,00;5039,00;286301780,00;5679
WDOM26;29/04/2026;10:50:00;5040,50;5041,00;5037,50;5039,50;139451110,00;2767
WDOM26;29/04/2026;10:40:00;5036,50;5041,50;5036,00;5040,50;76202510,00;1512
WDOM26;29/04/2026;10:30:00;5035,00;5039,50;5034,50;5037,00;69300070,00;1376
WDOM26;29/04/2026;10:20:00;5030,00;5035,00;5029,50;5035,00;51939850,00;1032
WDOM26;29/04/2026;10:10:00;5031,00;5031,50;5027,50;5029,00;48681830,00;968
WDOM26;29/04/2026;10:00:00;5031,00;5033,00;5030,00;5031,00;45334380,00;901
WDOM26;29/04/2026;09:50:00;5033,50;5036,50;5030,50;5031,00;34378425,00;683
WDOM26;29/04/2026;09:40:00;5036,50;5037,00;5028,00;5033,50;68447595,00;1360
WDOM26;29/04/2026;09:30:00;5027,00;5037,50;5027,00;5036,00;125080875,00;2486
WDOM26;29/04/2026;09:20:00;5022,00;5028,00;5021,50;5027,00;140227885,00;2791
WDOM26;29/04/2026;09:10:00;5023,00;5023,50;5018,50;5022,50;92024820,00;1833
WDOM26;29/04/2026;09:00:00;5012,50;5024,00;5012,50;5022,50;102139115,00;2034
WDOM26;28/04/2026;18:20:00;5013,00;5014,50;5012,50;5013,50;3409425,00;68
WDOM26;28/04/2026;18:10:00;5012,00;5013,00;5011,00;5013,00;17992305,00;359
WDOM26;28/04/2026;18:00:00;5012,00;5012,50;5012,00;5012,50;85354375,00;1703
WDOM26;28/04/2026;17:50:00;5013,00;5013,50;5012,00;5013,00;6165535,00;123
WDOM26;28/04/2026;17:40:00;5013,50;5013,50;5012,00;5012,50;35435945,00;707
WDOM26;28/04/2026;17:30:00;5014,50;5017,00;5013,00;5014,00;19658450,00;392
WDOM26;28/04/2026;17:20:00;5020,50;5020,50;5014,50;5014,50;11541955,00;230
WDOM26;28/04/2026;17:10:00;5019,50;5021,00;5019,00;5020,50;5521895,00;110
WDOM26;28/04/2026;17:00:00;5020,00;5020,50;5019,50;5019,50;13603610,00;271
WDOM26;28/04/2026;16:50:00;5018,50;5020,00;5018,50;5019,50;32980135,00;657
WDOM26;28/04/2026;16:40:00;5018,50;5019,00;5018,00;5018,50;13599595,00;271
WDOM26;28/04/2026;16:30:00;5017,50;5019,00;5017,00;5018,50;11993980,00;239
WDOM26;28/04/2026;16:20:00;5018,00;5018,50;5016,00;5018,50;13648550,00;272
WDOM26;28/04/2026;16:10:00;5016,00;5018,00;5016,00;5018,00;3361835,00;67
WDOM26;28/04/2026;16:00:00;5015,50;5016,50;5014,50;5016,50;71767505,00;1431
WDOM26;28/04/2026;15:50:00;5011,50;5016,00;5011,00;5016,00;135174230,00;2696
WDOM26;28/04/2026;15:40:00;5013,00;5014,00;5010,00;5012,00;6365000,00;127
WDOM26;28/04/2026;15:30:00;5011,50;5014,00;5010,00;5012,50;109249820,00;2180
WDOM26;28/04/2026;15:20:00;5014,00;5014,00;5011,00;5011,50;45264520,00;903
WDOM26;28/04/2026;15:10:00;5021,50;5022,50;5013,50;5014,00;41991750,00;837
WDOM26;28/04/2026;15:00:00;5021,00;5022,50;5020,00;5022,00;17323100,00;345
WDOM26;28/04/2026;14:50:00;5018,50;5021,50;5018,00;5021,50;23890635,00;476
WDOM26;28/04/2026;14:40:00;5018,50;5020,00;5017,50;5018,50;13802215,00;275
WDOM26;28/04/2026;14:30:00;5020,00;5020,00;5017,00;5019,00;11491835,00;229
WDOM26;28/04/2026;14:20:00;5020,50;5022,50;5019,00;5020,00;8284090,00;165
WDOM26;28/04/2026;14:10:00;5018,00;5020,50;5016,50;5020,50;6072210,00;121
WDOM26;28/04/2026;14:00:00;5016,00;5018,50;5016,00;5017,50;12391350,00;247
WDOM26;28/04/2026;13:50:00;5019,50;5020,00;5013,50;5015,50;109970770,00;2192
WDOM26;28/04/2026;13:40:00;5020,00;5021,00;5019,00;5019,50;34235995,00;682
WDOM26;28/04/2026;13:30:00;5021,50;5023,50;5020,50;5020,50;6327250,00;126
WDOM26;28/04/2026;13:20:00;5024,50;5025,00;5021,50;5021,50;7233075,00;144
WDOM26;28/04/2026;13:10:00;5020,50;5025,50;5019,00;5025,00;21846055,00;435
WDOM26;28/04/2026;13:00:00;5025,00;5025,50;5018,00;5021,00;73159360,00;1457
WDOM26;28/04/2026;12:50:00;5030,00;5030,00;5025,50;5025,50;13927365,00;277
WDOM26;28/04/2026;12:40:00;5031,50;5031,50;5027,50;5030,00;33143205,00;659
WDOM26;28/04/2026;12:30:00;5035,50;5037,00;5030,50;5031,00;15351340,00;305
WDOM26;28/04/2026;12:20:00;5038,50;5038,50;5032,50;5035,00;33840785,00;672
WDOM26;28/04/2026;12:10:00;5043,00;5043,00;5037,50;5038,00;43538870,00;864
WDOM26;28/04/2026;12:00:00;5049,00;5049,50;5040,50;5043,00;30770375,00;610
WDOM26;28/04/2026;11:50:00;5044,00;5053,50;5043,00;5049,50;55688580,00;1103
WDOM26;28/04/2026;11:40:00;5041,50;5043,50;5038,50;5043,50;26617705,00;528
WDOM26;28/04/2026;11:30:00;5036,50;5041,50;5031,00;5041,00;29214200,00;580
WDOM26;28/04/2026;11:20:00;5028,50;5037,00;5028,50;5036,50;25923555,00;515
WDOM26;28/04/2026;11:10:00;5028,50;5031,50;5026,00;5028,00;21372190,00;425
WDOM26;28/04/2026;11:00:00;5025,00;5028,50;5023,00;5028,00;22212560,00;442
WDOM26;28/04/2026;10:50:00;5024,00;5027,00;5022,50;5024,50;29792890,00;593
WDOM26;28/04/2026;10:40:00;5022,50;5023,50;5020,50;5023,00;49818615,00;992
WDOM26;28/04/2026;10:30:00;5023,00;5029,00;5022,00;5022,00;48882205,00;973
WDOM26;28/04/2026;10:20:00;5028,00;5029,00;5022,50;5023,50;37394890,00;744
WDOM26;28/04/2026;10:10:00;5025,00;5027,50;5020,50;5027,50;33053350,00;658
WDOM26;28/04/2026;10:00:00;5019,00;5024,50;5018,50;5024,50;38504630,00;767
WDOM26;28/04/2026;09:50:00;5023,50;5025,50;5019,00;5019,00;67595460,00;1346
WDOM26;28/04/2026;09:40:00;5033,50;5034,00;5022,50;5023,00;53730350,00;1069
WDOM26;28/04/2026;09:30:00;5034,00;5037,50;5032,50;5033,50;26386285,00;524
WDOM26;28/04/2026;09:20:00;5038,50;5039,00;5030,50;5033,50;43749050,00;869
WDOM26;28/04/2026;09:10:00;5039,00;5041,50;5035,00;5037,50;68609245,00;1362
WDOM26;28/04/2026;09:00:00;5031,00;5045,50;5031,00;5038,50;183403400,00;3638
WDOM26;27/04/2026;18:20:00;5022,50;5022,50;5018,50;5020,00;2359960,00;47
WDOM26;27/04/2026;18:10:00;5021,00;5022,50;5021,00;5022,00;853730,00;17
WDOM26;27/04/2026;18:00:00;5021,50;5022,00;5021,50;5022,00;251085,00;5
WDOM26;27/04/2026;17:50:00;5021,50;5023,00;5021,00;5021,50;1355815,00;27
WDOM26;27/04/2026;17:40:00;5022,00;5022,00;5021,00;5021,00;903945,00;18
WDOM26;27/04/2026;17:30:00;5021,00;5022,50;5021,00;5021,50;602630,00;12
WDOM26;27/04/2026;17:20:00;5020,00;5023,00;5020,00;5021,50;4419385,00;88
WDOM26;27/04/2026;17:10:00;5020,50;5020,50;5020,50;5020,50;351435,00;7
WDOM26;27/04/2026;17:00:00;5021,00;5021,00;5020,50;5020,50;2008370,00;40
WDOM26;27/04/2026;16:50:00;5020,50;5021,50;5019,00;5021,50;7730415,00;154
WDOM26;27/04/2026;16:40:00;5021,00;5021,50;5020,00;5020,50;5422330,00;108
WDOM26;27/04/2026;16:30:00;5019,50;5021,00;5019,50;5021,00;10341365,00;206
WDOM26;27/04/2026;16:20:00;5017,00;5019,00;5017,00;5018,50;1806555,00;36
WDOM26;27/04/2026;16:10:00;5018,00;5018,00;5017,00;5017,00;1103760,00;22
WDOM26;27/04/2026;16:00:00;5015,00;5018,00;5014,50;5017,00;2157295,00;43
WDOM26;27/04/2026;15:50:00;5015,00;5016,50;5014,00;5015,50;4062125,00;81
WDOM26;27/04/2026;15:40:00;5013,50;5017,00;5013,00;5014,00;4312990,00;86
WDOM26;27/04/2026;15:30:00;5008,50;5014,00;5008,50;5014,00;1002470,00;20
WDOM26;27/04/2026;15:20:00;5009,00;5009,00;5006,50;5007,00;1301925,00;26
WDOM26;27/04/2026;15:10:00;5009,00;5010,00;5008,50;5008,50;1953475,00;39
WDOM26;27/04/2026;15:00:00;5011,00;5011,00;5008,00;5009,00;6061640,00;121
WDOM26;27/04/2026;14:50:00;5011,50;5012,00;5011,50;5012,00;1553580,00;31
WDOM26;27/04/2026;14:40:00;5011,50;5012,00;5011,00;5011,50;3457835,00;69
WDOM26;27/04/2026;14:30:00;5012,00;5012,00;5009,50;5010,50;1152445,00;23
WDOM26;27/04/2026;14:20:00;5015,00;5015,50;5012,50;5012,50;4812770,00;96
WDOM26;27/04/2026;14:10:00;5015,50;5016,50;5014,50;5015,50;1956190,00;39
WDOM26;27/04/2026;14:00:00;5013,00;5017,00;5013,00;5016,50;2909030,00;58
WDOM26;27/04/2026;13:50:00;5012,00;5015,00;5011,50;5013,00;3760210,00;75
WDOM26;27/04/2026;13:40:00;5009,50;5011,50;5009,00;5011,50;551175,00;11
WDOM26;27/04/2026;13:30:00;5008,00;5009,00;5007,00;5009,00;1151745,00;23
WDOM26;27/04/2026;13:20:00;5009,50;5010,00;5008,50;5009,00;2404330,00;48
WDOM26;27/04/2026;13:10:00;5009,50;5011,00;5009,00;5009,50;2003970,00;40
WDOM26;27/04/2026;13:00:00;5009,00;5011,00;5009,00;5010,00;951870,00;19
WDOM26;27/04/2026;12:50:00;5013,50;5013,50;5009,00;5009,50;3057245,00;61
WDOM26;27/04/2026;12:40:00;5010,50;5013,00;5008,50;5012,00;3006300,00;60
WDOM26;27/04/2026;12:30:00;5011,00;5013,50;5010,00;5010,50;8218125,00;164
WDOM26;27/04/2026;12:20:00;5009,50;5012,50;5009,00;5012,50;501080,00;10
WDOM26;27/04/2026;12:10:00;5009,50;5010,00;5008,50;5009,50;2304215,00;46
WDOM26;27/04/2026;12:00:00;5007,50;5010,50;5007,00;5010,50;4007130,00;80
WDOM26;27/04/2026;11:50:00;5013,50;5014,00;5008,00;5008,00;2755985,00;55
WDOM26;27/04/2026;11:40:00;5009,50;5015,50;5009,00;5013,00;2757065,00;55
WDOM26;27/04/2026;11:30:00;5014,50;5014,50;5009,00;5009,00;4409130,00;88
WDOM26;27/04/2026;11:20:00;5014,00;5014,00;5011,50;5012,00;4160865,00;83
WDOM26;27/04/2026;11:10:00;5015,00;5016,00;5013,50;5014,00;1604825,00;32
WDOM26;27/04/2026;11:00:00;5012,50;5015,50;5012,50;5013,50;3860890,00;77
WDOM26;27/04/2026;10:50:00;5015,00;5016,00;5012,50;5013,00;7070455,00;141
WDOM26;27/04/2026;10:40:00;5011,50;5014,50;5008,00;5014,50;3156660,00;63
WDOM26;27/04/2026;10:30:00;5009,00;5013,50;5008,50;5011,50;12376735,00;247
WDOM26;27/04/2026;10:20:00;5004,00;5008,50;5004,00;5008,00;2202920,00;44
WDOM26;27/04/2026;10:10:00;5004,50;5009,00;5004,00;5006,00;5556440,00;111
WDOM26;27/04/2026;10:00:00;5012,50;5014,00;5004,00;5005,00;17430805,00;348
WDOM26;27/04/2026;09:50:00;5008,00;5013,00;5008,00;5012,00;9871670,00;197
WDOM26;27/04/2026;09:40:00;5010,50;5012,00;5008,50;5009,00;2054130,00;41
WDOM26;27/04/2026;09:30:00;5009,00;5011,00;5006,00;5010,50;6260725,00;125
WDOM26;27/04/2026;09:20:00;5012,00;5013,50;5007,50;5009,00;2906230,00;58
WDOM26;27/04/2026;09:10:00;5008,50;5012,00;5005,50;5011,00;12472880,00;249
WDOM26;27/04/2026;09:00:00;5024,50;5024,50;5009,00;5009,00;18559800,00;370
WDOM26;24/04/2026;18:20:00;5023,50;5029,00;5021,00;5027,00;2211035,00;44
WDOM26;24/04/2026;18:10:00;5022,00;5023,50;5022,00;5023,50;301355,00;6
WDOM26;24/04/2026;18:00:00;5022,50;5022,50;5021,00;5022,50;753215,00;15
WDOM26;24/04/2026;17:50:00;5021,00;5023,00;5020,50;5023,00;5574430,00;111
WDOM26;24/04/2026;17:40:00;5024,00;5024,00;5020,00;5022,50;4519980,00;90
WDOM26;24/04/2026;17:30:00;5033,50;5033,50;5023,50;5024,00;20015295,00;398
WDOM26;24/04/2026;17:20:00;5034,00;5035,50;5034,00;5035,00;1006955,00;20
WDOM26;24/04/2026;17:10:00;5036,00;5036,00;5032,00;5035,00;9918100,00;197
WDOM26;24/04/2026;17:00:00;5041,00;5041,00;5036,00;5036,00;2116435,00;42
WDOM26;24/04/2026;16:50:00;5040,50;5042,00;5040,50;5041,00;1462070,00;29
WDOM26;24/04/2026;16:40:00;5038,50;5040,50;5038,50;5040,50;1108730,00;22
WDOM26;24/04/2026;16:30:00;5039,50;5040,00;5038,50;5038,50;453545,00;9
WDOM26;24/04/2026;16:20:00;5040,50;5042,00;5040,00;5040,00;1260190,00;25
WDOM26;24/04/2026;16:10:00;5038,00;5039,50;5036,50;5039,00;1662530,00;33
WDOM26;24/04/2026;16:00:00;5043,00;5043,00;5037,00;5038,50;16529985,00;328
WDOM26;24/04/2026;15:50:00;5044,00;5044,50;5042,50;5042,50;2572225,00;51
WDOM26;24/04/2026;15:40:00;5044,00;5044,00;5042,00;5043,00;3530235,00;70
WDOM26;24/04/2026;15:30:00;5050,00;5050,00;5045,00;5045,00;706525,00;14
WDOM26;24/04/2026;15:20:00;5048,00;5053,00;5048,00;5050,50;4747830,00;94
WDOM26;24/04/2026;15:10:00;5048,50;5049,00;5048,00;5049,00;403880,00;8
WDOM26;24/04/2026;15:00:00;5050,00;5050,00;5047,50;5048,00;5149175,00;102
WDOM26;24/04/2026;14:50:00;5045,00;5048,50;5044,50;5048,50;4692450,00;93
WDOM26;24/04/2026;14:40:00;5049,00;5049,00;5045,50;5046,00;3230115,00;64
WDOM26;24/04/2026;14:30:00;5049,00;5049,00;5048,00;5049,00;1615635,00;32
WDOM26;24/04/2026;14:20:00;5048,00;5048,00;5047,00;5047,50;454305,00;9
WDOM26;24/04/2026;14:10:00;5048,50;5051,00;5048,50;5050,50;454510,00;9
WDOM26;24/04/2026;14:00:00;5050,50;5050,50;5047,00;5049,00;3382765,00;67
WDOM26;24/04/2026;13:50:00;5050,00;5051,50;5050,00;5051,00;1060745,00;21
WDOM26;24/04/2026;13:40:00;5049,50;5054,50;5049,50;5051,50;2323810,00;46
WDOM26;24/04/2026;13:30:00;5046,50;5051,00;5045,00;5050,50;1514050,00;30
WDOM26;24/04/2026;13:20:00;5050,00;5050,00;5047,50;5047,50;2422930,00;48
WDOM26;24/04/2026;13:10:00;5043,00;5050,50;5042,50;5050,50;11004930,00;218
WDOM26;24/04/2026;13:00:00;5040,00;5043,00;5038,50;5043,00;8416805,00;167
WDOM26;24/04/2026;12:50:00;5041,50;5042,50;5039,00;5040,00;6402230,00;127
WDOM26;24/04/2026;12:40:00;5046,00;5046,50;5039,00;5042,50;15777840,00;313
WDOM26;24/04/2026;12:30:00;5046,50;5047,50;5044,50;5045,50;4641755,00;92
WDOM26;24/04/2026;12:20:00;5050,00;5050,50;5048,00;5048,50;12826470,00;254
WDOM26;24/04/2026;12:10:00;5048,50;5049,00;5048,00;5048,00;1716495,00;34
WDOM26;24/04/2026;12:00:00;5054,00;5055,00;5048,50;5049,00;16012390,00;317
WDOM26;24/04/2026;11:50:00;5057,00;5059,50;5054,50;5054,50;5563345,00;110
WDOM26;24/04/2026;11:40:00;5056,00;5058,50;5055,00;5057,50;3590455,00;71
WDOM26;24/04/2026;11:30:00;5061,50;5061,50;5055,50;5056,50;2730900,00;54
WDOM26;24/04/2026;11:20:00;5054,00;5061,00;5052,00;5061,00;5412185,00;107
WDOM26;24/04/2026;11:10:00;5058,50;5060,00;5054,00;5055,00;5410865,00;107
WDOM26;24/04/2026;11:00:00;5061,00;5062,50;5055,00;5058,50;5614630,00;111
WDOM26;24/04/2026;10:50:00;5055,50;5060,50;5055,50;5058,50;2226060,00;44
WDOM26;24/04/2026;10:40:00;5056,50;5060,00;5054,50;5056,50;5158980,00;102
WDOM26;24/04/2026;10:30:00;5056,00;5066,00;5056,00;5056,50;30928570,00;611
WDOM26;24/04/2026;10:20:00;5054,00;5055,50;5052,00;5054,00;7277770,00;144
WDOM26;24/04/2026;10:10:00;5048,50;5056,00;5045,00;5055,50;6916260,00;137
WDOM26;24/04/2026;10:00:00;5046,50;5048,50;5045,00;5047,50;8074275,00;160
WDOM26;24/04/2026;09:50:00;5060,00;5060,00;5046,50;5046,50;15458760,00;306
WDOM26;24/04/2026;09:40:00;5052,50;5061,00;5052,50;5061,00;20233055,00;400
WDOM26;24/04/2026;09:30:00;5043,00;5053,50;5043,00;5053,50;17073635,00;338
WDOM26;24/04/2026;09:20:00;5043,50;5046,00;5040,00;5042,00;4791240,00;95
WDOM26;24/04/2026;09:10:00;5039,50;5045,50;5035,50;5044,50;11188110,00;222
WDOM26;24/04/2026;09:00:00;5051,00;5052,00;5037,00;5040,00;30615330,00;607
WDOM26;23/04/2026;18:20:00;5073,50;5074,50;5067,50;5071,00;13992375,00;276
WDOM26;23/04/2026;18:10:00;5066,00;5073,50;5066,00;5073,50;2433545,00;48
WDOM26;23/04/2026;18:00:00;5061,00;5068,50;5059,50;5063,00;2126710,00;42
WDOM26;23/04/2026;17:50:00;5059,00;5065,50;5056,00;5064,50;10930125,00;216
WDOM26;23/04/2026;17:40:00;5052,50;5059,50;5052,50;5059,50;5761705,00;114
WDOM26;23/04/2026;17:30:00;5052,00;5052,00;5050,00;5052,00;2828795,00;56
WDOM26;23/04/2026;17:20:00;5043,00;5053,50;5038,50;5051,50;32098610,00;636
WDOM26;23/04/2026;17:10:00;5046,00;5046,00;5041,00;5042,50;4689670,00;93
WDOM26;23/04/2026;17:00:00;5046,00;5046,50;5043,00;5046,00;5650495,00;112
WDOM26;23/04/2026;16:50:00;5050,00;5052,00;5046,00;5046,00;5552655,00;110
WDOM26;23/04/2026;16:40:00;5051,50;5053,00;5049,00;5049,00;10859930,00;215
WDOM26;23/04/2026;16:30:00;5050,50;5059,50;5050,50;5053,00;11068300,00;219
WDOM26;23/04/2026;16:20:00;5042,50;5051,50;5041,50;5050,50;19891410,00;394
WDOM26;23/04/2026;16:10:00;5036,00;5042,00;5035,00;5042,00;19552425,00;388
WDOM26;23/04/2026;16:00:00;5031,00;5039,50;5030,50;5035,50;3525025,00;70
WDOM26;23/04/2026;15:50:00;5023,50;5033,00;5023,50;5031,00;14283660,00;284
WDOM26;23/04/2026;15:40:00;5021,50;5023,00;5021,00;5022,50;552420,00;11
WDOM26;23/04/2026;15:30:00;5015,00;5022,00;5015,00;5022,00;1555300,00;31
WDOM26;23/04/2026;15:20:00;5016,50;5017,50;5014,00;5015,00;7172790,00;143
WDOM26;23/04/2026;15:10:00;5018,50;5019,50;5015,50;5016,50;2709750,00;54
WDOM26;23/04/2026;15:00:00;5022,00;5023,50;5016,00;5017,50;4919620,00;98
WDOM26;23/04/2026;14:50:00;5034,50;5035,00;5022,00;5022,50;25228160,00;502
WDOM26;23/04/2026;14:40:00;5023,00;5036,00;5023,00;5034,50;14740160,00;293
WDOM26;23/04/2026;14:30:00;5009,00;5022,50;5007,50;5021,50;6771730,00;135
WDOM26;23/04/2026;14:20:00;5012,50;5013,00;5008,00;5011,50;5010535,00;100
WDOM26;23/04/2026;14:10:00;5014,50;5017,00;5009,50;5013,00;10882255,00;217
WDOM26;23/04/2026;14:00:00;4998,00;5014,50;4997,50;5014,50;12272305,00;245
WDOM26;23/04/2026;13:50:00;4997,00;4999,50;4996,00;4998,50;1299615,00;26
WDOM26;23/04/2026;13:40:00;4998,00;4998,00;4996,50;4996,50;149925,00;3
WDOM26;23/04/2026;13:30:00;4997,00;4999,50;4997,00;4998,00;1649515,00;33
WDOM26;23/04/2026;13:20:00;4994,50;4997,50;4994,50;4997,50;899095,00;18
WDOM26;23/04/2026;13:10:00;4997,50;4997,50;4995,50;4996,00;6744530,00;135
WDOM26;23/04/2026;13:00:00;4997,00;4998,50;4995,00;4998,00;19985940,00;400
WDOM26;23/04/2026;12:50:00;4994,00;4997,00;4992,00;4996,50;9088200,00;182
WDOM26;23/04/2026;12:40:00;4989,50;4995,50;4986,50;4995,50;26762460,00;536
WDOM26;23/04/2026;12:30:00;4984,00;4989,50;4984,00;4989,50;3090965,00;62
WDOM26;23/04/2026;12:20:00;4988,00;4988,00;4983,00;4984,00;2741880,00;55
WDOM26;23/04/2026;12:10:00;4987,00;4988,50;4982,00;4985,50;12711505,00;255
WDOM26;23/04/2026;12:00:00;4994,50;4994,50;4986,00;4986,50;15762510,00;316
WDOM26;23/04/2026;11:50:00;4996,00;4996,50;4994,50;4996,50;3946305,00;79
WDOM26;23/04/2026;11:40:00;4996,50;4999,50;4995,50;4995,50;2898550,00;58
WDOM26;23/04/2026;11:30:00;4994,00;5000,50;4994,00;4996,50;10044110,00;201
WDOM26;23/04/2026;11:20:00;4993,00;4995,00;4990,00;4995,00;5540345,00;111
WDOM26;23/04/2026;11:10:00;4994,50;4995,50;4991,00;4992,50;10184120,00;204
WDOM26;23/04/2026;11:00:00;4996,50;4999,50;4994,00;4994,50;8993630,00;180
WDOM26;23/04/2026;10:50:00;4994,50;4997,00;4993,50;4993,50;1748170,00;35
WDOM26;23/04/2026;10:40:00;4997,50;5000,50;4995,50;4995,50;4048190,00;81
WDOM26;23/04/2026;10:30:00;5000,00;5000,00;4996,00;4998,50;8347635,00;167
WDOM26;23/04/2026;10:20:00;5000,00;5001,50;4998,00;4999,00;3049615,00;61
WDOM26;23/04/2026;10:10:00;4999,50;5003,50;4997,00;5000,00;12548405,00;251
WDOM26;23/04/2026;10:00:00;4993,50;5002,00;4993,50;5000,00;8099345,00;162
WDOM26;23/04/2026;09:50:00;4995,50;4997,00;4990,00;4994,00;3495135,00;70
WDOM26;23/04/2026;09:40:00;4992,50;4998,00;4989,50;4995,50;11584280,00;232
WDOM26;23/04/2026;09:30:00;5003,00;5003,50;4988,50;4991,50;18434605,00;369
WDOM26;23/04/2026;09:20:00;5006,50;5012,50;4999,00;5002,00;25490160,00;509
WDOM26;23/04/2026;09:10:00;5005,00;5008,00;5001,50;5006,00;8256590,00;165
WDOM26;23/04/2026;09:00:00;5010,00;5011,50;5001,50;5005,00;19026120,00;380
WDOM26;22/04/2026;18:20:00;5009,50;5011,50;5008,00;5008,00;1302365,00;26
WDOM26;22/04/2026;18:10:00;5009,50;5009,50;5009,50;5009,50;400760,00;8
WDOM26;22/04/2026;18:00:00;5008,50;5010,50;5008,50;5010,50;901760,00;18
WDOM26;22/04/2026;17:50:00;5006,50;5007,00;5003,00;5006,50;6455825,00;129
WDOM26;22/04/2026;17:40:00;5008,50;5009,00;5006,00;5006,50;1301930,00;26
WDOM26;22/04/2026;17:30:00;5015,50;5015,50;5007,00;5008,50;4659545,00;93
WDOM26;22/04/2026;17:20:00;5018,00;5019,50;5016,00;5016,00;451560,00;9
WDOM26;22/04/2026;17:10:00;5017,00;5017,50;5015,00;5017,50;953105,00;19
WDOM26;22/04/2026;17:00:00;5016,00;5017,50;5015,50;5017,50;752470,00;15
WDOM26;22/04/2026;16:50:00;5015,00;5016,00;5014,50;5015,50;1103350,00;22
WDOM26;22/04/2026;16:40:00;5014,50;5015,50;5014,50;5014,50;451325,00;9
WDOM26;22/04/2026;16:30:00;5015,00;5016,00;5013,50;5013,50;1053160,00;21
WDOM26;22/04/2026;16:20:00;5011,00;5013,50;5011,00;5013,50;1052715,00;21
WDOM26;22/04/2026;16:10:00;5012,00;5012,50;5012,00;5012,00;250610,00;5
WDOM26;22/04/2026;16:00:00;5012,00;5013,00;5011,00;5011,00;300720,00;6
WDOM26;22/04/2026;15:50:00;5009,00;5010,00;5009,00;5010,00;551090,00;11
WDOM26;22/04/2026;15:40:00;5010,00;5010,00;5010,00;5010,00;100200,00;2
WDOM26;22/04/2026;15:30:00;5009,00;5011,50;5009,00;5011,50;1252450,00;25
WDOM26;22/04/2026;15:20:00;5008,00;5008,00;5008,00;5008,00;100160,00;2
WDOM26;22/04/2026;15:10:00;5007,00;5007,00;5006,00;5006,00;450595,00;9
WDOM26;22/04/2026;15:00:00;5008,50;5008,50;5007,50;5007,50;1001660,00;20
WDOM26;22/04/2026;14:50:00;5008,50;5008,50;5008,50;5008,50;100170,00;2
WDOM26;22/04/2026;14:40:00;5007,00;5008,50;5007,00;5007,50;1952945,00;39
WDOM26;22/04/2026;14:30:00;5008,00;5008,00;5006,00;5007,00;2052895,00;41
WDOM26;22/04/2026;14:20:00;5009,00;5009,50;5007,50;5008,50;1702915,00;34
WDOM26;22/04/2026;14:10:00;5012,50;5013,00;5010,50;5010,50;300735,00;6
WDOM26;22/04/2026;14:00:00;5015,00;5015,50;5014,00;5014,50;852435,00;17
WDOM26;22/04/2026;13:50:00;5014,00;5016,00;5014,00;5015,00;1103285,00;22
WDOM26;22/04/2026;13:40:00;5013,00;5015,50;5012,50;5013,50;2406515,00;48
WDOM26;22/04/2026;13:30:00;5013,50;5014,00;5012,50;5014,00;501330,00;10
WDOM26;22/04/2026;13:20:00;5011,50;5013,00;5011,50;5013,00;651605,00;13
WDOM26;22/04/2026;13:10:00;5010,00;5013,00;5010,00;5012,00;1152930,00;23
WDOM26;22/04/2026;13:00:00;5008,50;5008,50;5007,00;5007,00;600960,00;12
WDOM26;22/04/2026;12:50:00;5009,50;5010,00;5009,00;5010,00;551025,00;11
WDOM26;22/04/2026;12:40:00;5013,00;5014,00;5010,00;5010,00;3308980,00;66
WDOM26;22/04/2026;12:30:00;5010,00;5011,00;5010,00;5011,00;701460,00;14
WDOM26;22/04/2026;12:20:00;5010,00;5010,50;5008,00;5009,50;1102015,00;22
WDOM26;22/04/2026;12:10:00;5007,50;5010,00;5007,50;5010,00;250440,00;5
WDOM26;22/04/2026;12:00:00;5009,00;5012,00;5006,50;5007,00;2905075,00;58
WDOM26;22/04/2026;11:50:00;5009,50;5012,50;5008,00;5008,50;5210740,00;104
WDOM26;22/04/2026;11:40:00;5005,50;5014,00;5005,50;5010,00;22396070,00;447
WDOM26;22/04/2026;11:30:00;5000,50;5008,00;5000,00;5006,50;21176040,00;423
WDOM26;22/04/2026;11:20:00;5001,00;5003,50;5000,00;5001,50;6052350,00;121
WDOM26;22/04/2026;11:10:00;5001,50;5002,50;4999,50;5001,00;2050515,00;41
WDOM26;22/04/2026;11:00:00;5001,00;5001,00;4998,00;5001,00;5299870,00;106
WDOM26;22/04/2026;10:50:00;5004,00;5005,50;5001,50;5001,50;1200855,00;24
WDOM26;22/04/2026;10:40:00;5007,00;5008,50;5001,50;5004,00;2652945,00;53
WDOM26;22/04/2026;10:30:00;5004,00;5007,50;5002,50;5007,00;3753490,00;75
WDOM26;22/04/2026;10:20:00;5004,50;5006,50;5001,00;5002,50;16210820,00;324
WDOM26;22/04/2026;10:10:00;5012,00;5013,50;5005,00;5006,00;2604155,00;52
WDOM26;22/04/2026;10:00:00;5014,00;5017,00;5009,50;5009,50;4661885,00;93
WDOM26;22/04/2026;09:50:00;5021,00;5022,00;5013,50;5014,50;3160475,00;63
WDOM26;22/04/2026;09:40:00;5023,00;5023,00;5017,50;5019,00;2610995,00;52
WDOM26;22/04/2026;09:30:00;5026,00;5026,00;5021,00;5021,00;1255670,00;25
WDOM26;22/04/2026;09:20:00;5024,50;5026,00;5017,50;5024,00;8886005,00;177
WDOM26;22/04/2026;09:10:00;5014,00;5031,50;5014,00;5025,50;7838375,00;156
WDOM26;22/04/2026;09:00:00;5010,00;5018,00;5006,50;5016,00;12932560,00;258
WDOM26;20/04/2026;18:20:00;5001,00;5001,00;4995,00;4995,00;2749180,00;55
WDOM26;20/04/2026;18:10:00;5008,50;5008,50;5002,50;5002,50;13818130,00;276
WDOM26;20/04/2026;18:00:00;5010,00;5010,00;5008,00;5008,00;400720,00;8
WDOM26;20/04/2026;17:50:00;5011,00;5011,50;5010,00;5010,50;701475,00;14
WDOM26;20/04/2026;17:40:00;5014,00;5014,00;5012,00;5012,00;350920,00;7
WDOM26;20/04/2026;17:30:00;5017,50;5017,50;5014,00;5014,00;902765,00;18
WDOM26;20/04/2026;17:20:00;5017,50;5017,50;5017,00;5017,00;100345,00;2
WDOM26;20/04/2026;17:10:00;5018,00;5018,00;5017,50;5018,00;301065,00;6
WDOM26;20/04/2026;17:00:00;5018,00;5018,00;5017,00;5017,00;301045,00;6
WDOM26;20/04/2026;16:50:00;5018,50;5019,00;5018,00;5018,00;150555,00;3
WDOM26;20/04/2026;16:40:00;5017,50;5018,50;5017,50;5018,00;702505,00;14
WDOM26;20/04/2026;16:30:00;5018,00;5018,50;5017,50;5018,50;250900,00;5
WDOM26;20/04/2026;16:20:00;5017,00;5018,50;5017,00;5018,50;5669355,00;113
WDOM26;20/04/2026;16:10:00;5017,50;5017,50;5017,00;5017,00;250870,00;5
WDOM26;20/04/2026;16:00:00;5021,00;5021,00;5020,00;5021,00;200825,00;4
WDOM26;20/04/2026;15:50:00;5019,00;5021,00;5019,00;5021,00;100400,00;2
WDOM26;20/04/2026;15:40:00;5017,00;5017,50;5017,00;5017,50;100345,00;2
WDOM26;20/04/2026;15:30:00;5016,50;5017,00;5016,50;5017,00;100335,00;2
WDOM26;20/04/2026;15:20:00;5017,00;5017,00;5016,00;5016,50;250830,00;5
WDOM26;20/04/2026;15:10:00;5018,00;5020,00;5016,00;5017,00;1154090,00;23
WDOM26;20/04/2026;15:00:00;5024,00;5024,00;5016,50;5019,00;4015765,00;80
WDOM26;20/04/2026;14:50:00;5027,50;5027,50;5025,00;5025,00;552895,00;11
WDOM26;20/04/2026;14:40:00;5028,00;5028,00;5028,00;5028,00;251400,00;5
WDOM26;20/04/2026;14:30:00;5028,50;5029,00;5027,50;5029,00;603400,00;12
WDOM26;20/04/2026;14:20:00;5027,50;5029,00;5027,50;5028,00;351975,00;7
WDOM26;20/04/2026;14:10:00;5026,50;5027,00;5026,50;5027,00;150800,00;3
WDOM26;20/04/2026;14:00:00;5026,50;5027,50;5026,50;5027,50;100540,00;2
WDOM26;20/04/2026;13:50:00;5028,50;5028,50;5028,00;5028,00;251420,00;5
WDOM26;20/04/2026;13:40:00;5029,50;5029,50;5029,50;5029,50;50295,00;1
WDOM26;20/04/2026;13:30:00;5028,00;5030,00;5028,00;5029,50;804755,00;16
WDOM26;20/04/2026;13:10:00;5028,00;5029,00;5027,50;5028,00;351970,00;7
WDOM26;20/04/2026;13:00:00;5026,50;5028,50;5026,50;5028,00;150830,00;3
WDOM26;20/04/2026;12:50:00;5026,50;5026,50;5026,50;5026,50;50265,00;1
WDOM26;20/04/2026;12:40:00;5024,00;5025,50;5024,00;5025,50;100495,00;2
WDOM26;20/04/2026;12:30:00;5025,00;5025,00;5024,50;5024,50;200990,00;4
WDOM26;20/04/2026;12:20:00;5027,00;5027,00;5024,00;5026,00;904520,00;18
WDOM26;20/04/2026;12:10:00;5026,50;5028,50;5025,50;5025,50;1055585,00;21
WDOM26;20/04/2026;12:00:00;5030,50;5031,00;5027,00;5027,00;352060,00;7
WDOM26;20/04/2026;11:50:00;5028,50;5033,50;5028,50;5029,50;2113115,00;42
WDOM26;20/04/2026;11:40:00;5030,00;5030,50;5026,50;5026,50;955465,00;19
WDOM26;20/04/2026;11:30:00;5026,00;5029,00;5026,00;5029,00;201110,00;4
WDOM26;20/04/2026;11:20:00;5025,50;5025,50;5025,00;5025,00;552765,00;11
WDOM26;20/04/2026;11:10:00;5029,50;5030,00;5027,00;5027,00;754390,00;15
WDOM26;20/04/2026;11:00:00;5026,00;5031,00;5025,50;5030,50;1106370,00;22
WDOM26;20/04/2026;10:50:00;5023,00;5026,50;5022,00;5025,00;1808955,00;36
WDOM26;20/04/2026;10:40:00;5023,00;5024,50;5020,50;5022,50;1758155,00;35
WDOM26;20/04/2026;10:30:00;5020,00;5022,00;5020,00;5020,50;6325440,00;126
WDOM26;20/04/2026;10:20:00;5028,00;5028,00;5019,00;5019,50;1406435,00;28
WDOM26;20/04/2026;10:10:00;5030,50;5030,50;5025,50;5029,00;703900,00;14
WDOM26;20/04/2026;10:00:00;5030,50;5031,50;5025,50;5027,50;1206950,00;24
WDOM26;20/04/2026;09:50:00;5027,50;5029,50;5027,50;5029,50;301730,00;6
WDOM26;20/04/2026;09:40:00;5025,50;5028,00;5025,50;5027,00;502740,00;10
WDOM26;20/04/2026;09:30:00;5028,00;5031,00;5028,00;5031,00;352010,00;7
WDOM26;20/04/2026;09:20:00;5030,00;5030,00;5029,00;5029,00;402380,00;8
WDOM26;20/04/2026;09:10:00;5027,00;5029,00;5027,00;5029,00;1055965,00;21
WDOM26;20/04/2026;09:00:00;5025,00;5030,00;5023,50;5027,00;12918095,00;257
WDOM26;17/04/2026;18:20:00;5026,50;5029,00;5024,50;5029,00;1357485,00;27
WDOM26;17/04/2026;18:10:00;5026,00;5027,50;5026,00;5027,00;1156195,00;23
WDOM26;17/04/2026;18:00:00;5026,00;5026,00;5025,00;5025,00;301530,00;6
WDOM26;17/04/2026;17:50:00;5026,00;5026,00;5024,50;5025,00;753755,00;15
WDOM26;17/04/2026;17:40:00;5025,00;5026,00;5025,00;5026,00;301535,00;6
WDOM26;17/04/2026;17:30:00;5024,00;5024,00;5024,00;5024,00;200960,00;4
WDOM26;17/04/2026;17:20:00;5025,50;5025,50;5024,00;5025,50;6482030,00;129
WDOM26;17/04/2026;17:10:00;5029,50;5029,50;5024,50;5025,50;1256635,00;25
WDOM26;17/04/2026;17:00:00;5029,50;5031,00;5029,50;5031,00;804935,00;16
WDOM26;17/04/2026;16:50:00;5028,00;5029,50;5028,00;5029,50;150860,00;3
WDOM26;17/04/2026;16:40:00;5029,50;5029,50;5026,50;5027,00;402225,00;8
WDOM26;17/04/2026;16:30:00;5029,00;5029,00;5027,50;5027,50;754220,00;15
WDOM26;17/04/2026;16:20:00;5027,00;5029,00;5027,00;5029,00;251400,00;5
WDOM26;17/04/2026;16:10:00;5029,00;5029,50;5027,50;5027,50;754315,00;15
WDOM26;17/04/2026;16:00:00;5031,50;5031,50;5028,50;5029,00;3168750,00;63
WDOM26;17/04/2026;15:50:00;5036,00;5037,50;5032,50;5033,00;906320,00;18
WDOM26;17/04/2026;15:40:00;5036,00;5036,00;5035,50;5036,00;705035,00;14
WDOM26;17/04/2026;15:30:00;5034,50;5035,50;5034,50;5035,50;151050,00;3
WDOM26;17/04/2026;15:20:00;5034,50;5034,50;5034,00;5034,00;302055,00;6
WDOM26;17/04/2026;15:10:00;5034,50;5036,50;5033,50;5033,50;906295,00;18
WDOM26;17/04/2026;15:00:00;5033,50;5033,50;5033,50;5033,50;50335,00;1
WDOM26;17/04/2026;14:50:00;5034,50;5035,00;5033,00;5033,00;352375,00;7
WDOM26;17/04/2026;14:40:00;5035,00;5035,50;5035,00;5035,50;151055,00;3
WDOM26;17/04/2026;14:30:00;5035,50;5036,50;5035,00;5036,50;251780,00;5
WDOM26;17/04/2026;14:20:00;5035,00;5038,50;5034,50;5034,50;1913745,00;38
WDOM26;17/04/2026;14:10:00;5036,00;5037,00;5033,50;5035,00;3726245,00;74
WDOM26;17/04/2026;14:00:00;5030,50;5037,50;5030,50;5036,00;2618045,00;52
WDOM26;17/04/2026;13:50:00;5031,00;5032,00;5031,00;5031,50;754675,00;15
WDOM26;17/04/2026;13:40:00;5031,50;5031,50;5030,00;5031,00;553355,00;11
WDOM26;17/04/2026;13:30:00;5028,50;5028,50;5028,50;5028,50;100570,00;2
WDOM26;17/04/2026;13:20:00;5027,00;5029,00;5027,00;5029,00;150830,00;3
WDOM26;17/04/2026;13:10:00;5028,50;5028,50;5026,00;5026,00;754095,00;15
WDOM26;17/04/2026;13:00:00;5028,00;5030,00;5026,50;5026,50;1810195,00;36
WDOM26;17/04/2026;12:50:00;5027,00;5030,00;5027,00;5028,50;1709775,00;34
WDOM26;17/04/2026;12:40:00;5030,50;5031,00;5027,00;5027,00;2866080,00;57
WDOM26;17/04/2026;12:30:00;5033,00;5033,00;5026,50;5029,00;1760325,00;35
WDOM26;17/04/2026;12:20:00;5035,50;5037,50;5032,00;5033,50;2315810,00;46
WDOM26;17/04/2026;12:10:00;5032,50;5036,50;5031,00;5036,50;10217565,00;203
WDOM26;17/04/2026;12:00:00;5024,50;5033,50;5021,50;5032,00;13518270,00;269
WDOM26;17/04/2026;11:50:00;5018,50;5025,00;5018,50;5024,50;9240255,00;184
WDOM26;17/04/2026;11:40:00;5016,50;5019,00;5014,00;5017,00;15147855,00;302
WDOM26;17/04/2026;11:30:00;5013,50;5017,00;5010,50;5017,00;13483915,00;269
WDOM26;17/04/2026;11:20:00;5010,50;5013,50;5005,50;5011,00;12873050,00;257
WDOM26;17/04/2026;11:10:00;5010,00;5013,50;5010,00;5012,50;852005,00;17
WDOM26;17/04/2026;11:00:00;5009,00;5010,50;5006,50;5009,00;1703010,00;34
WDOM26;17/04/2026;10:50:00;5012,00;5012,00;5008,00;5008,50;1252355,00;25
WDOM26;17/04/2026;10:40:00;5015,00;5016,50;5010,50;5013,50;17347205,00;346
WDOM26;17/04/2026;10:30:00;5010,50;5016,00;5010,50;5013,50;2155605,00;43
WDOM26;17/04/2026;10:20:00;5000,00;5013,00;5000,00;5010,00;28246785,00;564
WDOM26;17/04/2026;10:10:00;4998,50;5006,00;4998,50;5000,50;31330205,00;626
WDOM26;17/04/2026;10:00:00;5002,00;5003,00;4997,50;4997,50;9197860,00;184
WDOM26;17/04/2026;09:50:00;5008,00;5011,50;5000,50;5001,50;9806370,00;196
WDOM26;17/04/2026;09:40:00;5009,50;5011,00;5007,50;5008,00;5659770,00;113
WDOM26;17/04/2026;09:30:00;5010,50;5011,00;5008,00;5008,00;2404580,00;48
WDOM26;17/04/2026;09:20:00;5019,50;5020,00;5009,50;5011,00;8774775,00;175
WDOM26;17/04/2026;09:10:00;5022,00;5023,00;5019,00;5020,50;5121215,00;102
WDOM26;17/04/2026;09:00:00;5034,50;5034,50;5022,00;5023,00;33278935,00;662
WDOM26;16/04/2026;18:20:00;5039,00;5039,00;5039,00;5039,00;856630,00;17
WDOM26;16/04/2026;18:10:00;5039,50;5039,50;5038,50;5038,50;503910,00;10
WDOM26;16/04/2026;18:00:00;5041,00;5041,00;5040,00;5040,00;756010,00;15
WDOM26;16/04/2026;17:50:00;5040,00;5040,50;5040,00;5040,00;4687205,00;93
WDOM26;16/04/2026;17:40:00;5040,00;5040,50;5040,00;5040,00;151205,00;3
WDOM26;16/04/2026;17:30:00;5040,00;5040,00;5040,00;5040,00;403200,00;8
WDOM26;16/04/2026;17:20:00;5042,00;5042,00;5042,00;5042,00;50420,00;1
WDOM26;16/04/2026;17:10:00;5041,00;5041,50;5041,00;5041,50;201645,00;4
WDOM26;16/04/2026;17:00:00;5040,50;5041,00;5040,50;5040,50;1310565,00;26
WDOM26;16/04/2026;16:50:00;5040,00;5040,50;5040,00;5040,50;201605,00;4
WDOM26;16/04/2026;16:40:00;5040,00;5040,00;5040,00;5040,00;50400,00;1
WDOM26;16/04/2026;16:30:00;5040,00;5040,50;5038,50;5038,50;554330,00;11
WDOM26;16/04/2026;16:20:00;5039,00;5040,50;5039,00;5040,50;1763920,00;35
WDOM26;16/04/2026;16:10:00;5040,50;5041,00;5038,50;5038,50;1461335,00;29
WDOM26;16/04/2026;16:00:00;5041,00;5041,00;5039,50;5039,50;856930,00;17
WDOM26;16/04/2026;15:50:00;5041,50;5042,00;5040,00;5042,00;6301110,00;125
WDOM26;16/04/2026;15:40:00;5041,50;5042,50;5041,50;5042,50;352945,00;7
WDOM26;16/04/2026;15:30:00;5042,50;5044,00;5040,00;5040,00;3176050,00;63
WDOM26;16/04/2026;15:20:00;5041,00;5043,00;5040,50;5043,00;6706765,00;133
WDOM26;16/04/2026;15:10:00;5047,00;5047,00;5043,00;5043,00;1917005,00;38
WDOM26;16/04/2026;15:00:00;5049,00;5049,00;5045,00;5046,50;3633475,00;72
WDOM26;16/04/2026;14:50:00;5050,00;5051,50;5049,50;5049,50;656530,00;13
WDOM26;16/04/2026;14:40:00;5051,50;5051,50;5051,00;5051,00;707145,00;14
WDOM26;16/04/2026;14:30:00;5051,50;5051,50;5051,50;5051,50;50515,00;1
WDOM26;16/04/2026;14:20:00;5055,00;5055,00;5053,00;5053,00;454845,00;9
WDOM26;16/04/2026;14:10:00;5055,00;5057,00;5055,00;5056,50;606710,00;12
WDOM26;16/04/2026;14:00:00;5056,00;5057,50;5056,00;5056,50;455110,00;9
WDOM26;16/04/2026;13:50:00;5054,00;5054,00;5053,00;5054,00;909625,00;18
WDOM26;16/04/2026;13:40:00;5051,00;5054,50;5051,00;5054,00;1263400,00;25
WDOM26;16/04/2026;13:30:00;5050,00;5055,00;5049,00;5050,00;959800,00;19
WDOM26;16/04/2026;13:20:00;5046,00;5049,00;5046,00;5048,50;858175,00;17
WDOM26;16/04/2026;13:10:00;5046,00;5046,00;5045,00;5045,00;1009090,00;20
WDOM26;16/04/2026;13:00:00;5049,00;5050,00;5045,50;5046,00;6965095,00;138
WDOM26;16/04/2026;12:50:00;5052,00;5052,00;5049,50;5049,50;808160,00;16
WDOM26;16/04/2026;12:40:00;5053,00;5053,00;5052,50;5052,50;656840,00;13
WDOM26;16/04/2026;12:30:00;5055,00;5055,00;5049,50;5051,50;1566095,00;31
WDOM26;16/04/2026;12:20:00;5055,50;5056,50;5055,00;5055,50;1567285,00;31
WDOM26;16/04/2026;12:10:00;5055,50;5056,50;5054,50;5055,50;8392660,00;166
WDOM26;16/04/2026;12:00:00;5059,50;5060,00;5055,00;5055,50;6172405,00;122
WDOM26;16/04/2026;11:50:00;5054,00;5061,50;5054,00;5059,50;10827235,00;214
WDOM26;16/04/2026;11:40:00;5053,00;5054,50;5051,50;5053,00;2324390,00;46
WDOM26;16/04/2026;11:30:00;5054,50;5056,00;5053,00;5054,00;1162485,00;23
WDOM26;16/04/2026;11:20:00;5049,50;5056,00;5049,50;5054,00;6061475,00;120
WDOM26;16/04/2026;11:10:00;5041,50;5050,00;5041,50;5048,50;3887350,00;77
WDOM26;16/04/2026;11:00:00;5044,50;5044,50;5043,00;5043,50;453930,00;9
WDOM26;16/04/2026;10:50:00;5037,50;5047,00;5037,50;5046,50;3127835,00;62
WDOM26;16/04/2026;10:40:00;5038,00;5042,50;5038,00;5038,00;655200,00;13
WDOM26;16/04/2026;10:30:00;5041,50;5044,50;5036,50;5038,00;3528410,00;70
WDOM26;16/04/2026;10:20:00;5038,50;5039,50;5037,50;5039,00;957275,00;19
WDOM26;16/04/2026;10:10:00;5037,00;5038,50;5037,00;5038,50;100755,00;2
WDOM26;16/04/2026;10:00:00;5041,00;5042,00;5037,50;5037,50;1612785,00;32
WDOM26;16/04/2026;09:50:00;5035,00;5041,00;5035,00;5041,00;2267340,00;45
WDOM26;16/04/2026;09:40:00;5036,50;5037,00;5033,50;5034,50;805525,00;16
WDOM26;16/04/2026;09:30:00;5040,00;5040,00;5036,00;5039,00;1863560,00;37
WDOM26;16/04/2026;09:20:00;5042,00;5043,00;5040,00;5040,00;1109220,00;22
WDOM26;16/04/2026;09:10:00;5038,00;5043,50;5038,00;5042,00;1462040,00;29
WDOM26;16/04/2026;09:00:00;5041,50;5043,00;5033,00;5036,00;24378830,00;484
WDOM26;15/04/2026;18:20:00;5038,00;5040,00;5038,00;5039,00;3678855,00;73
WDOM26;15/04/2026;18:10:00;5042,00;5042,00;5027,50;5038,50;55429220,00;1101
WDOM26;15/04/2026;18:00:00;5043,00;5043,00;5041,00;5042,00;201670,00;4
WDOM26;15/04/2026;17:50:00;5041,00;5043,50;5041,00;5042,50;453805,00;9
WDOM26;15/04/2026;17:40:00;5041,00;5041,00;5040,50;5040,50;100815,00;2
WDOM26;15/04/2026;17:30:00;5041,00;5041,00;5041,00;5041,00;302460,00;6
WDOM26;15/04/2026;17:20:00;5041,50;5041,50;5041,50;5041,50;50415,00;1
WDOM26;15/04/2026;17:10:00;5043,00;5043,00;5043,00;5043,00;50430,00;1
WDOM26;15/04/2026;17:00:00;5042,00;5042,00;5042,00;5042,00;100840,00;2
WDOM26;15/04/2026;16:50:00;5039,00;5039,00;5039,00;5039,00;100780,00;2
WDOM26;15/04/2026;16:40:00;5039,50;5039,50;5039,50;5039,50;50395,00;1
WDOM26;15/04/2026;16:30:00;5040,50;5040,50;5038,50;5039,50;1108595,00;22
WDOM26;15/04/2026;16:10:00;5042,00;5042,00;5042,00;5042,00;100840,00;2
WDOM26;15/04/2026;16:00:00;5041,00;5042,00;5041,00;5041,00;201660,00;4
WDOM26;15/04/2026;15:50:00;5041,00;5041,50;5040,00;5040,00;453655,00;9
WDOM26;15/04/2026;15:40:00;5042,00;5042,50;5042,00;5042,50;252120,00;5
WDOM26;15/04/2026;15:30:00;5042,50;5042,50;5042,00;5042,00;252105,00;5
WDOM26;15/04/2026;15:20:00;5042,50;5042,50;5042,00;5042,50;453810,00;9
WDOM26;15/04/2026;15:10:00;5042,00;5044,50;5040,50;5044,50;958035,00;19
WDOM26;15/04/2026;15:00:00;5045,50;5046,50;5040,50;5041,50;1462515,00;29
WDOM26;15/04/2026;14:50:00;5043,00;5044,00;5042,50;5044,00;453865,00;9
WDOM26;15/04/2026;14:40:00;5046,00;5046,50;5045,00;5045,00;807315,00;16
WDOM26;15/04/2026;14:30:00;5045,00;5045,00;5043,50;5043,50;100885,00;2
WDOM26;15/04/2026;14:20:00;5047,00;5047,50;5044,00;5044,00;1413070,00;28
WDOM26;15/04/2026;14:00:00;5042,50;5042,50;5042,50;5042,50;100850,00;2
WDOM26;15/04/2026;13:50:00;5043,00;5043,00;5043,00;5043,00;100860,00;2
WDOM26;15/04/2026;13:40:00;5044,50;5045,00;5044,50;5045,00;353145,00;7
WDOM26;15/04/2026;13:30:00;5043,00;5043,00;5042,00;5042,00;806860,00;16
WDOM26;15/04/2026;13:20:00;5044,00;5044,00;5040,50;5042,00;2067190,00;41
WDOM26;15/04/2026;13:10:00;5044,00;5044,50;5044,00;5044,00;201765,00;4
WDOM26;15/04/2026;13:00:00;5045,00;5045,00;5044,00;5044,00;252225,00;5
WDOM26;15/04/2026;12:50:00;5045,50;5047,50;5045,50;5046,00;6207250,00;123
WDOM26;15/04/2026;12:40:00;5045,00;5045,00;5044,00;5044,00;1109890,00;22
WDOM26;15/04/2026;12:30:00;5044,00;5048,50;5044,00;5045,50;857860,00;17
WDOM26;15/04/2026;12:20:00;5040,00;5044,00;5040,00;5044,00;302510,00;6
WDOM26;15/04/2026;12:10:00;5041,50;5041,50;5038,00;5039,00;604730,00;12
WDOM26;15/04/2026;12:00:00;5041,50;5043,50;5039,50;5041,00;806480,00;16
WDOM26;15/04/2026;11:50:00;5041,00;5041,00;5039,00;5041,00;11241130,00;223
WDOM26;15/04/2026;11:40:00;5044,00;5044,00;5042,50;5043,00;201735,00;4
WDOM26;15/04/2026;11:30:00;5039,50;5042,00;5038,50;5042,00;554420,00;11
WDOM26;15/04/2026;11:20:00;5040,00;5042,50;5037,00;5037,00;604760,00;12
WDOM26;15/04/2026;11:10:00;5037,50;5042,50;5036,00;5040,50;1259805,00;25
WDOM26;15/04/2026;11:00:00;5040,50;5040,50;5036,50;5036,50;957295,00;19
WDOM26;15/04/2026;10:50:00;5045,00;5045,00;5041,00;5041,00;807015,00;16
WDOM26;15/04/2026;10:40:00;5039,00;5044,00;5039,00;5041,00;857115,00;17
WDOM26;15/04/2026;10:30:00;5036,00;5040,00;5035,00;5038,00;1158815,00;23
WDOM26;15/04/2026;10:20:00;5039,50;5039,50;5035,00;5035,00;1410230,00;28
WDOM26;15/04/2026;10:10:00;5039,50;5040,50;5036,50;5038,50;1209330,00;24
WDOM26;15/04/2026;10:00:00;5041,00;5041,00;5037,00;5037,00;1057955,00;21
WDOM26;15/04/2026;09:50:00;5039,00;5041,00;5039,00;5041,00;604765,00;12
WDOM26;15/04/2026;09:40:00;5043,00;5043,50;5039,00;5040,00;2066530,00;41
WDOM26;15/04/2026;09:30:00;5049,00;5049,00;5040,00;5040,00;2621975,00;52
WDOM26;15/04/2026;09:20:00;5046,00;5050,00;5046,00;5049,00;1666210,00;33
WDOM26;15/04/2026;09:10:00;5047,50;5049,50;5046,50;5046,50;3937515,00;78
WDOM26;15/04/2026;09:00:00;5044,00;5047,50;5041,00;5047,50;2976145,00;59
WDOM26;14/04/2026;18:20:00;5039,00;5039,00;5037,00;5037,00;251890,00;5
WDOM26;14/04/2026;18:10:00;5039,50;5040,00;5039,00;5040,00;604745,00;12
WDOM26;14/04/2026;18:00:00;5041,00;5041,00;5040,00;5041,00;201625,00;4
WDOM26;14/04/2026;17:50:00;5040,00;5040,50;5039,00;5039,00;907165,00;18
WDOM26;14/04/2026;17:40:00;5040,50;5041,50;5039,50;5039,50;1411135,00;28
WDOM26;14/04/2026;17:30:00;5041,00;5041,00;5040,00;5040,50;604855,00;12
WDOM26;14/04/2026;17:20:00;5043,00;5043,50;5042,00;5043,50;1663995,00;33
WDOM26;14/04/2026;17:10:00;5043,50;5043,50;5043,50;5043,50;50435,00;1
WDOM26;14/04/2026;17:00:00;5043,50;5043,50;5042,00;5042,00;100855,00;2
WDOM26;14/04/2026;16:50:00;5043,50;5044,00;5043,50;5044,00;151310,00;3
WDOM26;14/04/2026;16:30:00;5040,50;5043,50;5040,50;5043,50;352945,00;7
WDOM26;14/04/2026;16:20:00;5040,00;5040,50;5039,00;5040,50;1058440,00;21
WDOM26;14/04/2026;16:10:00;5042,00;5042,00;5040,50;5040,50;151240,00;3
WDOM26;14/04/2026;16:00:00;5042,00;5042,00;5042,00;5042,00;50420,00;1
WDOM26;14/04/2026;15:50:00;5044,50;5044,50;5042,00;5042,00;706085,00;14
WDOM26;14/04/2026;15:40:00;5044,00;5044,00;5044,00;5044,00;2471560,00;49
WDOM26;14/04/2026;15:30:00;5044,00;5044,50;5042,00;5043,00;3883590,00;77
WDOM26;14/04/2026;15:20:00;5041,00;5046,00;5041,00;5044,50;5396380,00;107
WDOM26;14/04/2026;15:10:00;5040,00;5040,00;5040,00;5040,00;352800,00;7
WDOM26;14/04/2026;15:00:00;5040,50;5040,50;5037,50;5039,50;655085,00;13
WDOM26;14/04/2026;14:50:00;5038,50;5040,00;5038,00;5039,00;705445,00;14
WDOM26;14/04/2026;14:40:00;5034,50;5038,00;5034,50;5038,00;251785,00;5
WDOM26;14/04/2026;14:30:00;5037,00;5037,00;5036,00;5036,00;100730,00;2
WDOM26;14/04/2026;14:20:00;5036,00;5037,00;5034,50;5037,00;553885,00;11
WDOM26;14/04/2026;14:10:00;5036,50;5038,00;5036,50;5037,00;402965,00;8
WDOM26;14/04/2026;14:00:00;5038,50;5040,00;5036,00;5036,00;1360370,00;27
WDOM26;14/04/2026;13:50:00;5040,50;5040,50;5037,00;5037,00;503900,00;10
WDOM26;14/04/2026;13:40:00;5037,50;5040,50;5037,00;5040,50;907125,00;18
WDOM26;14/04/2026;13:30:00;5037,50;5039,00;5037,50;5039,00;100765,00;2
WDOM26;14/04/2026;13:20:00;5038,50;5039,50;5038,50;5038,50;1007830,00;20
WDOM26;14/04/2026;13:10:00;5036,00;5039,50;5036,00;5037,50;3325340,00;66
WDOM26;14/04/2026;13:00:00;5037,00;5037,00;5036,00;5036,50;1057715,00;21
WDOM26;14/04/2026;12:50:00;5035,50;5038,00;5033,00;5038,00;2315925,00;46
WDOM26;14/04/2026;12:40:00;5029,50;5039,00;5028,50;5038,00;3574615,00;71
WDOM26;14/04/2026;12:30:00;5027,50;5030,00;5027,50;5030,00;603545,00;12
WDOM26;14/04/2026;12:20:00;5024,50;5029,00;5024,50;5029,00;301535,00;6
WDOM26;14/04/2026;12:10:00;5027,00;5032,00;5026,00;5027,00;854910,00;17
WDOM26;14/04/2026;12:00:00;5027,00;5029,50;5026,00;5028,00;1256810,00;25
WDOM26;14/04/2026;11:50:00;5029,00;5029,00;5023,00;5024,50;2763465,00;55
WDOM26;14/04/2026;11:40:00;5030,50;5031,00;5027,00;5027,50;704025,00;14
WDOM26;14/04/2026;11:30:00;5031,00;5031,00;5027,00;5030,50;905205,00;18
WDOM26;14/04/2026;11:20:00;5028,50;5033,50;5028,50;5033,50;1257735,00;25
WDOM26;14/04/2026;11:10:00;5026,00;5029,50;5026,00;5028,50;1206720,00;24
WDOM26;14/04/2026;11:00:00;5023,50;5030,00;5023,50;5027,00;2160790,00;43
WDOM26;14/04/2026;10:50:00;5027,00;5027,00;5023,50;5024,00;502510,00;10
WDOM26;14/04/2026;10:40:00;5025,00;5025,50;5023,00;5025,00;703475,00;14
WDOM26;14/04/2026;10:30:00;5031,00;5035,00;5022,50;5023,50;7336930,00;146
WDOM26;14/04/2026;10:20:00;5032,50;5035,00;5031,50;5033,50;553600,00;11
WDOM26;14/04/2026;10:10:00;5030,00;5030,00;5027,00;5027,00;603400,00;12
WDOM26;14/04/2026;10:00:00;5028,00;5031,50;5028,00;5030,00;2363670,00;47
WDOM26;14/04/2026;09:50:00;5030,50;5035,00;5027,00;5027,00;1106590,00;22
WDOM26;14/04/2026;09:40:00;5037,50;5037,50;5029,50;5030,50;2768735,00;55
WDOM26;14/04/2026;09:30:00;5032,50;5038,00;5031,00;5036,50;1459915,00;29
WDOM26;14/04/2026;09:20:00;5037,50;5042,00;5032,50;5034,00;3980835,00;79
WDOM26;14/04/2026;09:10:00;5034,50;5036,00;5033,00;5034,50;6543435,00;130
WDOM26;14/04/2026;09:00:00;5029,50;5034,50;5025,00;5034,50;17807360,00;354
WDOM26;13/04/2026;18:20:00;5051,00;5053,00;5051,00;5053,00;1262930,00;25
WDOM26;13/04/2026;18:10:00;5049,50;5051,00;5049,00;5051,00;454485,00;9
WDOM26;13/04/2026;18:00:00;5049,00;5049,00;5048,00;5048,00;6612900,00;131
WDOM26;13/04/2026;17:50:00;5051,00;5051,00;5049,00;5049,00;151500,00;3
WDOM26;13/04/2026;17:40:00;5049,00;5050,00;5049,00;5049,00;302960,00;6
WDOM26;13/04/2026;17:30:00;5053,50;5053,50;5049,00;5049,00;404090,00;8
WDOM26;13/04/2026;17:20:00;5055,00;5055,00;5053,50;5053,50;151635,00;3
WDOM26;13/04/2026;17:10:00;5052,50;5055,00;5052,50;5054,50;656970,00;13
WDOM26;13/04/2026;17:00:00;5049,00;5049,00;5049,00;5049,00;100980,00;2
WDOM26;13/04/2026;16:50:00;5049,00;5049,00;5048,00;5048,50;353415,00;7
WDOM26;13/04/2026;16:40:00;5052,50;5052,50;5052,50;5052,50;202100,00;4
WDOM26;13/04/2026;16:30:00;5049,50;5049,50;5048,50;5049,50;302940,00;6
WDOM26;13/04/2026;16:20:00;5052,00;5052,00;5048,00;5048,00;908730,00;18
WDOM26;13/04/2026;16:00:00;5050,00;5052,50;5049,50;5052,50;252525,00;5
WDOM26;13/04/2026;15:50:00;5051,50;5052,00;5051,00;5052,00;353610,00;7
WDOM26;13/04/2026;15:40:00;5052,00;5054,50;5052,00;5054,50;101065,00;2
WDOM26;13/04/2026;15:30:00;5052,50;5052,50;5049,50;5051,00;707125,00;14
WDOM26;13/04/2026;15:20:00;5048,00;5055,00;5048,00;5053,50;6418100,00;127
WDOM26;13/04/2026;15:10:00;5046,00;5050,00;5046,00;5048,00;1615385,00;32
WDOM26;13/04/2026;15:00:00;5048,00;5048,00;5045,50;5046,00;6510190,00;129
WDOM26;13/04/2026;14:50:00;5048,00;5049,00;5046,50;5049,00;656250,00;13
WDOM26;13/04/2026;14:40:00;5046,00;5048,00;5045,50;5047,00;201865,00;4
WDOM26;13/04/2026;14:30:00;5043,50;5046,50;5043,00;5046,50;1261140,00;25
WDOM26;13/04/2026;14:20:00;5040,00;5045,00;5040,00;5044,00;1059115,00;21
WDOM26;13/04/2026;14:10:00;5047,00;5047,00;5036,00;5040,00;3226120,00;64
WDOM26;13/04/2026;14:00:00;5047,50;5048,00;5043,00;5047,00;4087375,00;81
WDOM26;13/04/2026;13:50:00;5054,00;5055,00;5046,50;5048,50;6565685,00;130
WDOM26;13/04/2026;13:40:00;5068,50;5068,50;5052,00;5054,00;24186365,00;478
WDOM26;13/04/2026;13:30:00;5072,50;5072,50;5067,00;5067,50;2940015,00;58
WDOM26;13/04/2026;13:20:00;5070,50;5074,00;5069,00;5072,00;1419605,00;28
WDOM26;13/04/2026;13:10:00;5073,50;5074,00;5073,00;5073,50;1319175,00;26
WDOM26;13/04/2026;13:00:00;5076,50;5077,50;5070,00;5074,00;12532490,00;247
WDOM26;13/04/2026;12:50:00;5077,50;5077,50;5076,50;5077,00;710815,00;14
WDOM26;13/04/2026;12:30:00;5080,00;5080,00;5075,00;5076,50;1269280,00;25
WDOM26;13/04/2026;12:20:00;5083,00;5083,00;5080,50;5081,00;508160,00;10
WDOM26;13/04/2026;12:10:00;5082,00;5082,50;5080,50;5080,50;711375,00;14
WDOM26;13/04/2026;12:00:00;5079,00;5080,50;5078,00;5080,00;6197550,00;122
WDOM26;13/04/2026;11:50:00;5083,50;5083,50;5077,50;5078,50;6756645,00;133
WDOM26;13/04/2026;11:40:00;5082,50;5084,50;5082,50;5083,50;2745055,00;54
WDOM26;13/04/2026;11:30:00;5083,50;5086,00;5083,00;5084,00;864460,00;17
WDOM26;13/04/2026;11:20:00;5082,00;5088,50;5080,50;5084,50;3305930,00;65
WDOM26;13/04/2026;11:10:00;5082,00;5085,00;5082,00;5083,00;1067510,00;21
WDOM26;13/04/2026;11:00:00;5081,50;5085,00;5080,00;5082,50;864075,00;17
WDOM26;13/04/2026;10:50:00;5079,00;5088,00;5076,00;5082,50;1778655,00;35
WDOM26;13/04/2026;10:40:00;5085,00;5089,50;5077,00;5077,50;15861515,00;312
WDOM26;13/04/2026;10:30:00;5079,50;5083,00;5078,50;5083,00;4775925,00;94
WDOM26;13/04/2026;10:20:00;5081,50;5084,50;5080,00;5080,00;1829740,00;36
WDOM26;13/04/2026;10:10:00;5081,00;5081,00;5077,50;5080,00;15035705,00;296
WDOM26;13/04/2026;10:00:00;5078,50;5081,00;5073,50;5081,00;3554005,00;70
WDOM26;13/04/2026;09:50:00;5082,00;5087,00;5078,50;5078,50;2032610,00;40
WDOM26;13/04/2026;09:40:00;5086,00;5086,00;5078,50;5081,00;7269480,00;143
WDOM26;13/04/2026;09:30:00;5080,00;5089,50;5080,00;5086,00;4068325,00;80
WDOM26;13/04/2026;09:20:00;5075,00;5082,50;5072,00;5081,00;3757290,00;74
WDOM26;13/04/2026;09:10:00;5080,00;5081,50;5075,00;5078,00;1117335,00;22
WDOM26;13/04/2026;09:00:00;5086,00;5095,00;5081,00;5082,00;6055480,00;119
WDOM26;10/04/2026;18:20:00;5059,00;5065,50;5059,00;5065,00;6735145,00;133
WDOM26;10/04/2026;18:10:00;5059,50;5059,50;5058,00;5059,50;455255,00;9
WDOM26;10/04/2026;18:00:00;5060,00;5060,00;5059,00;5059,00;2478940,00;49
WDOM26;10/04/2026;17:50:00;5061,00;5061,00;5060,00;5060,00;2024185,00;40
WDOM26;10/04/2026;17:40:00;5063,50;5063,50;5061,50;5062,00;1923960,00;38
WDOM26;10/04/2026;17:30:00;5067,50;5068,00;5064,00;5064,00;912060,00;18
WDOM26;10/04/2026;17:20:00;5068,00;5068,00;5067,00;5067,50;810775,00;16
WDOM26;10/04/2026;17:10:00;5068,00;5069,50;5067,50;5069,50;5981050,00;118
WDOM26;10/04/2026;17:00:00;5067,00;5067,50;5066,50;5066,50;1520155,00;30
WDOM26;10/04/2026;16:50:00;5064,00;5067,00;5064,00;5066,00;4203820,00;83
WDOM26;10/04/2026;16:40:00;5064,50;5064,50;5064,00;5064,00;3038650,00;60
WDOM26;10/04/2026;16:30:00;5064,50;5064,50;5064,00;5064,50;151930,00;3
WDOM26;10/04/2026;16:20:00;5063,00;5064,00;5062,00;5064,00;354430,00;7
WDOM26;10/04/2026;16:10:00;5065,00;5065,00;5061,50;5062,50;11898335,00;235
WDOM26;10/04/2026;16:00:00;5067,00;5067,00;5065,50;5066,00;607920,00;12
WDOM26;10/04/2026;15:50:00;5067,50;5068,00;5067,50;5068,00;405435,00;8
WDOM26;10/04/2026;15:40:00;5068,50;5070,00;5068,00;5068,50;658920,00;13
WDOM26;10/04/2026;15:30:00;5069,50;5069,50;5067,00;5067,50;3852225,00;76
WDOM26;10/04/2026;15:20:00;5076,50;5076,50;5070,00;5070,00;2587825,00;51
WDOM26;10/04/2026;15:10:00;5079,00;5079,00;5077,50;5078,00;355475,00;7
WDOM26;10/04/2026;15:00:00;5080,00;5081,50;5079,00;5079,00;1016075,00;20
WDOM26;10/04/2026;14:50:00;5075,00;5080,00;5075,00;5080,00;2437000,00;48
WDOM26;10/04/2026;14:40:00;5077,00;5077,50;5077,00;5077,50;406180,00;8
WDOM26;10/04/2026;14:30:00;5080,00;5080,00;5075,50;5075,50;1777465,00;35
WDOM26;10/04/2026;14:20:00;5082,50;5083,50;5081,50;5081,50;1372360,00;27
WDOM26;10/04/2026;14:10:00;5083,50;5083,50;5081,00;5081,50;457350,00;9
WDOM26;10/04/2026;14:00:00;5082,00;5085,50;5082,00;5084,00;4626455,00;91
WDOM26;10/04/2026;13:50:00;5081,50;5081,50;5078,00;5078,00;457195,00;9
WDOM26;10/04/2026;13:40:00;5085,00;5087,50;5082,00;5082,00;915360,00;18
WDOM26;10/04/2026;13:30:00;5085,00;5085,50;5084,50;5085,00;457660,00;9
WDOM26;10/04/2026;13:20:00;5083,00;5085,00;5080,50;5085,00;2694020,00;53
WDOM26;10/04/2026;13:10:00;5082,00;5082,00;5078,00;5081,00;1015785,00;20
WDOM26;10/04/2026;13:00:00;5082,00;5085,00;5082,00;5085,00;1372545,00;27
WDOM26;10/04/2026;12:50:00;5080,50;5084,50;5080,50;5084,50;711560,00;14
WDOM26;10/04/2026;12:40:00;5079,00;5080,50;5077,50;5078,50;10920820,00;215
WDOM26;10/04/2026;12:30:00;5074,00;5080,00;5074,00;5078,00;5179245,00;102
WDOM26;10/04/2026;12:20:00;5071,50;5073,50;5070,00;5073,50;760715,00;15
WDOM26;10/04/2026;12:10:00;5077,00;5078,00;5071,50;5073,00;3500510,00;69
WDOM26;10/04/2026;12:00:00;5080,00;5083,00;5078,00;5078,00;1117985,00;22
WDOM26;10/04/2026;11:50:00;5084,00;5084,00;5075,00;5077,50;2692825,00;53
WDOM26;10/04/2026;11:40:00;5070,00;5084,00;5070,00;5083,50;8279375,00;163
WDOM26;10/04/2026;11:30:00;5066,50;5072,00;5066,50;5072,00;861645,00;17
WDOM26;10/04/2026;11:20:00;5064,00;5069,00;5064,00;5067,00;1519950,00;30
WDOM26;10/04/2026;11:10:00;5073,00;5073,00;5065,00;5065,00;3344580,00;66
WDOM26;10/04/2026;11:00:00;5076,50;5078,00;5070,50;5072,50;3347945,00;66
WDOM26;10/04/2026;10:50:00;5074,00;5076,00;5074,00;5075,50;1421015,00;28
WDOM26;10/04/2026;10:40:00;5068,50;5075,00;5068,50;5075,00;2941590,00;58
WDOM26;10/04/2026;10:30:00;5076,50;5078,50;5068,00;5068,00;5885120,00;116
WDOM26;10/04/2026;10:20:00;5079,00;5079,50;5075,50;5077,00;2335605,00;46
WDOM26;10/04/2026;10:10:00;5085,00;5086,00;5079,00;5079,50;2388570,00;47
WDOM26;10/04/2026;10:00:00;5082,50;5084,00;5079,00;5082,50;1524710,00;30
WDOM26;10/04/2026;09:50:00;5090,00;5092,00;5083,00;5083,00;23190045,00;456
WDOM26;10/04/2026;09:40:00;5092,50;5096,50;5088,50;5091,00;6720975,00;132
WDOM26;10/04/2026;09:30:00;5112,00;5112,00;5090,00;5092,00;25384540,00;498
WDOM26;10/04/2026;09:20:00;5111,00;5112,00;5109,50;5109,50;459975,00;9
WDOM26;10/04/2026;09:10:00;5108,50;5111,50;5107,50;5110,00;7307210,00;143
WDOM26;10/04/2026;09:00:00;5122,50;5122,50;5107,00;5108,50;15123720,00;296
WDOM26;09/04/2026;18:20:00;5115,50;5118,50;5114,00;5114,00;3273960,00;64
WDOM26;09/04/2026;18:10:00;5114,00;5116,00;5114,00;5116,00;6751580,00;132
WDOM26;09/04/2026;18:00:00;5115,50;5115,50;5114,00;5114,00;358040,00;7
WDOM26;09/04/2026;17:50:00;5116,00;5116,00;5115,00;5115,50;1125355,00;22
WDOM26;09/04/2026;17:40:00;5117,00;5117,50;5116,00;5116,00;307015,00;6
WDOM26;09/04/2026;17:30:00;5116,50;5117,00;5116,00;5116,00;1023230,00;20
WDOM26;09/04/2026;17:20:00;5120,50;5120,50;5115,50;5115,50;11208510,00;219
WDOM26;09/04/2026;17:10:00;5121,00;5123,00;5121,00;5122,00;921945,00;18
WDOM26;09/04/2026;17:00:00;5120,00;5121,50;5120,00;5120,00;1433680,00;28
WDOM26;09/04/2026;16:50:00;5121,50;5121,50;5119,50;5121,00;972870,00;19
WDOM26;09/04/2026;16:40:00;5120,50;5121,50;5120,50;5121,50;2150820,00;42
WDOM26;09/04/2026;16:30:00;5123,00;5123,00;5121,00;5122,00;461000,00;9
WDOM26;09/04/2026;16:10:00;5122,00;5122,00;5122,00;5122,00;102440,00;2
WDOM26;09/04/2026;16:00:00;5127,50;5128,00;5122,50;5122,50;1281210,00;25
WDOM26;09/04/2026;15:50:00;5126,00;5126,50;5126,00;5126,50;717705,00;14
WDOM26;09/04/2026;15:40:00;5128,00;5128,00;5125,00;5126,00;1127805,00;22
WDOM26;09/04/2026;15:30:00;5127,00;5130,00;5127,00;5127,50;1743720,00;34
WDOM26;09/04/2026;15:20:00;5126,50;5128,00;5126,50;5127,00;2204730,00;43
WDOM26;09/04/2026;15:10:00;5125,00;5126,00;5125,00;5125,00;205020,00;4
WDOM26;09/04/2026;15:00:00;5120,00;5125,00;5120,00;5122,00;2407190,00;47
WDOM26;09/04/2026;14:50:00;5120,00;5121,00;5120,00;5121,00;358440,00;7
WDOM26;09/04/2026;14:40:00;5117,00;5120,00;5116,50;5120,00;2507905,00;49
WDOM26;09/04/2026;14:30:00;5120,00;5123,00;5117,50;5117,50;3225390,00;63
WDOM26;09/04/2026;14:20:00;5124,00;5124,50;5120,00;5121,00;6916685,00;135
WDOM26;09/04/2026;14:10:00;5127,50;5127,50;5121,50;5123,00;6304280,00;123
WDOM26;09/04/2026;14:00:00;5131,00;5131,50;5130,00;5130,00;6002935,00;117
WDOM26;09/04/2026;13:50:00;5129,00;5132,00;5127,50;5131,00;1795380,00;35
WDOM26;09/04/2026;13:40:00;5128,50;5128,50;5128,50;5128,50;51285,00;1
WDOM26;09/04/2026;13:30:00;5129,50;5129,50;5128,00;5129,50;871945,00;17
WDOM26;09/04/2026;13:20:00;5128,00;5133,00;5127,00;5129,50;3437395,00;67
WDOM26;09/04/2026;13:10:00;5134,00;5134,00;5126,00;5126,50;4156470,00;81
WDOM26;09/04/2026;13:00:00;5129,00;5136,00;5128,50;5136,00;1385450,00;27
WDOM26;09/04/2026;12:50:00;5130,00;5130,00;5128,00;5128,00;769365,00;15
WDOM26;09/04/2026;12:40:00;5132,00;5132,50;5128,50;5130,50;2667205,00;52
WDOM26;09/04/2026;12:30:00;5135,00;5135,00;5127,50;5131,00;9335225,00;182
WDOM26;09/04/2026;12:20:00;5131,50;5136,00;5131,00;5136,00;1847700,00;36
WDOM26;09/04/2026;12:10:00;5143,00;5143,00;5131,50;5132,00;2927515,00;57
WDOM26;09/04/2026;12:00:00;5142,00;5143,50;5141,00;5143,50;2468110,00;48
WDOM26;09/04/2026;11:50:00;5142,00;5142,00;5137,50;5141,50;16396905,00;319
WDOM26;09/04/2026;11:40:00;5141,50;5143,50;5140,00;5142,00;9614800,00;187
WDOM26;09/04/2026;11:30:00;5142,00;5149,50;5140,00;5140,50;32117165,00;624
WDOM26;09/04/2026;11:20:00;5139,00;5144,00;5139,00;5141,50;27462270,00;534
WDOM26;09/04/2026;11:10:00;5135,00;5139,50;5133,00;5139,50;821915,00;16
WDOM26;09/04/2026;11:00:00;5136,50;5136,50;5132,00;5133,50;2464510,00;48
WDOM26;09/04/2026;10:50:00;5137,00;5138,50;5137,00;5137,50;308270,00;6
WDOM26;09/04/2026;10:40:00;5138,50;5138,50;5132,50;5132,50;2465370,00;48
WDOM26;09/04/2026;10:30:00;5145,00;5145,00;5139,00;5140,00;2056805,00;40
WDOM26;09/04/2026;10:20:00;5148,50;5148,50;5144,00;5147,00;2007020,00;39
WDOM26;09/04/2026;10:10:00;5155,00;5155,00;5149,00;5149,00;875695,00;17
WDOM26;09/04/2026;10:00:00;5152,50;5154,50;5150,00;5154,00;1391145,00;27
WDOM26;09/04/2026;09:50:00;5161,00;5161,00;5155,00;5155,00;257865,00;5
WDOM26;09/04/2026;09:40:00;5156,50;5162,50;5154,50;5162,50;877195,00;17
WDOM26;09/04/2026;09:30:00;5157,00;5161,50;5153,00;5153,50;876640,00;17
WDOM26;09/04/2026;09:20:00;5161,50;5164,00;5160,00;5160,00;516240,00;10
WDOM26;09/04/2026;09:10:00;5156,50;5161,50;5156,50;5159,50;1238330,00;24
WDOM26;09/04/2026;09:00:00;5155,50;5160,00;5153,00;5157,50;721920,00;14
WDOM26;08/04/2026;18:20:00;5155,50;5156,50;5154,00;5156,50;412400,00;8
WDOM26;08/04/2026;18:10:00;5159,00;5159,00;5157,50;5157,50;103165,00;2
WDOM26;08/04/2026;18:00:00;5159,00;5159,00;5158,00;5158,00;618970,00;12
WDOM26;08/04/2026;17:50:00;5157,50;5159,00;5157,50;5159,00;3610505,00;70
WDOM26;08/04/2026;17:40:00;5156,50;5156,50;5156,00;5156,50;154690,00;3
WDOM26;08/04/2026;17:30:00;5156,50;5156,50;5154,50;5156,50;1391835,00;27
WDOM26;08/04/2026;17:20:00;5161,00;5161,00;5157,50;5157,50;1805410,00;35
WDOM26;08/04/2026;17:10:00;5160,50;5162,00;5160,50;5161,50;309690,00;6
WDOM26;08/04/2026;17:00:00;5161,00;5163,00;5161,00;5161,00;929060,00;18
WDOM26;08/04/2026;16:50:00;5164,00;5164,00;5161,00;5161,50;567885,00;11
WDOM26;08/04/2026;16:40:00;5165,00;5165,50;5164,00;5164,00;516480,00;10
WDOM26;08/04/2026;16:30:00;5168,00;5168,00;5161,50;5164,00;1549345,00;30
WDOM26;08/04/2026;16:20:00;5168,00;5170,00;5168,00;5170,00;155080,00;3
WDOM26;08/04/2026;16:10:00;5171,00;5171,00;5170,00;5170,00;568750,00;11
WDOM26;08/04/2026;16:00:00;5175,00;5177,50;5173,00;5174,00;517500,00;10
WDOM26;08/04/2026;15:50:00;5172,50;5175,00;5171,50;5175,00;1448345,00;28
WDOM26;08/04/2026;15:40:00;5169,00;5173,50;5169,00;5173,50;8686195,00;168
WDOM26;08/04/2026;15:30:00;5168,50;5170,00;5164,50;5170,00;1137055,00;22
WDOM26;08/04/2026;15:20:00;5165,00;5168,50;5163,50;5168,00;3617100,00;70
WDOM26;08/04/2026;15:10:00;5156,50;5166,00;5156,50;5164,00;4026420,00;78
WDOM26;08/04/2026;15:00:00;5154,50;5158,00;5154,00;5155,00;12012530,00;233
WDOM26;08/04/2026;14:50:00;5155,00;5155,50;5154,50;5155,50;154650,00;3
WDOM26;08/04/2026;14:40:00;5156,00;5157,50;5155,50;5155,50;412485,00;8
WDOM26;08/04/2026;14:30:00;5158,00;5159,00;5156,00;5156,50;6602805,00;128
WDOM26;08/04/2026;14:20:00;5155,00;5160,00;5154,50;5157,00;773545,00;15
WDOM26;08/04/2026;14:10:00;5151,00;5156,00;5151,00;5156,00;5876300,00;114
WDOM26;08/04/2026;14:00:00;5151,00;5152,00;5149,00;5152,00;9629710,00;187
WDOM26;08/04/2026;13:50:00;5152,00;5152,00;5151,00;5151,00;2421420,00;47
WDOM26;08/04/2026;13:40:00;5155,00;5155,00;5151,00;5151,00;360750,00;7
WDOM26;08/04/2026;13:30:00;5160,00;5160,00;5156,00;5157,00;1237825,00;24
WDOM26;08/04/2026;13:20:00;5160,00;5160,50;5160,00;5160,00;464415,00;9
WDOM26;08/04/2026;13:10:00;5153,00;5159,50;5153,00;5159,50;515655,00;10
WDOM26;08/04/2026;13:00:00;5152,50;5154,50;5151,50;5152,00;721425,00;14
WDOM26;08/04/2026;12:50:00;5152,00;5152,50;5150,00;5152,50;10352720,00;201
WDOM26;08/04/2026;12:40:00;5155,00;5156,00;5155,00;5156,00;309350,00;6
WDOM26;08/04/2026;12:30:00;5158,50;5158,50;5154,00;5154,50;1392225,00;27
WDOM26;08/04/2026;12:20:00;5155,50;5160,00;5155,50;5160,00;2990840,00;58
WDOM26;08/04/2026;12:10:00;5163,50;5163,50;5156,00;5156,00;1031805,00;20
WDOM26;08/04/2026;12:00:00;5161,50;5162,50;5158,00;5161,50;4644545,00;90
WDOM26;08/04/2026;11:50:00;5160,50;5167,00;5159,50;5163,50;10536845,00;204
WDOM26;08/04/2026;11:40:00;5160,00;5163,50;5158,50;5160,00;29980180,00;581
WDOM26;08/04/2026;11:30:00;5157,00;5162,50;5157,00;5161,50;30233080,00;586
WDOM26;08/04/2026;11:20:00;5155,00;5157,50;5152,50;5157,50;2216480,00;43
WDOM26;08/04/2026;11:10:00;5147,50;5155,50;5146,50;5154,00;6077150,00;118
WDOM26;08/04/2026;11:00:00;5148,00;5155,50;5145,00;5150,50;4224050,00;82
WDOM26;08/04/2026;10:50:00;5144,50;5150,50;5144,50;5148,00;1801675,00;35
WDOM26;08/04/2026;10:40:00;5141,00;5145,00;5139,00;5142,50;2108120,00;41
WDOM26;08/04/2026;10:30:00;5135,00;5143,00;5135,00;5142,50;2467215,00;48
WDOM26;08/04/2026;10:20:00;5135,50;5137,50;5125,00;5135,00;4105400,00;80
WDOM26;08/04/2026;10:10:00;5134,00;5136,50;5133,00;5135,00;1540320,00;30
WDOM26;08/04/2026;10:00:00;5135,00;5135,00;5128,50;5129,50;13750300,00;268
WDOM26;08/04/2026;09:50:00;5144,00;5144,00;5133,50;5134,50;3134215,00;61
WDOM26;08/04/2026;09:40:00;5151,00;5151,00;5143,50;5143,50;1647300,00;32
WDOM26;08/04/2026;09:30:00;5151,50;5153,00;5147,00;5149,50;1184570,00;23
WDOM26;08/04/2026;09:20:00;5157,00;5160,50;5153,00;5153,00;8768390,00;170
WDOM26;08/04/2026;09:10:00;5141,50;5155,00;5141,50;5155,00;62426635,00;1213
WDOM26;08/04/2026;09:00:00;5160,00;5170,50;5131,50;5140,50;30417670,00;591
WDOM26;07/04/2026;18:20:00;5212,50;5217,00;5212,50;5217,00;260700,00;5
WDOM26;07/04/2026;18:10:00;5213,50;5213,50;5212,00;5212,50;208500,00;4
WDOM26;07/04/2026;18:00:00;5214,50;5214,50;5214,50;5214,50;208580,00;4
WDOM26;07/04/2026;17:50:00;5216,00;5216,00;5216,00;5216,00;104320,00;2
WDOM26;07/04/2026;17:40:00;5213,00;5213,00;5212,50;5212,50;208515,00;4
WDOM26;07/04/2026;17:30:00;5212,50;5212,50;5212,50;5212,50;104250,00;2
WDOM26;07/04/2026;17:20:00;5213,00;5214,00;5213,00;5214,00;312800,00;6
WDOM26;07/04/2026;17:10:00;5212,00;5212,00;5211,00;5211,00;260560,00;5
WDOM26;07/04/2026;17:00:00;5213,00;5215,00;5211,50;5214,00;417045,00;8
WDOM26;07/04/2026;16:50:00;5214,50;5216,50;5214,50;5216,50;678010,00;13
WDOM26;07/04/2026;16:40:00;5221,50;5223,00;5212,50;5216,50;6362650,00;122
WDOM26;07/04/2026;16:30:00;5222,00;5223,50;5222,00;5223,50;261145,00;5
WDOM26;07/04/2026;16:20:00;5219,50;5224,00;5218,00;5222,00;1879740,00;36
WDOM26;07/04/2026;16:10:00;5228,00;5229,50;5218,50;5219,50;3654030,00;70
WDOM26;07/04/2026;16:00:00;5230,00;5230,00;5224,00;5230,00;1881585,00;36
WDOM26;07/04/2026;15:50:00;5226,50;5230,00;5226,50;5228,00;784330,00;15
WDOM26;07/04/2026;15:40:00;5226,50;5228,00;5226,00;5226,50;731755,00;14
WDOM26;07/04/2026;15:30:00;5223,00;5225,00;5221,00;5225,00;783410,00;15
WDOM26;07/04/2026;15:20:00;5222,00;5225,50;5221,00;5225,50;3813645,00;73
WDOM26;07/04/2026;15:10:00;5223,00;5223,00;5223,00;5223,00;52230,00;1
WDOM26;07/04/2026;15:00:00;5222,00;5225,00;5222,00;5225,00;365660,00;7
WDOM26;07/04/2026;14:50:00;5225,50;5225,50;5223,00;5223,00;835860,00;16
WDOM26;07/04/2026;14:40:00;5226,00;5227,50;5225,00;5225,00;1254440,00;24
WDOM26;07/04/2026;14:30:00;5230,00;5230,00;5223,00;5225,50;2299600,00;44
WDOM26;07/04/2026;14:20:00;5233,00;5233,00;5233,00;5233,00;52330,00;1
WDOM26;07/04/2026;14:10:00;5229,50;5231,50;5229,00;5231,50;366080,00;7
WDOM26;07/04/2026;14:00:00;5233,50;5234,00;5229,00;5229,00;1569680,00;30
WDOM26;07/04/2026;13:50:00;5228,00;5233,00;5228,00;5232,50;2144995,00;41
WDOM26;07/04/2026;13:40:00;5229,00;5231,50;5226,50;5226,50;418315,00;8
WDOM26;07/04/2026;13:30:00;5225,00;5230,00;5225,00;5230,00;365915,00;7
WDOM26;07/04/2026;13:20:00;5227,50;5230,00;5224,00;5227,00;4286465,00;82
WDOM26;07/04/2026;13:10:00;5227,00;5228,00;5224,50;5226,50;836255,00;16
WDOM26;07/04/2026;13:00:00;5222,00;5225,50;5217,00;5225,50;1618735,00;31
WDOM26;07/04/2026;12:50:00;5224,50;5225,50;5220,00;5223,00;1201115,00;23
WDOM26;07/04/2026;12:40:00;5225,50;5226,00;5224,50;5224,50;992820,00;19
WDOM26;07/04/2026;12:30:00;5222,50;5224,00;5221,50;5224,00;835580,00;16
WDOM26;07/04/2026;12:20:00;5223,00;5225,50;5223,00;5224,50;365685,00;7
WDOM26;07/04/2026;12:10:00;5229,50;5229,50;5218,50;5223,50;4752330,00;91
WDOM26;07/04/2026;12:00:00;5225,50;5229,50;5225,50;5229,50;522740,00;10
WDOM26;07/04/2026;11:50:00;5219,50;5224,00;5218,00;5224,00;730975,00;14
WDOM26;07/04/2026;11:40:00;5220,00;5221,00;5213,50;5220,00;2243000,00;43
WDOM26;07/04/2026;11:30:00;5225,50;5225,50;5218,50;5221,50;1200915,00;23
WDOM26;07/04/2026;11:20:00;5227,00;5227,00;5222,50;5226,00;940540,00;18
WDOM26;07/04/2026;11:10:00;5231,00;5232,00;5226,50;5231,00;6381995,00;122
WDOM26;07/04/2026;11:00:00;5229,00;5233,50;5229,00;5232,50;1412465,00;27
WDOM26;07/04/2026;10:50:00;5226,50;5229,00;5224,00;5227,50;1829335,00;35
WDOM26;07/04/2026;10:40:00;5223,00;5226,50;5222,00;5225,50;1985290,00;38
WDOM26;07/04/2026;10:30:00;5217,50;5222,50;5217,50;5222,50;1931330,00;37
WDOM26;07/04/2026;10:20:00;5215,00;5218,50;5215,00;5218,50;156485,00;3
WDOM26;07/04/2026;10:10:00;5216,50;5219,00;5214,50;5217,50;1773710,00;34
WDOM26;07/04/2026;10:00:00;5217,00;5217,50;5215,00;5217,50;313005,00;6
WDOM26;07/04/2026;09:50:00;5221,00;5221,50;5211,00;5219,00;2817520,00;54
WDOM26;07/04/2026;09:40:00;5212,00;5221,50;5212,00;5221,50;17110795,00;328
WDOM26;07/04/2026;09:30:00;5211,00;5213,50;5209,50;5211,00;4117835,00;79
WDOM26;07/04/2026;09:20:00;5210,00;5210,00;5209,00;5210,00;260480,00;5
WDOM26;07/04/2026;09:10:00;5209,50;5218,50;5208,00;5208,00;16622475,00;319
WDOM26;07/04/2026;09:00:00;5202,50;5210,00;5198,00;5207,50;11552590,00;222
WDOM26;06/04/2026;18:20:00;5203,50;5204,00;5203,50;5203,50;884610,00;17
WDOM26;06/04/2026;18:10:00;5207,50;5207,50;5203,50;5203,50;1145210,00;22
WDOM26;06/04/2026;18:00:00;5208,50;5209,00;5208,50;5209,00;156260,00;3
WDOM26;06/04/2026;17:50:00;5208,00;5208,50;5208,00;5208,50;104165,00;2
WDOM26;06/04/2026;17:30:00;5207,50;5207,50;5207,00;5207,00;364495,00;7
WDOM26;06/04/2026;17:20:00;5208,00;5208,00;5208,00;5208,00;104160,00;2
WDOM26;06/04/2026;17:10:00;5210,00;5210,00;5210,00;5210,00;260500,00;5
WDOM26;06/04/2026;17:00:00;5210,50;5210,50;5210,50;5210,50;52105,00;1
WDOM26;06/04/2026;16:40:00;5210,00;5211,00;5210,00;5210,50;729470,00;14
WDOM26;06/04/2026;16:20:00;5210,00;5210,00;5210,00;5210,00;52100,00;1
WDOM26;06/04/2026;16:10:00;5210,00;5210,00;5210,00;5210,00;52100,00;1
WDOM26;06/04/2026;16:00:00;5208,50;5208,50;5208,50;5208,50;52085,00;1
WDOM26;06/04/2026;15:50:00;5208,50;5208,50;5208,00;5208,00;104165,00;2
WDOM26;06/04/2026;15:40:00;5209,50;5212,50;5209,50;5212,50;156315,00;3
WDOM26;06/04/2026;15:30:00;5206,50;5206,50;5206,50;5206,50;52065,00;1
WDOM26;06/04/2026;15:20:00;5210,00;5210,50;5208,50;5208,50;364690,00;7
WDOM26;06/04/2026;15:10:00;5214,50;5215,00;5210,00;5211,50;938170,00;18
WDOM26;06/04/2026;15:00:00;5217,50;5217,50;5214,00;5214,00;1043095,00;20
WDOM26;06/04/2026;14:50:00;5216,00;5216,00;5215,00;5215,00;886610,00;17
WDOM26;06/04/2026;14:40:00;5215,00;5218,00;5215,00;5215,50;1147605,00;22
WDOM26;06/04/2026;14:30:00;5215,00;5215,00;5213,50;5213,50;1407890,00;27
WDOM26;06/04/2026;14:20:00;5217,50;5217,50;5214,00;5214,00;730200,00;14
WDOM26;06/04/2026;14:10:00;5217,00;5221,50;5217,00;5217,50;834955,00;16
WDOM26;06/04/2026;14:00:00;5220,00;5222,50;5216,00;5217,00;2505605,00;48
WDOM26;06/04/2026;13:50:00;5214,50;5219,00;5214,50;5217,00;5216005,00;100
WDOM26;06/04/2026;13:40:00;5214,50;5215,00;5214,50;5215,00;782185,00;15
WDOM26;06/04/2026;13:30:00;5217,00;5218,00;5216,50;5216,50;208680,00;4
WDOM26;06/04/2026;13:20:00;5217,00;5217,00;5217,00;5217,00;104340,00;2
WDOM26;06/04/2026;13:10:00;5216,00;5216,50;5215,50;5216,50;312955,00;6
WDOM26;06/04/2026;13:00:00;5217,50;5217,50;5213,00;5214,50;469295,00;9
WDOM26;06/04/2026;12:50:00;5215,50;5218,50;5215,50;5218,50;2556405,00;49
WDOM26;06/04/2026;12:40:00;5216,50;5217,00;5216,50;5217,00;208670,00;4
WDOM26;06/04/2026;12:30:00;5217,00;5217,00;5215,50;5215,50;312985,00;6
WDOM26;06/04/2026;12:20:00;5216,50;5216,50;5214,50;5215,50;834530,00;16
WDOM26;06/04/2026;12:10:00;5218,00;5222,00;5217,50;5217,50;678530,00;13
WDOM26;06/04/2026;12:00:00;5218,00;5221,50;5215,00;5215,50;1043870,00;20
WDOM26;06/04/2026;11:50:00;5211,50;5219,00;5211,00;5215,50;1981590,00;38
WDOM26;06/04/2026;11:40:00;5206,00;5206,00;5206,00;5206,00;104120,00;2
WDOM26;06/04/2026;11:30:00;5205,50;5212,00;5203,00;5208,50;2811355,00;54
WDOM26;06/04/2026;11:20:00;5211,50;5212,00;5206,50;5206,50;1041910,00;20
WDOM26;06/04/2026;11:10:00;5215,00;5215,00;5211,00;5211,00;573425,00;11
WDOM26;06/04/2026;11:00:00;5212,50;5217,50;5212,50;5217,00;990925,00;19
WDOM26;06/04/2026;10:50:00;5213,50;5214,00;5213,50;5214,00;208555,00;4
WDOM26;06/04/2026;10:40:00;5210,50;5213,00;5209,50;5211,00;729485,00;14
WDOM26;06/04/2026;10:30:00;5213,00;5214,00;5208,50;5209,00;8912960,00;171
WDOM26;06/04/2026;10:20:00;5220,50;5221,00;5214,00;5214,00;6676220,00;128
WDOM26;06/04/2026;10:10:00;5214,50;5220,50;5211,00;5220,00;16381980,00;314
WDOM26;06/04/2026;10:00:00;5218,00;5220,00;5216,00;5216,50;4227320,00;81
WDOM26;06/04/2026;09:50:00;5218,50;5221,00;5213,00;5216,00;6570640,00;126
WDOM26;06/04/2026;09:40:00;5216,50;5218,00;5215,00;5218,00;625915,00;12
WDOM26;06/04/2026;09:30:00;5219,00;5219,00;5216,50;5217,50;469610,00;9
WDOM26;06/04/2026;09:20:00;5218,50;5221,00;5215,00;5215,00;939445,00;18
WDOM26;06/04/2026;09:10:00;5217,00;5218,00;5216,50;5218,00;260860,00;5
WDOM26;06/04/2026;09:00:00;5212,00;5219,00;5212,00;5216,50;886575,00;17
WDOM26;02/04/2026;18:20:00;5226,00;5226,50;5223,50;5226,50;470260,00;9
WDOM26;02/04/2026;18:10:00;5222,50;5225,00;5222,50;5225,00;1306135,00;25
WDOM26;02/04/2026;18:00:00;5223,00;5223,50;5221,50;5223,00;626685,00;12
WDOM26;02/04/2026;17:50:00;5224,00;5224,00;5224,00;5224,00;104480,00;2
WDOM26;02/04/2026;17:40:00;5223,50;5224,00;5223,50;5224,00;522385,00;10
WDOM26;02/04/2026;17:30:00;5223,00;5223,00;5222,00;5222,00;678980,00;13
WDOM26;02/04/2026;17:20:00;5224,00;5224,00;5223,00;5223,00;574560,00;11
WDOM26;02/04/2026;17:00:00;5224,00;5225,00;5223,00;5223,00;522395,00;10
WDOM26;02/04/2026;16:50:00;5226,50;5227,50;5224,00;5224,00;5592160,00;107
WDOM26;02/04/2026;16:40:00;5227,50;5229,50;5227,00;5228,50;941075,00;18
WDOM26;02/04/2026;16:30:00;5227,00;5229,00;5227,00;5228,50;575070,00;11
WDOM26;02/04/2026;16:20:00;5224,00;5227,50;5221,00;5227,50;835765,00;16
WDOM26;02/04/2026;16:10:00;5225,50;5225,50;5225,00;5225,00;104505,00;2
WDOM26;02/04/2026;16:00:00;5224,00;5225,50;5223,50;5225,50;1358460,00;26
WDOM26;02/04/2026;15:50:00;5224,00;5225,00;5222,50;5225,00;1619180,00;31
WDOM26;02/04/2026;15:40:00;5226,00;5227,00;5224,00;5224,00;783765,00;15
WDOM26;02/04/2026;15:30:00;5229,50;5230,00;5228,00;5229,00;418345,00;8
WDOM26;02/04/2026;15:20:00;5227,50;5230,50;5227,00;5229,00;888905,00;17
WDOM26;02/04/2026;15:10:00;5224,00;5228,50;5224,00;5227,50;993005,00;19
WDOM26;02/04/2026;15:00:00;5225,00;5225,00;5220,50;5224,50;783380,00;15
WDOM26;02/04/2026;14:50:00;5225,50;5227,50;5225,00;5226,50;836190,00;16
WDOM26;02/04/2026;14:40:00;5222,50;5227,00;5222,00;5227,00;731490,00;14
WDOM26;02/04/2026;14:30:00;5222,50;5224,00;5222,50;5223,50;470120,00;9
WDOM26;02/04/2026;14:20:00;5221,00;5221,00;5220,00;5221,00;313220,00;6
WDOM26;02/04/2026;14:10:00;5225,50;5226,00;5220,00;5220,00;1044525,00;20
WDOM26;02/04/2026;14:00:00;5228,00;5229,50;5225,00;5225,00;1150020,00;22
WDOM26;02/04/2026;13:50:00;5223,50;5227,00;5223,50;5227,00;418035,00;8
WDOM26;02/04/2026;13:40:00;5223,00;5226,50;5222,00;5222,50;470170,00;9
WDOM26;02/04/2026;13:30:00;5225,50;5225,50;5223,00;5225,50;4702040,00;90
WDOM26;02/04/2026;13:20:00;5228,50;5229,00;5224,50;5224,50;2405015,00;46
WDOM26;02/04/2026;13:10:00;5227,50;5228,00;5226,00;5228,00;418175,00;8
WDOM26;02/04/2026;13:00:00;5223,00;5228,00;5222,50;5227,00;679385,00;13
WDOM26;02/04/2026;12:50:00;5224,50;5225,00;5223,00;5225,00;626910,00;12
WDOM26;02/04/2026;12:40:00;5220,00;5223,50;5217,00;5223,50;887385,00;17
WDOM26;02/04/2026;12:30:00;5218,00;5219,00;5218,00;5219,00;208740,00;4
WDOM26;02/04/2026;12:20:00;5222,50;5225,50;5218,50;5218,50;835590,00;16
WDOM26;02/04/2026;12:10:00;5222,00;5222,00;5218,00;5220,00;3444500,00;66
WDOM26;02/04/2026;12:00:00;5223,50;5225,50;5222,00;5225,00;940350,00;18
WDOM26;02/04/2026;11:50:00;5222,50;5225,50;5218,00;5223,00;5533425,00;106
WDOM26;02/04/2026;11:40:00;5214,50;5222,50;5214,00;5222,50;2661400,00;51
WDOM26;02/04/2026;11:30:00;5229,50;5229,50;5205,50;5214,50;12942790,00;248
WDOM26;02/04/2026;11:20:00;5225,00;5232,50;5225,00;5231,50;941340,00;18
WDOM26;02/04/2026;11:10:00;5229,00;5229,50;5225,50;5226,50;4549065,00;87
WDOM26;02/04/2026;11:00:00;5226,50;5228,00;5226,00;5226,00;418160,00;8
WDOM26;02/04/2026;10:50:00;5225,50;5226,00;5223,00;5225,50;1515110,00;29
WDOM26;02/04/2026;10:40:00;5236,00;5236,00;5226,00;5226,50;8001545,00;153
WDOM26;02/04/2026;10:30:00;5235,00;5236,00;5230,00;5235,50;1988550,00;38
WDOM26;02/04/2026;10:20:00;5240,00;5241,00;5236,00;5236,00;22374010,00;427
WDOM26;02/04/2026;10:10:00;5249,00;5250,00;5241,00;5242,50;2781090,00;53
WDOM26;02/04/2026;10:00:00;5243,50;5245,00;5242,00;5244,00;524410,00;10
WDOM26;02/04/2026;09:50:00;5238,00;5244,50;5237,50;5244,50;681160,00;13
WDOM26;02/04/2026;09:40:00;5246,00;5246,00;5240,00;5240,00;838645,00;16
WDOM26;02/04/2026;09:30:00;5246,00;5246,00;5241,50;5245,00;5717280,00;109
WDOM26;02/04/2026;09:20:00;5250,00;5251,50;5245,00;5245,50;5300785,00;101
WDOM26;02/04/2026;09:10:00;5246,50;5250,00;5245,00;5249,00;5249110,00;100
WDOM26;02/04/2026;09:00:00;5252,00;5260,00;5247,00;5248,00;7145730,00;136
WDOM26;01/04/2026;18:20:00;5222,00;5223,50;5221,00;5221,00;417740,00;8
WDOM26;01/04/2026;18:10:00;5220,50;5220,50;5220,50;5220,50;52205,00;1
WDOM26;01/04/2026;18:00:00;5221,50;5221,50;5219,50;5220,00;313225,00;6
WDOM26;01/04/2026;17:50:00;5222,00;5223,50;5222,00;5223,50;261160,00;5
WDOM26;01/04/2026;17:20:00;5220,00;5220,00;5218,50;5219,00;5533140,00;106
WDOM26;01/04/2026;17:10:00;5220,50;5221,50;5220,00;5220,50;313240,00;6
WDOM26;01/04/2026;17:00:00;5225,00;5225,00;5223,50;5224,00;208960,00;4
WDOM26;01/04/2026;16:50:00;5224,50;5225,00;5223,00;5223,00;2402695,00;46
WDOM26;01/04/2026;16:40:00;5221,00;5222,00;5221,00;5221,00;5429855,00;104
WDOM26;01/04/2026;16:30:00;5224,00;5225,00;5222,00;5222,00;365635,00;7
WDOM26;01/04/2026;16:20:00;5226,00;5226,00;5224,50;5224,50;522570,00;10
WDOM26;01/04/2026;16:10:00;5227,00;5227,00;5224,50;5224,50;365775,00;7
WDOM26;01/04/2026;16:00:00;5227,50;5230,00;5227,50;5227,50;5855435,00;112
WDOM26;01/04/2026;15:40:00;5225,50;5225,50;5221,00;5224,50;7727750,00;148
WDOM26;01/04/2026;15:30:00;5229,50;5229,50;5225,00;5227,00;3972575,00;76
WDOM26;01/04/2026;15:20:00;5228,50;5230,00;5228,00;5229,50;6064725,00;116
WDOM26;01/04/2026;15:10:00;5227,00;5230,50;5227,00;5229,50;5752915,00;110
WDOM26;01/04/2026;15:00:00;5223,00;5225,50;5223,00;5225,50;574705,00;11
WDOM26;01/04/2026;14:50:00;5220,00;5221,00;5218,50;5221,00;313180,00;6
WDOM26;01/04/2026;14:40:00;5219,50;5220,00;5219,50;5220,00;1096150,00;21
WDOM26;01/04/2026;14:30:00;5221,00;5221,00;5219,50;5219,50;365410,00;7
WDOM26;01/04/2026;14:20:00;5219,00;5220,50;5219,00;5220,50;313180,00;6
WDOM26;01/04/2026;14:10:00;5220,50;5220,50;5218,50;5219,50;313170,00;6
WDOM26;01/04/2026;14:00:00;5216,00;5219,50;5214,50;5219,50;678180,00;13
WDOM26;01/04/2026;13:50:00;5217,00;5217,00;5214,50;5216,00;1147400,00;22
WDOM26;01/04/2026;13:40:00;5221,00;5221,00;5218,00;5219,00;260940,00;5
WDOM26;01/04/2026;13:30:00;5222,00;5223,50;5222,00;5222,00;417835,00;8
WDOM26;01/04/2026;13:20:00;5223,00;5223,00;5220,00;5222,00;783310,00;15
WDOM26;01/04/2026;13:10:00;5223,00;5224,00;5223,00;5223,00;470090,00;9
WDOM26;01/04/2026;13:00:00;5218,50;5220,00;5218,50;5220,00;260945,00;5
WDOM26;01/04/2026;12:50:00;5221,50;5221,50;5218,00;5218,00;260965,00;5
WDOM26;01/04/2026;12:40:00;5222,50;5222,50;5221,50;5221,50;2140900,00;41
WDOM26;01/04/2026;12:20:00;5222,50;5225,00;5222,50;5225,00;208960,00;4
WDOM26;01/04/2026;12:10:00;5221,50;5221,50;5221,50;5221,50;52215,00;1
WDOM26;01/04/2026;12:00:00;5219,50;5220,00;5218,00;5219,00;1252580,00;24
WDOM26;01/04/2026;11:50:00;5223,00;5223,50;5219,50;5220,50;9970865,00;191
WDOM26;01/04/2026;11:40:00;5225,50;5230,00;5223,00;5223,00;209035,00;4
WDOM26;01/04/2026;11:30:00;5227,00;5229,50;5223,00;5227,50;1306455,00;25
WDOM26;01/04/2026;11:20:00;5229,00;5230,50;5226,00;5227,50;1202460,00;23
WDOM26;01/04/2026;11:10:00;5239,00;5241,00;5229,50;5230,00;11409075,00;218
WDOM26;01/04/2026;11:00:00;5237,00;5238,00;5234,00;5236,00;471260,00;9
WDOM26;01/04/2026;10:50:00;5233,00;5234,50;5232,00;5233,00;889570,00;17
WDOM26;01/04/2026;10:40:00;5229,00;5242,50;5229,00;5235,00;4608370,00;88
WDOM26;01/04/2026;10:30:00;5234,50;5234,50;5230,00;5230,00;5910175,00;113
WDOM26;01/04/2026;10:20:00;5236,00;5242,00;5234,00;5234,00;733195,00;14
WDOM26;01/04/2026;10:10:00;5234,00;5241,50;5230,00;5239,50;4240455,00;81
WDOM26;01/04/2026;10:00:00;5238,50;5240,00;5232,00;5233,00;1989765,00;38
WDOM26;01/04/2026;09:50:00;5237,00;5240,50;5235,00;5235,50;19010815,00;363
WDOM26;01/04/2026;09:40:00;5229,00;5239,00;5218,00;5237,50;30280065,00;579
WDOM26;01/04/2026;09:30:00;5230,00;5231,00;5226,00;5228,00;34727260,00;664
WDOM26;01/04/2026;09:20:00;5224,00;5230,00;5223,50;5228,50;2091110,00;40
WDOM26;01/04/2026;09:10:00;5226,00;5229,00;5219,50;5225,00;8353735,00;160
WDOM26;01/04/2026;09:00:00;5228,50;5232,50;5220,50;5229,50;5539280,00;106
WDOM26;31/03/2026;18:20:00;5247,50;5248,00;5243,00;5248,00;1206520,00;23
WDOM26;31/03/2026;18:10:00;5248,00;5248,00;5248,00;5248,00;52480,00;1
WDOM26;31/03/2026;18:00:00;5251,00;5251,00;5251,00;5251,00;52510,00;1
WDOM26;31/03/2026;17:50:00;5247,50;5250,00;5247,50;5250,00;262475,00;5
WDOM26;31/03/2026;17:40:00;5249,00;5249,00;5249,00;5249,00;52490,00;1
WDOM26;31/03/2026;17:30:00;5250,50;5250,50;5250,50;5250,50;262525,00;5
WDOM26;31/03/2026;17:20:00;5251,00;5251,00;5250,50;5250,50;157520,00;3
WDOM26;31/03/2026;17:10:00;5246,50;5250,50;5246,00;5250,50;1679090,00;32
WDOM26;31/03/2026;17:00:00;5248,50;5248,50;5245,00;5248,00;1311810,00;25
WDOM26;31/03/2026;16:50:00;5247,50;5248,50;5247,50;5247,50;314880,00;6
WDOM26;31/03/2026;16:40:00;5251,00;5252,00;5249,50;5249,50;4673335,00;89
WDOM26;31/03/2026;16:30:00;5255,00;5255,00;5255,00;5255,00;105100,00;2
WDOM26;31/03/2026;16:20:00;5260,00;5260,00;5258,00;5259,00;6362900,00;121
WDOM26;31/03/2026;15:50:00;5260,50;5262,00;5260,50;5261,00;5629435,00;107
WDOM26;31/03/2026;15:40:00;5260,00;5260,00;5260,00;5260,00;52600,00;1
WDOM26;31/03/2026;15:30:00;5260,00;5260,50;5256,00;5256,00;262970,00;5
WDOM26;31/03/2026;15:20:00;5255,00;5258,00;5255,00;5258,00;368000,00;7
WDOM26;31/03/2026;15:10:00;5256,00;5257,00;5255,00;5255,00;473040,00;9
WDOM26;31/03/2026;15:00:00;5258,00;5258,00;5258,00;5258,00;105160,00;2
WDOM26;31/03/2026;14:50:00;5260,00;5261,50;5260,00;5260,50;947000,00;18
WDOM26;31/03/2026;14:40:00;5256,00;5257,00;5254,00;5254,00;157670,00;3
WDOM26;31/03/2026;14:30:00;5256,00;5261,00;5253,00;5259,00;1786820,00;34
WDOM26;31/03/2026;14:20:00;5251,00;5256,00;5250,00;5256,00;9135870,00;174
WDOM26;31/03/2026;14:10:00;5259,50;5260,00;5251,00;5251,00;1680710,00;32
WDOM26;31/03/2026;14:00:00;5263,00;5263,50;5255,00;5263,50;1840575,00;35
WDOM26;31/03/2026;13:50:00;5262,00;5267,50;5260,00;5264,00;1737075,00;33
WDOM26;31/03/2026;13:40:00;5268,00;5268,50;5254,50;5267,50;34895205,00;663
WDOM26;31/03/2026;13:30:00;5276,00;5276,00;5269,50;5269,50;5744435,00;109
WDOM26;31/03/2026;13:20:00;5281,50;5281,50;5277,00;5279,50;369510,00;7
WDOM26;31/03/2026;13:10:00;5280,50;5281,00;5280,50;5281,00;105615,00;2
WDOM26;31/03/2026;13:00:00;5279,50;5280,50;5276,50;5278,50;475155,00;9
WDOM26;31/03/2026;12:50:00;5285,00;5285,00;5285,00;5285,00;52850,00;1
WDOM26;31/03/2026;12:40:00;5282,50;5282,50;5281,50;5281,50;105640,00;2
WDOM26;31/03/2026;12:20:00;5279,50;5279,50;5279,50;5279,50;52795,00;1
WDOM26;31/03/2026;12:10:00;5281,50;5282,50;5281,50;5282,50;158455,00;3
WDOM26;31/03/2026;12:00:00;5290,00;5290,00;5280,00;5280,00;845605,00;16
WDOM26;31/03/2026;11:50:00;5286,00;5298,00;5286,00;5298,00;1693725,00;32
WDOM26;31/03/2026;11:40:00;5280,50;5288,00;5280,50;5288,00;5760580,00;109
WDOM26;31/03/2026;11:30:00;5274,50;5283,00;5267,00;5283,00;7431160,00;141
WDOM26;31/03/2026;11:20:00;5277,50;5278,50;5275,00;5275,00;3905305,00;74
WDOM26;31/03/2026;11:10:00;5276,50;5277,50;5274,00;5275,50;738555,00;14
WDOM26;31/03/2026;11:00:00;5281,00;5281,00;5277,50;5278,00;791905,00;15
WDOM26;31/03/2026;10:50:00;5285,00;5288,00;5282,50;5285,00;5390005,00;102
WDOM26;31/03/2026;10:40:00;5295,00;5295,00;5286,50;5286,50;370300,00;7
WDOM26;31/03/2026;10:30:00;5299,50;5300,00;5296,00;5296,00;370930,00;7
WDOM26;31/03/2026;10:20:00;5290,00;5296,50;5290,00;5296,50;529355,00;10
WDOM26;31/03/2026;10:10:00;5296,00;5296,00;5294,50;5294,50;264765,00;5
WDOM26;31/03/2026;10:00:00;5297,00;5303,50;5296,00;5303,50;3019070,00;57
WDOM26;31/03/2026;09:50:00;5295,00;5306,50;5295,00;5304,50;901110,00;17
WDOM26;31/03/2026;09:40:00;5291,50;5296,00;5291,50;5296,00;582300,00;11
WDOM26;31/03/2026;09:30:00;5294,50;5300,00;5290,00;5290,50;688200,00;13
WDOM26;31/03/2026;09:20:00;5295,00;5300,00;5295,00;5296,00;635695,00;12
WDOM26;31/03/2026;09:10:00;5293,00;5305,50;5293,00;5296,00;9430485,00;178
WDOM26;31/03/2026;09:00:00;5300,00;5301,50;5290,00;5293,50;2117610,00;40
WDOM26;30/03/2026;18:20:00;5324,50;5325,00;5320,50;5323,00;319380,00;6
WDOM26;30/03/2026;18:00:00;5322,50;5322,50;5320,50;5320,50;2714210,00;51
WDOM26;30/03/2026;17:50:00;5319,00;5319,00;5319,00;5319,00;159570,00;3
WDOM26;30/03/2026;17:30:00;5322,00;5322,00;5322,00;5322,00;53220,00;1
WDOM26;30/03/2026;17:10:00;5319,00;5319,00;5319,00;5319,00;319140,00;6
WDOM26;30/03/2026;17:00:00;5317,00;5318,50;5317,00;5318,50;159530,00;3
WDOM26;30/03/2026;16:50:00;5320,00;5320,00;5316,00;5316,00;265875,00;5
WDOM26;30/03/2026;16:30:00;5325,00;5325,00;5323,50;5324,50;212975,00;4
WDOM26;30/03/2026;16:20:00;5328,50;5335,50;5328,50;5335,50;852875,00;16
WDOM26;30/03/2026;16:10:00;5326,50;5326,50;5326,50;5326,50;53265,00;1
WDOM26;30/03/2026;15:50:00;5321,00;5321,00;5321,00;5321,00;53210,00;1
WDOM26;30/03/2026;15:40:00;5319,00;5319,00;5319,00;5319,00;106380,00;2
WDOM26;30/03/2026;15:20:00;5319,00;5319,00;5319,00;5319,00;319140,00;6
WDOM26;30/03/2026;15:00:00;5321,00;5323,00;5321,00;5323,00;212900,00;4
WDOM26;30/03/2026;14:50:00;5320,00;5320,00;5320,00;5320,00;53200,00;1
WDOM26;30/03/2026;14:40:00;5320,00;5320,00;5314,00;5314,00;531575,00;10
WDOM26;30/03/2026;14:30:00;5323,50;5323,50;5323,50;5323,50;106470,00;2
WDOM26;30/03/2026;14:20:00;5322,00;5325,00;5322,00;5323,50;745335,00;14
WDOM26;30/03/2026;14:10:00;5320,50;5320,50;5320,50;5320,50;53205,00;1
WDOM26;30/03/2026;14:00:00;5314,00;5314,00;5314,00;5314,00;106280,00;2
WDOM26;30/03/2026;13:50:00;5315,00;5315,00;5315,00;5315,00;159450,00;3
WDOM26;30/03/2026;13:30:00;5316,50;5316,50;5316,50;5316,50;53165,00;1
WDOM26;30/03/2026;13:20:00;5315,00;5315,00;5315,00;5315,00;106300,00;2
WDOM26;30/03/2026;13:10:00;5312,00;5312,50;5312,00;5312,50;106245,00;2
WDOM26;30/03/2026;13:00:00;5310,00;5310,00;5308,50;5308,50;159270,00;3
WDOM26;30/03/2026;12:50:00;5307,00;5307,00;5307,00;5307,00;53070,00;1
WDOM26;30/03/2026;12:40:00;5304,00;5304,00;5304,00;5304,00;53040,00;1
WDOM26;30/03/2026;12:20:00;5317,00;5317,00;5313,50;5313,50;159440,00;3
WDOM26;30/03/2026;12:10:00;5318,50;5318,50;5318,50;5318,50;53185,00;1
WDOM26;30/03/2026;12:00:00;5303,00;5311,50;5303,00;5311,50;106145,00;2
WDOM26;30/03/2026;11:50:00;5313,00;5313,00;5304,00;5304,00;477560,00;9
WDOM26;30/03/2026;11:40:00;5312,00;5314,00;5308,50;5308,50;265585,00;5
WDOM26;30/03/2026;11:30:00;5315,00;5319,00;5315,00;5319,00;106340,00;2
WDOM26;30/03/2026;11:20:00;5316,50;5320,00;5316,50;5320,00;265925,00;5
WDOM26;30/03/2026;11:10:00;5310,00;5315,00;5310,00;5315,00;265615,00;5
WDOM26;30/03/2026;11:00:00;5312,50;5312,50;5311,50;5311,50;265585,00;5
WDOM26;30/03/2026;10:50:00;5315,00;5315,00;5315,00;5315,00;53150,00;1
WDOM26;30/03/2026;10:40:00;5309,50;5310,00;5308,00;5310,00;265470,00;5
WDOM26;30/03/2026;10:30:00;5301,00;5310,00;5301,00;5304,50;2862805,00;54
WDOM26;30/03/2026;10:20:00;5300,50;5305,00;5298,00;5305,00;212085,00;4
WDOM26;30/03/2026;10:10:00;5300,50;5302,50;5300,50;5302,50;2651110,00;50
WDOM26;30/03/2026;10:00:00;5295,00;5303,00;5292,00;5302,00;529685,00;10
WDOM26;30/03/2026;09:50:00;5298,50;5303,50;5295,00;5301,00;1430865,00;27
WDOM26;30/03/2026;09:40:00;5304,00;5307,00;5300,00;5300,00;1166725,00;22
WDOM26;30/03/2026;09:30:00;5308,00;5308,00;5300,00;5300,00;371240,00;7
WDOM26;30/03/2026;09:20:00;5315,00;5316,50;5310,00;5310,00;159415,00;3
WDOM26;30/03/2026;09:10:00;5315,00;5317,00;5315,00;5316,50;2764570,00;52
WDOM26;30/03/2026;09:00:00;5310,00;5317,50;5310,00;5310,00;265650,00;5
WDOM26;27/03/2026;18:20:00;5308,50;5308,50;5308,50;5308,50;53085,00;1
WDOM26;27/03/2026;18:00:00;5311,00;5311,00;5311,00;5311,00;53110,00;1
WDOM26;27/03/2026;17:00:00;5312,00;5312,00;5312,00;5312,00;53120,00;1
WDOM26;27/03/2026;16:50:00;5310,00;5310,00;5310,00;5310,00;53100,00;1
WDOM26;27/03/2026;15:50:00;5315,00;5315,00;5315,00;5315,00;53150,00;1
WDOM26;27/03/2026;15:40:00;5310,00;5310,50;5310,00;5310,50;106205,00;2
WDOM26;27/03/2026;15:30:00;5316,00;5316,00;5316,00;5316,00;106320,00;2
WDOM26;27/03/2026;15:20:00;5315,00;5320,00;5315,00;5320,00;159520,00;3
WDOM26;27/03/2026;15:00:00;5320,00;5320,00;5320,00;5320,00;53200,00;1
WDOM26;27/03/2026;14:50:00;5316,00;5316,00;5316,00;5316,00;53160,00;1
WDOM26;27/03/2026;14:40:00;5315,00;5315,00;5315,00;5315,00;53150,00;1
WDOM26;27/03/2026;14:30:00;5315,00;5315,00;5315,00;5315,00;53150,00;1
WDOM26;27/03/2026;14:20:00;5320,00;5321,50;5320,00;5321,50;106415,00;2
WDOM26;27/03/2026;14:10:00;5317,00;5317,00;5317,00;5317,00;106340,00;2
WDOM26;27/03/2026;14:00:00;5315,00;5315,00;5309,50;5315,00;212545,00;4
WDOM26;27/03/2026;13:40:00;5315,00;5315,50;5310,00;5310,00;159405,00;3
WDOM26;27/03/2026;13:30:00;5310,00;5312,50;5310,00;5312,50;690350,00;13
WDOM26;27/03/2026;13:20:00;5310,00;5310,00;5309,00;5309,00;265460,00;5
WDOM26;27/03/2026;13:10:00;5305,00;5310,00;5305,00;5310,00;1486750,00;28
WDOM26;27/03/2026;12:40:00;5300,00;5300,00;5300,00;5300,00;53000,00;1
WDOM26;27/03/2026;12:20:00;5297,50;5297,50;5291,50;5295,50;2804630,00;53
WDOM26;27/03/2026;12:00:00;5300,00;5300,00;5290,00;5290,00;2116325,00;40
WDOM26;27/03/2026;11:50:00;5305,00;5305,00;5305,00;5305,00;265250,00;5
WDOM26;27/03/2026;11:40:00;5310,00;5310,00;5310,00;5310,00;53100,00;1
WDOM26;27/03/2026;11:10:00;5315,00;5315,00;5310,00;5312,00;1593495,00;30
WDOM26;27/03/2026;10:50:00;5313,00;5315,00;5313,00;5315,00;106280,00;2
WDOM26;27/03/2026;10:40:00;5325,00;5325,00;5310,00;5310,00;425150,00;8
WDOM26;27/03/2026;10:30:00;5325,00;5330,00;5319,00;5319,00;585500,00;11
WDOM26;27/03/2026;10:20:00;5327,50;5330,00;5327,50;5330,00;106575,00;2
WDOM26;27/03/2026;10:10:00;5327,50;5328,00;5327,50;5328,00;106555,00;2
WDOM26;27/03/2026;10:00:00;5325,00;5325,00;5323,00;5325,00;159730,00;3
WDOM26;27/03/2026;09:50:00;5323,00;5323,00;5320,00;5320,00;159630,00;3
WDOM26;27/03/2026;09:40:00;5336,50;5336,50;5324,50;5324,50;479550,00;9
WDOM26;27/03/2026;09:30:00;5335,50;5338,50;5335,50;5338,00;3522935,00;66
WDOM26;27/03/2026;09:20:00;5340,00;5342,00;5335,00;5336,00;427180,00;8
WDOM26;27/03/2026;09:10:00;5341,50;5341,50;5335,00;5335,00;373630,00;7
WDOM26;27/03/2026;09:00:00;5333,00;5350,50;5331,50;5350,50;2617840,00;49
WDOM26;26/03/2026;18:20:00;5312,00;5320,00;5310,00;5310,00;159420,00;3
WDOM26;26/03/2026;17:50:00;5315,00;5315,00;5315,00;5315,00;53150,00;1
WDOM26;26/03/2026;17:30:00;5321,00;5321,00;5315,00;5315,00;21281915,00;400
WDOM26;26/03/2026;17:20:00;5320,00;5320,00;5320,00;5320,00;53200,00;1
WDOM26;26/03/2026;17:10:00;5317,50;5324,00;5305,50;5316,00;478125,00;9
WDOM26;26/03/2026;17:00:00;5327,50;5333,00;5327,50;5333,00;106605,00;2
WDOM26;26/03/2026;16:50:00;5327,00;5327,00;5326,00;5326,00;213060,00;4
WDOM26;26/03/2026;16:40:00;5324,50;5325,50;5324,00;5324,00;319490,00;6
WDOM26;26/03/2026;16:30:00;5320,50;5320,50;5318,50;5320,00;159590,00;3
WDOM26;26/03/2026;16:20:00;5320,00;5320,00;5320,00;5320,00;53200,00;1
WDOM26;26/03/2026;16:00:00;5314,00;5315,50;5314,00;5315,50;2604575,00;49
WDOM26;26/03/2026;15:50:00;5308,50;5308,50;5307,00;5307,00;318480,00;6
WDOM26;26/03/2026;15:40:00;5310,50;5310,50;5310,50;5310,50;53105,00;1
WDOM26;26/03/2026;15:30:00;5311,00;5311,00;5310,00;5310,00;265530,00;5
WDOM26;26/03/2026;15:10:00;5321,00;5322,50;5312,00;5312,00;319025,00;6
WDOM26;26/03/2026;15:00:00;5321,50;5321,50;5321,50;5321,50;53215,00;1
WDOM26;26/03/2026;14:50:00;5325,00;5325,00;5325,00;5325,00;372750,00;7
WDOM26;26/03/2026;14:40:00;5320,50;5323,50;5320,50;5323,50;159645,00;3
WDOM26;26/03/2026;14:20:00;5317,50;5320,00;5317,50;5320,00;106375,00;2
WDOM26;26/03/2026;14:10:00;5315,00;5315,00;5315,00;5315,00;53150,00;1
WDOM26;26/03/2026;14:00:00;5319,00;5320,00;5319,00;5320,00;106390,00;2
WDOM26;26/03/2026;13:50:00;5318,50;5320,00;5318,50;5320,00;159570,00;3
WDOM26;26/03/2026;13:40:00;5319,00;5322,00;5319,00;5322,00;7395015,00;139
WDOM26;26/03/2026;13:30:00;5314,00;5318,00;5314,00;5318,00;212615,00;4
WDOM26;26/03/2026;13:10:00;5310,00;5310,00;5310,00;5310,00;53100,00;1
WDOM26;26/03/2026;13:00:00;5306,50;5306,50;5306,50;5306,50;53065,00;1
WDOM26;26/03/2026;12:40:00;5305,00;5305,00;5305,00;5305,00;53050,00;1
WDOM26;26/03/2026;12:10:00;5310,50;5310,50;5310,50;5310,50;53105,00;1
WDOM26;26/03/2026;12:00:00;5305,00;5307,00;5303,00;5303,00;424385,00;8
WDOM26;26/03/2026;11:50:00;5307,50;5311,00;5306,50;5306,50;5575435,00;105
WDOM26;26/03/2026;11:40:00;5300,00;5308,50;5298,00;5308,00;530490,00;10
WDOM26;26/03/2026;11:30:00;5297,00;5299,50;5297,00;5299,50;105965,00;2
WDOM26;26/03/2026;11:10:00;5304,50;5307,00;5304,50;5307,00;159165,00;3
WDOM26;26/03/2026;11:00:00;5294,00;5301,50;5294,00;5301,50;370855,00;7
WDOM26;26/03/2026;10:50:00;5300,50;5300,50;5295,00;5295,00;264910,00;5
WDOM26;26/03/2026;10:40:00;5302,50;5302,50;5295,00;5300,00;370845,00;7
WDOM26;26/03/2026;10:30:00;5307,00;5312,00;5303,00;5303,00;583690,00;11
WDOM26;26/03/2026;10:20:00;5306,50;5311,00;5305,00;5305,00;1379930,00;26
WDOM26;26/03/2026;10:10:00;5312,50;5312,50;5305,00;5306,50;5997125,00;113
WDOM26;26/03/2026;10:00:00;5310,00;5313,00;5310,00;5310,00;212450,00;4
WDOM26;26/03/2026;09:50:00;5324,00;5324,00;5315,00;5315,00;159540,00;3
WDOM26;26/03/2026;09:40:00;5327,50;5327,50;5320,00;5322,50;266115,00;5
WDOM26;26/03/2026;09:30:00;5328,00;5331,00;5324,00;5328,50;1864300,00;35
WDOM26;26/03/2026;09:20:00;5329,50;5332,00;5325,50;5327,50;426320,00;8
WDOM26;26/03/2026;09:10:00;5321,50;5329,00;5319,00;5328,50;532635,00;10
WDOM26;26/03/2026;09:00:00;5328,50;5335,00;5319,00;5319,00;1225425,00;23
WDOM26;25/03/2026;18:20:00;5305,00;5305,00;5305,00;5305,00;106100,00;2
WDOM26;25/03/2026;17:50:00;5300,00;5300,00;5300,00;5300,00;954000,00;18
WDOM26;25/03/2026;17:40:00;5300,00;5300,00;5300,00;5300,00;53000,00;1
WDOM26;25/03/2026;17:30:00;5290,00;5295,00;5290,00;5295,00;105850,00;2
WDOM26;25/03/2026;17:20:00;5290,00;5290,00;5290,00;5290,00;952200,00;18
WDOM26;25/03/2026;17:00:00;5292,00;5292,00;5292,00;5292,00;52920,00;1
WDOM26;25/03/2026;16:40:00;5295,00;5295,00;5295,00;5295,00;52950,00;1
WDOM26;25/03/2026;16:30:00;5300,00;5300,00;5300,00;5300,00;53000,00;1
WDOM26;25/03/2026;16:20:00;5294,50;5294,50;5294,50;5294,50;52945,00;1
WDOM26;25/03/2026;16:10:00;5298,00;5300,00;5295,00;5295,00;264915,00;5
WDOM26;25/03/2026;16:00:00;5294,00;5297,50;5292,50;5297,50;264715,00;5
WDOM26;25/03/2026;15:50:00;5290,00;5304,50;5290,00;5295,00;11491020,00;217
WDOM26;25/03/2026;15:40:00;5290,00;5290,00;5290,00;5290,00;105800,00;2
WDOM26;25/03/2026;15:30:00;5285,00;5285,00;5285,00;5285,00;105700,00;2
WDOM26;25/03/2026;15:10:00;5280,00;5280,50;5280,00;5280,00;6758405,00;128
WDOM26;25/03/2026;15:00:00;5281,50;5281,50;5281,50;5281,50;52815,00;1
WDOM26;25/03/2026;14:50:00;5287,00;5287,00;5286,50;5286,50;105735,00;2
WDOM26;25/03/2026;14:30:00;5289,00;5289,00;5283,00;5283,00;264280,00;5
WDOM26;25/03/2026;14:20:00;5290,00;5290,00;5289,50;5289,50;105795,00;2
WDOM26;25/03/2026;14:10:00;5296,50;5296,50;5296,50;5296,50;52965,00;1
WDOM26;25/03/2026;14:00:00;5295,00;5295,00;5295,00;5295,00;52950,00;1
WDOM26;25/03/2026;13:50:00;5292,50;5292,50;5292,50;5292,50;52925,00;1
WDOM26;25/03/2026;13:40:00;5289,00;5289,00;5286,50;5286,50;105755,00;2
WDOM26;25/03/2026;13:30:00;5290,00;5290,00;5290,00;5290,00;105800,00;2
WDOM26;25/03/2026;13:20:00;5295,00;5295,00;5290,00;5290,00;5554550,00;105
WDOM26;25/03/2026;13:00:00;5300,00;5300,00;5300,00;5300,00;53000,00;1
WDOM26;25/03/2026;12:50:00;5300,00;5300,00;5295,00;5295,00;423830,00;8
WDOM26;25/03/2026;12:40:00;5300,00;5300,00;5300,00;5300,00;53000,00;1
WDOM26;25/03/2026;12:30:00;5300,00;5300,00;5300,00;5300,00;53000,00;1
WDOM26;25/03/2026;12:20:00;5296,50;5300,00;5296,50;5300,00;5405930,00;102
WDOM26;25/03/2026;12:10:00;5295,00;5305,00;5295,00;5305,00;265015,00;5
WDOM26;25/03/2026;12:00:00;5290,00;5290,00;5290,00;5290,00;52900,00;1
WDOM26;25/03/2026;11:50:00;5288,50;5288,50;5284,00;5284,50;317155,00;6
WDOM26;25/03/2026;11:40:00;5298,50;5299,00;5290,00;5290,00;370580,00;7
WDOM26;25/03/2026;11:30:00;5295,00;5297,00;5295,00;5297,00;105920,00;2
WDOM26;25/03/2026;11:20:00;5304,00;5310,00;5298,00;5298,00;1536930,00;29
WDOM26;25/03/2026;11:10:00;5310,00;5310,00;5305,00;5305,00;106150,00;2
WDOM26;25/03/2026;11:00:00;5320,00;5320,00;5315,00;5315,00;106350,00;2
WDOM26;25/03/2026;10:50:00;5320,00;5320,00;5315,00;5317,00;212670,00;4
WDOM26;25/03/2026;10:40:00;5310,00;5315,00;5310,00;5315,00;106250,00;2
WDOM26;25/03/2026;10:30:00;5305,00;5305,00;5304,50;5304,50;159145,00;3
WDOM26;25/03/2026;10:20:00;5312,00;5312,00;5308,50;5308,50;212415,00;4
WDOM26;25/03/2026;10:10:00;5310,00;5315,00;5310,00;5315,00;106250,00;2
WDOM26;25/03/2026;10:00:00;5305,00;5310,00;5305,00;5308,00;212280,00;4
WDOM26;25/03/2026;09:50:00;5306,00;5306,00;5305,00;5306,00;159170,00;3
WDOM26;25/03/2026;09:40:00;5310,50;5311,50;5310,50;5311,50;477955,00;9
WDOM26;25/03/2026;09:30:00;5309,50;5309,50;5306,50;5306,50;212350,00;4
WDOM26;25/03/2026;09:20:00;5300,00;5300,00;5300,00;5300,00;53000,00;1
WDOM26;25/03/2026;09:10:00;5291,50;5306,50;5291,50;5306,00;1273230,00;24
WDOM26;25/03/2026;09:00:00;5293,00;5293,00;5291,50;5291,50;5397880,00;102
WDOM26;24/03/2026;17:50:00;5305,00;5310,00;5305,00;5310,00;159200,00;3
WDOM26;24/03/2026;17:40:00;5292,00;5310,00;5292,00;5310,00;4191195,00;79
WDOM26;24/03/2026;17:30:00;5305,00;5305,00;5292,00;5292,00;7208975,00;136
WDOM26;24/03/2026;17:20:00;5326,00;5326,00;5294,50;5312,00;6902680,00;130
WDOM26;24/03/2026;17:00:00;5329,00;5329,00;5329,00;5329,00;53290,00;1
WDOM26;24/03/2026;16:50:00;5333,00;5333,00;5333,00;5333,00;53330,00;1
WDOM26;24/03/2026;16:20:00;5330,50;5341,00;5329,00;5341,00;5653015,00;106
WDOM26;24/03/2026;16:10:00;5332,00;5332,00;5331,00;5331,00;213255,00;4
WDOM26;24/03/2026;16:00:00;5335,00;5335,00;5335,00;5335,00;53350,00;1
WDOM26;24/03/2026;15:50:00;5340,00;5340,00;5338,00;5338,00;213545,00;4
WDOM26;24/03/2026;15:40:00;5340,00;5340,00;5340,00;5340,00;53400,00;1
WDOM26;24/03/2026;15:30:00;5340,00;5340,00;5331,00;5331,00;5601700,00;105
WDOM26;24/03/2026;15:20:00;5335,00;5335,00;5335,00;5335,00;160050,00;3
WDOM26;24/03/2026;15:10:00;5345,00;5345,00;5340,00;5340,00;106850,00;2
WDOM26;24/03/2026;14:50:00;5340,00;5340,00;5340,00;5340,00;427200,00;8
WDOM26;24/03/2026;14:20:00;5348,50;5348,50;5345,00;5345,50;374330,00;7
WDOM26;24/03/2026;14:10:00;5347,50;5352,00;5346,50;5351,50;11557370,00;216
WDOM26;24/03/2026;14:00:00;5340,00;5346,00;5340,00;5346,00;427365,00;8
WDOM26;24/03/2026;13:50:00;5331,50;5331,50;5331,50;5331,50;53315,00;1
WDOM26;24/03/2026;13:30:00;5328,00;5328,00;5328,00;5328,00;53280,00;1
WDOM26;24/03/2026;13:10:00;5340,00;5340,50;5330,00;5330,00;160105,00;3
WDOM26;24/03/2026;12:50:00;5341,50;5342,00;5341,50;5342,00;106835,00;2
WDOM26;24/03/2026;12:40:00;5330,00;5330,00;5329,00;5329,00;159880,00;3
WDOM26;24/03/2026;12:20:00;5325,00;5325,00;5320,00;5320,00;5537850,00;104
WDOM26;24/03/2026;12:10:00;5330,50;5330,50;5330,00;5330,00;159905,00;3
WDOM26;24/03/2026;11:40:00;5340,00;5345,50;5340,00;5345,50;106855,00;2
WDOM26;24/03/2026;11:30:00;5332,00;5332,00;5332,00;5332,00;53320,00;1
WDOM26;24/03/2026;11:20:00;5330,00;5330,00;5330,00;5330,00;53300,00;1
WDOM26;24/03/2026;11:00:00;5330,50;5330,50;5325,50;5325,50;213160,00;4
WDOM26;24/03/2026;10:50:00;5340,00;5340,00;5337,00;5340,00;373740,00;7
WDOM26;24/03/2026;10:20:00;5350,00;5351,50;5342,00;5351,50;320835,00;6
WDOM26;24/03/2026;10:10:00;5340,00;5347,00;5340,00;5347,00;160270,00;3
WDOM26;24/03/2026;10:00:00;5338,50;5338,50;5330,50;5330,50;160020,00;3
WDOM26;24/03/2026;09:50:00;5337,00;5337,00;5335,50;5335,50;533565,00;10
WDOM26;24/03/2026;09:40:00;5349,50;5349,50;5347,00;5347,00;267435,00;5
WDOM26;24/03/2026;09:30:00;5337,00;5357,50;5337,00;5357,50;588305,00;11
WDOM26;24/03/2026;09:20:00;5347,00;5347,00;5347,00;5347,00;53470,00;1
WDOM26;24/03/2026;09:10:00;5350,00;5350,00;5347,50;5347,50;320975,00;6
WDOM26;24/03/2026;09:00:00;5330,00;5344,00;5330,00;5344,00;11471140,00;215
WDOM26;23/03/2026;18:20:00;5313,00;5313,00;5313,00;5313,00;53130,00;1
WDOM26;23/03/2026;18:10:00;5311,50;5311,50;5311,50;5311,50;53115,00;1
WDOM26;23/03/2026;17:10:00;5319,00;5319,00;5314,50;5314,50;425310,00;8
WDOM26;23/03/2026;17:00:00;5317,00;5317,00;5317,00;5317,00;53170,00;1
WDOM26;23/03/2026;16:50:00;5315,00;5316,00;5315,00;5316,00;212610,00;4
WDOM26;23/03/2026;16:40:00;5313,00;5313,00;5313,00;5313,00;53130,00;1
WDOM26;23/03/2026;16:30:00;5310,50;5312,50;5310,50;5312,50;796725,00;15
WDOM26;23/03/2026;16:00:00;5310,00;5310,00;5310,00;5310,00;5310000,00;100
WDOM26;23/03/2026;15:40:00;5305,00;5305,00;5305,00;5305,00;53050,00;1
WDOM26;23/03/2026;15:30:00;5307,50;5307,50;5300,00;5300,00;5830160,00;110
WDOM26;23/03/2026;15:00:00;5311,00;5313,00;5311,00;5311,00;371835,00;7
WDOM26;23/03/2026;14:50:00;5303,00;5303,00;5303,00;5303,00;106060,00;2
WDOM26;23/03/2026;14:40:00;5304,00;5310,00;5304,00;5310,00;212280,00;4
WDOM26;23/03/2026;14:30:00;5313,00;5313,00;5305,00;5305,00;477825,00;9
WDOM26;23/03/2026;14:00:00;5320,00;5320,00;5320,00;5320,00;53200,00;1
WDOM26;23/03/2026;13:40:00;5323,00;5323,00;5323,00;5323,00;106460,00;2
WDOM26;23/03/2026;13:30:00;5335,00;5335,00;5325,00;5325,00;479580,00;9
WDOM26;23/03/2026;13:20:00;5333,00;5333,00;5333,00;5333,00;213320,00;4
WDOM26;23/03/2026;13:10:00;5323,00;5330,00;5323,00;5330,00;532780,00;10
WDOM26;23/03/2026;13:00:00;5324,00;5324,00;5313,00;5313,00;212770,00;4
WDOM26;23/03/2026;12:50:00;5314,00;5323,00;5314,00;5323,00;265935,00;5
WDOM26;23/03/2026;12:40:00;5314,50;5314,50;5314,50;5314,50;53145,00;1
WDOM26;23/03/2026;12:30:00;5310,00;5315,00;5310,00;5315,00;5575605,00;105
WDOM26;23/03/2026;12:20:00;5310,00;5310,00;5310,00;5310,00;106200,00;2
WDOM26;23/03/2026;12:00:00;5303,00;5303,00;5296,00;5296,00;5935840,00;112
WDOM26;23/03/2026;11:50:00;5313,00;5313,00;5313,00;5313,00;212520,00;4
WDOM26;23/03/2026;11:30:00;5308,50;5309,00;5306,00;5306,00;530715,00;10
WDOM26;23/03/2026;11:20:00;5310,00;5310,50;5303,00;5308,50;743085,00;14
WDOM26;23/03/2026;11:10:00;5327,50;5327,50;5313,00;5313,00;5910795,00;111
WDOM26;23/03/2026;11:00:00;5333,00;5334,00;5333,00;5334,00;106670,00;2
WDOM26;23/03/2026;10:50:00;5343,00;5343,00;5343,00;5343,00;106860,00;2
WDOM26;23/03/2026;10:40:00;5340,00;5340,00;5338,50;5340,00;160185,00;3
WDOM26;23/03/2026;10:30:00;5353,00;5353,00;5343,00;5343,00;320680,00;6
WDOM26;23/03/2026;10:20:00;5347,00;5347,00;5343,00;5344,00;213790,00;4
WDOM26;23/03/2026;10:00:00;5343,00;5343,00;5335,00;5335,00;106780,00;2
WDOM26;23/03/2026;09:50:00;5333,00;5333,00;5333,00;5333,00;53330,00;1
WDOM26;23/03/2026;09:40:00;5350,00;5350,00;5340,00;5346,50;160365,00;3
WDOM26;23/03/2026;09:20:00;5360,50;5365,00;5360,50;5361,00;428890,00;8
WDOM26;23/03/2026;09:10:00;5392,00;5392,00;5369,50;5369,50;269175,00;5
WDOM26;23/03/2026;09:00:00;5360,50;5392,00;5360,50;5390,00;376680,00;7
WDOM26;20/03/2026;18:20:00;5371,00;5371,00;5351,00;5355,00;375245,00;7
WDOM26;20/03/2026;18:10:00;5384,50;5384,50;5373,00;5373,00;268850,00;5
WDOM26;20/03/2026;18:00:00;5395,50;5395,50;5395,00;5395,00;107905,00;2
WDOM26;20/03/2026;17:50:00;5395,00;5400,00;5395,00;5400,00;4370045,00;81
WDOM26;20/03/2026;17:20:00;5392,00;5392,00;5392,00;5392,00;53920,00;1
WDOM26;20/03/2026;17:00:00;5392,00;5392,00;5392,00;5392,00;53920,00;1
WDOM26;20/03/2026;16:50:00;5394,50;5395,00;5392,00;5395,00;1240815,00;23
WDOM26;20/03/2026;16:40:00;5400,00;5400,00;5400,00;5400,00;4050000,00;75
WDOM26;20/03/2026;16:30:00;5404,50;5404,50;5404,50;5404,50;54045,00;1
WDOM26;20/03/2026;16:20:00;5401,50;5401,50;5401,50;5401,50;54015,00;1
WDOM26;20/03/2026;16:00:00;5393,50;5401,50;5393,50;5401,50;107950,00;2
WDOM26;20/03/2026;15:50:00;5398,00;5398,00;5398,00;5398,00;53980,00;1
WDOM26;20/03/2026;15:40:00;5399,50;5400,00;5399,50;5400,00;269995,00;5
WDOM26;20/03/2026;15:20:00;5385,00;5396,50;5385,00;5391,00;862890,00;16
WDOM26;20/03/2026;15:00:00;5381,00;5381,00;5378,00;5378,00;107590,00;2
WDOM26;20/03/2026;14:50:00;5385,50;5385,50;5382,50;5382,50;215360,00;4
WDOM26;20/03/2026;14:30:00;5383,50;5394,00;5380,50;5394,00;2640645,00;49
WDOM26;20/03/2026;14:20:00;5378,00;5384,00;5378,00;5384,00;269110,00;5
WDOM26;20/03/2026;14:00:00;5377,00;5380,00;5377,00;5380,00;107570,00;2
WDOM26;20/03/2026;13:30:00;5365,00;5365,00;5365,00;5365,00;268250,00;5
WDOM26;20/03/2026;13:20:00;5354,00;5363,00;5354,00;5363,00;107170,00;2
WDOM26;20/03/2026;12:20:00;5365,00;5365,00;5360,00;5360,00;160850,00;3
WDOM26;20/03/2026;12:10:00;5370,00;5370,00;5365,00;5365,00;107350,00;2
WDOM26;20/03/2026;12:00:00;5375,00;5375,00;5375,00;5375,00;161250,00;3
WDOM26;20/03/2026;11:50:00;5381,00;5381,00;5381,00;5381,00;53810,00;1
WDOM26;20/03/2026;11:30:00;5385,00;5385,00;5380,00;5381,00;322935,00;6
WDOM26;20/03/2026;11:20:00;5390,00;5390,00;5384,50;5390,00;2748335,00;51
WDOM26;20/03/2026;11:10:00;5375,00;5385,00;5375,00;5384,00;645470,00;12
WDOM26;20/03/2026;11:00:00;5371,00;5371,00;5371,00;5371,00;53710,00;1
WDOM26;20/03/2026;10:50:00;5361,00;5371,50;5361,00;5371,50;268405,00;5
WDOM26;20/03/2026;10:40:00;5358,50;5358,50;5351,00;5351,00;160645,00;3
WDOM26;20/03/2026;10:30:00;5355,00;5361,00;5355,00;5357,50;428620,00;8
WDOM26;20/03/2026;10:20:00;5348,50;5350,00;5348,50;5350,00;160480,00;3
WDOM26;20/03/2026;10:10:00;5339,00;5348,50;5339,00;5348,50;641230,00;12
WDOM26;20/03/2026;09:50:00;5329,00;5329,00;5329,00;5329,00;159870,00;3
WDOM26;20/03/2026;09:40:00;5335,50;5335,50;5335,50;5335,50;266775,00;5
WDOM26;20/03/2026;09:30:00;5320,00;5330,00;5320,00;5330,00;106500,00;2
WDOM26;20/03/2026;09:20:00;5330,00;5330,00;5330,00;5330,00;106600,00;2
WDOM26;20/03/2026;09:10:00;5317,00;5328,00;5317,00;5328,00;319295,00;6
WDOM26;20/03/2026;09:00:00;5330,00;5330,00;5329,50;5329,50;213190,00;4
WDOM26;19/03/2026;18:00:00;5304,00;5308,00;5304,00;5308,00;795875,00;15
WDOM26;19/03/2026;17:00:00;5298,00;5298,00;5298,00;5298,00;52980,00;1
WDOM26;19/03/2026;16:40:00;5308,00;5308,00;5308,00;5308,00;53080,00;1
WDOM26;19/03/2026;16:20:00;5300,00;5300,00;5300,00;5300,00;53000,00;1
WDOM26;19/03/2026;16:10:00;5298,00;5298,50;5294,00;5294,00;158905,00;3
WDOM26;19/03/2026;16:00:00;5318,00;5318,00;5288,00;5288,00;1272240,00;24
WDOM26;19/03/2026;15:50:00;5338,50;5338,50;5320,00;5320,00;533465,00;10
WDOM26;19/03/2026;15:40:00;5336,00;5336,00;5336,00;5336,00;53360,00;1
WDOM26;19/03/2026;15:30:00;5333,00;5338,00;5333,00;5338,00;160050,00;3
WDOM26;19/03/2026;15:00:00;5331,00;5331,00;5331,00;5331,00;53310,00;1
WDOM26;19/03/2026;14:50:00;5324,50;5324,50;5324,00;5324,00;159730,00;3
WDOM26;19/03/2026;14:30:00;5321,00;5321,00;5321,00;5321,00;53210,00;1
WDOM26;19/03/2026;14:20:00;5322,50;5322,50;5322,00;5322,00;159670,00;3
WDOM26;19/03/2026;14:10:00;5328,00;5328,00;5328,00;5328,00;53280,00;1
WDOM26;19/03/2026;14:00:00;5335,00;5343,50;5335,00;5341,00;373880,00;7
WDOM26;19/03/2026;13:50:00;5338,00;5338,00;5338,00;5338,00;53380,00;1
WDOM26;19/03/2026;13:40:00;5335,00;5335,00;5335,00;5335,00;53350,00;1
WDOM26;19/03/2026;13:00:00;5325,00;5325,00;5318,50;5318,50;212880,00;4
WDOM26;19/03/2026;12:50:00;5325,00;5328,50;5325,00;5328,50;106535,00;2
WDOM26;19/03/2026;12:40:00;5344,00;5346,50;5344,00;5345,50;267270,00;5
WDOM26;19/03/2026;12:30:00;5337,50;5337,50;5337,50;5337,50;53375,00;1
WDOM26;19/03/2026;12:10:00;5319,50;5319,50;5317,50;5317,50;850820,00;16
WDOM26;19/03/2026;12:00:00;5325,00;5325,00;5320,00;5320,00;319255,00;6
WDOM26;19/03/2026;11:50:00;5333,50;5333,50;5333,50;5333,50;266675,00;5
WDOM26;19/03/2026;11:40:00;5344,00;5344,00;5344,00;5344,00;267200,00;5
WDOM26;19/03/2026;11:30:00;5356,50;5356,50;5335,00;5335,00;1016120,00;19
WDOM26;19/03/2026;11:10:00;5342,00;5342,00;5342,00;5342,00;53420,00;1
WDOM26;19/03/2026;11:00:00;5345,00;5345,00;5342,50;5342,50;374075,00;7
WDOM26;19/03/2026;10:50:00;5355,00;5355,00;5349,50;5349,50;107045,00;2
WDOM26;19/03/2026;10:40:00;5360,00;5365,00;5360,00;5365,00;107250,00;2
WDOM26;19/03/2026;10:30:00;5355,00;5355,00;5355,00;5355,00;107100,00;2
WDOM26;19/03/2026;10:20:00;5370,00;5370,00;5366,50;5366,50;107365,00;2
WDOM26;19/03/2026;10:10:00;5390,50;5396,50;5370,00;5370,00;970050,00;18
WDOM26;19/03/2026;10:00:00;5375,50;5375,50;5375,50;5375,50;53755,00;1
WDOM26;19/03/2026;09:40:00;5375,00;5375,00;5369,00;5369,50;322280,00;6
WDOM26;19/03/2026;09:30:00;5393,00;5393,00;5380,00;5382,00;807805,00;15
WDOM26;19/03/2026;09:20:00;5356,50;5392,50;5356,00;5392,50;1990125,00;37
WDOM26;19/03/2026;09:10:00;5340,50;5340,50;5335,00;5340,00;1974835,00;37
WDOM26;19/03/2026;09:00:00;5320,50;5348,00;5320,50;5348,00;800840,00;15
WDOM26;18/03/2026;18:10:00;5356,00;5356,00;5336,50;5336,50;160375,00;3
WDOM26;18/03/2026;18:00:00;5356,00;5356,00;5356,00;5356,00;53560,00;1
WDOM26;18/03/2026;17:50:00;5347,50;5350,00;5347,50;5350,00;855950,00;16
WDOM26;18/03/2026;17:40:00;5348,00;5348,00;5340,50;5344,00;908325,00;17
WDOM26;18/03/2026;17:30:00;5339,50;5348,00;5339,50;5348,00;2190225,00;41
WDOM26;18/03/2026;17:20:00;5333,50;5342,50;5333,50;5339,50;801165,00;15
WDOM26;18/03/2026;17:10:00;5331,50;5331,50;5331,50;5331,50;106630,00;2
WDOM26;18/03/2026;17:00:00;5329,00;5330,00;5329,00;5330,00;213170,00;4
WDOM26;18/03/2026;16:50:00;5320,00;5326,50;5320,00;5326,50;319475,00;6
WDOM26;18/03/2026;16:40:00;5315,00;5316,00;5315,00;5316,00;159470,00;3
WDOM26;18/03/2026;16:20:00;5309,50;5310,00;5309,50;5310,00;5416195,00;102
WDOM26;18/03/2026;16:00:00;5309,00;5309,00;5309,00;5309,00;371630,00;7
WDOM26;18/03/2026;15:50:00;5307,00;5308,50;5307,00;5308,50;106155,00;2
WDOM26;18/03/2026;15:40:00;5305,00;5305,00;5305,00;5305,00;53050,00;1
WDOM26;18/03/2026;15:30:00;5299,50;5302,00;5298,50;5302,00;6572100,00;124
WDOM26;18/03/2026;15:10:00;5290,00;5295,00;5290,00;5295,00;158750,00;3
WDOM26;18/03/2026;15:00:00;5280,00;5280,00;5280,00;5280,00;105600,00;2
WDOM26;18/03/2026;14:40:00;5285,00;5285,00;5283,00;5283,00;158510,00;3
WDOM26;18/03/2026;14:10:00;5298,50;5298,50;5298,50;5298,50;105970,00;2
WDOM26;18/03/2026;13:30:00;5290,00;5295,00;5289,50;5295,00;5501715,00;104
WDOM26;18/03/2026;13:20:00;5275,50;5275,50;5275,50;5275,50;52755,00;1
WDOM26;18/03/2026;13:10:00;5280,00;5280,00;5279,50;5279,50;5332795,00;101
WDOM26;18/03/2026;12:30:00;5285,00;5285,00;5285,00;5285,00;52850,00;1
WDOM26;18/03/2026;12:20:00;5290,00;5290,00;5286,50;5286,50;5342865,00;101
WDOM26;18/03/2026;12:10:00;5285,00;5285,00;5285,00;5285,00;105700,00;2
WDOM26;18/03/2026;12:00:00;5286,00;5286,00;5280,00;5280,00;5861400,00;111
WDOM26;18/03/2026;11:50:00;5295,00;5295,00;5290,00;5290,00;105850,00;2
WDOM26;18/03/2026;11:40:00;5295,00;5295,00;5295,00;5295,00;52950,00;1
WDOM26;18/03/2026;11:30:00;5299,00;5299,00;5297,00;5297,00;529800,00;10
WDOM26;18/03/2026;11:20:00;5305,00;5310,00;5305,00;5310,00;159250,00;3
WDOM26;18/03/2026;11:00:00;5295,00;5295,00;5290,00;5290,00;5448805,00;103
WDOM26;18/03/2026;09:50:00;5311,00;5311,00;5311,00;5311,00;53110,00;1
WDOM26;18/03/2026;09:40:00;5305,00;5310,00;5305,00;5310,00;5628480,00;106
WDOM26;18/03/2026;09:30:00;5300,00;5300,00;5294,00;5294,00;5723895,00;108
WDOM26;18/03/2026;09:00:00;5270,00;5277,00;5270,00;5277,00;421980,00;8
WDOM26;17/03/2026;18:00:00;5281,00;5281,00;5281,00;5281,00;52810,00;1
WDOM26;17/03/2026;17:50:00;5280,00;5280,00;5280,00;5280,00;105600,00;2
WDOM26;17/03/2026;16:30:00;5290,00;5290,00;5290,00;5290,00;52900,00;1
WDOM26;17/03/2026;16:20:00;5290,00;5290,00;5290,00;5290,00;264500,00;5
WDOM26;17/03/2026;16:00:00;5288,50;5288,50;5288,50;5288,50;52885,00;1
WDOM26;17/03/2026;15:50:00;5282,00;5282,00;5282,00;5282,00;52820,00;1
WDOM26;17/03/2026;15:40:00;5290,00;5290,00;5290,00;5290,00;52900,00;1
WDOM26;17/03/2026;15:30:00;5279,50;5285,00;5279,50;5285,00;5808065,00;110
WDOM26;17/03/2026;15:20:00;5270,00;5272,50;5270,00;5272,50;158125,00;3
WDOM26;17/03/2026;15:10:00;5266,50;5266,50;5266,50;5266,50;52665,00;1
WDOM26;17/03/2026;15:00:00;5265,00;5265,00;5265,00;5265,00;157950,00;3
WDOM26;17/03/2026;14:50:00;5271,00;5271,00;5270,00;5270,00;5638935,00;107
WDOM26;17/03/2026;14:40:00;5276,00;5276,00;5276,00;5276,00;263800,00;5
WDOM26;17/03/2026;14:30:00;5280,00;5280,00;5280,00;5280,00;105600,00;2
WDOM26;17/03/2026;14:10:00;5290,00;5290,00;5290,00;5290,00;52900,00;1
WDOM26;17/03/2026;14:00:00;5290,00;5290,00;5290,00;5290,00;52900,00;1
WDOM26;17/03/2026;13:20:00;5281,00;5281,00;5280,00;5280,00;422450,00;8
WDOM26;17/03/2026;13:10:00;5280,00;5280,00;5280,00;5280,00;105600,00;2
WDOM26;17/03/2026;13:00:00;5288,50;5290,00;5288,50;5290,00;264485,00;5
WDOM26;17/03/2026;12:50:00;5290,00;5290,00;5290,00;5290,00;52900,00;1
WDOM26;17/03/2026;12:30:00;5300,00;5305,00;5300,00;5305,00;583500,00;11
WDOM26;17/03/2026;12:20:00;5300,00;5300,00;5300,00;5300,00;106000,00;2
WDOM26;17/03/2026;12:10:00;5299,00;5299,00;5299,00;5299,00;264950,00;5
WDOM26;17/03/2026;12:00:00;5290,00;5290,00;5290,00;5290,00;52900,00;1
WDOM26;17/03/2026;11:50:00;5285,00;5285,00;5285,00;5285,00;52850,00;1
WDOM26;17/03/2026;11:30:00;5291,00;5291,00;5290,00;5290,00;105810,00;2
WDOM26;17/03/2026;11:20:00;5290,00;5290,00;5290,00;5290,00;1851500,00;35
WDOM26;17/03/2026;11:10:00;5282,50;5282,50;5282,50;5282,50;264125,00;5
WDOM26;17/03/2026;11:00:00;5287,00;5287,00;5280,00;5280,00;158495,00;3
WDOM26;17/03/2026;10:50:00;5291,00;5291,00;5291,00;5291,00;52910,00;1
WDOM26;17/03/2026;10:30:00;5281,00;5281,00;5280,50;5280,50;316835,00;6
WDOM26;17/03/2026;10:20:00;5285,00;5285,00;5285,00;5285,00;52850,00;1
WDOM26;17/03/2026;10:10:00;5290,00;5290,00;5290,00;5290,00;52900,00;1
WDOM26;17/03/2026;09:50:00;5296,00;5300,50;5296,00;5298,50;6306930,00;119
WDOM26;17/03/2026;09:40:00;5286,00;5295,50;5286,00;5295,00;8729070,00;165
WDOM26;17/03/2026;09:30:00;5290,00;5291,50;5284,50;5288,00;4018370,00;76
WDOM26;17/03/2026;09:20:00;5300,00;5300,00;5292,00;5297,50;6884395,00;130
WDOM26;17/03/2026;09:10:00;5305,00;5305,00;5300,00;5304,00;2226420,00;42
WDOM26;17/03/2026;09:00:00;5317,00;5321,00;5310,00;5310,00;744180,00;14
WDOM26;16/03/2026;18:20:00;5325,00;5325,00;5325,00;5325,00;53250,00;1
WDOM26;16/03/2026;18:00:00;5321,50;5321,50;5321,50;5321,50;53215,00;1
WDOM26;16/03/2026;17:40:00;5322,00;5323,00;5322,00;5322,00;585430,00;11
WDOM26;16/03/2026;17:30:00;5326,50;5327,00;5326,50;5327,00;213070,00;4
WDOM26;16/03/2026;16:50:00;5324,50;5324,50;5324,50;5324,50;53245,00;1
WDOM26;16/03/2026;16:40:00;5322,00;5324,50;5322,00;5324,50;319345,00;6
WDOM26;16/03/2026;16:10:00;5317,00;5317,00;5317,00;5317,00;53170,00;1
WDOM26;16/03/2026;15:50:00;5323,00;5325,00;5323,00;5325,00;159730,00;3
WDOM26;16/03/2026;15:40:00;5321,00;5321,50;5320,00;5320,00;2181255,00;41
WDOM26;16/03/2026;15:30:00;5326,50;5326,50;5323,50;5323,50;745560,00;14
WDOM26;16/03/2026;15:20:00;5331,00;5331,00;5330,00;5330,00;533035,00;10
WDOM26;16/03/2026;15:10:00;5335,00;5335,00;5332,00;5332,00;160020,00;3
WDOM26;16/03/2026;15:00:00;5345,00;5345,00;5340,00;5340,00;1121950,00;21
WDOM26;16/03/2026;14:40:00;5345,00;5345,00;5345,00;5345,00;267250,00;5
WDOM26;16/03/2026;14:10:00;5345,00;5345,00;5344,00;5344,00;106890,00;2
WDOM26;16/03/2026;13:30:00;5360,00;5360,00;5360,00;5360,00;53600,00;1
WDOM26;16/03/2026;13:20:00;5351,00;5351,00;5351,00;5351,00;53510,00;1
WDOM26;16/03/2026;13:10:00;5348,00;5348,00;5348,00;5348,00;53480,00;1
WDOM26;16/03/2026;13:00:00;5354,50;5354,50;5354,50;5354,50;53545,00;1
WDOM26;16/03/2026;12:50:00;5358,00;5358,00;5358,00;5358,00;53580,00;1
WDOM26;16/03/2026;12:40:00;5350,50;5350,50;5350,00;5350,00;107005,00;2
WDOM26;16/03/2026;11:50:00;5360,00;5360,50;5360,00;5360,50;107205,00;2
WDOM26;16/03/2026;11:40:00;5366,00;5372,00;5366,00;5367,50;429455,00;8
WDOM26;16/03/2026;11:30:00;5357,50;5357,50;5357,50;5357,50;53575,00;1
WDOM26;16/03/2026;11:10:00;5351,50;5351,50;5351,50;5351,50;53515,00;1
WDOM26;16/03/2026;10:50:00;5345,00;5345,00;5345,00;5345,00;106900,00;2
WDOM26;16/03/2026;10:30:00;5366,00;5367,50;5355,00;5355,00;428865,00;8
WDOM26;16/03/2026;10:20:00;5365,00;5365,00;5365,00;5365,00;53650,00;1
WDOM26;16/03/2026;10:00:00;5350,50;5360,00;5350,50;5360,00;160680,00;3
WDOM26;16/03/2026;09:30:00;5350,00;5354,50;5350,00;5354,50;160590,00;3
WDOM26;16/03/2026;09:20:00;5351,50;5355,00;5351,50;5354,00;214155,00;4
WDOM26;16/03/2026;09:10:00;5359,50;5359,50;5350,00;5355,00;749565,00;14
WDOM26;16/03/2026;09:00:00;5375,00;5400,00;5354,50;5356,00;1557845,00;29
WDOM26;13/03/2026;18:20:00;5419,00;5419,00;5419,00;5419,00;54190,00;1
WDOM26;13/03/2026;17:30:00;5412,00;5412,00;5412,00;5412,00;108240,00;2
WDOM26;13/03/2026;17:10:00;5410,00;5410,00;5410,00;5410,00;54100,00;1
WDOM26;13/03/2026;17:00:00;5408,00;5410,00;5408,00;5410,00;108180,00;2
WDOM26;13/03/2026;16:50:00;5410,00;5410,00;5410,00;5410,00;162300,00;3
WDOM26;13/03/2026;16:40:00;5410,00;5415,00;5410,00;5415,00;162400,00;3
WDOM26;13/03/2026;16:30:00;5406,00;5410,00;5406,00;5410,00;162260,00;3
WDOM26;13/03/2026;16:20:00;5402,00;5402,00;5402,00;5402,00;54020,00;1
WDOM26;13/03/2026;16:10:00;5400,00;5400,00;5400,00;5400,00;54000,00;1
WDOM26;13/03/2026;15:40:00;5390,00;5390,00;5390,00;5390,00;1078000,00;20
WDOM26;13/03/2026;15:30:00;5393,50;5393,50;5390,00;5390,00;161770,00;3
WDOM26;13/03/2026;15:20:00;5399,00;5400,00;5397,50;5397,50;1349955,00;25
WDOM26;13/03/2026;15:10:00;5390,50;5397,00;5390,50;5397,00;863455,00;16
WDOM26;13/03/2026;15:00:00;5384,50;5384,50;5384,50;5384,50;107690,00;2
WDOM26;13/03/2026;14:50:00;5397,50;5397,50;5390,00;5390,00;107875,00;2
WDOM26;13/03/2026;14:40:00;5385,00;5395,00;5385,00;5395,00;269540,00;5
WDOM26;13/03/2026;14:10:00;5385,00;5385,00;5385,00;5385,00;53850,00;1
WDOM26;13/03/2026;14:00:00;5384,00;5384,00;5384,00;5384,00;53840,00;1
WDOM26;13/03/2026;13:50:00;5370,50;5370,50;5370,50;5370,50;53705,00;1
WDOM26;13/03/2026;13:30:00;5376,00;5376,00;5376,00;5376,00;53760,00;1
WDOM26;13/03/2026;13:20:00;5384,50;5384,50;5384,50;5384,50;53845,00;1
WDOM26;13/03/2026;13:00:00;5367,50;5367,50;5367,50;5367,50;214700,00;4
WDOM26;13/03/2026;12:40:00;5378,00;5385,00;5378,00;5385,00;430500,00;8
WDOM26;13/03/2026;12:30:00;5369,00;5370,50;5369,00;5370,50;161085,00;3
WDOM26;13/03/2026;12:20:00;5353,00;5368,50;5353,00;5366,50;428995,00;8
WDOM26;13/03/2026;12:10:00;5348,00;5350,00;5348,00;5350,00;106980,00;2
WDOM26;13/03/2026;12:00:00;5344,50;5346,50;5344,50;5346,50;160355,00;3
WDOM26;13/03/2026;11:50:00;5343,00;5352,50;5343,00;5352,50;1016425,00;19
WDOM26;13/03/2026;11:40:00;5336,50;5341,00;5336,50;5341,00;266870,00;5
WDOM26;13/03/2026;11:30:00;5319,50;5319,50;5319,50;5319,50;53195,00;1
WDOM26;13/03/2026;11:10:00;5322,50;5325,00;5322,50;5325,00;106475,00;2
WDOM26;13/03/2026;10:40:00;5312,50;5312,50;5310,00;5310,00;159325,00;3
WDOM26;13/03/2026;10:20:00;5322,50;5322,50;5322,50;5322,50;106450,00;2
WDOM26;13/03/2026;10:00:00;5332,50;5332,50;5332,50;5332,50;53325,00;1
WDOM26;13/03/2026;09:50:00;5320,00;5326,00;5320,00;5322,00;479050,00;9
WDOM26;13/03/2026;09:40:00;5327,00;5330,50;5322,50;5325,00;639245,00;12
WDOM26;13/03/2026;09:30:00;5332,00;5334,00;5332,00;5334,00;266640,00;5
WDOM26;13/03/2026;09:20:00;5328,00;5330,50;5328,00;5330,50;106585,00;2
WDOM26;13/03/2026;09:10:00;5320,00;5320,00;5319,00;5319,00;159590,00;3
WDOM26;13/03/2026;09:00:00;5323,00;5325,00;5323,00;5325,00;266180,00;5
WDOM26;12/03/2026;18:20:00;5347,00;5352,00;5346,00;5346,00;320960,00;6
WDOM26;12/03/2026;18:10:00;5341,00;5341,00;5341,00;5341,00;53410,00;1
WDOM26;12/03/2026;17:50:00;5337,00;5337,00;5337,00;5337,00;53370,00;1
WDOM26;12/03/2026;17:40:00;5335,00;5337,00;5335,00;5335,00;213430,00;4
WDOM26;12/03/2026;17:30:00;5341,00;5341,00;5341,00;5341,00;213640,00;4
WDOM26;12/03/2026;17:20:00;5341,00;5341,00;5341,00;5341,00;53410,00;1
WDOM26;12/03/2026;16:50:00;5336,00;5340,00;5335,00;5335,00;2508650,00;47
WDOM26;12/03/2026;16:40:00;5335,00;5338,00;5333,50;5337,50;1227440,00;23
WDOM26;12/03/2026;16:30:00;5325,00;5325,00;5325,00;5325,00;53250,00;1
WDOM26;12/03/2026;16:10:00;5330,00;5330,50;5330,00;5330,50;1279205,00;24
WDOM26;12/03/2026;16:00:00;5327,50;5327,50;5327,50;5327,50;53275,00;1
WDOM26;12/03/2026;15:50:00;5325,00;5325,00;5325,00;5325,00;53250,00;1
WDOM26;12/03/2026;15:20:00;5318,00;5325,50;5318,00;5325,50;266135,00;5
WDOM26;12/03/2026;14:40:00;5311,50;5316,50;5311,50;5316,50;159430,00;3
WDOM26;12/03/2026;14:30:00;5307,50;5310,00;5307,50;5310,00;106175,00;2
WDOM26;12/03/2026;14:20:00;5299,00;5299,00;5299,00;5299,00;52990,00;1
WDOM26;12/03/2026;14:00:00;5290,00;5290,00;5289,50;5289,50;158690,00;3
WDOM26;12/03/2026;13:40:00;5295,00;5295,00;5295,00;5295,00;52950,00;1
WDOM26;12/03/2026;13:20:00;5297,00;5297,00;5297,00;5297,00;52970,00;1
WDOM26;12/03/2026;12:50:00;5312,00;5312,00;5312,00;5312,00;53120,00;1
WDOM26;12/03/2026;12:40:00;5304,00;5304,00;5304,00;5304,00;212160,00;4
WDOM26;12/03/2026;12:30:00;5315,00;5315,00;5315,00;5315,00;106300,00;2
WDOM26;12/03/2026;12:20:00;5315,00;5315,00;5315,00;5315,00;1328750,00;25
WDOM26;12/03/2026;12:10:00;5324,00;5330,00;5324,00;5330,00;106540,00;2
WDOM26;12/03/2026;12:00:00;5317,50;5320,00;5317,50;5320,00;265950,00;5
WDOM26;12/03/2026;11:40:00;5290,00;5317,00;5290,00;5317,00;584010,00;11
WDOM26;12/03/2026;11:30:00;5305,00;5305,00;5305,00;5305,00;265250,00;5
WDOM26;12/03/2026;11:20:00;5303,00;5303,00;5297,00;5297,00;106000,00;2
WDOM26;12/03/2026;11:10:00;5296,00;5296,00;5290,00;5294,50;370585,00;7
WDOM26;12/03/2026;11:00:00;5294,00;5294,00;5294,00;5294,00;158820,00;3
WDOM26;12/03/2026;10:50:00;5293,50;5307,50;5293,50;5300,00;953795,00;18
WDOM26;12/03/2026;10:40:00;5290,00;5298,50;5290,00;5298,50;317690,00;6
WDOM26;12/03/2026;10:30:00;5279,00;5279,00;5273,50;5273,50;211050,00;4
WDOM26;12/03/2026;10:20:00;5275,00;5281,00;5275,00;5281,00;422265,00;8
WDOM26;12/03/2026;10:10:00;5256,00;5256,00;5250,50;5250,50;105065,00;2
WDOM26;12/03/2026;10:00:00;5252,50;5252,50;5250,00;5250,00;105025,00;2
WDOM26;12/03/2026;09:50:00;5267,50;5267,50;5267,50;5267,50;52675,00;1
WDOM26;12/03/2026;09:40:00;5260,00;5260,00;5260,00;5260,00;105200,00;2
WDOM26;12/03/2026;09:30:00;5267,50;5270,00;5264,50;5270,00;263320,00;5
WDOM26;12/03/2026;09:20:00;5271,00;5271,00;5271,00;5271,00;105420,00;2
WDOM26;12/03/2026;09:10:00;5262,50;5262,50;5262,50;5262,50;52625,00;1
WDOM26;12/03/2026;09:00:00;5259,00;5259,00;5259,00;5259,00;52590,00;1
WDOM26;11/03/2026;18:20:00;5254,00;5254,00;5252,50;5252,50;105065,00;2
WDOM26;11/03/2026;16:50:00;5252,50;5252,50;5252,50;5252,50;52525,00;1
WDOM26;11/03/2026;15:50:00;5252,50;5252,50;5252,50;5252,50;52525,00;1
WDOM26;11/03/2026;15:00:00;5255,50;5255,50;5255,50;5255,50;52555,00;1
WDOM26;11/03/2026;14:30:00;5257,50;5257,50;5257,50;5257,50;52575,00;1
WDOM26;11/03/2026;14:10:00;5254,00;5255,00;5254,00;5255,00;105090,00;2
WDOM26;11/03/2026;13:40:00;5251,00;5251,00;5251,00;5251,00;52510,00;1
WDOM26;11/03/2026;12:40:00;5240,50;5240,50;5240,50;5240,50;52405,00;1
WDOM26;11/03/2026;12:30:00;5242,00;5242,00;5242,00;5242,00;52420,00;1
WDOM26;11/03/2026;11:00:00;5245,00;5245,00;5244,50;5244,50;104895,00;2
WDOM26;11/03/2026;10:30:00;5258,50;5258,50;5258,50;5258,50;52585,00;1
WDOM26;11/03/2026;10:10:00;5257,00;5257,00;5257,00;5257,00;52570,00;1
WDOM26;11/03/2026;09:50:00;5273,00;5273,00;5273,00;5273,00;52730,00;1
WDOM26;11/03/2026;09:40:00;5261,50;5269,50;5261,50;5269,50;105310,00;2
WDOM26;11/03/2026;09:30:00;5267,00;5267,00;5267,00;5267,00;105340,00;2
WDOM26;11/03/2026;09:20:00;5252,50;5252,50;5252,50;5252,50;52525,00;1
WDOM26;11/03/2026;09:00:00;5254,50;5254,50;5248,00;5251,50;420025,00;8
WDOM26;10/03/2026;17:50:00;5254,00;5254,00;5254,00;5254,00;105080,00;2
WDOM26;10/03/2026;17:30:00;5254,00;5254,00;5254,00;5254,00;52540,00;1
WDOM26;10/03/2026;17:10:00;5254,50;5254,50;5254,50;5254,50;105090,00;2
WDOM26;10/03/2026;16:30:00;5262,50;5265,50;5262,00;5265,50;894650,00;17
WDOM26;10/03/2026;16:20:00;5254,50;5254,50;5254,50;5254,50;52545,00;1
WDOM26;10/03/2026;15:30:00;5241,00;5241,00;5241,00;5241,00;52410,00;1
WDOM26;10/03/2026;15:10:00;5242,50;5258,50;5242,00;5258,50;3093675,00;59
WDOM26;10/03/2026;14:40:00;5242,00;5242,00;5242,00;5242,00;104840,00;2
WDOM26;10/03/2026;14:30:00;5233,50;5240,00;5233,50;5240,00;209445,00;4
WDOM26;10/03/2026;14:10:00;5230,00;5230,00;5230,00;5230,00;52300,00;1
WDOM26;10/03/2026;14:00:00;5237,00;5237,00;5237,00;5237,00;52370,00;1
WDOM26;10/03/2026;13:20:00;5247,00;5248,00;5247,00;5248,00;104950,00;2
WDOM26;10/03/2026;13:10:00;5245,00;5246,00;5245,00;5246,00;104910,00;2
WDOM26;10/03/2026;12:40:00;5238,50;5238,50;5238,50;5238,50;52385,00;1
WDOM26;10/03/2026;12:30:00;5244,00;5244,00;5244,00;5244,00;52440,00;1
WDOM26;10/03/2026;12:20:00;5242,00;5242,00;5241,50;5241,50;1048320,00;20
WDOM26;10/03/2026;12:00:00;5248,00;5248,00;5248,00;5248,00;104960,00;2
WDOM26;10/03/2026;11:50:00;5248,00;5248,00;5248,00;5248,00;52480,00;1
WDOM26;10/03/2026;11:40:00;5250,00;5250,00;5248,50;5248,50;157485,00;3
WDOM26;10/03/2026;11:30:00;5257,00;5261,50;5252,50;5252,50;945845,00;18
WDOM26;10/03/2026;11:00:00;5275,00;5279,00;5275,00;5279,00;105540,00;2
WDOM26;10/03/2026;10:10:00;5275,50;5280,00;5275,50;5280,00;158330,00;3
WDOM26;10/03/2026;10:00:00;5272,50;5272,50;5271,00;5271,00;263565,00;5
WDOM26;10/03/2026;09:30:00;5279,00;5279,50;5279,00;5279,50;105585,00;2
WDOM26;10/03/2026;09:20:00;5274,00;5276,50;5274,00;5276,50;105505,00;2
WDOM26;10/03/2026;09:10:00;5263,00;5265,50;5263,00;5265,50;210595,00;4
WDOM26;10/03/2026;09:00:00;5257,00;5272,00;5251,50;5272,00;736215,00;14
WDOM26;09/03/2026;18:20:00;5261,00;5261,00;5261,00;5261,00;52610,00;1
WDOM26;09/03/2026;18:00:00;5260,00;5265,00;5260,00;5265,00;157900,00;3
WDOM26;09/03/2026;17:50:00;5260,00;5260,00;5260,00;5260,00;52600,00;1
WDOM26;09/03/2026;17:30:00;5265,00;5265,00;5265,00;5265,00;52650,00;1
WDOM26;09/03/2026;17:00:00;5272,00;5274,00;5272,00;5274,00;105460,00;2
WDOM26;09/03/2026;16:30:00;5269,50;5275,50;5269,50;5275,00;210950,00;4
WDOM26;09/03/2026;16:20:00;5282,00;5282,00;5276,50;5276,50;4330505,00;82
WDOM26;09/03/2026;16:10:00;5291,00;5291,00;5254,00;5254,00;1895585,00;36
WDOM26;09/03/2026;15:40:00;5305,00;5305,00;5305,00;5305,00;53050,00;1
WDOM26;09/03/2026;15:30:00;5305,00;5305,00;5305,00;5305,00;53050,00;1
WDOM26;09/03/2026;15:20:00;5305,50;5305,50;5305,50;5305,50;53055,00;1
WDOM26;09/03/2026;15:10:00;5310,00;5310,00;5310,00;5310,00;265500,00;5
WDOM26;09/03/2026;14:40:00;5322,50;5322,50;5322,50;5322,50;266125,00;5
WDOM26;09/03/2026;14:10:00;5317,50;5318,50;5317,50;5318,50;425470,00;8
WDOM26;09/03/2026;13:10:00;5309,50;5314,00;5309,50;5314,00;212505,00;4
WDOM26;09/03/2026;12:50:00;5321,00;5321,00;5321,00;5321,00;53210,00;1
WDOM26;09/03/2026;12:30:00;5313,00;5316,50;5313,00;5316,50;106295,00;2
WDOM26;09/03/2026;12:00:00;5309,00;5309,00;5309,00;5309,00;53090,00;1
WDOM26;09/03/2026;11:50:00;5305,00;5305,00;5305,00;5305,00;265250,00;5
WDOM26;09/03/2026;11:30:00;5312,00;5312,00;5312,00;5312,00;53120,00;1
WDOM26;09/03/2026;11:10:00;5324,50;5329,00;5321,00;5321,00;426145,00;8
WDOM26;09/03/2026;11:00:00;5310,00;5322,00;5310,00;5322,00;425560,00;8
WDOM26;09/03/2026;10:50:00;5319,00;5319,00;5319,00;5319,00;53190,00;1
WDOM26;09/03/2026;10:40:00;5316,50;5317,00;5311,50;5317,00;159450,00;3
WDOM26;09/03/2026;10:20:00;5321,00;5321,00;5321,00;5321,00;2128400,00;40
WDOM26;09/03/2026;10:10:00;5324,50;5324,50;5324,50;5324,50;53245,00;1
WDOM26;09/03/2026;10:00:00;5334,00;5336,00;5328,00;5336,00;319965,00;6
WDOM26;09/03/2026;09:40:00;5353,00;5353,00;5353,00;5353,00;53530,00;1
WDOM26;09/03/2026;09:30:00;5350,00;5355,00;5347,00;5355,00;214020,00;4
WDOM26;09/03/2026;09:20:00;5360,00;5360,00;5360,00;5360,00;804000,00;15
WDOM26;09/03/2026;09:10:00;5363,50;5363,50;5356,50;5356,50;107200,00;2
WDOM26;09/03/2026;09:00:00;5376,00;5376,00;5366,00;5366,00;268655,00;5
WDOM26;06/03/2026;18:20:00;5361,50;5361,50;5355,50;5356,00;160730,00;3
WDOM26;06/03/2026;18:10:00;5360,00;5360,00;5360,00;5360,00;53600,00;1
WDOM26;06/03/2026;16:40:00;5350,00;5350,00;5344,00;5344,00;160415,00;3
WDOM26;06/03/2026;16:20:00;5354,00;5354,00;5354,00;5354,00;53540,00;1
WDOM26;06/03/2026;15:20:00;5370,00;5370,00;5370,00;5370,00;53700,00;1
WDOM26;06/03/2026;13:20:00;5375,50;5375,50;5375,50;5375,50;53755,00;1
WDOM26;06/03/2026;13:00:00;5383,00;5383,50;5383,00;5383,50;2261040,00;42
WDOM26;06/03/2026;12:30:00;5378,00;5386,00;5378,00;5386,00;107640,00;2
WDOM26;06/03/2026;12:10:00;5378,50;5378,50;5378,50;5378,50;537850,00;10
WDOM26;06/03/2026;11:20:00;5404,50;5404,50;5404,50;5404,50;432360,00;8
WDOM26;06/03/2026;11:10:00;5420,00;5420,00;5410,00;5410,00;108300,00;2
WDOM26;06/03/2026;11:00:00;5410,00;5410,00;5410,00;5410,00;54100,00;1
WDOM26;06/03/2026;10:50:00;5397,00;5397,50;5397,00;5397,50;107945,00;2
WDOM26;06/03/2026;10:40:00;5377,00;5389,00;5377,00;5389,00;107660,00;2
WDOM26;06/03/2026;10:10:00;5379,00;5379,00;5376,00;5376,00;107550,00;2
WDOM26;06/03/2026;10:00:00;5394,50;5394,50;5394,50;5394,50;53945,00;1
WDOM26;06/03/2026;09:20:00;5404,00;5404,00;5404,00;5404,00;54040,00;1
WDOM26;06/03/2026;09:10:00;5405,50;5405,50;5403,50;5404,50;2215600,00;41
WDOM26;06/03/2026;09:00:00;5416,00;5418,00;5408,50;5418,00;974150,00;18
WDOM26;05/03/2026;17:50:00;5366,50;5366,50;5366,50;5366,50;53665,00;1
WDOM26;05/03/2026;17:40:00;5372,00;5372,00;5372,00;5372,00;483480,00;9
WDOM26;05/03/2026;17:30:00;5369,00;5369,00;5369,00;5369,00;107380,00;2
WDOM26;05/03/2026;17:10:00;5375,00;5375,00;5375,00;5375,00;483750,00;9
WDOM26;05/03/2026;16:30:00;5384,50;5395,00;5384,50;5391,00;161705,00;3
WDOM26;05/03/2026;16:10:00;5380,00;5380,00;5380,00;5380,00;430400,00;8
WDOM26;05/03/2026;15:40:00;5377,00;5379,00;5377,00;5379,00;107560,00;2
WDOM26;05/03/2026;15:20:00;5385,00;5385,00;5384,00;5384,00;215390,00;4
WDOM26;05/03/2026;14:50:00;5360,50;5364,00;5360,50;5364,00;375445,00;7
WDOM26;05/03/2026;14:40:00;5357,00;5357,00;5357,00;5357,00;53570,00;1
WDOM26;05/03/2026;14:30:00;5344,00;5353,50;5344,00;5353,00;2032550,00;38
WDOM26;05/03/2026;14:10:00;5359,50;5359,50;5359,50;5359,50;53595,00;1
WDOM26;05/03/2026;14:00:00;5353,00;5355,00;5351,00;5351,00;374630,00;7
WDOM26;05/03/2026;13:20:00;5385,00;5385,00;5385,00;5385,00;53850,00;1
WDOM26;05/03/2026;13:10:00;5378,00;5381,50;5378,00;5381,50;107595,00;2
WDOM26;05/03/2026;13:00:00;5368,00;5368,00;5368,00;5368,00;322080,00;6
WDOM26;05/03/2026;12:50:00;5365,00;5365,00;5365,00;5365,00;53650,00;1
WDOM26;05/03/2026;12:00:00;5332,00;5332,00;5331,50;5331,50;106635,00;2
WDOM26;05/03/2026;11:50:00;5347,00;5347,00;5347,00;5347,00;267350,00;5
WDOM26;05/03/2026;11:40:00;5357,50;5357,50;5357,50;5357,50;53575,00;1
WDOM26;05/03/2026;11:30:00;5353,00;5353,00;5353,00;5353,00;267650,00;5
WDOM26;05/03/2026;11:20:00;5358,00;5358,00;5358,00;5358,00;53580,00;1
WDOM26;05/03/2026;11:10:00;5342,50;5342,50;5342,50;5342,50;53425,00;1
WDOM26;05/03/2026;10:20:00;5345,00;5345,00;5345,00;5345,00;53450,00;1
WDOM26;05/03/2026;10:10:00;5345,00;5345,00;5345,00;5345,00;53450,00;1
WDOM26;05/03/2026;09:50:00;5356,00;5356,00;5353,00;5353,00;107090,00;2
WDOM26;05/03/2026;09:30:00;5351,00;5351,00;5351,00;5351,00;107020,00;2
WDOM26;05/03/2026;09:20:00;5343,50;5343,50;5343,50;5343,50;53435,00;1
WDOM26;05/03/2026;09:10:00;5356,50;5356,50;5356,50;5356,50;53565,00;1
WDOM26;05/03/2026;09:00:00;5367,00;5367,00;5355,50;5357,50;160800,00;3
WDOM26;04/03/2026;18:20:00;5334,00;5334,00;5334,00;5334,00;53340,00;1
WDOM26;04/03/2026;18:00:00;5331,00;5331,00;5331,00;5331,00;53310,00;1
WDOM26;04/03/2026;17:10:00;5326,00;5326,00;5326,00;5326,00;266300,00;5
WDOM26;04/03/2026;17:00:00;5323,50;5323,50;5323,50;5323,50;53235,00;1
WDOM26;04/03/2026;16:30:00;5320,00;5320,00;5320,00;5320,00;266000,00;5
WDOM26;04/03/2026;15:40:00;5317,00;5317,00;5317,00;5317,00;53170,00;1
WDOM26;04/03/2026;14:40:00;5330,50;5330,50;5330,50;5330,50;53305,00;1
WDOM26;04/03/2026;14:30:00;5331,00;5331,00;5330,50;5330,50;106615,00;2
WDOM26;04/03/2026;14:20:00;5319,50;5319,50;5319,50;5319,50;265975,00;5
WDOM26;04/03/2026;13:20:00;5331,00;5331,00;5331,00;5331,00;266550,00;5
WDOM26;04/03/2026;12:30:00;5313,00;5313,00;5313,00;5313,00;53130,00;1
WDOM26;04/03/2026;12:10:00;5313,00;5313,00;5313,00;5313,00;53130,00;1
WDOM26;04/03/2026;11:30:00;5313,50;5313,50;5313,50;5313,50;797025,00;15
WDOM26;04/03/2026;11:20:00;5313,50;5313,50;5312,00;5312,00;1700020,00;32
WDOM26;04/03/2026;11:10:00;5314,00;5314,00;5312,00;5312,00;796900,00;15
WDOM26;04/03/2026;10:50:00;5317,00;5317,00;5317,00;5317,00;53170,00;1
WDOM26;04/03/2026;10:40:00;5320,00;5320,00;5320,00;5320,00;266000,00;5
WDOM26;04/03/2026;10:00:00;5323,00;5323,00;5323,00;5323,00;53230,00;1
WDOM26;04/03/2026;09:30:00;5350,00;5350,00;5350,00;5350,00;53500,00;1
WDOM26;04/03/2026;09:20:00;5350,00;5350,00;5350,00;5350,00;6687500,00;125
WDOM26;03/03/2026;18:20:00;5390,00;5390,00;5390,00;5390,00;107800,00;2
WDOM26;03/03/2026;18:10:00;5390,00;5390,00;5390,00;5390,00;53900,00;1
WDOM26;03/03/2026;16:40:00;5359,50;5359,50;5359,50;5359,50;267975,00;5
WDOM26;03/03/2026;15:30:00;5374,00;5374,00;5370,00;5370,00;107440,00;2
WDOM26;03/03/2026;14:40:00;5394,50;5394,50;5394,50;5394,50;53945,00;1
WDOM26;03/03/2026;14:30:00;5406,50;5406,50;5406,50;5406,50;108130,00;2
WDOM26;03/03/2026;14:20:00;5394,00;5394,00;5394,00;5394,00;53940,00;1
WDOM26;03/03/2026;14:10:00;5400,00;5404,00;5400,00;5400,00;486180,00;9
WDOM26;03/03/2026;14:00:00;5400,00;5400,00;5400,00;5400,00;162000,00;3
WDOM26;03/03/2026;13:40:00;5397,50;5400,00;5390,00;5400,00;6908765,00;128
WDOM26;03/03/2026;13:30:00;5407,50;5407,50;5400,50;5400,50;216170,00;4
WDOM26;03/03/2026;13:20:00;5400,00;5400,00;5400,00;5400,00;54000,00;1
WDOM26;03/03/2026;13:10:00;5408,00;5408,00;5408,00;5408,00;54080,00;1
WDOM26;03/03/2026;12:20:00;5450,00;5450,00;5432,00;5432,00;108820,00;2
WDOM26;03/03/2026;12:10:00;5440,00;5443,50;5437,00;5443,50;20563560,00;378
WDOM26;03/03/2026;12:00:00;5426,00;5434,00;5426,00;5434,00;217190,00;4
WDOM26;03/03/2026;11:50:00;5413,50;5413,50;5413,50;5413,50;54135,00;1
WDOM26;03/03/2026;11:30:00;5393,50;5393,50;5393,50;5393,50;53935,00;1
WDOM26;03/03/2026;11:20:00;5395,50;5395,50;5395,00;5395,00;5448975,00;101
WDOM26;03/03/2026;11:10:00;5390,00;5390,00;5390,00;5390,00;8085000,00;150
WDOM26;03/03/2026;10:10:00;5360,00;5360,00;5360,00;5360,00;53600,00;1
WDOM26;03/03/2026;09:40:00;5356,50;5370,00;5356,50;5370,00;107265,00;2
WDOM26;02/03/2026;17:10:00;5279,50;5283,00;5279,50;5283,00;105625,00;2
WDOM26;02/03/2026;15:40:00;5285,50;5285,50;5285,50;5285,50;52855,00;1
WDOM26;02/03/2026;15:20:00;5283,00;5283,00;5283,00;5283,00;52830,00;1
WDOM26;02/03/2026;14:30:00;5288,00;5288,00;5288,00;5288,00;52880,00;1
WDOM26;02/03/2026;14:00:00;5299,00;5299,00;5299,00;5299,00;52990,00;1
WDOM26;02/03/2026;12:20:00;5297,50;5301,00;5297,50;5301,00;105985,00;2
WDOM26;02/03/2026;12:10:00;5290,50;5294,00;5290,50;5294,00;105845,00;2
WDOM26;02/03/2026;11:50:00;5300,00;5300,00;5300,00;5300,00;53000,00;1
WDOM26;02/03/2026;11:40:00;5295,00;5295,00;5295,00;5295,00;52950,00;1
WDOM26;02/03/2026;10:50:00;5317,00;5317,00;5317,00;5317,00;53170,00;1
WDOM26;02/03/2026;10:30:00;5315,00;5315,00;5315,00;5315,00;53150,00;1
WDOM26;02/03/2026;10:10:00;5315,00;5315,00;5315,00;5315,00;53150,00;1
WDOM26;02/03/2026;09:40:00;5298,50;5298,50;5298,50;5298,50;52985,00;1
WDOM26;27/02/2026;18:20:00;5242,00;5242,00;5242,00;5242,00;52420,00;1
WDOM26;27/02/2026;18:10:00;5240,00;5240,00;5240,00;5240,00;5292400,00;101
WDOM26;27/02/2026;15:10:00;5244,50;5244,50;5244,50;5244,50;104890,00;2
WDOM26;27/02/2026;15:00:00;5244,00;5245,00;5244,00;5245,00;104890,00;2
WDOM26;27/02/2026;14:40:00;5247,50;5247,50;5247,50;5247,50;52475,00;1
WDOM26;27/02/2026;14:20:00;5247,50;5247,50;5247,50;5247,50;52475,00;1
WDOM26;27/02/2026;14:10:00;5244,50;5244,50;5244,50;5244,50;52445,00;1
WDOM26;27/02/2026;13:50:00;5245,00;5245,00;5245,00;5245,00;52450,00;1
WDOM26;27/02/2026;13:40:00;5241,50;5241,50;5241,50;5241,50;52415,00;1
WDOM26;27/02/2026;13:20:00;5238,00;5238,00;5238,00;5238,00;52380,00;1
WDOM26;27/02/2026;13:00:00;5240,00;5240,00;5240,00;5240,00;52400,00;1
WDOM26;27/02/2026;12:30:00;5251,50;5251,50;5249,50;5249,50;105010,00;2
WDOM26;27/02/2026;12:20:00;5249,50;5249,50;5249,50;5249,50;52495,00;1
WDOM26;27/02/2026;12:10:00;5249,50;5253,00;5249,50;5253,00;105025,00;2
WDOM26;27/02/2026;11:20:00;5260,00;5260,00;5258,00;5258,00;105180,00;2
WDOM26;27/02/2026;10:30:00;5270,00;5270,00;5270,00;5270,00;52700,00;1
WDOM26;27/02/2026;10:00:00;5258,50;5258,50;5258,50;5258,50;52585,00;1
WDOM26;27/02/2026;09:50:00;5259,50;5259,50;5259,00;5259,00;105185,00;2
WDOM26;27/02/2026;09:40:00;5260,50;5260,50;5260,50;5260,50;52605,00;1
WDOM26;26/02/2026;18:20:00;5248,00;5248,00;5248,00;5248,00;52480,00;1
WDOM26;26/02/2026;18:10:00;5245,00;5248,00;5245,00;5248,00;262370,00;5
WDOM26;26/02/2026;17:30:00;5242,50;5242,50;5230,00;5230,00;627725,00;12
WDOM26;26/02/2026;15:40:00;5250,00;5250,00;5250,00;5250,00;5250000,00;100
WDOM26;26/02/2026;15:10:00;5259,00;5259,00;5259,00;5259,00;52590,00;1
WDOM26;26/02/2026;14:20:00;5267,50;5274,50;5267,50;5274,50;316245,00;6
WDOM26;26/02/2026;14:10:00;5266,00;5267,00;5266,00;5267,00;105330,00;2
WDOM26;26/02/2026;13:40:00;5260,00;5260,00;5260,00;5260,00;5260000,00;100
WDOM26;26/02/2026;10:00:00;5235,50;5236,00;5235,50;5236,00;157075,00;3
WDOM26;25/02/2026;15:10:00;5243,50;5243,50;5243,50;5243,50;52435,00;1
WDOM26;25/02/2026;14:30:00;5240,00;5240,00;5240,00;5240,00;5240000,00;100
WDOM26;25/02/2026;12:30:00;5272,00;5272,00;5272,00;5272,00;52720,00;1
WDOM26;25/02/2026;11:50:00;5259,00;5259,00;5259,00;5259,00;52590,00;1
WDOM26;25/02/2026;11:40:00;5258,00;5258,00;5258,00;5258,00;52580,00;1
WDOM26;25/02/2026;11:20:00;5255,00;5256,00;5251,00;5251,00;262670,00;5
WDOM26;25/02/2026;11:10:00;5254,00;5255,00;5254,00;5255,00;105090,00;2
WDOM26;25/02/2026;10:40:00;5252,00;5252,00;5252,00;5252,00;52520,00;1
WDOM26;25/02/2026;10:30:00;5250,00;5250,00;5250,00;5250,00;5250000,00;100
WDOM26;25/02/2026;10:20:00;5245,00;5245,00;5245,00;5245,00;52450,00;1
WDOM26;25/02/2026;10:10:00;5238,50;5238,50;5238,50;5238,50;52385,00;1
WDOM26;25/02/2026;10:00:00;5234,00;5240,00;5233,00;5236,50;575770,00;11
WDOM26;25/02/2026;09:50:00;5240,00;5240,00;5231,00;5234,00;314170,00;6
WDOM26;25/02/2026;09:40:00;5240,00;5240,00;5240,00;5240,00;262000,00;5
WDOM26;25/02/2026;09:30:00;5250,00;5250,00;5250,00;5250,00;420000,00;8
WDOM26;25/02/2026;09:00:00;5240,00;5240,00;5240,00;5240,00;5240000,00;100
WDOM26;24/02/2026;17:00:00;5269,50;5270,00;5269,50;5270,00;5164585,00;98
WDOM26;24/02/2026;16:50:00;5269,50;5269,50;5269,50;5269,50;526950,00;10
WDOM26;24/02/2026;16:40:00;5270,00;5270,00;5270,00;5270,00;263500,00;5
WDOM26;24/02/2026;13:00:00;5280,00;5280,00;5280,00;5280,00;52800,00;1
WDOM26;24/02/2026;09:40:00;5298,00;5298,00;5298,00;5298,00;52980,00;1
WDOM26;20/02/2026;17:30:00;5300,00;5300,00;5297,50;5300,00;1854700,00;35
WDOM26;20/02/2026;17:20:00;5295,00;5295,00;5295,00;5295,00;1482600,00;28
WDOM26;20/02/2026;15:30:00;5300,00;5300,00;5298,00;5298,00;158980,00;3
WDOM26;20/02/2026;15:20:00;5302,00;5302,00;5302,00;5302,00;53020,00;1
WDOM26;20/02/2026;15:00:00;5310,00;5310,00;5310,00;5310,00;53100,00;1
WDOM26;20/02/2026;14:30:00;5311,00;5311,00;5311,00;5311,00;106220,00;2
WDOM26;20/02/2026;12:10:00;5310,00;5310,00;5310,00;5310,00;53100,00;1
WDOM26;20/02/2026;11:10:00;5320,00;5320,00;5320,00;5320,00;53200,00;1
WDOM26;13/02/2026;12:30:00;5361,00;5361,00;5361,00;5361,00;804150,00;15
WDOM26;13/02/2026;09:50:00;5341,00;5341,00;5341,00;5341,00;53410,00;1
WDOM26;13/02/2026;09:20:00;5341,00;5341,00;5341,00;5341,00;53410,00;1
WDOM26;13/02/2026;09:10:00;5341,00;5341,00;5341,00;5341,00;53410,00;1
WDOM26;12/02/2026;17:50:00;5332,00;5332,00;5332,00;5332,00;53320,00;1
WDOM26;12/02/2026;17:20:00;5324,00;5328,00;5324,00;5328,00;159780,00;3
WDOM26;12/02/2026;16:10:00;5328,00;5332,50;5328,00;5332,00;213205,00;4
WDOM26;12/02/2026;16:00:00;5333,00;5333,00;5324,00;5326,00;159830,00;3
WDOM26;12/02/2026;15:50:00;5335,50;5335,50;5331,50;5333,00;213330,00;4
WDOM26;12/02/2026;15:10:00;5326,00;5326,00;5326,00;5326,00;53260,00;1
WDOM26;12/02/2026;15:00:00;5324,00;5324,00;5324,00;5324,00;106480,00;2
WDOM26;12/02/2026;14:50:00;5322,00;5322,00;5322,00;5322,00;53220,00;1
WDOM26;12/02/2026;14:40:00;5316,00;5320,00;5316,00;5320,00;159540,00;3
WDOM26;12/02/2026;14:10:00;5324,50;5324,50;5324,50;5324,50;53245,00;1
WDOM26;12/02/2026;14:00:00;5322,50;5322,50;5322,50;5322,50;53225,00;1
WDOM26;12/02/2026;13:20:00;5311,50;5319,00;5311,50;5319,00;265770,00;5
WDOM26;12/02/2026;13:10:00;5302,00;5306,00;5302,00;5306,00;159120,00;3
WDOM26;12/02/2026;11:10:00;5283,50;5283,50;5283,50;5283,50;52835,00;1
WDOM26;12/02/2026;09:30:00;5301,50;5306,50;5301,50;5306,50;265195,00;5
WDOM26;12/02/2026;09:10:00;5301,50;5302,50;5301,50;5302,50;106040,00;2
WDOM26;12/02/2026;09:00:00;5301,00;5301,50;5300,00;5301,50;265045,00;5
WDOM26;11/02/2026;17:00:00;5303,50;5303,50;5303,50;5303,50;53035,00;1
WDOM26;11/02/2026;16:20:00;5306,00;5306,00;5306,00;5306,00;53060,00;1
WDOM26;11/02/2026;15:30:00;5306,00;5306,00;5306,00;5306,00;53060,00;1
WDOM26;11/02/2026;15:10:00;5305,00;5307,50;5303,00;5303,00;212205,00;4
WDOM26;11/02/2026;15:00:00;5301,50;5301,50;5301,50;5301,50;53015,00;1
WDOM26;11/02/2026;14:50:00;5301,00;5301,00;5301,00;5301,00;53010,00;1
WDOM26;11/02/2026;14:40:00;5300,50;5300,50;5300,50;5300,50;53005,00;1
WDOM26;11/02/2026;14:30:00;5302,50;5302,50;5302,50;5302,50;53025,00;1
WDOM26;11/02/2026;14:10:00;5300,50;5300,50;5300,50;5300,50;53005,00;1
WDOM26;11/02/2026;13:50:00;5303,50;5303,50;5303,50;5303,50;212140,00;4
WDOM26;11/02/2026;13:40:00;5300,50;5300,50;5300,00;5300,00;371030,00;7
WDOM26;11/02/2026;13:30:00;5300,00;5300,00;5299,50;5299,50;370970,00;7
WDOM26;11/02/2026;13:20:00;5306,50;5306,50;5306,50;5306,50;53065,00;1
WDOM26;10/02/2026;18:10:00;5335,50;5335,50;5329,50;5329,50;106650,00;2
WDOM26;10/02/2026;13:10:00;5341,50;5341,50;5341,50;5341,50;53415,00;1
WDOM26;06/02/2026;15:20:00;5360,00;5360,00;5360,00;5360,00;53600,00;1
WDOM26;06/02/2026;10:50:00;5370,00;5370,00;5370,00;5370,00;53700,00;1
WDOM26;06/02/2026;10:10:00;5376,00;5376,00;5376,00;5376,00;53760,00;1
WDOM26;06/02/2026;10:00:00;5379,00;5379,00;5379,00;5379,00;53790,00;1
WDOM26;06/02/2026;09:50:00;5370,00;5378,00;5370,00;5378,00;161230,00;3
WDOM26;06/02/2026;09:10:00;5363,50;5363,50;5363,50;5363,50;53635,00;1
WDOM26;06/02/2026;09:00:00;5355,00;5355,00;5355,00;5355,00;53550,00;1
WDOM26;05/02/2026;17:10:00;5411,00;5411,00;5411,00;5411,00;486990,00;9
WDOM26;04/02/2026;14:50:00;5395,50;5395,50;5391,00;5391,00;107865,00;2
WDOM26;04/02/2026;14:30:00;5379,50;5390,00;5379,50;5390,00;161540,00;3
WDOM26;04/02/2026;14:20:00;5374,00;5384,50;5374,00;5384,50;215130,00;4
WDOM26;04/02/2026;11:30:00;5367,50;5367,50;5367,50;5367,50;53675,00;1
WDOM26;04/02/2026;11:20:00;5360,50;5361,00;5360,50;5361,00;107215,00;2
WDOM26;04/02/2026;11:00:00;5359,00;5363,00;5359,00;5363,00;107220,00;2
WDOM26;04/02/2026;10:40:00;5359,50;5359,50;5359,00;5359,00;107185,00;2
WDOM26;04/02/2026;10:30:00;5364,50;5364,50;5364,50;5364,50;53645,00;1
WDOM26;04/02/2026;10:20:00;5360,50;5360,50;5360,50;5360,50;53605,00;1
WDOM26;04/02/2026;10:10:00;5359,00;5359,00;5357,00;5357,00;107160,00;2
WDOM26;04/02/2026;09:50:00;5355,00;5355,00;5355,00;5355,00;53550,00;1
WDOM26;04/02/2026;09:40:00;5355,00;5355,00;5355,00;5355,00;53550,00;1
WDOM26;03/02/2026;17:30:00;5383,00;5383,00;5383,00;5383,00;53830,00;1
WDOM26;03/02/2026;17:20:00;5383,00;5385,00;5383,00;5385,00;161530,00;3
WDOM26;03/02/2026;17:10:00;5384,00;5387,00;5384,00;5387,00;107710,00;2
WDOM26;03/02/2026;17:00:00;5386,00;5386,00;5386,00;5386,00;53860,00;1
WDOM26;03/02/2026;16:50:00;5400,00;5400,00;5383,00;5383,00;215830,00;4
WDOM26;03/02/2026;16:00:00;5374,00;5374,00;5374,00;5374,00;53740,00;1
WDOM26;03/02/2026;14:30:00;5357,00;5364,00;5357,00;5364,00;107210,00;2
WDOM26;03/02/2026;14:20:00;5350,00;5350,00;5350,00;5350,00;53500,00;1
