WDOM26;13/05/2026;09:15:00;4922,00;4935,00;4920,00;4933,50;3983561610,00;80836
WDOM26;13/05/2026;09:00:00;4914,50;4927,00;4913,00;4921,50;5632061170,00;114437
WDOM26;12/05/2026;18:15:00;4913,50;4915,50;4912,50;4914,00;577790770,00;11759
WDOM26;12/05/2026;18:00:00;4916,50;4917,50;4913,00;4913,50;434433135,00;8839
WDOM26;12/05/2026;17:45:00;4916,00;4917,00;4915,50;4916,50;562406235,00;11440
WDOM26;12/05/2026;17:30:00;4917,00;4918,00;4916,00;4916,50;409045945,00;8319
WDOM26;12/05/2026;17:15:00;4918,00;4918,00;4916,50;4917,50;517554035,00;10525
WDOM26;12/05/2026;17:00:00;4917,50;4919,00;4917,00;4917,50;897649670,00;18251
WDOM26;12/05/2026;16:45:00;4916,00;4918,00;4914,50;4917,00;1010756360,00;20561
WDOM26;12/05/2026;16:30:00;4918,00;4918,00;4914,50;4915,50;872989385,00;17759
WDOM26;12/05/2026;16:15:00;4913,00;4918,00;4912,50;4917,50;1610969600,00;32774
WDOM26;12/05/2026;16:00:00;4915,50;4915,50;4912,00;4913,00;1358518385,00;27646
WDOM26;12/05/2026;15:45:00;4914,50;4917,50;4913,50;4915,50;1804826645,00;36718
WDOM26;12/05/2026;15:30:00;4916,50;4916,50;4914,00;4915,00;1216381235,00;24748
WDOM26;12/05/2026;15:15:00;4918,50;4918,50;4914,50;4916,50;1786411165,00;36333
WDOM26;12/05/2026;15:00:00;4918,00;4919,50;4916,50;4918,50;1128947125,00;22954
WDOM26;12/05/2026;14:45:00;4917,00;4919,00;4916,50;4918,00;1188054870,00;24158
WDOM26;12/05/2026;14:30:00;4915,50;4918,00;4914,50;4916,50;2048631020,00;41670
WDOM26;12/05/2026;14:15:00;4921,50;4923,00;4911,50;4915,00;4767069615,00;96956
WDOM26;12/05/2026;14:00:00;4923,00;4923,50;4918,50;4921,00;1598446580,00;32485
WDOM26;12/05/2026;13:45:00;4922,50;4924,50;4921,00;4923,00;1336968305,00;27158
WDOM26;12/05/2026;13:30:00;4922,50;4923,50;4920,00;4923,00;1071942125,00;21778
WDOM26;12/05/2026;13:15:00;4920,00;4923,50;4919,00;4922,50;1416617005,00;28785
WDOM26;12/05/2026;13:00:00;4924,50;4925,50;4919,50;4920,00;2973678665,00;60415
WDOM26;12/05/2026;12:45:00;4929,00;4929,50;4922,50;4925,00;3416246970,00;69356
WDOM26;12/05/2026;12:30:00;4937,00;4937,00;4928,50;4929,50;3001142385,00;60858
WDOM26;12/05/2026;12:15:00;4928,50;4939,00;4928,00;4936,50;5662887540,00;114748
WDOM26;12/05/2026;12:00:00;4927,00;4929,50;4924,50;4929,00;2342451885,00;47539
WDOM26;12/05/2026;11:45:00;4926,50;4929,50;4925,50;4927,00;2555995210,00;51869
WDOM26;12/05/2026;11:30:00;4925,50;4929,00;4924,00;4926,50;2682133115,00;54444
WDOM26;12/05/2026;11:15:00;4923,00;4927,50;4922,00;4925,50;2303902945,00;46783
WDOM26;12/05/2026;11:00:00;4925,00;4925,00;4921,50;4923,00;2121901905,00;43100
WDOM26;12/05/2026;10:45:00;4921,00;4927,00;4919,50;4924,50;3417705335,00;69405
WDOM26;12/05/2026;10:30:00;4921,00;4924,00;4919,00;4921,50;3567299845,00;72481
WDOM26;12/05/2026;10:15:00;4919,00;4923,50;4918,50;4921,50;4105278065,00;83419
WDOM26;12/05/2026;10:00:00;4914,00;4919,00;4912,00;4919,00;5081591600,00;103397
WDOM26;12/05/2026;09:45:00;4915,50;4919,00;4913,50;4914,00;4685488145,00;95316
WDOM26;12/05/2026;09:30:00;4924,00;4926,00;4915,00;4915,50;6074666365,00;123487
WDOM26;12/05/2026;09:15:00;4925,50;4929,00;4923,00;4924,00;3895591700,00;79070
WDOM26;12/05/2026;09:00:00;4925,50;4932,00;4921,50;4926,00;5601829375,00;113738
WDOM26;11/05/2026;18:15:00;4914,50;4914,50;4911,00;4912,50;716317375,00;14582
WDOM26;11/05/2026;18:00:00;4916,00;4916,50;4913,50;4914,50;416779535,00;8480
WDOM26;11/05/2026;17:45:00;4917,00;4918,00;4915,50;4916,00;401609475,00;8168
WDOM26;11/05/2026;17:30:00;4917,00;4918,00;4916,00;4917,00;372857855,00;7583
WDOM26;11/05/2026;17:15:00;4916,50;4918,00;4916,00;4916,50;382380580,00;7777
WDOM26;11/05/2026;17:00:00;4916,00;4918,50;4914,00;4916,50;1903411920,00;38715
WDOM26;11/05/2026;16:45:00;4917,50;4918,50;4915,50;4915,50;998122730,00;20298
WDOM26;11/05/2026;16:30:00;4920,50;4921,50;4917,50;4917,50;1106575895,00;22495
WDOM26;11/05/2026;16:15:00;4922,50;4922,50;4919,00;4920,50;932997900,00;18962
WDOM26;11/05/2026;16:00:00;4917,00;4922,50;4916,00;4922,00;1752769145,00;35627
WDOM26;11/05/2026;15:45:00;4918,50;4919,50;4915,00;4916,50;1976348370,00;40191
WDOM26;11/05/2026;15:30:00;4919,50;4920,50;4918,00;4918,50;921254505,00;18729
WDOM26;11/05/2026;15:15:00;4920,50;4921,50;4918,00;4920,00;1722405610,00;35007
WDOM26;11/05/2026;15:00:00;4920,00;4921,00;4918,00;4920,50;1649319795,00;33526
WDOM26;11/05/2026;14:45:00;4920,50;4922,00;4919,00;4920,50;1295351250,00;26326
WDOM26;11/05/2026;14:30:00;4923,00;4923,50;4920,50;4921,00;1924187145,00;39095
WDOM26;11/05/2026;14:15:00;4924,00;4925,00;4922,00;4923,00;1091215185,00;22163
WDOM26;11/05/2026;14:00:00;4924,00;4927,00;4923,50;4924,50;1006652685,00;20439
WDOM26;11/05/2026;13:45:00;4926,00;4926,50;4922,50;4924,00;1194236355,00;24251
WDOM26;11/05/2026;13:30:00;4925,00;4927,00;4922,50;4925,50;1613730270,00;32767
WDOM26;11/05/2026;13:15:00;4925,00;4927,50;4923,00;4925,50;1981150740,00;40225
WDOM26;11/05/2026;13:00:00;4922,50;4925,50;4922,50;4925,00;1671489395,00;33945
WDOM26;11/05/2026;12:45:00;4924,00;4926,50;4922,00;4922,50;1506178590,00;30586
WDOM26;11/05/2026;12:30:00;4923,00;4925,50;4920,50;4924,00;2272929940,00;46173
WDOM26;11/05/2026;12:15:00;4924,00;4925,00;4922,00;4923,00;1524071105,00;30956
WDOM26;11/05/2026;12:00:00;4922,00;4925,50;4921,00;4924,00;4181300325,00;84930
WDOM26;11/05/2026;11:45:00;4914,50;4924,00;4914,00;4922,00;4827631450,00;98137
WDOM26;11/05/2026;11:30:00;4914,00;4917,00;4911,00;4914,00;3453342140,00;70276
WDOM26;11/05/2026;11:15:00;4916,00;4916,50;4910,00;4914,50;3170842065,00;64541
WDOM26;11/05/2026;11:00:00;4914,50;4917,50;4912,50;4915,50;3654501715,00;74350
WDOM26;11/05/2026;10:45:00;4915,50;4916,00;4911,00;4914,00;3621305780,00;73698
WDOM26;11/05/2026;10:30:00;4916,50;4918,00;4914,00;4915,50;3249412415,00;66101
WDOM26;11/05/2026;10:15:00;4921,50;4924,00;4916,00;4917,00;3762713825,00;76498
WDOM26;11/05/2026;10:00:00;4925,50;4926,50;4920,00;4921,50;4253429740,00;86390
WDOM26;11/05/2026;09:45:00;4918,50;4929,50;4917,50;4925,50;4507827090,00;91532
WDOM26;11/05/2026;09:30:00;4920,00;4922,00;4916,00;4918,50;3165430825,00;64353
WDOM26;11/05/2026;09:15:00;4926,50;4928,00;4917,50;4920,50;4042909320,00;82134
WDOM26;11/05/2026;09:00:00;4925,00;4928,50;4921,50;4927,00;3921725045,00;79615
WDOM26;08/05/2026;18:15:00;4917,00;4920,50;4914,50;4915,00;800002345,00;16271
WDOM26;08/05/2026;18:00:00;4916,00;4918,00;4915,50;4917,00;320619880,00;6521
WDOM26;08/05/2026;17:45:00;4915,50;4917,00;4914,00;4915,50;831201575,00;16909
WDOM26;08/05/2026;17:30:00;4918,00;4919,00;4914,00;4915,50;1782464385,00;36258
WDOM26;08/05/2026;17:15:00;4920,50;4921,00;4917,50;4918,00;1022471470,00;20787
WDOM26;08/05/2026;17:00:00;4922,00;4922,50;4919,50;4921,00;991401520,00;20147
WDOM26;08/05/2026;16:45:00;4921,50;4922,50;4920,00;4922,00;1077110550,00;21886
WDOM26;08/05/2026;16:30:00;4921,00;4922,50;4921,00;4921,50;877449160,00;17828
WDOM26;08/05/2026;16:15:00;4919,50;4922,50;4919,00;4921,50;1141851240,00;23205
WDOM26;08/05/2026;16:00:00;4920,00;4921,50;4917,50;4919,00;1415719405,00;28780
WDOM26;08/05/2026;15:45:00;4922,50;4923,00;4919,00;4920,00;1550827860,00;31516
WDOM26;08/05/2026;15:30:00;4922,00;4924,00;4919,50;4923,00;1521201910,00;30907
WDOM26;08/05/2026;15:15:00;4921,50;4922,50;4919,00;4922,00;1233417265,00;25066
WDOM26;08/05/2026;15:00:00;4923,50;4924,00;4920,50;4921,50;1743179420,00;35417
WDOM26;08/05/2026;14:45:00;4925,00;4925,50;4922,00;4923,50;1246980165,00;25325
WDOM26;08/05/2026;14:30:00;4924,00;4929,00;4924,00;4924,50;2287419815,00;46431
WDOM26;08/05/2026;14:15:00;4922,50;4924,50;4921,50;4924,50;1124428485,00;22839
WDOM26;08/05/2026;14:00:00;4923,50;4924,50;4921,50;4922,50;780416495,00;15852
WDOM26;08/05/2026;13:45:00;4924,00;4924,50;4921,00;4923,50;1334119380,00;27102
WDOM26;08/05/2026;13:30:00;4924,50;4927,00;4923,50;4924,00;1207233000,00;24511
WDOM26;08/05/2026;13:15:00;4925,50;4926,50;4923,00;4925,00;912173260,00;18523
WDOM26;08/05/2026;13:00:00;4925,00;4926,50;4923,00;4925,50;1759132365,00;35720
WDOM26;08/05/2026;12:45:00;4924,50;4925,00;4921,50;4924,50;1201632590,00;24406
WDOM26;08/05/2026;12:30:00;4920,00;4925,50;4919,50;4924,50;1827778945,00;37133
WDOM26;08/05/2026;12:15:00;4923,50;4924,00;4919,00;4919,50;2310999585,00;46961
WDOM26;08/05/2026;12:00:00;4922,00;4925,00;4921,00;4923,00;2531970705,00;51430
WDOM26;08/05/2026;11:45:00;4920,50;4924,00;4920,50;4922,00;1916684795,00;38940
WDOM26;08/05/2026;11:30:00;4925,50;4926,50;4918,50;4921,00;3331399475,00;67686
WDOM26;08/05/2026;11:15:00;4926,00;4926,50;4920,50;4926,00;3739573315,00;75960
WDOM26;08/05/2026;11:00:00;4922,00;4930,00;4921,50;4926,50;4377207490,00;88856
WDOM26;08/05/2026;10:45:00;4920,00;4923,50;4917,00;4922,00;3424613050,00;69599
WDOM26;08/05/2026;10:30:00;4923,00;4926,00;4917,00;4920,50;4639090815,00;94283
WDOM26;08/05/2026;10:15:00;4933,00;4933,50;4920,50;4923,50;4428584395,00;89935
WDOM26;08/05/2026;10:00:00;4926,50;4935,00;4926,50;4933,00;5483126760,00;111190
WDOM26;08/05/2026;09:45:00;4923,00;4928,00;4920,50;4926,00;3993727725,00;81104
WDOM26;08/05/2026;09:30:00;4932,00;4940,00;4920,00;4923,00;7470275850,00;151631
WDOM26;08/05/2026;09:15:00;4938,00;4940,50;4931,00;4932,50;2543001260,00;51516
WDOM26;08/05/2026;09:00:00;4939,50;4942,00;4935,50;4937,50;4290771090,00;86880
WDOM26;07/05/2026;18:15:00;4954,00;4960,00;4952,50;4959,50;593153650,00;11969
WDOM26;07/05/2026;18:00:00;4953,50;4956,00;4952,00;4954,00;593076900,00;11971
WDOM26;07/05/2026;17:45:00;4945,50;4953,50;4945,00;4953,00;931947495,00;18832
WDOM26;07/05/2026;17:30:00;4943,00;4946,00;4938,50;4945,00;1633455820,00;33049
WDOM26;07/05/2026;17:15:00;4943,00;4945,00;4941,50;4943,00;899469910,00;18195
WDOM26;07/05/2026;17:00:00;4951,00;4952,50;4939,00;4943,00;3462888855,00;70041
WDOM26;07/05/2026;16:45:00;4946,50;4955,50;4946,50;4951,50;3849140055,00;77737
WDOM26;07/05/2026;16:30:00;4950,00;4951,00;4946,50;4947,00;1097809720,00;22184
WDOM26;07/05/2026;16:15:00;4948,50;4953,50;4948,50;4950,50;2547118500,00;51441
WDOM26;07/05/2026;16:00:00;4950,50;4951,00;4947,00;4948,50;1090777880,00;22041
WDOM26;07/05/2026;15:45:00;4951,00;4952,50;4948,50;4950,00;2419275365,00;48868
WDOM26;07/05/2026;15:30:00;4945,50;4952,00;4944,00;4950,50;2940219700,00;59426
WDOM26;07/05/2026;15:15:00;4947,50;4950,00;4942,50;4945,50;2356666570,00;47649
WDOM26;07/05/2026;15:00:00;4948,00;4950,50;4947,00;4947,50;1531172715,00;30941
WDOM26;07/05/2026;14:45:00;4955,00;4955,50;4947,50;4948,00;2021267445,00;40824
WDOM26;07/05/2026;14:30:00;4956,00;4960,00;4952,00;4955,00;2459672005,00;49628
WDOM26;07/05/2026;14:15:00;4954,00;4959,50;4949,50;4955,50;3451987280,00;69672
WDOM26;07/05/2026;14:00:00;4951,50;4956,50;4950,00;4954,00;1442424655,00;29124
WDOM26;07/05/2026;13:45:00;4950,00;4953,00;4947,50;4951,50;1303250720,00;26327
WDOM26;07/05/2026;13:30:00;4948,50;4952,00;4948,00;4950,00;1251007970,00;25274
WDOM26;07/05/2026;13:15:00;4953,00;4956,00;4947,00;4949,00;1957470795,00;39542
WDOM26;07/05/2026;13:00:00;4957,00;4958,50;4951,50;4953,50;2195056810,00;44306
WDOM26;07/05/2026;12:45:00;4950,50;4957,50;4950,00;4957,00;2548235650,00;51431
WDOM26;07/05/2026;12:30:00;4951,50;4953,00;4948,50;4950,50;1933415640,00;39054
WDOM26;07/05/2026;12:15:00;4944,00;4955,00;4943,50;4951,50;3621899830,00;73181
WDOM26;07/05/2026;12:00:00;4945,50;4949,50;4943,50;4944,50;3163968060,00;63969
WDOM26;07/05/2026;11:45:00;4948,50;4951,50;4940,50;4945,50;4755265400,00;96135
WDOM26;07/05/2026;11:30:00;4943,50;4952,00;4942,50;4948,50;3404772440,00;68815
WDOM26;07/05/2026;11:15:00;4945,00;4948,00;4939,00;4943,50;4202381005,00;85013
WDOM26;07/05/2026;11:00:00;4945,50;4951,00;4944,00;4945,00;5188945605,00;104884
WDOM26;07/05/2026;10:45:00;4941,00;4945,50;4939,00;4945,50;3651178480,00;73879
WDOM26;07/05/2026;10:30:00;4935,50;4942,50;4934,00;4941,00;5882123955,00;119111
WDOM26;07/05/2026;10:15:00;4934,00;4936,00;4927,50;4935,50;4095444970,00;83061
WDOM26;07/05/2026;10:00:00;4930,00;4935,00;4929,50;4933,50;3792543705,00;76896
WDOM26;07/05/2026;09:45:00;4934,50;4934,50;4924,00;4930,00;6990460035,00;141825
WDOM26;07/05/2026;09:30:00;4943,00;4943,50;4933,00;4934,50;5258612810,00;106504
WDOM26;07/05/2026;09:15:00;4947,00;4948,50;4942,50;4943,00;2567417310,00;51913
WDOM26;07/05/2026;09:00:00;4932,50;4948,00;4930,00;4947,00;6463645475,00;130838
WDOM26;06/05/2026;18:15:00;4954,00;4954,50;4949,50;4950,00;678336445,00;13700
WDOM26;06/05/2026;18:00:00;4953,50;4956,50;4952,50;4954,00;446201175,00;9006
WDOM26;06/05/2026;17:45:00;4956,50;4956,50;4951,50;4953,50;801363135,00;16178
WDOM26;06/05/2026;17:30:00;4952,50;4958,00;4952,00;4956,00;1160800035,00;23423
WDOM26;06/05/2026;17:15:00;4951,50;4953,00;4951,00;4952,50;863690335,00;17440
WDOM26;06/05/2026;17:00:00;4950,00;4951,50;4948,50;4951,00;1178339540,00;23804
WDOM26;06/05/2026;16:45:00;4953,00;4953,00;4949,00;4950,00;1073275270,00;21680
WDOM26;06/05/2026;16:30:00;4948,50;4953,00;4948,50;4953,00;1531681040,00;30937
WDOM26;06/05/2026;16:15:00;4947,50;4949,50;4946,50;4949,00;1112502985,00;22485
WDOM26;06/05/2026;16:00:00;4953,50;4953,50;4947,00;4947,50;1753756205,00;35431
WDOM26;06/05/2026;15:45:00;4954,00;4954,50;4952,50;4953,00;2327241795,00;46985
WDOM26;06/05/2026;15:30:00;4955,50;4956,50;4954,00;4954,00;1909204515,00;38528
WDOM26;06/05/2026;15:15:00;4952,50;4956,50;4950,00;4955,50;2301725445,00;46464
WDOM26;06/05/2026;15:00:00;4947,00;4952,50;4946,00;4952,50;2241081355,00;45271
WDOM26;06/05/2026;14:45:00;4953,50;4955,00;4946,50;4946,50;2832803520,00;57224
WDOM26;06/05/2026;14:30:00;4954,00;4956,00;4953,00;4953,00;1322865920,00;26701
WDOM26;06/05/2026;14:15:00;4958,50;4960,50;4953,00;4954,00;1753823425,00;35383
WDOM26;06/05/2026;14:00:00;4960,50;4961,00;4955,00;4959,00;1722692430,00;34746
WDOM26;06/05/2026;13:45:00;4955,00;4963,50;4954,50;4961,00;2631229840,00;53057
WDOM26;06/05/2026;13:30:00;4953,00;4955,50;4952,00;4955,00;1356773540,00;27390
WDOM26;06/05/2026;13:15:00;4956,50;4957,50;4952,50;4952,50;1667223755,00;33648
WDOM26;06/05/2026;13:00:00;4957,00;4959,00;4956,00;4956,50;2190820580,00;44192
WDOM26;06/05/2026;12:45:00;4954,50;4957,00;4953,00;4957,00;1432777400,00;28917
WDOM26;06/05/2026;12:30:00;4956,50;4958,50;4954,00;4954,50;1521034675,00;30687
WDOM26;06/05/2026;12:15:00;4955,00;4957,00;4954,50;4957,00;1344022785,00;27120
WDOM26;06/05/2026;12:00:00;4953,00;4957,50;4952,00;4954,50;3437975440,00;69388
WDOM26;06/05/2026;11:45:00;4948,00;4955,00;4946,50;4953,00;3384021110,00;68351
WDOM26;06/05/2026;11:30:00;4961,00;4961,50;4948,00;4948,50;5469784380,00;110410
WDOM26;06/05/2026;11:15:00;4960,00;4964,50;4958,50;4961,50;3830842750,00;77205
WDOM26;06/05/2026;11:00:00;4959,00;4962,00;4953,00;4960,50;5751677990,00;116022
WDOM26;06/05/2026;10:45:00;4951,00;4959,50;4951,00;4959,50;3915608875,00;79016
WDOM26;06/05/2026;10:30:00;4951,00;4957,50;4947,00;4951,00;4493614605,00;90746
WDOM26;06/05/2026;10:15:00;4947,00;4952,50;4945,00;4950,50;3593172530,00;72604
WDOM26;06/05/2026;10:00:00;4956,50;4961,00;4947,00;4947,00;8004511695,00;161518
WDOM26;06/05/2026;09:45:00;4950,00;4958,00;4949,00;4956,50;3932607355,00;79384
WDOM26;06/05/2026;09:30:00;4937,50;4954,50;4933,50;4950,50;9858706345,00;199372
WDOM26;06/05/2026;09:15:00;4948,00;4955,50;4936,50;4937,50;9852835890,00;199199
WDOM26;06/05/2026;09:00:00;4915,00;4951,50;4914,00;4948,00;1,463517049E10;296650
WDOM26;05/05/2026;18:15:00;4940,00;4942,00;4938,00;4939,50;855555955,00;17319
WDOM26;05/05/2026;18:00:00;4942,50;4943,00;4938,00;4939,50;532524765,00;10781
WDOM26;05/05/2026;17:45:00;4944,00;4944,00;4941,00;4942,50;765774365,00;15494
WDOM26;05/05/2026;17:30:00;4944,00;4945,00;4943,50;4943,50;953187495,00;19279
WDOM26;05/05/2026;17:15:00;4945,00;4946,00;4942,00;4944,00;1012305390,00;20475
WDOM26;05/05/2026;17:00:00;4944,50;4945,50;4943,00;4944,50;785937005,00;15896
WDOM26;05/05/2026;16:45:00;4945,00;4946,50;4943,50;4944,50;1683781495,00;34049
WDOM26;05/05/2026;16:30:00;4944,00;4945,50;4943,00;4945,00;1429530135,00;28911
WDOM26;05/05/2026;16:15:00;4944,00;4944,50;4942,50;4943,50;1174936250,00;23768
WDOM26;05/05/2026;16:00:00;4942,50;4945,00;4942,50;4944,00;1169838330,00;23662
WDOM26;05/05/2026;15:45:00;4939,50;4943,50;4939,00;4943,00;2243123975,00;45391
WDOM26;05/05/2026;15:30:00;4938,50;4940,00;4938,00;4939,50;910576840,00;18436
WDOM26;05/05/2026;15:15:00;4944,00;4944,00;4937,50;4938,50;3185784330,00;64486
WDOM26;05/05/2026;15:00:00;4946,50;4947,50;4943,00;4944,00;1866473195,00;37746
WDOM26;05/05/2026;14:45:00;4946,00;4947,00;4944,00;4946,50;1318002215,00;26651
WDOM26;05/05/2026;14:30:00;4946,00;4947,50;4944,50;4946,50;1370711160,00;27713
WDOM26;05/05/2026;14:15:00;4945,50;4947,50;4945,50;4946,50;1043815280,00;21103
WDOM26;05/05/2026;14:00:00;4943,50;4947,50;4943,00;4946,00;1825644340,00;36918
WDOM26;05/05/2026;13:45:00;4942,00;4944,50;4940,00;4944,00;2186719255,00;44247
WDOM26;05/05/2026;13:30:00;4947,00;4948,00;4940,50;4942,00;2915662940,00;58984
WDOM26;05/05/2026;13:15:00;4944,00;4948,50;4943,50;4947,50;2018379990,00;40808
WDOM26;05/05/2026;13:00:00;4943,00;4944,00;4942,00;4943,50;2554591950,00;51683
WDOM26;05/05/2026;12:45:00;4943,00;4944,50;4942,00;4942,50;1753395125,00;35471
WDOM26;05/05/2026;12:30:00;4948,50;4948,50;4942,00;4942,50;3368501840,00;68126
WDOM26;05/05/2026;12:15:00;4951,00;4951,50;4947,00;4948,00;4282677840,00;86534
WDOM26;05/05/2026;12:00:00;4955,50;4957,00;4950,50;4951,00;3957384420,00;79869
WDOM26;05/05/2026;11:45:00;4955,50;4958,00;4954,00;4955,50;3113858955,00;62829
WDOM26;05/05/2026;11:30:00;4955,00;4958,00;4954,00;4955,50;4115724250,00;83043
WDOM26;05/05/2026;11:15:00;4959,00;4961,50;4953,00;4955,00;5973071150,00;120486
WDOM26;05/05/2026;11:00:00;4960,50;4960,50;4955,50;4959,00;6118135665,00;123410
WDOM26;05/05/2026;10:45:00;4963,00;4963,50;4958,50;4960,00;3173203010,00;63968
WDOM26;05/05/2026;10:30:00;4961,50;4965,50;4960,50;4962,50;4693536550,00;94568
WDOM26;05/05/2026;10:15:00;4966,00;4967,00;4958,50;4961,50;5168285330,00;104162
WDOM26;05/05/2026;10:00:00;4969,00;4970,00;4963,00;4966,50;5115049130,00;102993
WDOM26;05/05/2026;09:45:00;4971,50;4974,50;4968,00;4969,50;2844948510,00;57233
WDOM26;05/05/2026;09:30:00;4969,50;4976,50;4969,00;4971,00;3414443750,00;68657
WDOM26;05/05/2026;09:15:00;4979,00;4982,00;4969,00;4969,50;5854632170,00;117661
WDOM26;05/05/2026;09:00:00;4980,50;4985,00;4976,00;4979,00;6169782320,00;123864
WDOM26;04/05/2026;18:15:00;4996,50;4998,50;4994,00;4998,50;466147460,00;9330
WDOM26;04/05/2026;18:00:00;4996,50;4998,50;4995,00;4996,50;563176375,00;11271
WDOM26;04/05/2026;17:45:00;5002,00;5002,50;4996,50;4997,00;829398620,00;16590
WDOM26;04/05/2026;17:30:00;5004,50;5006,00;5001,00;5001,50;856709120,00;17121
WDOM26;04/05/2026;17:15:00;5001,00;5007,00;5000,50;5004,00;1551293765,00;30999
WDOM26;04/05/2026;17:00:00;5002,00;5002,50;5000,00;5001,00;1445747900,00;28908
WDOM26;04/05/2026;16:45:00;5002,00;5003,50;5000,00;5002,50;1402779680,00;28047
WDOM26;04/05/2026;16:30:00;5001,50;5002,50;5000,50;5001,50;949362310,00;18982
WDOM26;04/05/2026;16:15:00;5001,00;5004,50;5000,50;5002,00;1418286725,00;28353
WDOM26;04/05/2026;16:00:00;5001,00;5003,00;4998,00;5001,00;2428851690,00;48569
WDOM26;04/05/2026;15:45:00;5003,50;5005,00;5000,50;5001,00;2262734600,00;45226
WDOM26;04/05/2026;15:30:00;5000,50;5003,50;5000,00;5003,50;1116281610,00;22316
WDOM26;04/05/2026;15:15:00;5000,00;5005,00;5000,00;5000,50;1698839665,00;33958
WDOM26;04/05/2026;15:00:00;5002,00;5002,50;4998,00;5000,50;1593839575,00;31877
WDOM26;04/05/2026;14:45:00;5003,00;5004,00;5000,00;5002,00;1207222515,00;24136
WDOM26;04/05/2026;14:30:00;5005,00;5006,50;5002,00;5003,00;2110668400,00;42175
WDOM26;04/05/2026;14:15:00;5006,00;5006,50;5001,50;5005,00;2656353355,00;53085
WDOM26;04/05/2026;14:00:00;5016,00;5016,50;5005,50;5006,00;2911443530,00;58104
WDOM26;04/05/2026;13:45:00;5009,50;5017,00;5008,50;5016,00;3675366265,00;73311
WDOM26;04/05/2026;13:30:00;5006,00;5011,00;5002,50;5010,00;4355307860,00;86992
WDOM26;04/05/2026;13:15:00;5009,50;5013,00;5002,50;5006,00;6170215880,00;123232
WDOM26;04/05/2026;13:00:00;5001,00;5010,00;4999,50;5010,00;5233469315,00;104556
WDOM26;04/05/2026;12:45:00;4990,50;5003,50;4989,50;5001,00;7158691175,00;143239
WDOM26;04/05/2026;12:30:00;4986,50;4994,00;4986,50;4990,50;2584917605,00;51792
WDOM26;04/05/2026;12:15:00;4986,50;4994,50;4981,50;4986,50;6682891985,00;133964
WDOM26;04/05/2026;12:00:00;4986,50;4989,00;4983,50;4986,50;3144203065,00;63053
WDOM26;04/05/2026;11:45:00;4983,00;4987,00;4982,50;4986,50;2785918995,00;55886
WDOM26;04/05/2026;11:30:00;4986,50;4987,00;4981,50;4983,50;2721345035,00;54604
WDOM26;04/05/2026;11:15:00;4987,50;4988,50;4983,50;4986,00;2804898180,00;56260
WDOM26;04/05/2026;11:00:00;4991,50;4994,50;4986,50;4987,50;4988600665,00;99944
WDOM26;04/05/2026;10:45:00;4983,00;4991,50;4982,00;4991,50;2747231875,00;55085
WDOM26;04/05/2026;10:30:00;4994,50;4996,00;4982,50;4983,50;5012323215,00;100479
WDOM26;04/05/2026;10:15:00;4989,00;4995,00;4988,50;4994,50;2304546400,00;46165
WDOM26;04/05/2026;10:00:00;4986,50;4993,50;4986,00;4989,00;5374116710,00;107712
WDOM26;04/05/2026;09:45:00;4988,50;4989,00;4981,50;4986,50;3352052580,00;67251
WDOM26;04/05/2026;09:30:00;4986,00;4990,00;4984,50;4988,50;3178825825,00;63735
WDOM26;04/05/2026;09:15:00;4999,00;5001,00;4983,50;4986,00;5237816260,00;104968
WDOM26;04/05/2026;09:00:00;4996,50;5002,50;4995,00;4999,50;5248573125,00;104995
WDOM26;30/04/2026;18:15:00;4992,00;4995,00;4975,00;4980,00;1266062175,00;25384
WDOM26;30/04/2026;18:00:00;4990,50;4993,00;4988,50;4991,50;535663550,00;10735
WDOM26;30/04/2026;17:45:00;4992,50;4993,00;4989,50;4990,50;917947920,00;18392
WDOM26;30/04/2026;17:30:00;4992,00;4995,00;4991,50;4992,50;1235900290,00;24750
WDOM26;30/04/2026;17:15:00;4989,00;4993,50;4987,50;4991,50;1346982895,00;26992
WDOM26;30/04/2026;17:00:00;4989,00;4990,50;4987,00;4989,50;1300761440,00;26074
WDOM26;30/04/2026;16:45:00;4990,50;4991,00;4986,50;4988,50;1579712090,00;31666
WDOM26;30/04/2026;16:30:00;4992,00;4993,00;4989,50;4991,00;1410489960,00;28258
WDOM26;30/04/2026;16:15:00;4991,50;4993,50;4990,50;4992,50;1594388855,00;31939
WDOM26;30/04/2026;16:00:00;4991,50;4992,00;4988,00;4991,00;2492656010,00;49954
WDOM26;30/04/2026;15:45:00;4996,50;4996,50;4990,50;4992,00;2746241730,00;55002
WDOM26;30/04/2026;15:30:00;4999,00;4999,00;4995,00;4996,00;1816230000,00;36348
WDOM26;30/04/2026;15:15:00;4999,00;4999,50;4997,00;4999,00;1765105145,00;35315
WDOM26;30/04/2026;15:00:00;5001,50;5002,00;4998,00;4999,00;1426401700,00;28533
WDOM26;30/04/2026;14:45:00;5001,00;5003,50;4998,00;5002,00;2568855800,00;51363
WDOM26;30/04/2026;14:30:00;5004,50;5005,00;4999,00;5001,50;3526714535,00;70513
WDOM26;30/04/2026;14:15:00;5008,50;5010,00;5003,00;5004,50;3093078940,00;61792
WDOM26;30/04/2026;14:00:00;5012,50;5014,00;5008,50;5009,00;2133572505,00;42582
WDOM26;30/04/2026;13:45:00;5013,00;5015,50;5010,50;5013,00;1559027335,00;31099
WDOM26;30/04/2026;13:30:00;5017,00;5018,00;5011,00;5013,50;1910989625,00;38108
WDOM26;30/04/2026;13:15:00;5018,00;5022,00;5017,00;5017,00;4346440235,00;86584
WDOM26;30/04/2026;13:00:00;5015,50;5019,00;5014,50;5017,50;3159036515,00;62966
WDOM26;30/04/2026;12:45:00;5009,50;5016,00;5009,00;5015,50;3108470035,00;62019
WDOM26;30/04/2026;12:30:00;5011,50;5012,00;5007,00;5009,50;2848887465,00;56869
WDOM26;30/04/2026;12:15:00;5012,00;5016,50;5008,00;5011,50;3422176465,00;68278
WDOM26;30/04/2026;12:00:00;5018,50;5020,50;5010,50;5012,50;7417873325,00;147850
WDOM26;30/04/2026;11:45:00;5018,00;5019,50;5011,00;5018,50;6172014400,00;123059
WDOM26;30/04/2026;11:30:00;5017,00;5024,00;5010,00;5018,50;7888796340,00;157236
WDOM26;30/04/2026;11:15:00;5030,00;5031,50;5015,50;5017,00;7204131615,00;143386
WDOM26;30/04/2026;11:00:00;5032,00;5035,50;5030,00;5030,50;6233480405,00;123864
WDOM26;30/04/2026;10:45:00;5025,00;5032,50;5023,50;5032,00;4479496770,00;89095
WDOM26;30/04/2026;10:30:00;5023,00;5027,00;5018,00;5024,50;3801787805,00;75682
WDOM26;30/04/2026;10:15:00;5022,00;5026,00;5020,00;5022,50;4540488975,00;90395
WDOM26;30/04/2026;10:00:00;5025,50;5030,00;5021,00;5022,00;6973290950,00;138721
WDOM26;30/04/2026;09:45:00;5023,50;5026,00;5012,00;5025,00;5186994885,00;103356
WDOM26;30/04/2026;09:30:00;5019,50;5025,00;5015,50;5024,00;5157956080,00;102728
WDOM26;30/04/2026;09:15:00;5016,00;5020,00;5014,00;5019,50;3179615545,00;63366
WDOM26;30/04/2026;09:00:00;5030,00;5030,00;5008,00;5015,50;8011378195,00;159702
WDOM26;29/04/2026;18:15:00;5038,50;5039,00;5031,00;5036,00;92834220,00;1844
WDOM26;29/04/2026;18:00:00;5035,00;5040,50;5035,00;5038,50;90013490,00;1787
WDOM26;29/04/2026;17:45:00;5037,50;5038,50;5032,50;5035,00;99415080,00;1974
WDOM26;29/04/2026;17:30:00;5041,50;5042,00;5036,50;5037,50;60064615,00;1192
WDOM26;29/04/2026;17:15:00;5042,00;5046,50;5041,00;5041,00;129118650,00;2560
WDOM26;29/04/2026;17:00:00;5039,50;5043,50;5035,00;5042,50;150405865,00;2984
WDOM26;29/04/2026;16:45:00;5040,00;5043,00;5038,50;5040,00;45569340,00;904
WDOM26;29/04/2026;16:30:00;5044,00;5046,50;5038,00;5040,50;94599365,00;1876
WDOM26;29/04/2026;16:15:00;5042,50;5045,50;5040,50;5044,50;104233965,00;2067
WDOM26;29/04/2026;16:00:00;5046,50;5050,50;5042,50;5042,50;419986280,00;8321
WDOM26;29/04/2026;15:45:00;5042,00;5050,00;5041,50;5047,00;688260580,00;13637
WDOM26;29/04/2026;15:30:00;5039,50;5042,50;5034,00;5042,00;123612725,00;2453
WDOM26;29/04/2026;15:15:00;5040,00;5040,50;5036,50;5039,50;79596625,00;1580
WDOM26;29/04/2026;15:00:00;5033,50;5043,00;5033,00;5040,00;109551765,00;2174
WDOM26;29/04/2026;14:45:00;5035,50;5036,00;5030,00;5033,50;69603755,00;1383
WDOM26;29/04/2026;14:30:00;5035,50;5037,50;5033,50;5035,50;99216705,00;1970
WDOM26;29/04/2026;14:15:00;5037,50;5039,50;5034,50;5036,00;118053915,00;2344
WDOM26;29/04/2026;14:00:00;5040,00;5041,00;5037,00;5038,00;103288560,00;2050
WDOM26;29/04/2026;13:45:00;5038,50;5041,50;5037,50;5040,00;128197385,00;2544
WDOM26;29/04/2026;13:30:00;5037,50;5040,00;5036,50;5038,50;151711500,00;3011
WDOM26;29/04/2026;13:15:00;5036,00;5037,00;5034,00;5037,00;73825995,00;1466
WDOM26;29/04/2026;13:00:00;5036,50;5038,00;5034,50;5036,00;68845455,00;1367
WDOM26;29/04/2026;12:45:00;5035,00;5042,00;5032,50;5036,00;126572985,00;2512
WDOM26;29/04/2026;12:30:00;5035,00;5036,50;5033,50;5034,50;59062380,00;1173
WDOM26;29/04/2026;12:15:00;5039,00;5039,00;5034,00;5035,00;58417295,00;1160
WDOM26;29/04/2026;12:00:00;5032,50;5040,00;5031,00;5039,00;106181600,00;2108
WDOM26;29/04/2026;11:45:00;5034,00;5037,50;5032,00;5033,00;26682640,00;530
WDOM26;29/04/2026;11:30:00;5036,50;5038,00;5032,50;5033,50;56805150,00;1128
WDOM26;29/04/2026;11:15:00;5033,00;5037,00;5031,00;5036,50;96431530,00;1916
WDOM26;29/04/2026;11:00:00;5039,50;5044,00;5032,00;5032,50;333887425,00;6624
WDOM26;29/04/2026;10:45:00;5040,00;5041,50;5037,50;5039,50;193179185,00;3833
WDOM26;29/04/2026;10:30:00;5035,00;5040,50;5034,50;5039,50;91774505,00;1822
WDOM26;29/04/2026;10:15:00;5028,50;5035,00;5027,50;5035,00;79297925,00;1576
WDOM26;29/04/2026;10:00:00;5031,00;5033,00;5027,50;5028,00;66658135,00;1325
WDOM26;29/04/2026;09:45:00;5032,00;5036,50;5030,50;5031,00;52901720,00;1051
WDOM26;29/04/2026;09:30:00;5027,00;5037,50;5027,00;5031,50;175005175,00;3478
WDOM26;29/04/2026;09:15:00;5019,50;5028,00;5018,50;5027,00;195703980,00;3896
WDOM26;29/04/2026;09:00:00;5012,50;5024,00;5012,50;5020,50;138687840,00;2762
WDOM26;28/04/2026;18:15:00;5011,50;5014,50;5011,00;5013,50;14535790,00;290
WDOM26;28/04/2026;18:00:00;5012,00;5012,50;5011,50;5011,50;92220315,00;1840
WDOM26;28/04/2026;17:45:00;5012,50;5013,50;5012,00;5013,00;37239985,00;743
WDOM26;28/04/2026;17:30:00;5014,50;5017,00;5013,00;5013,00;24019945,00;479
WDOM26;28/04/2026;17:15:00;5020,00;5021,00;5014,50;5014,50;14252785,00;284
WDOM26;28/04/2026;17:00:00;5020,00;5020,50;5019,00;5019,00;16414675,00;327
WDOM26;28/04/2026;16:45:00;5018,00;5020,00;5018,00;5019,50;37145550,00;740
WDOM26;28/04/2026;16:30:00;5017,50;5019,00;5017,00;5018,00;21428160,00;427
WDOM26;28/04/2026;16:15:00;5017,00;5018,50;5016,00;5018,50;16508705,00;329
WDOM26;28/04/2026;16:00:00;5015,50;5017,00;5014,50;5016,50;72269185,00;1441
WDOM26;28/04/2026;15:45:00;5011,50;5016,00;5010,00;5016,00;139934955,00;2791
WDOM26;28/04/2026;15:30:00;5011,50;5014,00;5010,00;5013,50;110854095,00;2212
WDOM26;28/04/2026;15:15:00;5019,50;5019,50;5011,00;5011,50;77013800,00;1536
WDOM26;28/04/2026;15:00:00;5021,00;5022,50;5019,50;5019,50;27565570,00;549
WDOM26;28/04/2026;14:45:00;5019,50;5021,50;5017,50;5021,50;30515890,00;608
WDOM26;28/04/2026;14:30:00;5020,00;5020,00;5017,00;5019,00;18668795,00;372
WDOM26;28/04/2026;14:15:00;5018,00;5022,50;5018,00;5020,00;10291875,00;205
WDOM26;28/04/2026;14:00:00;5016,00;5018,50;5016,00;5018,00;16455775,00;328
WDOM26;28/04/2026;13:45:00;5020,00;5021,00;5013,50;5015,50;142148240,00;2833
WDOM26;28/04/2026;13:30:00;5021,50;5023,50;5020,00;5021,00;8385775,00;167
WDOM26;28/04/2026;13:15:00;5021,50;5025,50;5021,50;5021,50;17732600,00;353
WDOM26;28/04/2026;13:00:00;5025,00;5025,50;5018,00;5021,50;84505890,00;1683
WDOM26;28/04/2026;12:45:00;5029,00;5030,50;5025,50;5025,50;22124705,00;440
WDOM26;28/04/2026;12:30:00;5035,50;5037,00;5028,00;5028,50;40297205,00;801
WDOM26;28/04/2026;12:15:00;5041,50;5041,50;5032,50;5035,00;75161380,00;1492
WDOM26;28/04/2026;12:00:00;5049,00;5049,50;5040,50;5041,00;32988650,00;654
WDOM26;28/04/2026;11:45:00;5040,00;5053,50;5039,50;5049,50;71065920,00;1408
WDOM26;28/04/2026;11:30:00;5036,50;5042,00;5031,00;5040,00;40454565,00;803
WDOM26;28/04/2026;11:15:00;5029,00;5037,00;5026,00;5036,50;37893515,00;753
WDOM26;28/04/2026;11:00:00;5025,00;5029,50;5023,00;5029,00;31614790,00;629
WDOM26;28/04/2026;10:45:00;5022,00;5027,00;5021,00;5024,50;52542985,00;1046
WDOM26;28/04/2026;10:30:00;5023,00;5029,00;5020,50;5022,00;75950725,00;1512
WDOM26;28/04/2026;10:15:00;5024,50;5029,00;5022,50;5023,50;47095495,00;937
WDOM26;28/04/2026;10:00:00;5019,00;5025,50;5018,50;5023,50;61857375,00;1232
WDOM26;28/04/2026;09:45:00;5029,00;5029,00;5019,00;5019,00;104321605,00;2077
WDOM26;28/04/2026;09:30:00;5034,00;5037,50;5027,50;5028,50;43390490,00;862
WDOM26;28/04/2026;09:15:00;5037,50;5039,00;5030,50;5033,50;88976750,00;1767
WDOM26;28/04/2026;09:00:00;5031,00;5045,50;5031,00;5038,00;206784945,00;4102
WDOM26;27/04/2026;18:15:00;5021,00;5022,50;5018,50;5020,00;3213690,00;64
WDOM26;27/04/2026;18:00:00;5021,50;5022,00;5021,50;5022,00;251085,00;5
WDOM26;27/04/2026;17:45:00;5022,00;5023,00;5021,00;5021,50;1757565,00;35
WDOM26;27/04/2026;17:30:00;5021,00;5022,50;5021,00;5021,50;1104825,00;22
WDOM26;27/04/2026;17:15:00;5020,00;5023,00;5020,00;5021,50;4419385,00;88
WDOM26;27/04/2026;17:00:00;5021,00;5021,00;5020,50;5020,50;2359805,00;47
WDOM26;27/04/2026;16:45:00;5020,00;5021,50;5019,00;5021,50;9487570,00;189
WDOM26;27/04/2026;16:30:00;5019,50;5021,50;5019,50;5021,00;14006540,00;279
WDOM26;27/04/2026;16:15:00;5017,00;5019,00;5017,00;5018,50;2809955,00;56
WDOM26;27/04/2026;16:00:00;5015,00;5018,00;5014,50;5018,00;2257655,00;45
WDOM26;27/04/2026;15:45:00;5014,50;5016,50;5013,50;5015,50;5014775,00;100
WDOM26;27/04/2026;15:30:00;5008,50;5017,00;5008,50;5017,00;4362810,00;87
WDOM26;27/04/2026;15:15:00;5009,50;5010,00;5006,50;5007,00;2003210,00;40
WDOM26;27/04/2026;15:00:00;5011,00;5011,00;5008,00;5009,50;7313830,00;146
WDOM26;27/04/2026;14:45:00;5011,00;5012,00;5011,00;5012,00;2706125,00;54
WDOM26;27/04/2026;14:30:00;5012,00;5012,00;5009,50;5011,00;3457735,00;69
WDOM26;27/04/2026;14:15:00;5015,00;5016,50;5012,50;5012,50;6367780,00;127
WDOM26;27/04/2026;14:00:00;5013,00;5017,00;5013,00;5015,00;3310210,00;66
WDOM26;27/04/2026;13:45:00;5009,50;5015,00;5009,00;5013,00;4311385,00;86
WDOM26;27/04/2026;13:30:00;5008,00;5009,00;5007,00;5009,00;1151745,00;23
WDOM26;27/04/2026;13:15:00;5010,00;5010,00;5008,50;5009,00;3306040,00;66
WDOM26;27/04/2026;13:00:00;5009,00;5011,00;5009,00;5010,00;2054130,00;41
WDOM26;27/04/2026;12:45:00;5010,50;5013,50;5009,00;5009,50;5712850,00;114
WDOM26;27/04/2026;12:30:00;5011,00;5013,50;5008,50;5009,00;8568820,00;171
WDOM26;27/04/2026;12:15:00;5008,50;5012,50;5008,50;5012,50;801630,00;16
WDOM26;27/04/2026;12:00:00;5007,50;5010,50;5007,00;5010,00;6010795,00;120
WDOM26;27/04/2026;11:45:00;5012,00;5015,50;5008,00;5008,00;4961960,00;99
WDOM26;27/04/2026;11:30:00;5014,50;5014,50;5009,00;5010,00;4960220,00;99
WDOM26;27/04/2026;11:15:00;5015,00;5015,50;5011,50;5012,00;5063525,00;101
WDOM26;27/04/2026;11:00:00;5012,50;5016,00;5012,50;5015,50;4563055,00;91
WDOM26;27/04/2026;10:45:00;5011,00;5016,00;5011,00;5013,00;8122935,00;162
WDOM26;27/04/2026;10:30:00;5009,00;5013,50;5008,00;5010,00;14480915,00;289
WDOM26;27/04/2026;10:15:00;5007,50;5008,50;5004,00;5008,00;4255195,00;85
WDOM26;27/04/2026;10:00:00;5012,50;5014,00;5004,00;5008,50;20934970,00;418
WDOM26;27/04/2026;09:45:00;5010,50;5013,00;5008,00;5012,00;10773520,00;215
WDOM26;27/04/2026;09:30:00;5009,00;5012,00;5006,00;5010,00;7413005,00;148
WDOM26;27/04/2026;09:15:00;5008,50;5013,50;5005,50;5009,00;8866475,00;177
WDOM26;27/04/2026;09:00:00;5024,50;5024,50;5007,50;5008,50;25072435,00;500
WDOM26;24/04/2026;18:15:00;5022,00;5029,00;5021,00;5027,00;2512390,00;50
WDOM26;24/04/2026;18:00:00;5022,50;5022,50;5021,00;5022,50;753215,00;15
WDOM26;24/04/2026;17:45:00;5021,00;5023,00;5020,50;5023,00;6980415,00;139
WDOM26;24/04/2026;17:30:00;5033,50;5033,50;5020,00;5020,00;23129290,00;460
WDOM26;24/04/2026;17:15:00;5032,00;5035,50;5032,00;5035,00;1862650,00;37
WDOM26;24/04/2026;17:00:00;5041,00;5041,00;5032,50;5032,50;11178840,00;222
WDOM26;24/04/2026;16:45:00;5040,50;5042,00;5040,50;5041,00;1714095,00;34
WDOM26;24/04/2026;16:30:00;5039,50;5040,00;5038,50;5039,50;1310250,00;26
WDOM26;24/04/2026;16:15:00;5039,00;5042,00;5039,00;5040,00;1663325,00;33
WDOM26;24/04/2026;16:00:00;5043,00;5043,00;5036,50;5038,00;17789380,00;353
WDOM26;24/04/2026;15:45:00;5043,00;5044,50;5042,50;5042,50;3984390,00;79
WDOM26;24/04/2026;15:30:00;5050,00;5050,00;5042,00;5043,50;2824595,00;56
WDOM26;24/04/2026;15:15:00;5048,00;5053,00;5048,00;5050,50;4747830,00;94
WDOM26;24/04/2026;15:00:00;5050,00;5050,00;5047,50;5049,00;5553055,00;110
WDOM26;24/04/2026;14:45:00;5047,00;5048,50;5044,50;5048,50;6660630,00;132
WDOM26;24/04/2026;14:30:00;5049,00;5049,00;5047,50;5047,50;2877570,00;57
WDOM26;24/04/2026;14:15:00;5051,00;5051,00;5047,00;5047,50;807840,00;16
WDOM26;24/04/2026;14:00:00;5050,50;5050,50;5047,00;5049,00;3483740,00;69
WDOM26;24/04/2026;13:45:00;5051,50;5051,50;5050,00;5051,00;2121465,00;42
WDOM26;24/04/2026;13:30:00;5046,50;5054,50;5045,00;5053,00;2777140,00;55
WDOM26;24/04/2026;13:15:00;5046,00;5050,50;5046,00;5047,50;10502330,00;208
WDOM26;24/04/2026;13:00:00;5040,00;5047,00;5038,50;5046,50;11342335,00;225
WDOM26;24/04/2026;12:45:00;5041,50;5042,50;5039,00;5040,00;14165040,00;281
WDOM26;24/04/2026;12:30:00;5046,50;5047,50;5040,00;5041,50;12656785,00;251
WDOM26;24/04/2026;12:15:00;5049,00;5050,50;5048,00;5048,50;13230330,00;262
WDOM26;24/04/2026;12:00:00;5054,00;5055,00;5048,00;5048,50;17325025,00;343
WDOM26;24/04/2026;11:45:00;5056,50;5059,50;5054,50;5054,50;7990940,00;158
WDOM26;24/04/2026;11:30:00;5061,50;5061,50;5055,00;5056,00;3893760,00;77
WDOM26;24/04/2026;11:15:00;5055,50;5061,00;5052,00;5061,00;6069435,00;120
WDOM26;24/04/2026;11:00:00;5061,00;5062,50;5054,00;5056,00;10368245,00;205
WDOM26;24/04/2026;10:45:00;5057,50;5060,50;5055,00;5058,50;5160365,00;102
WDOM26;24/04/2026;10:30:00;5056,00;5066,00;5054,50;5057,50;33153245,00;655
WDOM26;24/04/2026;10:15:00;5050,50;5056,00;5050,50;5054,00;9147620,00;181
WDOM26;24/04/2026;10:00:00;5046,50;5050,00;5045,00;5050,00;13120685,00;260
WDOM26;24/04/2026;09:45:00;5058,00;5061,00;5046,50;5046,50;30181670,00;597
WDOM26;24/04/2026;09:30:00;5043,00;5057,00;5043,00;5056,50;22583780,00;447
WDOM26;24/04/2026;09:15:00;5039,50;5046,00;5038,50;5042,00;10438115,00;207
WDOM26;24/04/2026;09:00:00;5051,00;5052,00;5035,50;5039,50;36156565,00;717
WDOM26;23/04/2026;18:15:00;5067,00;5074,50;5067,00;5071,00;15817990,00;312
WDOM26;23/04/2026;18:00:00;5061,00;5068,50;5059,50;5067,00;2734640,00;54
WDOM26;23/04/2026;17:45:00;5053,50;5065,50;5052,50;5064,50;13508090,00;267
WDOM26;23/04/2026;17:30:00;5052,00;5054,00;5050,00;5054,00;6012535,00;119
WDOM26;23/04/2026;17:15:00;5043,00;5053,50;5038,50;5051,50;32451595,00;643
WDOM26;23/04/2026;17:00:00;5046,00;5046,50;5041,00;5045,00;9987180,00;198
WDOM26;23/04/2026;16:45:00;5051,50;5052,00;5046,00;5046,00;12774765,00;253
WDOM26;23/04/2026;16:30:00;5050,50;5059,50;5050,50;5052,50;14706120,00;291
WDOM26;23/04/2026;16:15:00;5036,50;5051,50;5036,50;5050,50;36522400,00;724
WDOM26;23/04/2026;16:00:00;5031,00;5039,50;5030,50;5036,50;6446460,00;128
WDOM26;23/04/2026;15:45:00;5021,00;5033,00;5021,00;5031,00;14534765,00;289
WDOM26;23/04/2026;15:30:00;5015,00;5022,50;5015,00;5022,50;1856615,00;37
WDOM26;23/04/2026;15:15:00;5015,50;5017,50;5014,00;5015,00;7323265,00;146
WDOM26;23/04/2026;15:00:00;5022,00;5023,50;5015,50;5017,50;7478895,00;149
WDOM26;23/04/2026;14:45:00;5031,50;5036,00;5022,00;5022,50;30311355,00;603
WDOM26;23/04/2026;14:30:00;5009,00;5034,50;5007,50;5031,50;16428695,00;327
WDOM26;23/04/2026;14:15:00;5012,00;5014,50;5008,00;5011,50;6865200,00;137
WDOM26;23/04/2026;14:00:00;4998,00;5017,00;4997,50;5011,50;21299895,00;425
WDOM26;23/04/2026;13:45:00;4996,50;4999,50;4996,00;4998,50;1349580,00;27
WDOM26;23/04/2026;13:30:00;4997,00;4999,50;4997,00;4998,00;1749475,00;35
WDOM26;23/04/2026;13:15:00;4996,50;4997,50;4994,50;4997,50;2247955,00;45
WDOM26;23/04/2026;13:00:00;4997,00;4998,50;4995,00;4997,00;25381610,00;508
WDOM26;23/04/2026;12:45:00;4990,00;4997,00;4990,00;4996,50;32857515,00;658
WDOM26;23/04/2026;12:30:00;4984,00;4990,50;4984,00;4988,50;6084110,00;122
WDOM26;23/04/2026;12:15:00;4983,50;4988,50;4982,50;4984,00;10568300,00;212
WDOM26;23/04/2026;12:00:00;4994,50;4994,50;4982,00;4982,00;20647595,00;414
WDOM26;23/04/2026;11:45:00;4999,50;4999,50;4994,50;4996,50;6145055,00;123
WDOM26;23/04/2026;11:30:00;4994,00;5000,50;4994,00;4999,00;10743910,00;215
WDOM26;23/04/2026;11:15:00;4995,00;4995,00;4990,00;4995,00;13227455,00;265
WDOM26;23/04/2026;11:00:00;4996,50;4999,50;4992,50;4995,50;11490640,00;230
WDOM26;23/04/2026;10:45:00;4997,50;5000,00;4993,50;4993,50;4246800,00;85
WDOM26;23/04/2026;10:30:00;5000,00;5000,50;4996,00;4997,00;9897195,00;198
WDOM26;23/04/2026;10:15:00;5003,00;5003,50;4997,00;4999,00;7949775,00;159
WDOM26;23/04/2026;10:00:00;4993,50;5002,50;4993,50;5002,50;15747590,00;315
WDOM26;23/04/2026;09:45:00;4995,00;4998,00;4990,00;4994,00;8690060,00;174
WDOM26;23/04/2026;09:30:00;5003,00;5003,50;4988,50;4993,50;24823960,00;497
WDOM26;23/04/2026;09:15:00;5004,00;5012,50;4999,00;5002,00;28792765,00;575
WDOM26;23/04/2026;09:00:00;5010,00;5011,50;5001,50;5004,50;23980105,00;479
WDOM26;22/04/2026;18:15:00;5009,50;5011,50;5008,00;5008,00;1552840,00;31
WDOM26;22/04/2026;18:00:00;5008,50;5010,50;5008,50;5009,50;1052045,00;21
WDOM26;22/04/2026;17:45:00;5007,00;5007,00;5003,00;5006,50;7056615,00;141
WDOM26;22/04/2026;17:30:00;5015,50;5015,50;5007,00;5008,00;5360685,00;107
WDOM26;22/04/2026;17:15:00;5015,50;5019,50;5015,00;5016,00;1003345,00;20
WDOM26;22/04/2026;17:00:00;5016,00;5017,50;5015,50;5016,00;1153790,00;23
WDOM26;22/04/2026;16:45:00;5015,50;5016,00;5014,50;5015,50;1253795,00;25
WDOM26;22/04/2026;16:30:00;5015,00;5016,00;5013,50;5015,00;1354040,00;27
WDOM26;22/04/2026;16:15:00;5012,50;5013,50;5011,00;5013,50;1152960,00;23
WDOM26;22/04/2026;16:00:00;5012,00;5013,00;5011,00;5012,50;451085,00;9
WDOM26;22/04/2026;15:45:00;5009,00;5010,00;5009,00;5010,00;551090,00;11
WDOM26;22/04/2026;15:30:00;5009,00;5011,50;5009,00;5010,00;1352650,00;27
WDOM26;22/04/2026;15:15:00;5006,00;5008,00;5006,00;5008,00;200280,00;4
WDOM26;22/04/2026;15:00:00;5008,50;5008,50;5006,00;5006,00;1352135,00;27
WDOM26;22/04/2026;14:45:00;5007,50;5008,50;5007,50;5008,50;1101735,00;22
WDOM26;22/04/2026;14:30:00;5008,00;5008,00;5006,00;5008,00;3004275,00;60
WDOM26;22/04/2026;14:15:00;5011,50;5011,50;5007,50;5008,50;1803135,00;36
WDOM26;22/04/2026;14:00:00;5015,00;5015,50;5012,50;5013,00;1052950,00;21
WDOM26;22/04/2026;13:45:00;5014,00;5016,00;5013,50;5015,00;1404130,00;28
WDOM26;22/04/2026;13:30:00;5013,50;5015,50;5012,50;5013,50;2607000,00;52
WDOM26;22/04/2026;13:15:00;5010,00;5013,00;5010,00;5013,00;1804535,00;36
WDOM26;22/04/2026;13:00:00;5008,50;5008,50;5007,00;5007,00;600960,00;12
WDOM26;22/04/2026;12:45:00;5012,50;5012,50;5009,00;5010,00;901820,00;18
WDOM26;22/04/2026;12:30:00;5010,00;5014,00;5010,00;5014,00;3659645,00;73
WDOM26;22/04/2026;12:15:00;5009,00;5010,50;5008,00;5009,50;1252305,00;25
WDOM26;22/04/2026;12:00:00;5009,00;5012,00;5006,50;5007,50;3005225,00;60
WDOM26;22/04/2026;11:45:00;5013,00;5013,50;5008,00;5008,50;21145255,00;422
WDOM26;22/04/2026;11:30:00;5000,50;5014,00;5000,00;5014,00;27637595,00;552
WDOM26;22/04/2026;11:15:00;5001,00;5003,50;5000,00;5001,50;6252380,00;125
WDOM26;22/04/2026;11:00:00;5001,00;5002,50;4998,00;5001,00;7150355,00;143
WDOM26;22/04/2026;10:45:00;5005,50;5005,50;5001,50;5001,50;2551815,00;51
WDOM26;22/04/2026;10:30:00;5004,00;5008,50;5002,50;5006,50;5055475,00;101
WDOM26;22/04/2026;10:15:00;5009,00;5009,00;5001,00;5002,50;18163505,00;363
WDOM26;22/04/2026;10:00:00;5014,00;5017,00;5009,50;5009,50;5313355,00;106
WDOM26;22/04/2026;09:45:00;5021,00;5022,00;5013,50;5014,50;4164270,00;83
WDOM26;22/04/2026;09:30:00;5026,00;5026,00;5021,00;5022,00;2862870,00;57
WDOM26;22/04/2026;09:15:00;5025,00;5031,50;5017,50;5024,00;12757455,00;254
WDOM26;22/04/2026;09:00:00;5010,00;5025,00;5006,50;5025,00;16899485,00;337
WDOM26;20/04/2026;18:15:00;5005,50;5005,50;4995,00;4995,00;5001160,00;100
WDOM26;20/04/2026;18:00:00;5010,00;5010,00;5006,00;5006,00;11966870,00;239
WDOM26;20/04/2026;17:45:00;5013,50;5013,50;5010,00;5010,50;1002255,00;20
WDOM26;20/04/2026;17:30:00;5017,50;5017,50;5014,00;5014,00;952905,00;19
WDOM26;20/04/2026;17:15:00;5018,00;5018,00;5017,00;5017,00;150525,00;3
WDOM26;20/04/2026;17:00:00;5018,00;5018,00;5017,00;5017,50;551930,00;11
WDOM26;20/04/2026;16:45:00;5018,50;5019,00;5018,00;5018,00;301100,00;6
WDOM26;20/04/2026;16:30:00;5018,00;5018,50;5017,50;5018,50;802860,00;16
WDOM26;20/04/2026;16:15:00;5017,50;5018,50;5017,00;5018,50;5920225,00;118
WDOM26;20/04/2026;16:00:00;5021,00;5021,00;5020,00;5021,00;200825,00;4
WDOM26;20/04/2026;15:45:00;5019,00;5021,00;5019,00;5021,00;100400,00;2
WDOM26;20/04/2026;15:30:00;5016,50;5017,50;5016,50;5017,50;200680,00;4
WDOM26;20/04/2026;15:15:00;5019,00;5019,00;5016,00;5016,50;953235,00;19
WDOM26;20/04/2026;15:00:00;5024,00;5024,00;5016,50;5017,50;4467450,00;89
WDOM26;20/04/2026;14:45:00;5028,00;5028,00;5025,00;5025,00;804295,00;16
WDOM26;20/04/2026;14:30:00;5028,50;5029,00;5027,50;5029,00;603400,00;12
WDOM26;20/04/2026;14:15:00;5027,00;5029,00;5027,00;5028,00;402245,00;8
WDOM26;20/04/2026;14:00:00;5026,50;5027,50;5026,50;5026,50;201070,00;4
WDOM26;20/04/2026;13:45:00;5029,50;5029,50;5028,00;5028,00;301715,00;6
WDOM26;20/04/2026;13:30:00;5028,00;5030,00;5028,00;5029,50;804755,00;16
WDOM26;20/04/2026;13:15:00;5028,00;5029,00;5028,00;5028,00;251415,00;5
WDOM26;20/04/2026;13:00:00;5026,50;5028,50;5026,50;5027,50;251385,00;5
WDOM26;20/04/2026;12:45:00;5025,50;5026,50;5025,50;5026,50;100520,00;2
WDOM26;20/04/2026;12:30:00;5025,00;5025,00;5024,00;5024,00;251230,00;5
WDOM26;20/04/2026;12:15:00;5027,50;5027,50;5024,00;5026,00;1608205,00;32
WDOM26;20/04/2026;12:00:00;5030,50;5031,00;5026,50;5027,50;703960,00;14
WDOM26;20/04/2026;11:45:00;5027,50;5033,50;5026,50;5029,50;2314200,00;46
WDOM26;20/04/2026;11:30:00;5026,00;5030,50;5026,00;5027,50;955490,00;19
WDOM26;20/04/2026;11:15:00;5030,00;5030,00;5025,00;5025,00;1055690,00;21
WDOM26;20/04/2026;11:00:00;5026,00;5031,00;5025,50;5029,00;1357835,00;27
WDOM26;20/04/2026;10:45:00;5022,00;5026,50;5021,00;5025,00;2663035,00;53
WDOM26;20/04/2026;10:30:00;5020,00;5023,50;5020,00;5020,50;7229515,00;144
WDOM26;20/04/2026;10:15:00;5025,50;5029,00;5019,00;5019,50;1657780,00;33
WDOM26;20/04/2026;10:00:00;5030,50;5031,50;5025,50;5027,00;1659505,00;33
WDOM26;20/04/2026;09:45:00;5025,50;5029,50;5025,50;5029,50;804470,00;16
WDOM26;20/04/2026;09:30:00;5028,00;5031,00;5028,00;5031,00;352010,00;7
WDOM26;20/04/2026;09:15:00;5029,00;5030,00;5029,00;5029,00;1005860,00;20
WDOM26;20/04/2026;09:00:00;5025,00;5030,00;5023,50;5028,00;13370580,00;266
WDOM26;17/04/2026;18:15:00;5027,50;5029,00;5024,50;5029,00;1860230,00;37
WDOM26;17/04/2026;18:00:00;5026,00;5027,00;5025,00;5026,00;954980,00;19
WDOM26;17/04/2026;17:45:00;5025,00;5026,00;5024,50;5025,00;1005040,00;20
WDOM26;17/04/2026;17:30:00;5024,00;5025,00;5024,00;5025,00;251210,00;5
WDOM26;17/04/2026;17:15:00;5026,00;5026,00;5024,00;5025,50;7034835,00;140
WDOM26;17/04/2026;17:00:00;5029,50;5031,00;5026,50;5026,50;1508765,00;30
WDOM26;17/04/2026;16:45:00;5027,50;5029,50;5026,50;5029,50;351940,00;7
WDOM26;17/04/2026;16:30:00;5029,00;5029,50;5027,50;5028,50;955365,00;19
WDOM26;17/04/2026;16:15:00;5028,50;5029,00;5027,00;5029,00;754265,00;15
WDOM26;17/04/2026;16:00:00;5031,50;5031,50;5028,00;5029,50;3420200,00;68
WDOM26;17/04/2026;15:45:00;5036,00;5037,50;5032,50;5033,00;1510635,00;30
WDOM26;17/04/2026;15:30:00;5034,50;5036,00;5034,50;5036,00;251770,00;5
WDOM26;17/04/2026;15:15:00;5036,00;5036,00;5033,50;5034,00;855890,00;17
WDOM26;17/04/2026;15:00:00;5033,50;5036,50;5033,50;5036,50;402795,00;8
WDOM26;17/04/2026;14:45:00;5035,50;5035,50;5033,00;5033,00;402730,00;8
WDOM26;17/04/2026;14:30:00;5035,50;5036,50;5035,00;5035,00;352480,00;7
WDOM26;17/04/2026;14:15:00;5033,50;5038,50;5033,50;5034,50;3726280,00;74
WDOM26;17/04/2026;14:00:00;5030,50;5037,50;5030,50;5036,00;4531755,00;90
WDOM26;17/04/2026;13:45:00;5031,00;5032,00;5031,00;5031,50;754675,00;15
WDOM26;17/04/2026;13:30:00;5028,50;5031,50;5028,50;5031,00;653925,00;13
WDOM26;17/04/2026;13:15:00;5026,50;5029,00;5026,00;5029,00;351890,00;7
WDOM26;17/04/2026;13:00:00;5028,00;5030,00;5026,50;5026,50;2363230,00;47
WDOM26;17/04/2026;12:45:00;5029,00;5030,00;5027,00;5028,50;4022515,00;80
WDOM26;17/04/2026;12:30:00;5033,00;5033,00;5026,50;5031,00;2313665,00;46
WDOM26;17/04/2026;12:15:00;5035,00;5037,50;5031,00;5033,50;9865060,00;196
WDOM26;17/04/2026;12:00:00;5024,50;5036,50;5021,50;5034,50;16186585,00;322
WDOM26;17/04/2026;11:45:00;5016,00;5025,00;5015,00;5024,50;18068950,00;360
WDOM26;17/04/2026;11:30:00;5013,50;5017,50;5010,50;5015,50;19803075,00;395
WDOM26;17/04/2026;11:15:00;5010,00;5013,50;5005,50;5011,00;13574745,00;271
WDOM26;17/04/2026;11:00:00;5009,00;5010,50;5006,50;5010,50;1853320,00;37
WDOM26;17/04/2026;10:45:00;5012,00;5016,50;5008,00;5008,50;3558955,00;71
WDOM26;17/04/2026;10:30:00;5010,50;5016,00;5010,50;5013,50;17196210,00;343
WDOM26;17/04/2026;10:15:00;5003,00;5013,00;4999,50;5010,00;58426845,00;1167
WDOM26;17/04/2026;10:00:00;5002,00;5003,00;4997,50;5000,50;10348005,00;207
WDOM26;17/04/2026;09:45:00;5009,00;5011,50;5000,50;5001,50;13011345,00;260
WDOM26;17/04/2026;09:30:00;5010,50;5011,00;5008,00;5010,50;4859375,00;97
WDOM26;17/04/2026;09:15:00;5020,00;5021,00;5009,50;5011,00;10632185,00;212
WDOM26;17/04/2026;09:00:00;5034,50;5034,50;5020,00;5020,00;36542740,00;727
WDOM26;16/04/2026;18:15:00;5039,00;5039,00;5038,50;5039,00;1158965,00;23
WDOM26;16/04/2026;18:00:00;5041,00;5041,00;5039,00;5039,00;957585,00;19
WDOM26;16/04/2026;17:45:00;5040,00;5040,50;5040,00;5040,00;4737605,00;94
WDOM26;16/04/2026;17:30:00;5040,00;5040,50;5040,00;5040,50;504005,00;10
WDOM26;16/04/2026;17:15:00;5041,00;5042,00;5041,00;5042,00;201655,00;4
WDOM26;16/04/2026;17:00:00;5040,50;5041,00;5040,50;5041,00;1360975,00;27
WDOM26;16/04/2026;16:45:00;5040,00;5040,50;5040,00;5040,50;252005,00;5
WDOM26;16/04/2026;16:30:00;5040,00;5040,50;5038,50;5038,50;554330,00;11
WDOM26;16/04/2026;16:15:00;5039,50;5040,50;5038,50;5040,50;3124440,00;62
WDOM26;16/04/2026;16:00:00;5041,00;5041,00;5039,50;5041,00;957745,00;19
WDOM26;16/04/2026;15:45:00;5042,50;5042,50;5040,00;5042,00;6502810,00;129
WDOM26;16/04/2026;15:30:00;5042,50;5044,00;5040,00;5041,50;3327295,00;66
WDOM26;16/04/2026;15:15:00;5045,00;5045,00;5040,50;5043,00;8018150,00;159
WDOM26;16/04/2026;15:00:00;5049,00;5049,00;5045,00;5045,00;4239095,00;84
WDOM26;16/04/2026;14:45:00;5051,00;5051,50;5049,50;5049,50;1161630,00;23
WDOM26;16/04/2026;14:30:00;5051,50;5051,50;5051,00;5051,00;252560,00;5
WDOM26;16/04/2026;14:15:00;5056,50;5056,50;5053,00;5053,00;555975,00;11
WDOM26;16/04/2026;14:00:00;5056,00;5057,50;5055,00;5057,00;960690,00;19
WDOM26;16/04/2026;13:45:00;5052,00;5054,50;5052,00;5054,00;1970985,00;39
WDOM26;16/04/2026;13:30:00;5050,00;5055,00;5049,00;5051,00;1161840,00;23
WDOM26;16/04/2026;13:15:00;5046,00;5049,00;5046,00;5048,50;858175,00;17
WDOM26;16/04/2026;13:00:00;5049,00;5050,00;5045,00;5045,00;7974185,00;158
WDOM26;16/04/2026;12:45:00;5052,50;5052,50;5049,50;5049,50;1313410,00;26
WDOM26;16/04/2026;12:30:00;5055,00;5055,00;5049,50;5053,00;1717685,00;34
WDOM26;16/04/2026;12:15:00;5056,00;5056,50;5054,50;5055,50;7785920,00;154
WDOM26;16/04/2026;12:00:00;5059,50;5060,00;5055,00;5056,00;8346430,00;165
WDOM26;16/04/2026;11:45:00;5054,00;5061,50;5052,00;5059,50;11534695,00;228
WDOM26;16/04/2026;11:30:00;5054,50;5056,00;5051,50;5054,00;2779415,00;55
WDOM26;16/04/2026;11:15:00;5045,00;5056,00;5045,00;5054,00;9394060,00;186
WDOM26;16/04/2026;11:00:00;5044,50;5045,00;5041,50;5045,00;1008695,00;20
WDOM26;16/04/2026;10:45:00;5041,50;5047,00;5037,50;5046,50;3531025,00;70
WDOM26;16/04/2026;10:30:00;5041,50;5044,50;5036,50;5041,00;3780420,00;75
WDOM26;16/04/2026;10:15:00;5038,50;5039,50;5037,50;5039,00;1007660,00;20
WDOM26;16/04/2026;10:00:00;5041,00;5042,00;5037,00;5037,00;1663155,00;33
WDOM26;16/04/2026;09:45:00;5034,00;5041,00;5033,50;5041,00;2821090,00;56
WDOM26;16/04/2026;09:30:00;5040,00;5040,00;5034,00;5035,00;2115335,00;42
WDOM26;16/04/2026;09:15:00;5042,50;5043,50;5040,00;5040,00;1361345,00;27
WDOM26;16/04/2026;09:00:00;5041,50;5043,00;5033,00;5043,00;25588745,00;508
WDOM26;15/04/2026;18:15:00;5041,00;5041,00;5027,50;5039,00;59057655,00;1173
WDOM26;15/04/2026;18:00:00;5043,00;5043,00;5041,00;5042,00;252090,00;5
WDOM26;15/04/2026;17:45:00;5041,00;5043,50;5040,50;5042,50;554620,00;11
WDOM26;15/04/2026;17:30:00;5041,00;5041,00;5041,00;5041,00;302460,00;6
WDOM26;15/04/2026;17:15:00;5043,00;5043,00;5041,50;5041,50;100845,00;2
WDOM26;15/04/2026;17:00:00;5042,00;5042,00;5042,00;5042,00;100840,00;2
WDOM26;15/04/2026;16:45:00;5039,50;5039,50;5039,00;5039,00;151175,00;3
WDOM26;15/04/2026;16:30:00;5040,50;5040,50;5038,50;5039,50;1108595,00;22
WDOM26;15/04/2026;16:00:00;5041,00;5042,00;5041,00;5042,00;302500,00;6
WDOM26;15/04/2026;15:45:00;5041,00;5041,50;5040,00;5040,00;453655,00;9
WDOM26;15/04/2026;15:30:00;5042,50;5042,50;5042,00;5042,50;504225,00;10
WDOM26;15/04/2026;15:15:00;5044,00;5044,50;5042,00;5042,50;806895,00;16
WDOM26;15/04/2026;15:00:00;5045,50;5046,50;5040,50;5042,50;2067465,00;41
WDOM26;15/04/2026;14:45:00;5045,00;5046,00;5042,50;5044,00;857475,00;17
WDOM26;15/04/2026;14:30:00;5045,00;5046,50;5043,50;5046,50;504590,00;10
WDOM26;15/04/2026;14:15:00;5047,00;5047,50;5044,00;5044,00;1413070,00;28
WDOM26;15/04/2026;14:00:00;5042,50;5042,50;5042,50;5042,50;100850,00;2
WDOM26;15/04/2026;13:45:00;5043,00;5043,00;5043,00;5043,00;100860,00;2
WDOM26;15/04/2026;13:30:00;5043,00;5045,00;5042,00;5045,00;1160005,00;23
WDOM26;15/04/2026;13:15:00;5044,50;5044,50;5040,50;5042,00;2168075,00;43
WDOM26;15/04/2026;13:00:00;5045,00;5045,00;5044,00;5044,00;353105,00;7
WDOM26;15/04/2026;12:45:00;5044,00;5047,50;5044,00;5046,00;6257690,00;124
WDOM26;15/04/2026;12:30:00;5044,00;5048,50;5044,00;5045,00;1917310,00;38
WDOM26;15/04/2026;12:15:00;5038,00;5044,00;5038,00;5044,00;403280,00;8
WDOM26;15/04/2026;12:00:00;5041,50;5043,50;5038,50;5038,50;1310440,00;26
WDOM26;15/04/2026;11:45:00;5044,00;5044,00;5039,00;5041,00;11442865,00;227
WDOM26;15/04/2026;11:30:00;5039,50;5042,00;5038,50;5042,00;554420,00;11
WDOM26;15/04/2026;11:15:00;5040,50;5042,50;5037,00;5037,00;1411220,00;28
WDOM26;15/04/2026;11:00:00;5040,50;5040,50;5036,00;5038,00;1410640,00;28
WDOM26;15/04/2026;10:45:00;5040,50;5045,00;5040,50;5041,00;1008645,00;20
WDOM26;15/04/2026;10:30:00;5036,00;5044,00;5035,00;5044,00;1814300,00;36
WDOM26;15/04/2026;10:15:00;5038,50;5039,50;5035,00;5035,00;1460615,00;29
WDOM26;15/04/2026;10:00:00;5041,00;5041,00;5036,50;5036,50;2216900,00;44
WDOM26;15/04/2026;09:45:00;5040,00;5041,00;5039,00;5041,00;1209540,00;24
WDOM26;15/04/2026;09:30:00;5049,00;5049,00;5040,00;5040,00;4083730,00;81
WDOM26;15/04/2026;09:15:00;5048,50;5050,00;5046,00;5049,00;2877750,00;57
WDOM26;15/04/2026;09:00:00;5044,00;5049,50;5041,00;5048,50;5702120,00;113
WDOM26;14/04/2026;18:15:00;5039,00;5040,00;5037,00;5037,00;403075,00;8
WDOM26;14/04/2026;18:00:00;5041,00;5041,00;5039,50;5039,50;655185,00;13
WDOM26;14/04/2026;17:45:00;5040,50;5041,50;5039,00;5039,00;2318300,00;46
WDOM26;14/04/2026;17:30:00;5041,00;5041,00;5040,00;5040,50;604855,00;12
WDOM26;14/04/2026;17:15:00;5043,00;5043,50;5042,00;5043,50;1663995,00;33
WDOM26;14/04/2026;17:00:00;5043,50;5043,50;5042,00;5043,50;151290,00;3
WDOM26;14/04/2026;16:45:00;5043,50;5044,00;5043,50;5044,00;151310,00;3
WDOM26;14/04/2026;16:30:00;5040,50;5043,50;5040,50;5043,50;352945,00;7
WDOM26;14/04/2026;16:15:00;5040,50;5040,50;5039,00;5040,50;1108845,00;22
WDOM26;14/04/2026;16:00:00;5042,00;5042,00;5041,50;5041,50;151255,00;3
WDOM26;14/04/2026;15:45:00;5044,00;5044,50;5042,00;5042,00;907845,00;18
WDOM26;14/04/2026;15:30:00;5044,00;5044,50;5042,00;5044,00;6153390,00;122
WDOM26;14/04/2026;15:15:00;5040,00;5046,00;5040,00;5044,50;5749180,00;114
WDOM26;14/04/2026;15:00:00;5040,50;5040,50;5037,50;5039,50;655085,00;13
WDOM26;14/04/2026;14:45:00;5036,00;5040,00;5035,50;5039,00;856540,00;17
WDOM26;14/04/2026;14:30:00;5037,00;5037,00;5034,50;5034,50;201420,00;4
WDOM26;14/04/2026;14:15:00;5037,00;5037,00;5034,50;5037,00;604255,00;12
WDOM26;14/04/2026;14:00:00;5038,50;5040,00;5036,00;5038,00;1712965,00;34
WDOM26;14/04/2026;13:45:00;5039,50;5040,50;5037,00;5037,00;1259910,00;25
WDOM26;14/04/2026;13:30:00;5037,50;5039,00;5037,00;5037,00;251880,00;5
WDOM26;14/04/2026;13:15:00;5037,00;5039,50;5037,00;5038,50;2972840,00;59
WDOM26;14/04/2026;13:00:00;5037,00;5038,50;5036,00;5038,00;2418045,00;48
WDOM26;14/04/2026;12:45:00;5034,00;5039,00;5033,00;5038,00;4884355,00;97
WDOM26;14/04/2026;12:30:00;5027,50;5033,50;5027,50;5033,50;1609730,00;32
WDOM26;14/04/2026;12:15:00;5030,00;5032,00;5024,50;5029,00;1055915,00;21
WDOM26;14/04/2026;12:00:00;5027,00;5029,50;5026,00;5026,00;1357340,00;27
WDOM26;14/04/2026;11:45:00;5028,50;5029,50;5023,00;5024,50;3215965,00;64
WDOM26;14/04/2026;11:30:00;5031,00;5031,00;5027,00;5030,50;1156730,00;23
WDOM26;14/04/2026;11:15:00;5027,00;5033,50;5027,00;5033,50;2414195,00;48
WDOM26;14/04/2026;11:00:00;5023,50;5030,00;5023,50;5026,00;2211050,00;44
WDOM26;14/04/2026;10:45:00;5023,00;5027,00;5023,00;5024,00;602990,00;12
WDOM26;14/04/2026;10:30:00;5031,00;5035,00;5022,50;5024,50;7939925,00;158
WDOM26;14/04/2026;10:15:00;5028,50;5035,00;5027,00;5033,50;804970,00;16
WDOM26;14/04/2026;10:00:00;5028,00;5031,50;5028,00;5029,00;2715700,00;54
WDOM26;14/04/2026;09:45:00;5033,00;5035,00;5027,00;5027,00;2213285,00;44
WDOM26;14/04/2026;09:30:00;5032,50;5038,00;5031,00;5034,00;3121955,00;62
WDOM26;14/04/2026;09:15:00;5033,50;5042,00;5032,50;5034,00;4383600,00;87
WDOM26;14/04/2026;09:00:00;5029,50;5036,00;5025,00;5033,00;23948030,00;476
WDOM26;13/04/2026;18:15:00;5049,50;5053,00;5049,00;5053,00;1717415,00;34
WDOM26;13/04/2026;18:00:00;5049,00;5049,00;5048,00;5048,00;6612900,00;131
WDOM26;13/04/2026;17:45:00;5050,00;5051,00;5049,00;5049,00;353480,00;7
WDOM26;13/04/2026;17:30:00;5053,50;5053,50;5049,00;5049,00;505070,00;10
WDOM26;13/04/2026;17:15:00;5054,50;5055,00;5053,50;5053,50;252725,00;5
WDOM26;13/04/2026;17:00:00;5049,00;5055,00;5049,00;5055,00;656860,00;13
WDOM26;13/04/2026;16:45:00;5052,50;5052,50;5048,00;5048,50;555515,00;11
WDOM26;13/04/2026;16:30:00;5049,50;5049,50;5048,50;5049,50;302940,00;6
WDOM26;13/04/2026;16:15:00;5052,00;5052,00;5048,00;5048,00;908730,00;18
WDOM26;13/04/2026;16:00:00;5050,00;5052,50;5049,50;5052,50;252525,00;5
WDOM26;13/04/2026;15:45:00;5051,50;5052,00;5051,00;5052,00;353610,00;7
WDOM26;13/04/2026;15:30:00;5052,50;5054,50;5049,50;5054,50;808190,00;16
WDOM26;13/04/2026;15:15:00;5049,50;5055,00;5048,00;5053,50;7680210,00;152
WDOM26;13/04/2026;15:00:00;5048,00;5048,00;5045,50;5047,00;6863465,00;136
WDOM26;13/04/2026;14:45:00;5047,00;5049,00;5046,50;5049,00;706720,00;14
WDOM26;13/04/2026;14:30:00;5043,50;5048,00;5043,00;5048,00;1412535,00;28
WDOM26;13/04/2026;14:15:00;5043,00;5045,00;5036,00;5044,00;3225835,00;64
WDOM26;13/04/2026;14:00:00;5047,50;5048,00;5043,00;5043,00;5146775,00;102
WDOM26;13/04/2026;13:45:00;5057,50;5057,50;5046,50;5048,50;15561355,00;308
WDOM26;13/04/2026;13:30:00;5072,50;5072,50;5056,00;5058,00;18130710,00;358
WDOM26;13/04/2026;13:15:00;5073,50;5074,00;5069,00;5072,00;1470340,00;29
WDOM26;13/04/2026;13:00:00;5076,50;5077,50;5070,00;5073,00;13800930,00;272
WDOM26;13/04/2026;12:45:00;5077,50;5077,50;5076,50;5077,00;710815,00;14
WDOM26;13/04/2026;12:30:00;5080,00;5080,00;5075,00;5076,50;1269280,00;25
WDOM26;13/04/2026;12:15:00;5082,50;5083,00;5080,50;5081,00;711425,00;14
WDOM26;13/04/2026;12:00:00;5079,00;5082,00;5078,00;5082,00;6705660,00;132
WDOM26;13/04/2026;11:45:00;5083,50;5084,50;5077,50;5078,50;8840925,00;174
WDOM26;13/04/2026;11:30:00;5083,50;5086,00;5082,50;5083,00;1525235,00;30
WDOM26;13/04/2026;11:15:00;5084,00;5088,50;5080,50;5084,50;3763500,00;74
WDOM26;13/04/2026;11:00:00;5081,50;5085,00;5080,00;5083,50;1474015,00;29
WDOM26;13/04/2026;10:45:00;5084,00;5089,50;5076,00;5082,50;17233425,00;339
WDOM26;13/04/2026;10:30:00;5079,50;5085,00;5078,50;5084,00;5182670,00;102
WDOM26;13/04/2026;10:15:00;5079,00;5084,50;5079,00;5080,00;2490065,00;49
WDOM26;13/04/2026;10:00:00;5078,50;5081,00;5073,50;5078,50;17929385,00;353
WDOM26;13/04/2026;09:45:00;5085,50;5087,00;5078,50;5078,50;4420730,00;87
WDOM26;13/04/2026;09:30:00;5080,00;5089,50;5080,00;5084,00;8949685,00;176
WDOM26;13/04/2026;09:15:00;5077,00;5082,50;5072,00;5081,00;4163405,00;82
WDOM26;13/04/2026;09:00:00;5086,00;5095,00;5078,50;5080,00;6766700,00;133
WDOM26;10/04/2026;18:15:00;5058,00;5065,50;5058,00;5065,00;7139805,00;141
WDOM26;10/04/2026;18:00:00;5060,00;5060,00;5059,00;5059,50;2529535,00;50
WDOM26;10/04/2026;17:45:00;5063,00;5063,00;5060,00;5060,00;2581015,00;51
WDOM26;10/04/2026;17:30:00;5067,50;5068,00;5062,00;5062,00;2279190,00;45
WDOM26;10/04/2026;17:15:00;5069,50;5069,50;5067,00;5067,50;3548205,00;70
WDOM26;10/04/2026;17:00:00;5067,00;5069,00;5066,50;5069,00;4763775,00;94
WDOM26;10/04/2026;16:45:00;5064,50;5067,00;5064,00;5066,00;7242470,00;143
WDOM26;10/04/2026;16:30:00;5064,50;5064,50;5064,00;5064,50;151930,00;3
WDOM26;10/04/2026;16:15:00;5064,50;5064,50;5062,00;5064,00;911320,00;18
WDOM26;10/04/2026;16:00:00;5067,00;5067,00;5061,50;5061,50;11949365,00;236
WDOM26;10/04/2026;15:45:00;5068,50;5068,50;5067,50;5068,00;709545,00;14
WDOM26;10/04/2026;15:30:00;5069,50;5070,00;5067,00;5068,00;4207035,00;83
WDOM26;10/04/2026;15:15:00;5078,00;5078,00;5070,00;5070,00;2638605,00;52
WDOM26;10/04/2026;15:00:00;5080,00;5081,50;5077,50;5077,50;1320770,00;26
WDOM26;10/04/2026;14:45:00;5077,50;5080,00;5075,00;5080,00;2640100,00;52
WDOM26;10/04/2026;14:30:00;5080,00;5080,00;5075,50;5077,00;1980545,00;39
WDOM26;10/04/2026;14:15:00;5082,50;5083,50;5081,50;5081,50;1372360,00;27
WDOM26;10/04/2026;14:00:00;5082,00;5085,50;5081,00;5081,50;5083805,00;100
WDOM26;10/04/2026;13:45:00;5083,50;5083,50;5078,00;5078,00;660515,00;13
WDOM26;10/04/2026;13:30:00;5085,00;5087,50;5084,50;5087,50;1169700,00;23
WDOM26;10/04/2026;13:15:00;5079,00;5085,00;5078,00;5085,00;3557390,00;70
WDOM26;10/04/2026;13:00:00;5082,00;5085,00;5079,50;5079,50;1524960,00;30
WDOM26;10/04/2026;12:45:00;5078,00;5084,50;5077,50;5084,50;1168555,00;23
WDOM26;10/04/2026;12:30:00;5074,00;5080,50;5074,00;5080,50;15643070,00;308
WDOM26;10/04/2026;12:15:00;5072,00;5073,50;5070,00;5073,50;1978195,00;39
WDOM26;10/04/2026;12:00:00;5080,00;5083,00;5072,50;5073,50;3401015,00;67
WDOM26;10/04/2026;11:45:00;5079,00;5084,00;5075,00;5077,50;8383260,00;165
WDOM26;10/04/2026;11:30:00;5066,50;5079,50;5066,50;5078,00;3450585,00;68
WDOM26;10/04/2026;11:15:00;5068,00;5069,00;5064,00;5067,00;3242200,00;64
WDOM26;10/04/2026;11:00:00;5076,50;5078,00;5067,00;5067,00;4970275,00;98
WDOM26;10/04/2026;10:45:00;5071,50;5076,00;5071,00;5075,50;3297745,00;65
WDOM26;10/04/2026;10:30:00;5076,50;5078,50;5068,00;5071,50;6949980,00;137
WDOM26;10/04/2026;10:15:00;5084,50;5084,50;5075,50;5077,00;3808865,00;75
WDOM26;10/04/2026;10:00:00;5082,50;5086,00;5079,00;5086,00;2440020,00;48
WDOM26;10/04/2026;09:45:00;5094,00;5094,00;5083,00;5083,00;26651195,00;524
WDOM26;10/04/2026;09:30:00;5112,00;5112,00;5089,50;5094,00;28644365,00;562
WDOM26;10/04/2026;09:15:00;5109,50;5112,00;5108,00;5109,50;7256380,00;142
WDOM26;10/04/2026;09:00:00;5122,50;5122,50;5107,00;5109,00;15634525,00;306
WDOM26;09/04/2026;18:15:00;5114,50;5118,50;5114,00;5114,00;9258440,00;181
WDOM26;09/04/2026;18:00:00;5115,50;5115,50;5114,00;5114,00;1125140,00;22
WDOM26;09/04/2026;17:45:00;5117,50;5117,50;5115,00;5115,50;1330025,00;26
WDOM26;09/04/2026;17:30:00;5116,50;5117,50;5116,00;5117,50;1125575,00;22
WDOM26;09/04/2026;17:15:00;5122,50;5123,00;5115,50;5115,50;11515855,00;225
WDOM26;09/04/2026;17:00:00;5120,00;5122,00;5120,00;5122,00;2048280,00;40
WDOM26;09/04/2026;16:45:00;5121,50;5121,50;5119,50;5121,00;972870,00;19
WDOM26;09/04/2026;16:30:00;5123,00;5123,00;5120,50;5121,50;2611820,00;51
WDOM26;09/04/2026;16:00:00;5127,50;5128,00;5122,00;5122,00;1383650,00;27
WDOM26;09/04/2026;15:45:00;5125,50;5126,50;5125,50;5126,50;820220,00;16
WDOM26;09/04/2026;15:30:00;5127,00;5130,00;5125,00;5127,00;2769010,00;54
WDOM26;09/04/2026;15:15:00;5125,00;5128,00;5125,00;5127,00;2255980,00;44
WDOM26;09/04/2026;15:00:00;5120,00;5126,00;5120,00;5126,00;2560960,00;50
WDOM26;09/04/2026;14:45:00;5119,00;5121,00;5119,00;5121,00;1535930,00;30
WDOM26;09/04/2026;14:30:00;5120,00;5123,00;5116,50;5119,50;4555805,00;89
WDOM26;09/04/2026;14:15:00;5125,50;5125,50;5120,00;5121,00;8453680,00;165
WDOM26;09/04/2026;14:00:00;5131,00;5131,50;5125,00;5125,50;10770220,00;210
WDOM26;09/04/2026;13:45:00;5129,00;5132,00;5127,50;5131,00;1795380,00;35
WDOM26;09/04/2026;13:30:00;5129,50;5129,50;5128,00;5128,50;923230,00;18
WDOM26;09/04/2026;13:15:00;5133,00;5133,00;5126,00;5129,50;4975715,00;97
WDOM26;09/04/2026;13:00:00;5129,00;5136,00;5128,50;5134,00;4003600,00;78
WDOM26;09/04/2026;12:45:00;5132,00;5132,50;5128,00;5128,00;3436570,00;67
WDOM26;09/04/2026;12:30:00;5135,00;5135,00;5127,50;5131,00;9335225,00;182
WDOM26;09/04/2026;12:15:00;5137,50;5137,50;5131,00;5136,00;4723785,00;92
WDOM26;09/04/2026;12:00:00;5142,00;5143,50;5141,00;5143,00;2519540,00;49
WDOM26;09/04/2026;11:45:00;5140,50;5142,50;5137,50;5141,50;22309455,00;434
WDOM26;09/04/2026;11:30:00;5142,00;5149,50;5140,00;5142,50;35819415,00;696
WDOM26;09/04/2026;11:15:00;5136,00;5144,00;5136,00;5141,50;28027465,00;545
WDOM26;09/04/2026;11:00:00;5136,50;5136,50;5132,00;5134,00;2721230,00;53
WDOM26;09/04/2026;10:45:00;5134,00;5138,50;5132,50;5137,50;462275,00;9
WDOM26;09/04/2026;10:30:00;5145,00;5145,00;5133,50;5133,50;4368170,00;85
WDOM26;09/04/2026;10:15:00;5149,00;5149,50;5144,00;5147,00;2264475,00;44
WDOM26;09/04/2026;10:00:00;5152,50;5155,00;5149,00;5150,50;2009385,00;39
WDOM26;09/04/2026;09:45:00;5162,50;5162,50;5155,00;5155,00;412740,00;8
WDOM26;09/04/2026;09:30:00;5157,00;5162,00;5153,00;5160,00;1598960,00;31
WDOM26;09/04/2026;09:15:00;5159,50;5164,00;5159,50;5160,00;1135520,00;22
WDOM26;09/04/2026;09:00:00;5155,50;5160,00;5153,00;5159,50;1340970,00;26
WDOM26;08/04/2026;18:15:00;5157,50;5157,50;5154,00;5156,50;463975,00;9
WDOM26;08/04/2026;18:00:00;5159,00;5159,00;5158,00;5159,00;670560,00;13
WDOM26;08/04/2026;17:45:00;5157,50;5159,00;5157,50;5159,00;3610505,00;70
WDOM26;08/04/2026;17:30:00;5156,50;5156,50;5154,50;5156,50;1546525,00;30
WDOM26;08/04/2026;17:15:00;5162,00;5162,00;5157,50;5157,50;2063495,00;40
WDOM26;08/04/2026;17:00:00;5161,00;5163,00;5160,50;5160,50;980665,00;19
WDOM26;08/04/2026;16:45:00;5164,50;5165,00;5161,00;5161,50;826110,00;16
WDOM26;08/04/2026;16:30:00;5168,00;5168,00;5161,50;5165,00;1807600,00;35
WDOM26;08/04/2026;16:15:00;5168,00;5170,00;5168,00;5170,00;155080,00;3
WDOM26;08/04/2026;16:00:00;5175,00;5177,50;5170,00;5170,00;1086250,00;21
WDOM26;08/04/2026;15:45:00;5171,00;5175,00;5170,00;5175,00;2172305,00;42
WDOM26;08/04/2026;15:30:00;5168,50;5171,50;5164,50;5171,50;9099290,00;176
WDOM26;08/04/2026;15:15:00;5158,00;5168,50;5158,00;5168,00;6921510,00;134
WDOM26;08/04/2026;15:00:00;5154,50;5158,00;5154,00;5157,50;12734540,00;247
WDOM26;08/04/2026;14:45:00;5155,50;5155,50;5154,50;5155,50;309315,00;6
WDOM26;08/04/2026;14:30:00;5158,00;5159,00;5156,00;5157,50;6860625,00;133
WDOM26;08/04/2026;14:15:00;5154,50;5160,00;5154,50;5157,00;6083235,00;118
WDOM26;08/04/2026;14:00:00;5151,00;5152,00;5149,00;5151,00;10196320,00;198
WDOM26;08/04/2026;13:45:00;5154,00;5154,00;5151,00;5151,00;2627520,00;51
WDOM26;08/04/2026;13:30:00;5160,00;5160,00;5155,00;5155,00;1392475,00;27
WDOM26;08/04/2026;13:15:00;5157,00;5160,50;5157,00;5160,00;722360,00;14
WDOM26;08/04/2026;13:00:00;5152,50;5156,00;5151,50;5156,00;979135,00;19
WDOM26;08/04/2026;12:45:00;5155,00;5156,00;5150,00;5152,50;10662070,00;207
WDOM26;08/04/2026;12:30:00;5158,50;5158,50;5154,00;5154,50;1392225,00;27
WDOM26;08/04/2026;12:15:00;5158,00;5160,00;5155,50;5160,00;3661355,00;71
WDOM26;08/04/2026;12:00:00;5161,50;5163,50;5158,00;5160,00;5005835,00;97
WDOM26;08/04/2026;11:45:00;5162,50;5167,00;5158,50;5163,50;38246725,00;741
WDOM26;08/04/2026;11:30:00;5157,00;5162,50;5157,00;5161,50;32503380,00;630
WDOM26;08/04/2026;11:15:00;5148,00;5157,50;5148,00;5157,50;5205085,00;101
WDOM26;08/04/2026;11:00:00;5148,00;5155,50;5145,00;5149,00;7312595,00;142
WDOM26;08/04/2026;10:45:00;5143,50;5150,50;5139,00;5148,00;3035555,00;59
WDOM26;08/04/2026;10:30:00;5135,00;5145,00;5135,00;5143,00;3341455,00;65
WDOM26;08/04/2026;10:15:00;5133,00;5137,50;5125,00;5135,00;4208080,00;82
WDOM26;08/04/2026;10:00:00;5135,00;5136,50;5128,50;5136,50;15187940,00;296
WDOM26;08/04/2026;09:45:00;5144,50;5146,00;5133,50;5134,50;3803050,00;74
WDOM26;08/04/2026;09:30:00;5151,50;5153,00;5145,00;5145,00;2163035,00;42
WDOM26;08/04/2026;09:15:00;5148,00;5160,50;5145,50;5153,00;11857965,00;230
WDOM26;08/04/2026;09:00:00;5160,00;5170,50;5131,50;5147,00;89754730,00;1744
WDOM26;07/04/2026;18:15:00;5212,00;5217,00;5212,00;5217,00;417065,00;8
WDOM26;07/04/2026;18:00:00;5214,50;5214,50;5213,50;5213,50;260715,00;5
WDOM26;07/04/2026;17:45:00;5216,00;5216,00;5216,00;5216,00;104320,00;2
WDOM26;07/04/2026;17:30:00;5212,50;5213,00;5212,50;5212,50;312765,00;6
WDOM26;07/04/2026;17:15:00;5211,00;5214,00;5211,00;5214,00;521240,00;10
WDOM26;07/04/2026;17:00:00;5213,00;5215,00;5211,50;5212,00;469165,00;9
WDOM26;07/04/2026;16:45:00;5222,50;5223,00;5212,50;5216,50;6988445,00;134
WDOM26;07/04/2026;16:30:00;5222,00;5223,50;5221,50;5221,50;313360,00;6
WDOM26;07/04/2026;16:15:00;5225,00;5225,00;5218,00;5222,00;5429195,00;104
WDOM26;07/04/2026;16:00:00;5230,00;5230,00;5224,00;5229,50;1986160,00;38
WDOM26;07/04/2026;15:45:00;5228,00;5230,00;5226,00;5228,00;1045695,00;20
WDOM26;07/04/2026;15:30:00;5223,00;5227,50;5221,00;5226,50;1253800,00;24
WDOM26;07/04/2026;15:15:00;5223,00;5225,50;5221,00;5225,50;3865875,00;74
WDOM26;07/04/2026;15:00:00;5222,00;5225,00;5222,00;5225,00;365660,00;7
WDOM26;07/04/2026;14:45:00;5225,00;5225,50;5223,00;5223,00;888110,00;17
WDOM26;07/04/2026;14:30:00;5230,00;5230,00;5223,00;5227,00;3501790,00;67
WDOM26;07/04/2026;14:15:00;5230,00;5233,00;5230,00;5233,00;209245,00;4
WDOM26;07/04/2026;14:00:00;5233,50;5234,00;5229,00;5229,00;1778845,00;34
WDOM26;07/04/2026;13:45:00;5227,00;5233,00;5226,50;5232,50;2301800,00;44
WDOM26;07/04/2026;13:30:00;5225,00;5231,50;5225,00;5231,50;627425,00;12
WDOM26;07/04/2026;13:15:00;5226,00;5230,00;5224,00;5227,00;4495520,00;86
WDOM26;07/04/2026;13:00:00;5222,00;5228,00;5217,00;5224,50;2245935,00;43
WDOM26;07/04/2026;12:45:00;5225,50;5225,50;5220,00;5223,00;1775885,00;34
WDOM26;07/04/2026;12:30:00;5222,50;5226,00;5221,50;5226,00;1253630,00;24
WDOM26;07/04/2026;12:15:00;5224,00;5225,50;5218,50;5224,50;5065720,00;97
WDOM26;07/04/2026;12:00:00;5225,50;5229,50;5225,50;5229,50;575035,00;11
WDOM26;07/04/2026;11:45:00;5220,50;5224,00;5213,50;5224,00;2712955,00;52
WDOM26;07/04/2026;11:30:00;5225,50;5225,50;5218,50;5220,50;1461935,00;28
WDOM26;07/04/2026;11:15:00;5228,00;5231,00;5222,50;5226,00;2352280,00;45
WDOM26;07/04/2026;11:00:00;5229,00;5233,50;5229,00;5229,00;6382720,00;122
WDOM26;07/04/2026;10:45:00;5225,50;5229,00;5224,00;5227,50;2560900,00;49
WDOM26;07/04/2026;10:30:00;5217,50;5225,00;5217,50;5225,00;3185055,00;61
WDOM26;07/04/2026;10:15:00;5219,00;5219,00;5215,00;5218,50;521710,00;10
WDOM26;07/04/2026;10:00:00;5217,00;5218,00;5214,50;5214,50;1721490,00;33
WDOM26;07/04/2026;09:45:00;5215,50;5221,50;5211,00;5219,00;11273060,00;216
WDOM26;07/04/2026;09:30:00;5211,00;5215,50;5209,50;5215,00;12773090,00;245
WDOM26;07/04/2026;09:15:00;5217,50;5218,50;5208,00;5210,00;1720815,00;33
WDOM26;07/04/2026;09:00:00;5202,50;5216,50;5198,00;5216,50;26714730,00;513
WDOM26;06/04/2026;18:15:00;5205,50;5205,50;5203,50;5203,50;1561175,00;30
WDOM26;06/04/2026;18:00:00;5208,50;5209,00;5206,50;5206,50;624905,00;12
WDOM26;06/04/2026;17:45:00;5208,00;5208,50;5208,00;5208,50;104165,00;2
WDOM26;06/04/2026;17:30:00;5207,50;5207,50;5207,00;5207,00;364495,00;7
WDOM26;06/04/2026;17:15:00;5208,00;5208,00;5208,00;5208,00;104160,00;2
WDOM26;06/04/2026;17:00:00;5210,50;5210,50;5210,00;5210,00;312605,00;6
WDOM26;06/04/2026;16:45:00;5210,00;5211,00;5210,00;5210,50;729470,00;14
WDOM26;06/04/2026;16:15:00;5210,00;5210,00;5210,00;5210,00;104200,00;2
WDOM26;06/04/2026;16:00:00;5208,50;5208,50;5208,50;5208,50;52085,00;1
WDOM26;06/04/2026;15:45:00;5209,50;5212,50;5208,00;5208,00;260480,00;5
WDOM26;06/04/2026;15:30:00;5206,50;5206,50;5206,50;5206,50;52065,00;1
WDOM26;06/04/2026;15:15:00;5211,50;5211,50;5208,50;5208,50;468920,00;9
WDOM26;06/04/2026;15:00:00;5217,50;5217,50;5210,00;5213,00;1877035,00;36
WDOM26;06/04/2026;14:45:00;5215,50;5216,00;5215,00;5215,00;1512515,00;29
WDOM26;06/04/2026;14:30:00;5215,00;5218,00;5213,50;5216,00;1929590,00;37
WDOM26;06/04/2026;14:15:00;5218,50;5218,50;5214,00;5214,00;1147630,00;22
WDOM26;06/04/2026;14:00:00;5220,00;5222,50;5216,00;5221,00;2923130,00;56
WDOM26;06/04/2026;13:45:00;5214,50;5219,00;5214,50;5217,00;5998190,00;115
WDOM26;06/04/2026;13:30:00;5217,00;5218,00;5216,50;5216,50;208680,00;4
WDOM26;06/04/2026;13:15:00;5216,50;5217,00;5216,50;5217,00;208670,00;4
WDOM26;06/04/2026;13:00:00;5217,50;5217,50;5213,00;5215,50;677920,00;13
WDOM26;06/04/2026;12:45:00;5217,00;5218,50;5215,50;5218,50;2660745,00;51
WDOM26;06/04/2026;12:30:00;5217,00;5217,00;5215,50;5216,50;417315,00;8
WDOM26;06/04/2026;12:15:00;5220,00;5220,50;5214,50;5215,50;1199890,00;23
WDOM26;06/04/2026;12:00:00;5218,00;5222,00;5215,00;5222,00;1357040,00;26
WDOM26;06/04/2026;11:45:00;5211,50;5219,00;5211,00;5215,50;1981590,00;38
WDOM26;06/04/2026;11:30:00;5205,50;5212,00;5203,00;5206,00;2915475,00;56
WDOM26;06/04/2026;11:15:00;5214,50;5215,00;5206,50;5206,50;1458900,00;28
WDOM26;06/04/2026;11:00:00;5212,50;5217,50;5212,50;5213,50;1147360,00;22
WDOM26;06/04/2026;10:45:00;5212,50;5214,00;5211,00;5214,00;469175,00;9
WDOM26;06/04/2026;10:30:00;5213,00;5214,00;5208,50;5209,50;9381825,00;180
WDOM26;06/04/2026;10:15:00;5217,50;5221,00;5214,00;5214,00;18210330,00;349
WDOM26;06/04/2026;10:00:00;5218,00;5220,00;5211,00;5214,00;9075190,00;174
WDOM26;06/04/2026;09:45:00;5215,00;5221,00;5213,00;5216,00;6987895,00;134
WDOM26;06/04/2026;09:30:00;5219,00;5219,00;5216,50;5216,50;678270,00;13
WDOM26;06/04/2026;09:15:00;5217,50;5221,00;5215,00;5215,00;1148135,00;22
WDOM26;06/04/2026;09:00:00;5212,00;5219,00;5212,00;5217,00;938745,00;18
WDOM26;02/04/2026;18:15:00;5223,00;5226,50;5223,00;5226,50;1724170,00;33
WDOM26;02/04/2026;18:00:00;5223,00;5223,50;5221,50;5222,50;678910,00;13
WDOM26;02/04/2026;17:45:00;5223,50;5224,00;5223,50;5224,00;626865,00;12
WDOM26;02/04/2026;17:30:00;5223,00;5223,00;5222,00;5222,00;678980,00;13
WDOM26;02/04/2026;17:15:00;5224,00;5224,00;5223,00;5223,00;574560,00;11
WDOM26;02/04/2026;17:00:00;5224,00;5225,00;5223,00;5223,00;522395,00;10
WDOM26;02/04/2026;16:45:00;5228,50;5229,50;5224,00;5224,00;6219610,00;119
WDOM26;02/04/2026;16:30:00;5227,00;5229,00;5227,00;5227,00;888695,00;17
WDOM26;02/04/2026;16:15:00;5225,00;5227,50;5221,00;5227,50;888015,00;17
WDOM26;02/04/2026;16:00:00;5224,00;5225,50;5223,50;5225,50;1410715,00;27
WDOM26;02/04/2026;15:45:00;5226,00;5226,00;5222,50;5225,00;2246155,00;43
WDOM26;02/04/2026;15:30:00;5229,50;5230,00;5226,00;5227,00;575135,00;11
WDOM26;02/04/2026;15:15:00;5227,50;5230,50;5225,50;5229,00;1411620,00;27
WDOM26;02/04/2026;15:00:00;5225,00;5226,50;5220,50;5226,50;1253670,00;24
WDOM26;02/04/2026;14:45:00;5225,00;5227,50;5225,00;5226,50;1411010,00;27
WDOM26;02/04/2026;14:30:00;5222,50;5224,00;5222,00;5222,00;626790,00;12
WDOM26;02/04/2026;14:15:00;5222,50;5222,50;5220,00;5221,00;992035,00;19
WDOM26;02/04/2026;14:00:00;5228,00;5229,50;5223,50;5223,50;1515730,00;29
WDOM26;02/04/2026;13:45:00;5222,50;5227,00;5222,50;5227,00;470260,00;9
WDOM26;02/04/2026;13:30:00;5225,50;5226,50;5222,00;5226,00;5119985,00;98
WDOM26;02/04/2026;13:15:00;5226,00;5229,00;5224,50;5224,50;2614100,00;50
WDOM26;02/04/2026;13:00:00;5223,00;5228,00;5222,50;5227,00;888475,00;17
WDOM26;02/04/2026;12:45:00;5218,00;5225,00;5218,00;5225,00;1149000,00;22
WDOM26;02/04/2026;12:30:00;5218,00;5220,00;5217,00;5217,00;574035,00;11
WDOM26;02/04/2026;12:15:00;5220,00;5225,50;5218,00;5218,50;3445025,00;66
WDOM26;02/04/2026;12:00:00;5223,50;5225,50;5218,00;5220,50;1775415,00;34
WDOM26;02/04/2026;11:45:00;5217,00;5225,50;5217,00;5223,00;7203905,00;138
WDOM26;02/04/2026;11:30:00;5229,50;5229,50;5205,50;5214,50;13933710,00;267
WDOM26;02/04/2026;11:15:00;5226,50;5232,50;5225,00;5231,50;1307210,00;25
WDOM26;02/04/2026;11:00:00;5226,50;5229,50;5226,00;5228,50;4601355,00;88
WDOM26;02/04/2026;10:45:00;5230,00;5230,50;5223,00;5225,50;9150270,00;175
WDOM26;02/04/2026;10:30:00;5235,00;5236,00;5230,00;5232,50;2354935,00;45
WDOM26;02/04/2026;10:15:00;5245,00;5245,00;5236,00;5236,00;23160435,00;442
WDOM26;02/04/2026;10:00:00;5243,50;5250,00;5242,00;5245,00;2519075,00;48
WDOM26;02/04/2026;09:45:00;5243,50;5244,50;5237,50;5244,50;1414890,00;27
WDOM26;02/04/2026;09:30:00;5246,00;5246,00;5241,50;5245,50;5822195,00;111
WDOM26;02/04/2026;09:15:00;5248,00;5251,50;5245,00;5245,50;9762935,00;186
WDOM26;02/04/2026;09:00:00;5252,00;5260,00;5245,00;5247,50;7932690,00;151
WDOM26;01/04/2026;18:15:00;5222,00;5223,50;5221,00;5221,00;417740,00;8
WDOM26;01/04/2026;18:00:00;5221,50;5221,50;5219,50;5220,50;365430,00;7
WDOM26;01/04/2026;17:45:00;5222,00;5223,50;5222,00;5223,50;261160,00;5
WDOM26;01/04/2026;17:15:00;5220,50;5220,50;5218,50;5219,00;5585345,00;107
WDOM26;01/04/2026;17:00:00;5225,00;5225,00;5220,00;5221,50;469995,00;9
WDOM26;01/04/2026;16:45:00;5221,00;5225,00;5221,00;5223,00;3603525,00;69
WDOM26;01/04/2026;16:30:00;5224,00;5225,00;5221,00;5222,00;4594660,00;88
WDOM26;01/04/2026;16:15:00;5225,00;5226,00;5224,50;5224,50;783810,00;15
WDOM26;01/04/2026;16:00:00;5227,50;5230,00;5226,50;5226,50;5959970,00;114
WDOM26;01/04/2026;15:45:00;5224,50;5225,50;5224,50;5224,50;365745,00;7
WDOM26;01/04/2026;15:30:00;5229,50;5229,50;5221,00;5222,50;11334580,00;217
WDOM26;01/04/2026;15:15:00;5230,00;5230,50;5228,00;5229,50;11660825,00;223
WDOM26;01/04/2026;15:00:00;5223,00;5227,50;5223,00;5227,50;731520,00;14
WDOM26;01/04/2026;14:45:00;5219,50;5221,00;5218,50;5221,00;1409330,00;27
WDOM26;01/04/2026;14:30:00;5221,00;5221,00;5219,50;5219,50;365410,00;7
WDOM26;01/04/2026;14:15:00;5219,50;5220,50;5219,00;5220,50;417570,00;8
WDOM26;01/04/2026;14:00:00;5216,00;5220,50;5214,50;5218,50;886960,00;17
WDOM26;01/04/2026;13:45:00;5218,00;5219,00;5214,50;5216,00;1356130,00;26
WDOM26;01/04/2026;13:30:00;5222,00;5223,50;5221,00;5221,00;470045,00;9
WDOM26;01/04/2026;13:15:00;5223,00;5224,00;5220,00;5222,00;1096710,00;21
WDOM26;01/04/2026;13:00:00;5218,50;5223,00;5218,50;5223,00;417635,00;8
WDOM26;01/04/2026;12:45:00;5222,50;5222,50;5218,00;5218,00;2401865,00;46
WDOM26;01/04/2026;12:15:00;5221,50;5225,00;5221,50;5225,00;261175,00;5
WDOM26;01/04/2026;12:00:00;5219,50;5220,00;5218,00;5219,00;1252580,00;24
WDOM26;01/04/2026;11:45:00;5230,00;5230,00;5219,50;5220,50;10127645,00;194
WDOM26;01/04/2026;11:30:00;5227,00;5229,50;5223,00;5225,50;1358710,00;26
WDOM26;01/04/2026;11:15:00;5234,00;5235,00;5226,00;5227,50;8524750,00;163
WDOM26;01/04/2026;11:00:00;5237,00;5241,00;5234,00;5235,00;4558045,00;87
WDOM26;01/04/2026;10:45:00;5239,00;5241,00;5232,00;5233,00;3509390,00;67
WDOM26;01/04/2026;10:30:00;5234,50;5242,50;5229,00;5239,00;7898725,00;151
WDOM26;01/04/2026;10:15:00;5232,50;5242,00;5232,50;5234,00;3404540,00;65
WDOM26;01/04/2026;10:00:00;5238,50;5240,00;5230,00;5232,50;3558875,00;68
WDOM26;01/04/2026;09:45:00;5227,00;5240,50;5218,00;5235,50;23141175,00;442
WDOM26;01/04/2026;09:30:00;5230,00;5232,00;5221,00;5224,50;60876965,00;1164
WDOM26;01/04/2026;09:15:00;5220,50;5230,00;5219,50;5228,50;3292705,00;63
WDOM26;01/04/2026;09:00:00;5228,50;5232,50;5219,50;5220,50;12691420,00;243
WDOM26;31/03/2026;18:15:00;5247,50;5248,00;5243,00;5248,00;1206520,00;23
WDOM26;31/03/2026;18:00:00;5251,00;5251,00;5248,00;5248,00;104990,00;2
WDOM26;31/03/2026;17:45:00;5249,00;5250,00;5247,50;5250,00;314965,00;6
WDOM26;31/03/2026;17:30:00;5250,50;5250,50;5250,50;5250,50;262525,00;5
WDOM26;31/03/2026;17:15:00;5250,00;5251,00;5250,00;5250,50;262525,00;5
WDOM26;31/03/2026;17:00:00;5248,50;5249,00;5245,00;5249,00;2885895,00;55
WDOM26;31/03/2026;16:45:00;5251,50;5252,00;5247,50;5247,50;3938015,00;75
WDOM26;31/03/2026;16:30:00;5255,00;5255,00;5251,00;5251,00;1155300,00;22
WDOM26;31/03/2026;16:15:00;5260,00;5260,00;5258,00;5259,00;6362900,00;121
WDOM26;31/03/2026;15:45:00;5260,00;5262,00;5260,00;5261,00;5682035,00;108
WDOM26;31/03/2026;15:30:00;5260,00;5260,50;5256,00;5256,00;262970,00;5
WDOM26;31/03/2026;15:15:00;5255,00;5258,00;5255,00;5258,00;473100,00;9
WDOM26;31/03/2026;15:00:00;5258,00;5258,00;5255,00;5255,00;473100,00;9
WDOM26;31/03/2026;14:45:00;5254,00;5261,50;5254,00;5260,50;999540,00;19
WDOM26;31/03/2026;14:30:00;5256,00;5261,00;5253,00;5257,00;1891950,00;36
WDOM26;31/03/2026;14:15:00;5254,50;5256,00;5250,00;5256,00;10606285,00;202
WDOM26;31/03/2026;14:00:00;5263,00;5263,50;5255,00;5255,00;2050870,00;39
WDOM26;31/03/2026;13:45:00;5260,00;5267,50;5260,00;5264,00;2105570,00;40
WDOM26;31/03/2026;13:30:00;5276,00;5276,00;5254,50;5260,00;40271145,00;765
WDOM26;31/03/2026;13:15:00;5281,00;5281,50;5277,00;5279,50;422320,00;8
WDOM26;31/03/2026;13:00:00;5279,50;5280,50;5276,50;5280,50;527960,00;10
WDOM26;31/03/2026;12:45:00;5282,50;5285,00;5281,50;5285,00;158490,00;3
WDOM26;31/03/2026;12:15:00;5279,50;5279,50;5279,50;5279,50;52795,00;1
WDOM26;31/03/2026;12:00:00;5290,00;5290,00;5280,00;5282,50;1004060,00;19
WDOM26;31/03/2026;11:45:00;5286,00;5298,00;5286,00;5298,00;1799465,00;34
WDOM26;31/03/2026;11:30:00;5274,50;5285,00;5267,00;5285,00;13086000,00;248
WDOM26;31/03/2026;11:15:00;5275,50;5278,50;5274,00;5275,00;4169035,00;79
WDOM26;31/03/2026;11:00:00;5281,00;5281,00;5275,00;5276,50;1266730,00;24
WDOM26;31/03/2026;10:45:00;5289,00;5291,00;5282,50;5285,00;5654435,00;107
WDOM26;31/03/2026;10:30:00;5299,50;5300,00;5292,00;5292,00;476800,00;9
WDOM26;31/03/2026;10:15:00;5296,00;5296,50;5290,00;5296,50;794120,00;15
WDOM26;31/03/2026;10:00:00;5297,00;5303,50;5296,00;5303,50;3019070,00;57
WDOM26;31/03/2026;09:45:00;5295,00;5306,50;5293,00;5304,50;1218810,00;23
WDOM26;31/03/2026;09:30:00;5294,50;5300,00;5290,00;5292,00;952800,00;18
WDOM26;31/03/2026;09:15:00;5301,50;5305,50;5295,00;5296,00;1377770,00;26
WDOM26;31/03/2026;09:00:00;5300,00;5302,50;5290,00;5301,00;10806020,00;204
WDOM26;30/03/2026;18:15:00;5324,50;5325,00;5320,50;5323,00;319380,00;6
WDOM26;30/03/2026;18:00:00;5322,50;5322,50;5320,50;5320,50;2714210,00;51
WDOM26;30/03/2026;17:45:00;5319,00;5319,00;5319,00;5319,00;159570,00;3
WDOM26;30/03/2026;17:30:00;5322,00;5322,00;5322,00;5322,00;53220,00;1
WDOM26;30/03/2026;17:00:00;5317,00;5319,00;5317,00;5319,00;478670,00;9
WDOM26;30/03/2026;16:45:00;5320,00;5320,00;5316,00;5316,00;265875,00;5
WDOM26;30/03/2026;16:30:00;5325,00;5325,00;5323,50;5324,50;212975,00;4
WDOM26;30/03/2026;16:15:00;5328,50;5335,50;5328,50;5335,50;852875,00;16
WDOM26;30/03/2026;16:00:00;5326,50;5326,50;5326,50;5326,50;53265,00;1
WDOM26;30/03/2026;15:45:00;5319,00;5321,00;5319,00;5321,00;159590,00;3
WDOM26;30/03/2026;15:15:00;5319,00;5319,00;5319,00;5319,00;319140,00;6
WDOM26;30/03/2026;15:00:00;5321,00;5323,00;5321,00;5323,00;212900,00;4
WDOM26;30/03/2026;14:45:00;5315,00;5320,00;5314,00;5320,00;372060,00;7
WDOM26;30/03/2026;14:30:00;5323,50;5323,50;5316,00;5316,00;319185,00;6
WDOM26;30/03/2026;14:15:00;5320,50;5325,00;5320,50;5323,50;798540,00;15
WDOM26;30/03/2026;14:00:00;5314,00;5314,00;5314,00;5314,00;106280,00;2
WDOM26;30/03/2026;13:45:00;5315,00;5315,00;5315,00;5315,00;159450,00;3
WDOM26;30/03/2026;13:30:00;5316,50;5316,50;5316,50;5316,50;53165,00;1
WDOM26;30/03/2026;13:15:00;5312,00;5315,00;5312,00;5315,00;212545,00;4
WDOM26;30/03/2026;13:00:00;5310,00;5310,00;5308,50;5308,50;159270,00;3
WDOM26;30/03/2026;12:45:00;5304,00;5307,00;5304,00;5307,00;106110,00;2
WDOM26;30/03/2026;12:15:00;5318,50;5318,50;5313,50;5313,50;212625,00;4
WDOM26;30/03/2026;12:00:00;5303,00;5311,50;5303,00;5311,50;106145,00;2
WDOM26;30/03/2026;11:45:00;5314,00;5314,00;5304,00;5304,00;690025,00;13
WDOM26;30/03/2026;11:30:00;5315,00;5319,00;5312,00;5312,00;159460,00;3
WDOM26;30/03/2026;11:15:00;5310,00;5320,00;5310,00;5320,00;531540,00;10
WDOM26;30/03/2026;11:00:00;5312,50;5312,50;5311,50;5311,50;265585,00;5
WDOM26;30/03/2026;10:45:00;5308,00;5315,00;5308,00;5315,00;159330,00;3
WDOM26;30/03/2026;10:30:00;5301,00;5310,00;5301,00;5310,00;3022095,00;57
WDOM26;30/03/2026;10:15:00;5300,50;5305,00;5298,00;5305,00;212085,00;4
WDOM26;30/03/2026;10:00:00;5295,00;5303,00;5292,00;5302,50;3180795,00;60
WDOM26;30/03/2026;09:45:00;5304,50;5307,00;5295,00;5301,00;2332350,00;44
WDOM26;30/03/2026;09:30:00;5308,00;5308,00;5300,00;5305,00;636480,00;12
WDOM26;30/03/2026;09:15:00;5317,00;5317,00;5310,00;5310,00;2870835,00;54
WDOM26;30/03/2026;09:00:00;5310,00;5317,50;5310,00;5315,00;318800,00;6
WDOM26;27/03/2026;18:15:00;5308,50;5308,50;5308,50;5308,50;53085,00;1
WDOM26;27/03/2026;18:00:00;5311,00;5311,00;5311,00;5311,00;53110,00;1
WDOM26;27/03/2026;17:00:00;5312,00;5312,00;5312,00;5312,00;53120,00;1
WDOM26;27/03/2026;16:45:00;5310,00;5310,00;5310,00;5310,00;53100,00;1
WDOM26;27/03/2026;15:45:00;5310,50;5315,00;5310,50;5315,00;106255,00;2
WDOM26;27/03/2026;15:30:00;5316,00;5316,00;5310,00;5310,00;159420,00;3
WDOM26;27/03/2026;15:15:00;5315,00;5320,00;5315,00;5320,00;159520,00;3
WDOM26;27/03/2026;15:00:00;5320,00;5320,00;5320,00;5320,00;53200,00;1
WDOM26;27/03/2026;14:45:00;5316,00;5316,00;5316,00;5316,00;53160,00;1
WDOM26;27/03/2026;14:30:00;5315,00;5315,00;5315,00;5315,00;106300,00;2
WDOM26;27/03/2026;14:15:00;5317,00;5321,50;5317,00;5321,50;212755,00;4
WDOM26;27/03/2026;14:00:00;5315,00;5315,00;5309,50;5315,00;212545,00;4
WDOM26;27/03/2026;13:45:00;5310,00;5310,00;5310,00;5310,00;53100,00;1
WDOM26;27/03/2026;13:30:00;5310,00;5315,50;5310,00;5315,50;796655,00;15
WDOM26;27/03/2026;13:15:00;5310,00;5310,00;5309,00;5309,00;1699160,00;32
WDOM26;27/03/2026;13:00:00;5305,00;5305,00;5305,00;5305,00;53050,00;1
WDOM26;27/03/2026;12:45:00;5300,00;5300,00;5300,00;5300,00;53000,00;1
WDOM26;27/03/2026;12:15:00;5297,50;5297,50;5291,50;5295,50;2804630,00;53
WDOM26;27/03/2026;12:00:00;5300,00;5300,00;5290,00;5290,00;2116325,00;40
WDOM26;27/03/2026;11:45:00;5310,00;5310,00;5305,00;5305,00;318350,00;6
WDOM26;27/03/2026;11:15:00;5311,50;5312,00;5310,00;5312,00;849815,00;16
WDOM26;27/03/2026;11:00:00;5315,00;5315,00;5311,50;5311,50;743680,00;14
WDOM26;27/03/2026;10:45:00;5315,00;5315,00;5310,00;5315,00;424980,00;8
WDOM26;27/03/2026;10:30:00;5325,00;5330,00;5319,00;5320,00;691950,00;13
WDOM26;27/03/2026;10:15:00;5327,50;5330,00;5327,50;5330,00;213130,00;4
WDOM26;27/03/2026;10:00:00;5325,00;5325,00;5323,00;5325,00;159730,00;3
WDOM26;27/03/2026;09:45:00;5329,00;5329,00;5320,00;5320,00;425915,00;8
WDOM26;27/03/2026;09:30:00;5335,50;5338,50;5330,00;5330,00;3736200,00;70
WDOM26;27/03/2026;09:15:00;5337,00;5342,00;5335,00;5336,00;747395,00;14
WDOM26;27/03/2026;09:00:00;5333,00;5350,50;5331,50;5341,50;2671255,00;50
WDOM26;26/03/2026;18:15:00;5312,00;5320,00;5310,00;5310,00;159420,00;3
WDOM26;26/03/2026;17:45:00;5315,00;5315,00;5315,00;5315,00;53150,00;1
WDOM26;26/03/2026;17:30:00;5321,00;5321,00;5315,00;5315,00;21281915,00;400
WDOM26;26/03/2026;17:15:00;5316,00;5320,00;5316,00;5320,00;106360,00;2
WDOM26;26/03/2026;17:00:00;5327,50;5333,00;5305,50;5324,00;531570,00;10
WDOM26;26/03/2026;16:45:00;5324,00;5327,00;5324,00;5326,00;266300,00;5
WDOM26;26/03/2026;16:30:00;5320,50;5325,50;5318,50;5325,50;425840,00;8
WDOM26;26/03/2026;16:15:00;5320,00;5320,00;5320,00;5320,00;53200,00;1
WDOM26;26/03/2026;16:00:00;5314,00;5315,50;5314,00;5315,50;2604575,00;49
WDOM26;26/03/2026;15:45:00;5310,50;5310,50;5307,00;5307,00;371585,00;7
WDOM26;26/03/2026;15:30:00;5311,00;5311,00;5310,00;5310,00;265530,00;5
WDOM26;26/03/2026;15:15:00;5315,00;5315,00;5312,00;5312,00;159390,00;3
WDOM26;26/03/2026;15:00:00;5321,50;5322,50;5320,00;5320,00;212850,00;4
WDOM26;26/03/2026;14:45:00;5323,50;5325,00;5323,50;5325,00;425985,00;8
WDOM26;26/03/2026;14:30:00;5320,50;5320,50;5320,50;5320,50;106410,00;2
WDOM26;26/03/2026;14:15:00;5317,50;5320,00;5317,50;5320,00;106375,00;2
WDOM26;26/03/2026;14:00:00;5319,00;5320,00;5315,00;5315,00;159540,00;3
WDOM26;26/03/2026;13:45:00;5319,00;5322,00;5318,50;5320,00;798180,00;15
WDOM26;26/03/2026;13:30:00;5314,00;5321,50;5314,00;5320,00;6969020,00;131
WDOM26;26/03/2026;13:15:00;5310,00;5310,00;5310,00;5310,00;53100,00;1
WDOM26;26/03/2026;13:00:00;5306,50;5306,50;5306,50;5306,50;53065,00;1
WDOM26;26/03/2026;12:45:00;5305,00;5305,00;5305,00;5305,00;53050,00;1
WDOM26;26/03/2026;12:15:00;5310,50;5310,50;5310,50;5310,50;53105,00;1
WDOM26;26/03/2026;12:00:00;5305,00;5307,00;5303,00;5303,00;424385,00;8
WDOM26;26/03/2026;11:45:00;5308,50;5311,00;5306,50;5306,50;5681600,00;107
WDOM26;26/03/2026;11:30:00;5297,00;5307,50;5297,00;5307,00;530290,00;10
WDOM26;26/03/2026;11:00:00;5294,00;5307,00;5294,00;5307,00;530020,00;10
WDOM26;26/03/2026;10:45:00;5295,00;5300,50;5295,00;5295,00;476760,00;9
WDOM26;26/03/2026;10:30:00;5307,00;5312,00;5297,00;5297,00;742685,00;14
WDOM26;26/03/2026;10:15:00;5309,50;5311,00;5305,00;5305,00;7111470,00;134
WDOM26;26/03/2026;10:00:00;5310,00;5313,00;5310,00;5310,00;478035,00;9
WDOM26;26/03/2026;09:45:00;5320,00;5324,00;5315,00;5315,00;319180,00;6
WDOM26;26/03/2026;09:30:00;5328,00;5331,00;5320,00;5320,00;1970775,00;37
WDOM26;26/03/2026;09:15:00;5325,00;5332,00;5325,00;5327,50;852550,00;16
WDOM26;26/03/2026;09:00:00;5328,50;5335,00;5319,00;5319,00;1331830,00;25
WDOM26;25/03/2026;18:15:00;5305,00;5305,00;5305,00;5305,00;106100,00;2
WDOM26;25/03/2026;17:45:00;5300,00;5300,00;5300,00;5300,00;1007000,00;19
WDOM26;25/03/2026;17:30:00;5290,00;5295,00;5290,00;5295,00;105850,00;2
WDOM26;25/03/2026;17:15:00;5290,00;5290,00;5290,00;5290,00;952200,00;18
WDOM26;25/03/2026;17:00:00;5292,00;5292,00;5292,00;5292,00;52920,00;1
WDOM26;25/03/2026;16:45:00;5295,00;5295,00;5295,00;5295,00;52950,00;1
WDOM26;25/03/2026;16:30:00;5300,00;5300,00;5300,00;5300,00;53000,00;1
WDOM26;25/03/2026;16:15:00;5299,50;5299,50;5294,50;5294,50;158890,00;3
WDOM26;25/03/2026;16:00:00;5294,00;5300,00;5292,50;5300,00;423685,00;8
WDOM26;25/03/2026;15:45:00;5290,00;5304,50;5290,00;5295,00;11491020,00;217
WDOM26;25/03/2026;15:30:00;5285,00;5290,00;5285,00;5290,00;211500,00;4
WDOM26;25/03/2026;15:15:00;5280,00;5280,50;5280,00;5280,00;6758405,00;128
WDOM26;25/03/2026;15:00:00;5281,50;5281,50;5281,50;5281,50;52815,00;1
WDOM26;25/03/2026;14:45:00;5287,00;5287,00;5286,50;5286,50;105735,00;2
WDOM26;25/03/2026;14:30:00;5289,00;5289,00;5283,00;5283,00;264280,00;5
WDOM26;25/03/2026;14:15:00;5290,00;5290,00;5289,50;5289,50;105795,00;2
WDOM26;25/03/2026;14:00:00;5295,00;5296,50;5295,00;5296,50;105915,00;2
WDOM26;25/03/2026;13:45:00;5292,50;5292,50;5292,50;5292,50;52925,00;1
WDOM26;25/03/2026;13:30:00;5290,00;5290,00;5286,50;5286,50;211555,00;4
WDOM26;25/03/2026;13:15:00;5295,00;5295,00;5290,00;5290,00;5554550,00;105
WDOM26;25/03/2026;13:00:00;5300,00;5300,00;5300,00;5300,00;53000,00;1
WDOM26;25/03/2026;12:45:00;5300,00;5300,00;5295,00;5295,00;476830,00;9
WDOM26;25/03/2026;12:30:00;5300,00;5300,00;5300,00;5300,00;53000,00;1
WDOM26;25/03/2026;12:15:00;5300,00;5305,00;5296,50;5300,00;5617995,00;106
WDOM26;25/03/2026;12:00:00;5290,00;5295,00;5290,00;5295,00;105850,00;2
WDOM26;25/03/2026;11:45:00;5293,50;5293,50;5284,00;5284,50;528790,00;10
WDOM26;25/03/2026;11:30:00;5295,00;5299,00;5295,00;5297,00;264865,00;5
WDOM26;25/03/2026;11:15:00;5310,00;5310,00;5298,00;5298,00;1643080,00;31
WDOM26;25/03/2026;11:00:00;5320,00;5320,00;5315,00;5315,00;106350,00;2
WDOM26;25/03/2026;10:45:00;5310,00;5320,00;5310,00;5317,00;318920,00;6
WDOM26;25/03/2026;10:30:00;5305,00;5305,00;5304,50;5304,50;159145,00;3
WDOM26;25/03/2026;10:15:00;5315,00;5315,00;5308,50;5308,50;265565,00;5
WDOM26;25/03/2026;10:00:00;5305,00;5310,00;5305,00;5310,00;265380,00;5
WDOM26;25/03/2026;09:45:00;5306,00;5306,00;5305,00;5306,00;159170,00;3
WDOM26;25/03/2026;09:30:00;5309,50;5311,50;5306,50;5311,50;690305,00;13
WDOM26;25/03/2026;09:15:00;5300,00;5306,50;5300,00;5300,00;1220360,00;23
WDOM26;25/03/2026;09:00:00;5293,00;5295,50;5291,50;5295,50;5503750,00;104
WDOM26;24/03/2026;17:45:00;5310,00;5310,00;5305,00;5310,00;212300,00;4
WDOM26;24/03/2026;17:30:00;5305,00;5305,50;5292,00;5305,50;11347070,00;214
WDOM26;24/03/2026;17:15:00;5326,00;5326,00;5294,50;5312,00;6902680,00;130
WDOM26;24/03/2026;17:00:00;5329,00;5329,00;5329,00;5329,00;53290,00;1
WDOM26;24/03/2026;16:45:00;5333,00;5333,00;5333,00;5333,00;53330,00;1
WDOM26;24/03/2026;16:15:00;5332,00;5341,00;5329,00;5341,00;5866270,00;110
WDOM26;24/03/2026;16:00:00;5335,00;5335,00;5335,00;5335,00;53350,00;1
WDOM26;24/03/2026;15:45:00;5340,00;5340,00;5338,00;5338,00;266945,00;5
WDOM26;24/03/2026;15:30:00;5340,00;5340,00;5331,00;5331,00;5601700,00;105
WDOM26;24/03/2026;15:15:00;5345,00;5345,00;5335,00;5335,00;266900,00;5
WDOM26;24/03/2026;14:45:00;5340,00;5340,00;5340,00;5340,00;427200,00;8
WDOM26;24/03/2026;14:15:00;5350,00;5352,00;5345,00;5345,50;11503915,00;215
WDOM26;24/03/2026;14:00:00;5340,00;5350,00;5340,00;5350,00;855150,00;16
WDOM26;24/03/2026;13:45:00;5331,50;5331,50;5331,50;5331,50;53315,00;1
WDOM26;24/03/2026;13:30:00;5328,00;5328,00;5328,00;5328,00;53280,00;1
WDOM26;24/03/2026;13:15:00;5330,00;5330,00;5330,00;5330,00;53300,00;1
WDOM26;24/03/2026;13:00:00;5340,00;5340,50;5340,00;5340,50;106805,00;2
WDOM26;24/03/2026;12:45:00;5341,50;5342,00;5341,50;5342,00;106835,00;2
WDOM26;24/03/2026;12:30:00;5330,00;5330,00;5329,00;5329,00;159880,00;3
WDOM26;24/03/2026;12:15:00;5325,00;5325,00;5320,00;5320,00;5537850,00;104
WDOM26;24/03/2026;12:00:00;5330,50;5330,50;5330,00;5330,00;159905,00;3
WDOM26;24/03/2026;11:45:00;5345,50;5345,50;5345,50;5345,50;53455,00;1
WDOM26;24/03/2026;11:30:00;5332,00;5340,00;5332,00;5340,00;106720,00;2
WDOM26;24/03/2026;11:15:00;5330,00;5330,00;5330,00;5330,00;53300,00;1
WDOM26;24/03/2026;11:00:00;5330,50;5330,50;5325,50;5325,50;213160,00;4
WDOM26;24/03/2026;10:45:00;5340,00;5340,00;5337,00;5340,00;373740,00;7
WDOM26;24/03/2026;10:15:00;5347,00;5351,50;5342,00;5351,50;374305,00;7
WDOM26;24/03/2026;10:00:00;5338,50;5340,00;5330,50;5340,00;266820,00;5
WDOM26;24/03/2026;09:45:00;5349,50;5349,50;5335,50;5335,50;801000,00;15
WDOM26;24/03/2026;09:30:00;5337,00;5357,50;5337,00;5357,50;588305,00;11
WDOM26;24/03/2026;09:15:00;5350,00;5350,00;5347,00;5347,00;374445,00;7
WDOM26;24/03/2026;09:00:00;5330,00;5344,00;5330,00;5344,00;11471140,00;215
WDOM26;23/03/2026;18:15:00;5313,00;5313,00;5313,00;5313,00;53130,00;1
WDOM26;23/03/2026;18:00:00;5311,50;5311,50;5311,50;5311,50;53115,00;1
WDOM26;23/03/2026;17:15:00;5315,00;5315,00;5314,50;5314,50;265740,00;5
WDOM26;23/03/2026;17:00:00;5317,00;5319,00;5317,00;5319,00;212740,00;4
WDOM26;23/03/2026;16:45:00;5315,00;5316,00;5315,00;5316,00;212610,00;4
WDOM26;23/03/2026;16:30:00;5310,50;5313,00;5310,50;5313,00;849855,00;16
WDOM26;23/03/2026;16:00:00;5310,00;5310,00;5310,00;5310,00;5310000,00;100
WDOM26;23/03/2026;15:30:00;5307,50;5307,50;5300,00;5305,00;5883210,00;111
WDOM26;23/03/2026;15:00:00;5311,00;5313,00;5311,00;5311,00;371835,00;7
WDOM26;23/03/2026;14:45:00;5310,00;5310,00;5303,00;5303,00;212260,00;4
WDOM26;23/03/2026;14:30:00;5313,00;5313,00;5304,00;5304,00;583905,00;11
WDOM26;23/03/2026;14:00:00;5320,00;5320,00;5320,00;5320,00;53200,00;1
WDOM26;23/03/2026;13:45:00;5323,00;5323,00;5323,00;5323,00;106460,00;2
WDOM26;23/03/2026;13:30:00;5335,00;5335,00;5325,00;5325,00;479580,00;9
WDOM26;23/03/2026;13:15:00;5325,00;5333,00;5325,00;5333,00;639620,00;12
WDOM26;23/03/2026;13:00:00;5324,00;5325,00;5313,00;5325,00;319250,00;6
WDOM26;23/03/2026;12:45:00;5314,00;5323,00;5314,00;5323,00;265935,00;5
WDOM26;23/03/2026;12:30:00;5310,00;5315,00;5310,00;5314,50;5628750,00;106
WDOM26;23/03/2026;12:15:00;5310,00;5310,00;5310,00;5310,00;106200,00;2
WDOM26;23/03/2026;12:00:00;5303,00;5303,00;5296,00;5296,00;5935840,00;112
WDOM26;23/03/2026;11:45:00;5313,00;5313,00;5313,00;5313,00;212520,00;4
WDOM26;23/03/2026;11:30:00;5308,50;5309,00;5306,00;5306,00;530715,00;10
WDOM26;23/03/2026;11:15:00;5320,50;5320,50;5303,00;5308,50;2551795,00;48
WDOM26;23/03/2026;11:00:00;5333,00;5334,00;5323,00;5323,00;4208755,00;79
WDOM26;23/03/2026;10:45:00;5343,00;5343,00;5343,00;5343,00;106860,00;2
WDOM26;23/03/2026;10:30:00;5353,00;5353,00;5338,50;5340,00;480865,00;9
WDOM26;23/03/2026;10:15:00;5347,00;5347,00;5343,00;5344,00;213790,00;4
WDOM26;23/03/2026;10:00:00;5343,00;5343,00;5335,00;5335,00;106780,00;2
WDOM26;23/03/2026;09:45:00;5346,50;5346,50;5333,00;5333,00;106795,00;2
WDOM26;23/03/2026;09:30:00;5350,00;5350,00;5340,00;5340,00;106900,00;2
WDOM26;23/03/2026;09:15:00;5382,00;5382,00;5360,50;5361,00;536405,00;10
WDOM26;23/03/2026;09:00:00;5360,50;5392,00;5360,50;5386,00;538340,00;10
WDOM26;20/03/2026;18:15:00;5384,50;5384,50;5351,00;5355,00;644095,00;12
WDOM26;20/03/2026;18:00:00;5395,50;5395,50;5395,00;5395,00;107905,00;2
WDOM26;20/03/2026;17:45:00;5395,00;5400,00;5395,00;5400,00;4370045,00;81
WDOM26;20/03/2026;17:15:00;5392,00;5392,00;5392,00;5392,00;53920,00;1
WDOM26;20/03/2026;17:00:00;5392,00;5392,00;5392,00;5392,00;53920,00;1
WDOM26;20/03/2026;16:45:00;5400,00;5400,00;5392,00;5395,00;5290815,00;98
WDOM26;20/03/2026;16:30:00;5404,50;5404,50;5404,50;5404,50;54045,00;1
WDOM26;20/03/2026;16:15:00;5401,50;5401,50;5401,50;5401,50;54015,00;1
WDOM26;20/03/2026;16:00:00;5393,50;5401,50;5393,50;5401,50;107950,00;2
WDOM26;20/03/2026;15:45:00;5399,50;5400,00;5398,00;5398,00;323975,00;6
WDOM26;20/03/2026;15:15:00;5385,00;5396,50;5385,00;5391,00;862890,00;16
WDOM26;20/03/2026;15:00:00;5381,00;5381,00;5378,00;5378,00;107590,00;2
WDOM26;20/03/2026;14:45:00;5385,50;5385,50;5382,50;5382,50;215360,00;4
WDOM26;20/03/2026;14:30:00;5383,50;5394,00;5380,50;5394,00;2640645,00;49
WDOM26;20/03/2026;14:15:00;5378,00;5384,00;5378,00;5384,00;269110,00;5
WDOM26;20/03/2026;14:00:00;5377,00;5380,00;5377,00;5380,00;107570,00;2
WDOM26;20/03/2026;13:30:00;5365,00;5365,00;5365,00;5365,00;268250,00;5
WDOM26;20/03/2026;13:15:00;5354,00;5363,00;5354,00;5363,00;107170,00;2
WDOM26;20/03/2026;12:15:00;5365,00;5365,00;5360,00;5360,00;160850,00;3
WDOM26;20/03/2026;12:00:00;5375,00;5375,00;5365,00;5365,00;268600,00;5
WDOM26;20/03/2026;11:45:00;5381,00;5381,00;5381,00;5381,00;53810,00;1
WDOM26;20/03/2026;11:30:00;5385,00;5385,00;5380,00;5381,00;322935,00;6
WDOM26;20/03/2026;11:15:00;5378,00;5390,00;5378,00;5390,00;2963655,00;55
WDOM26;20/03/2026;11:00:00;5371,00;5380,00;5371,00;5380,00;483860,00;9
WDOM26;20/03/2026;10:45:00;5361,00;5371,50;5361,00;5371,50;268405,00;5
WDOM26;20/03/2026;10:30:00;5355,00;5361,00;5351,00;5351,00;589265,00;11
WDOM26;20/03/2026;10:15:00;5345,00;5350,00;5343,50;5350,00;694920,00;13
WDOM26;20/03/2026;10:00:00;5339,00;5340,00;5339,00;5340,00;106790,00;2
WDOM26;20/03/2026;09:45:00;5335,50;5335,50;5329,00;5329,00;426645,00;8
WDOM26;20/03/2026;09:30:00;5320,00;5330,00;5320,00;5330,00;106500,00;2
WDOM26;20/03/2026;09:15:00;5319,50;5330,00;5319,50;5330,00;319545,00;6
WDOM26;20/03/2026;09:00:00;5330,00;5330,00;5317,00;5318,00;319540,00;6
WDOM26;19/03/2026;18:00:00;5304,00;5308,00;5304,00;5308,00;795875,00;15
WDOM26;19/03/2026;17:00:00;5298,00;5298,00;5298,00;5298,00;52980,00;1
WDOM26;19/03/2026;16:45:00;5308,00;5308,00;5308,00;5308,00;53080,00;1
WDOM26;19/03/2026;16:15:00;5294,00;5300,00;5294,00;5300,00;105940,00;2
WDOM26;19/03/2026;16:00:00;5318,00;5318,00;5288,00;5298,50;1378205,00;26
WDOM26;19/03/2026;15:45:00;5338,50;5338,50;5320,00;5320,00;533465,00;10
WDOM26;19/03/2026;15:30:00;5333,00;5338,00;5333,00;5336,00;213410,00;4
WDOM26;19/03/2026;15:00:00;5331,00;5331,00;5331,00;5331,00;53310,00;1
WDOM26;19/03/2026;14:45:00;5324,50;5324,50;5324,00;5324,00;159730,00;3
WDOM26;19/03/2026;14:30:00;5321,00;5321,00;5321,00;5321,00;53210,00;1
WDOM26;19/03/2026;14:15:00;5328,00;5328,00;5322,00;5322,00;212950,00;4
WDOM26;19/03/2026;14:00:00;5335,00;5343,50;5335,00;5341,00;373880,00;7
WDOM26;19/03/2026;13:45:00;5335,00;5338,00;5335,00;5338,00;106730,00;2
WDOM26;19/03/2026;13:00:00;5325,00;5325,00;5318,50;5318,50;212880,00;4
WDOM26;19/03/2026;12:45:00;5344,00;5346,50;5325,00;5328,50;373805,00;7
WDOM26;19/03/2026;12:30:00;5337,50;5337,50;5337,50;5337,50;53375,00;1
WDOM26;19/03/2026;12:15:00;5319,50;5319,50;5317,50;5317,50;850820,00;16
WDOM26;19/03/2026;12:00:00;5325,00;5325,00;5320,00;5320,00;319255,00;6
WDOM26;19/03/2026;11:45:00;5344,00;5344,00;5333,50;5333,50;533875,00;10
WDOM26;19/03/2026;11:30:00;5356,50;5356,50;5335,00;5335,00;1016120,00;19
WDOM26;19/03/2026;11:00:00;5345,00;5345,00;5342,00;5342,00;427495,00;8
WDOM26;19/03/2026;10:45:00;5355,00;5355,00;5349,50;5349,50;107045,00;2
WDOM26;19/03/2026;10:30:00;5355,00;5365,00;5355,00;5365,00;214350,00;4
WDOM26;19/03/2026;10:15:00;5381,50;5381,50;5366,50;5366,50;322280,00;6
WDOM26;19/03/2026;10:00:00;5375,50;5396,50;5375,50;5390,00;808890,00;15
WDOM26;19/03/2026;09:45:00;5369,00;5369,50;5369,00;5369,50;107385,00;2
WDOM26;19/03/2026;09:30:00;5393,00;5393,00;5370,00;5370,00;1022700,00;19
WDOM26;19/03/2026;09:15:00;5335,50;5392,50;5335,00;5392,50;3858150,00;72
WDOM26;19/03/2026;09:00:00;5320,50;5348,00;5320,50;5340,50;907650,00;17
WDOM26;18/03/2026;18:15:00;5345,00;5345,00;5336,50;5336,50;106815,00;2
WDOM26;18/03/2026;18:00:00;5356,00;5356,00;5356,00;5356,00;107120,00;2
WDOM26;18/03/2026;17:45:00;5344,00;5350,00;5344,00;5350,00;1390350,00;26
WDOM26;18/03/2026;17:30:00;5339,50;5348,00;5339,50;5340,50;2564150,00;48
WDOM26;18/03/2026;17:15:00;5331,50;5342,50;5331,50;5339,50;854480,00;16
WDOM26;18/03/2026;17:00:00;5329,00;5331,50;5329,00;5331,50;266485,00;5
WDOM26;18/03/2026;16:45:00;5315,00;5326,50;5315,00;5326,50;478945,00;9
WDOM26;18/03/2026;16:15:00;5309,50;5310,00;5309,50;5310,00;5416195,00;102
WDOM26;18/03/2026;16:00:00;5309,00;5309,00;5309,00;5309,00;371630,00;7
WDOM26;18/03/2026;15:45:00;5305,00;5308,50;5305,00;5308,50;159205,00;3
WDOM26;18/03/2026;15:30:00;5299,50;5302,00;5298,50;5302,00;6572100,00;124
WDOM26;18/03/2026;15:15:00;5295,00;5295,00;5295,00;5295,00;52950,00;1
WDOM26;18/03/2026;15:00:00;5280,00;5290,00;5280,00;5290,00;211400,00;4
WDOM26;18/03/2026;14:45:00;5285,00;5285,00;5283,00;5283,00;158510,00;3
WDOM26;18/03/2026;14:00:00;5298,50;5298,50;5298,50;5298,50;105970,00;2
WDOM26;18/03/2026;13:30:00;5290,00;5295,00;5289,50;5295,00;5501715,00;104
WDOM26;18/03/2026;13:15:00;5275,50;5275,50;5275,50;5275,50;52755,00;1
WDOM26;18/03/2026;13:00:00;5280,00;5280,00;5279,50;5279,50;5332795,00;101
WDOM26;18/03/2026;12:30:00;5285,00;5285,00;5285,00;5285,00;52850,00;1
WDOM26;18/03/2026;12:15:00;5290,00;5290,00;5286,50;5286,50;5342865,00;101
WDOM26;18/03/2026;12:00:00;5286,00;5286,00;5280,00;5285,00;5967100,00;113
WDOM26;18/03/2026;11:45:00;5295,00;5295,00;5290,00;5290,00;158800,00;3
WDOM26;18/03/2026;11:30:00;5299,00;5299,00;5297,00;5297,00;529800,00;10
WDOM26;18/03/2026;11:15:00;5305,00;5310,00;5305,00;5310,00;159250,00;3
WDOM26;18/03/2026;11:00:00;5295,00;5295,00;5290,00;5290,00;5448805,00;103
WDOM26;18/03/2026;09:45:00;5309,00;5311,00;5309,00;5311,00;5575485,00;105
WDOM26;18/03/2026;09:30:00;5300,00;5305,50;5294,00;5305,50;5830000,00;110
WDOM26;18/03/2026;09:00:00;5270,00;5277,00;5270,00;5277,00;421980,00;8
WDOM26;17/03/2026;18:00:00;5281,00;5281,00;5281,00;5281,00;52810,00;1
WDOM26;17/03/2026;17:45:00;5280,00;5280,00;5280,00;5280,00;105600,00;2
WDOM26;17/03/2026;16:30:00;5290,00;5290,00;5290,00;5290,00;52900,00;1
WDOM26;17/03/2026;16:15:00;5290,00;5290,00;5290,00;5290,00;264500,00;5
WDOM26;17/03/2026;16:00:00;5288,50;5288,50;5288,50;5288,50;52885,00;1
WDOM26;17/03/2026;15:45:00;5282,00;5282,00;5282,00;5282,00;52820,00;1
WDOM26;17/03/2026;15:30:00;5279,50;5290,00;5279,50;5290,00;5860965,00;111
WDOM26;17/03/2026;15:15:00;5270,00;5272,50;5270,00;5272,50;158125,00;3
WDOM26;17/03/2026;15:00:00;5265,00;5266,50;5265,00;5266,50;210615,00;4
WDOM26;17/03/2026;14:45:00;5271,00;5271,00;5270,00;5270,00;5638935,00;107
WDOM26;17/03/2026;14:30:00;5280,00;5280,00;5276,00;5276,00;369400,00;7
WDOM26;17/03/2026;14:00:00;5290,00;5290,00;5290,00;5290,00;105800,00;2
WDOM26;17/03/2026;13:15:00;5281,00;5281,00;5280,00;5280,00;422450,00;8
WDOM26;17/03/2026;13:00:00;5288,50;5290,00;5280,00;5280,00;370085,00;7
WDOM26;17/03/2026;12:45:00;5290,00;5290,00;5290,00;5290,00;52900,00;1
WDOM26;17/03/2026;12:30:00;5300,00;5305,00;5300,00;5305,00;583500,00;11
WDOM26;17/03/2026;12:15:00;5299,00;5300,00;5299,00;5300,00;370950,00;7
WDOM26;17/03/2026;12:00:00;5290,00;5290,00;5290,00;5290,00;52900,00;1
WDOM26;17/03/2026;11:45:00;5285,00;5285,00;5285,00;5285,00;52850,00;1
WDOM26;17/03/2026;11:30:00;5291,00;5291,00;5290,00;5290,00;105810,00;2
WDOM26;17/03/2026;11:15:00;5290,00;5290,00;5290,00;5290,00;1851500,00;35
WDOM26;17/03/2026;11:00:00;5287,00;5287,00;5280,00;5282,50;422620,00;8
WDOM26;17/03/2026;10:45:00;5291,00;5291,00;5291,00;5291,00;52910,00;1
WDOM26;17/03/2026;10:30:00;5281,00;5281,00;5280,50;5280,50;316835,00;6
WDOM26;17/03/2026;10:15:00;5290,00;5290,00;5285,00;5285,00;105750,00;2
WDOM26;17/03/2026;09:45:00;5291,50;5300,50;5291,50;5298,50;7683160,00;145
WDOM26;17/03/2026;09:30:00;5290,00;5291,50;5284,50;5291,00;11371210,00;215
WDOM26;17/03/2026;09:15:00;5302,00;5304,00;5292,00;5297,50;7202555,00;136
WDOM26;17/03/2026;09:00:00;5317,00;5321,00;5300,00;5300,00;2652440,00;50
WDOM26;16/03/2026;18:15:00;5325,00;5325,00;5325,00;5325,00;53250,00;1
WDOM26;16/03/2026;18:00:00;5321,50;5321,50;5321,50;5321,50;53215,00;1
WDOM26;16/03/2026;17:45:00;5322,00;5323,00;5322,00;5322,00;585430,00;11
WDOM26;16/03/2026;17:30:00;5326,50;5327,00;5326,50;5327,00;213070,00;4
WDOM26;16/03/2026;16:45:00;5324,50;5324,50;5324,50;5324,50;53245,00;1
WDOM26;16/03/2026;16:30:00;5322,00;5324,50;5322,00;5324,50;319345,00;6
WDOM26;16/03/2026;16:00:00;5317,00;5317,00;5317,00;5317,00;53170,00;1
WDOM26;16/03/2026;15:45:00;5323,00;5325,00;5323,00;5325,00;159730,00;3
WDOM26;16/03/2026;15:30:00;5326,50;5326,50;5320,00;5320,00;2926815,00;55
WDOM26;16/03/2026;15:15:00;5335,00;5335,00;5330,00;5330,00;693055,00;13
WDOM26;16/03/2026;15:00:00;5345,00;5345,00;5340,00;5340,00;1121950,00;21
WDOM26;16/03/2026;14:45:00;5345,00;5345,00;5345,00;5345,00;267250,00;5
WDOM26;16/03/2026;14:00:00;5345,00;5345,00;5344,00;5344,00;106890,00;2
WDOM26;16/03/2026;13:30:00;5360,00;5360,00;5360,00;5360,00;53600,00;1
WDOM26;16/03/2026;13:15:00;5351,00;5351,00;5351,00;5351,00;53510,00;1
WDOM26;16/03/2026;13:00:00;5354,50;5354,50;5348,00;5348,00;107025,00;2
WDOM26;16/03/2026;12:45:00;5358,00;5358,00;5358,00;5358,00;53580,00;1
WDOM26;16/03/2026;12:30:00;5350,50;5350,50;5350,00;5350,00;107005,00;2
WDOM26;16/03/2026;11:45:00;5367,50;5367,50;5360,00;5360,50;214555,00;4
WDOM26;16/03/2026;11:30:00;5357,50;5372,00;5357,50;5372,00;375680,00;7
WDOM26;16/03/2026;11:15:00;5351,50;5351,50;5351,50;5351,50;53515,00;1
WDOM26;16/03/2026;10:45:00;5345,00;5345,00;5345,00;5345,00;106900,00;2
WDOM26;16/03/2026;10:30:00;5366,00;5367,50;5355,00;5355,00;428865,00;8
WDOM26;16/03/2026;10:15:00;5365,00;5365,00;5365,00;5365,00;53650,00;1
WDOM26;16/03/2026;10:00:00;5350,50;5360,00;5350,50;5360,00;160680,00;3
WDOM26;16/03/2026;09:30:00;5350,00;5354,50;5350,00;5354,50;160590,00;3
WDOM26;16/03/2026;09:15:00;5355,00;5355,00;5351,50;5354,00;428355,00;8
WDOM26;16/03/2026;09:00:00;5375,00;5400,00;5350,00;5350,00;2093210,00;39
WDOM26;13/03/2026;18:15:00;5419,00;5419,00;5419,00;5419,00;54190,00;1
WDOM26;13/03/2026;17:30:00;5412,00;5412,00;5412,00;5412,00;108240,00;2
WDOM26;13/03/2026;17:00:00;5408,00;5410,00;5408,00;5410,00;162280,00;3
WDOM26;13/03/2026;16:45:00;5415,00;5415,00;5410,00;5410,00;270600,00;5
WDOM26;13/03/2026;16:30:00;5406,00;5410,00;5406,00;5410,00;216360,00;4
WDOM26;13/03/2026;16:15:00;5402,00;5402,00;5402,00;5402,00;54020,00;1
WDOM26;13/03/2026;16:00:00;5400,00;5400,00;5400,00;5400,00;54000,00;1
WDOM26;13/03/2026;15:30:00;5393,50;5393,50;5390,00;5390,00;1239770,00;23
WDOM26;13/03/2026;15:15:00;5397,00;5400,00;5397,00;5397,50;2159505,00;40
WDOM26;13/03/2026;15:00:00;5384,50;5390,50;5384,50;5390,50;161595,00;3
WDOM26;13/03/2026;14:45:00;5390,50;5397,50;5390,00;5390,00;323565,00;6
WDOM26;13/03/2026;14:30:00;5385,00;5385,00;5385,00;5385,00;53850,00;1
WDOM26;13/03/2026;14:00:00;5384,00;5385,00;5384,00;5385,00;107690,00;2
WDOM26;13/03/2026;13:45:00;5370,50;5370,50;5370,50;5370,50;53705,00;1
WDOM26;13/03/2026;13:30:00;5376,00;5376,00;5376,00;5376,00;53760,00;1
WDOM26;13/03/2026;13:15:00;5384,50;5384,50;5384,50;5384,50;53845,00;1
WDOM26;13/03/2026;13:00:00;5367,50;5367,50;5367,50;5367,50;214700,00;4
WDOM26;13/03/2026;12:45:00;5385,00;5385,00;5385,00;5385,00;53850,00;1
WDOM26;13/03/2026;12:30:00;5369,00;5382,00;5369,00;5382,00;537735,00;10
WDOM26;13/03/2026;12:15:00;5348,00;5368,50;5348,00;5366,50;535975,00;10
WDOM26;13/03/2026;12:00:00;5344,50;5346,50;5344,50;5346,50;160355,00;3
WDOM26;13/03/2026;11:45:00;5336,50;5352,50;5336,50;5352,50;1283295,00;24
WDOM26;13/03/2026;11:30:00;5319,50;5319,50;5319,50;5319,50;53195,00;1
WDOM26;13/03/2026;11:00:00;5322,50;5325,00;5322,50;5325,00;106475,00;2
WDOM26;13/03/2026;10:30:00;5312,50;5312,50;5310,00;5310,00;159325,00;3
WDOM26;13/03/2026;10:15:00;5322,50;5322,50;5322,50;5322,50;106450,00;2
WDOM26;13/03/2026;10:00:00;5332,50;5332,50;5332,50;5332,50;53325,00;1
WDOM26;13/03/2026;09:45:00;5322,50;5326,00;5320,00;5322,00;638750,00;12
WDOM26;13/03/2026;09:30:00;5332,00;5334,00;5327,00;5328,00;746185,00;14
WDOM26;13/03/2026;09:15:00;5328,00;5330,50;5328,00;5330,50;106585,00;2
WDOM26;13/03/2026;09:00:00;5323,00;5325,00;5319,00;5319,00;425770,00;8
WDOM26;12/03/2026;18:15:00;5347,00;5352,00;5346,00;5346,00;320960,00;6
WDOM26;12/03/2026;18:00:00;5341,00;5341,00;5341,00;5341,00;53410,00;1
WDOM26;12/03/2026;17:45:00;5335,00;5337,00;5335,00;5337,00;266800,00;5
WDOM26;12/03/2026;17:30:00;5341,00;5341,00;5341,00;5341,00;213640,00;4
WDOM26;12/03/2026;17:15:00;5341,00;5341,00;5341,00;5341,00;53410,00;1
WDOM26;12/03/2026;16:45:00;5337,50;5340,00;5335,00;5335,00;3309275,00;62
WDOM26;12/03/2026;16:30:00;5325,00;5338,00;5325,00;5338,00;480065,00;9
WDOM26;12/03/2026;16:00:00;5327,50;5330,50;5327,50;5330,50;1332480,00;25
WDOM26;12/03/2026;15:45:00;5325,00;5325,00;5325,00;5325,00;53250,00;1
WDOM26;12/03/2026;15:15:00;5318,00;5325,50;5318,00;5325,50;266135,00;5
WDOM26;12/03/2026;14:45:00;5311,50;5316,50;5311,50;5316,50;159430,00;3
WDOM26;12/03/2026;14:30:00;5307,50;5310,00;5307,50;5310,00;106175,00;2
WDOM26;12/03/2026;14:15:00;5299,00;5299,00;5299,00;5299,00;52990,00;1
WDOM26;12/03/2026;14:00:00;5290,00;5290,00;5289,50;5289,50;158690,00;3
WDOM26;12/03/2026;13:30:00;5295,00;5295,00;5295,00;5295,00;52950,00;1
WDOM26;12/03/2026;13:15:00;5297,00;5297,00;5297,00;5297,00;52970,00;1
WDOM26;12/03/2026;12:45:00;5312,00;5312,00;5312,00;5312,00;53120,00;1
WDOM26;12/03/2026;12:30:00;5315,00;5315,00;5304,00;5304,00;318460,00;6
WDOM26;12/03/2026;12:15:00;5315,00;5315,00;5315,00;5315,00;1328750,00;25
WDOM26;12/03/2026;12:00:00;5317,50;5330,00;5317,50;5330,00;372490,00;7
WDOM26;12/03/2026;11:45:00;5290,00;5317,00;5290,00;5317,00;584010,00;11
WDOM26;12/03/2026;11:30:00;5305,00;5305,00;5305,00;5305,00;265250,00;5
WDOM26;12/03/2026;11:15:00;5290,00;5303,00;5290,00;5297,00;423625,00;8
WDOM26;12/03/2026;11:00:00;5294,00;5296,00;5294,00;5296,00;211780,00;4
WDOM26;12/03/2026;10:45:00;5294,50;5307,50;5293,50;5300,00;1218585,00;23
WDOM26;12/03/2026;10:30:00;5279,00;5290,00;5273,50;5290,00;263950,00;5
WDOM26;12/03/2026;10:15:00;5275,00;5281,00;5275,00;5281,00;422265,00;8
WDOM26;12/03/2026;10:00:00;5252,50;5256,00;5250,00;5250,50;210090,00;4
WDOM26;12/03/2026;09:45:00;5260,00;5267,50;5260,00;5267,50;105275,00;2
WDOM26;12/03/2026;09:30:00;5267,50;5270,00;5260,00;5260,00;315920,00;6
WDOM26;12/03/2026;09:15:00;5262,50;5271,00;5262,50;5271,00;158045,00;3
WDOM26;12/03/2026;09:00:00;5259,00;5259,00;5259,00;5259,00;52590,00;1
WDOM26;11/03/2026;18:15:00;5254,00;5254,00;5252,50;5252,50;105065,00;2
WDOM26;11/03/2026;16:45:00;5252,50;5252,50;5252,50;5252,50;52525,00;1
WDOM26;11/03/2026;15:45:00;5252,50;5252,50;5252,50;5252,50;52525,00;1
WDOM26;11/03/2026;15:00:00;5255,50;5255,50;5255,50;5255,50;52555,00;1
WDOM26;11/03/2026;14:30:00;5257,50;5257,50;5257,50;5257,50;52575,00;1
WDOM26;11/03/2026;14:00:00;5254,00;5255,00;5254,00;5255,00;105090,00;2
WDOM26;11/03/2026;13:45:00;5251,00;5251,00;5251,00;5251,00;52510,00;1
WDOM26;11/03/2026;12:30:00;5242,00;5242,00;5240,50;5240,50;104825,00;2
WDOM26;11/03/2026;11:00:00;5245,00;5245,00;5244,50;5244,50;104895,00;2
WDOM26;11/03/2026;10:30:00;5258,50;5258,50;5258,50;5258,50;52585,00;1
WDOM26;11/03/2026;10:00:00;5257,00;5257,00;5257,00;5257,00;52570,00;1
WDOM26;11/03/2026;09:45:00;5273,00;5273,00;5273,00;5273,00;52730,00;1
WDOM26;11/03/2026;09:30:00;5267,00;5269,50;5261,50;5269,50;210650,00;4
WDOM26;11/03/2026;09:15:00;5252,50;5252,50;5252,50;5252,50;52525,00;1
WDOM26;11/03/2026;09:00:00;5254,50;5254,50;5248,00;5251,50;420025,00;8
WDOM26;10/03/2026;17:45:00;5254,00;5254,00;5254,00;5254,00;105080,00;2
WDOM26;10/03/2026;17:30:00;5254,00;5254,00;5254,00;5254,00;52540,00;1
WDOM26;10/03/2026;17:15:00;5254,50;5254,50;5254,50;5254,50;105090,00;2
WDOM26;10/03/2026;16:30:00;5262,50;5265,50;5262,00;5265,50;894650,00;17
WDOM26;10/03/2026;16:15:00;5254,50;5254,50;5254,50;5254,50;52545,00;1
WDOM26;10/03/2026;15:30:00;5241,00;5241,00;5241,00;5241,00;52410,00;1
WDOM26;10/03/2026;15:15:00;5252,50;5258,50;5252,50;5258,50;105110,00;2
WDOM26;10/03/2026;15:00:00;5242,50;5252,00;5242,00;5252,00;2988565,00;57
WDOM26;10/03/2026;14:30:00;5233,50;5242,00;5233,50;5242,00;314285,00;6
WDOM26;10/03/2026;14:15:00;5230,00;5230,00;5230,00;5230,00;52300,00;1
WDOM26;10/03/2026;14:00:00;5237,00;5237,00;5237,00;5237,00;52370,00;1
WDOM26;10/03/2026;13:15:00;5245,00;5248,00;5245,00;5248,00;209860,00;4
WDOM26;10/03/2026;12:30:00;5244,00;5244,00;5238,50;5238,50;104825,00;2
WDOM26;10/03/2026;12:15:00;5242,00;5242,00;5241,50;5241,50;1048320,00;20
WDOM26;10/03/2026;12:00:00;5248,00;5248,00;5248,00;5248,00;104960,00;2
WDOM26;10/03/2026;11:45:00;5250,00;5250,00;5248,00;5248,00;209965,00;4
WDOM26;10/03/2026;11:30:00;5257,00;5261,50;5252,50;5252,50;945845,00;18
WDOM26;10/03/2026;11:00:00;5275,00;5279,00;5275,00;5279,00;105540,00;2
WDOM26;10/03/2026;10:00:00;5272,50;5280,00;5271,00;5280,00;421895,00;8
WDOM26;10/03/2026;09:30:00;5279,00;5279,50;5279,00;5279,50;105585,00;2
WDOM26;10/03/2026;09:15:00;5265,50;5276,50;5265,50;5276,50;263470,00;5
WDOM26;10/03/2026;09:00:00;5257,00;5272,00;5251,50;5263,00;788845,00;15
WDOM26;09/03/2026;18:15:00;5261,00;5261,00;5261,00;5261,00;52610,00;1
WDOM26;09/03/2026;18:00:00;5260,00;5265,00;5260,00;5265,00;157900,00;3
WDOM26;09/03/2026;17:45:00;5260,00;5260,00;5260,00;5260,00;52600,00;1
WDOM26;09/03/2026;17:30:00;5265,00;5265,00;5265,00;5265,00;52650,00;1
WDOM26;09/03/2026;17:00:00;5272,00;5274,00;5272,00;5274,00;105460,00;2
WDOM26;09/03/2026;16:30:00;5269,50;5275,50;5269,50;5275,00;210950,00;4
WDOM26;09/03/2026;16:15:00;5291,00;5291,00;5254,00;5276,50;6226090,00;118
WDOM26;09/03/2026;15:45:00;5305,00;5305,00;5305,00;5305,00;53050,00;1
WDOM26;09/03/2026;15:30:00;5305,00;5305,00;5305,00;5305,00;53050,00;1
WDOM26;09/03/2026;15:15:00;5305,50;5305,50;5305,50;5305,50;53055,00;1
WDOM26;09/03/2026;15:00:00;5310,00;5310,00;5310,00;5310,00;265500,00;5
WDOM26;09/03/2026;14:30:00;5322,50;5322,50;5322,50;5322,50;266125,00;5
WDOM26;09/03/2026;14:15:00;5317,50;5318,50;5317,50;5318,50;425470,00;8
WDOM26;09/03/2026;13:15:00;5313,00;5314,00;5313,00;5314,00;159410,00;3
WDOM26;09/03/2026;13:00:00;5309,50;5309,50;5309,50;5309,50;53095,00;1
WDOM26;09/03/2026;12:45:00;5321,00;5321,00;5321,00;5321,00;53210,00;1
WDOM26;09/03/2026;12:30:00;5313,00;5316,50;5313,00;5316,50;106295,00;2
WDOM26;09/03/2026;12:00:00;5309,00;5309,00;5309,00;5309,00;53090,00;1
WDOM26;09/03/2026;11:45:00;5305,00;5305,00;5305,00;5305,00;265250,00;5
WDOM26;09/03/2026;11:30:00;5312,00;5312,00;5312,00;5312,00;53120,00;1
WDOM26;09/03/2026;11:15:00;5321,00;5321,00;5321,00;5321,00;53210,00;1
WDOM26;09/03/2026;11:00:00;5310,00;5329,00;5310,00;5329,00;798495,00;15
WDOM26;09/03/2026;10:45:00;5319,00;5319,00;5319,00;5319,00;53190,00;1
WDOM26;09/03/2026;10:30:00;5316,50;5317,00;5311,50;5317,00;159450,00;3
WDOM26;09/03/2026;10:15:00;5324,50;5324,50;5321,00;5321,00;2181645,00;41
WDOM26;09/03/2026;10:00:00;5334,00;5336,00;5328,00;5336,00;319965,00;6
WDOM26;09/03/2026;09:30:00;5350,00;5355,00;5347,00;5353,00;267550,00;5
WDOM26;09/03/2026;09:15:00;5356,50;5360,00;5356,50;5360,00;857565,00;16
WDOM26;09/03/2026;09:00:00;5376,00;5376,00;5363,50;5363,50;322290,00;6
WDOM26;06/03/2026;18:15:00;5360,00;5361,50;5355,50;5356,00;214330,00;4
WDOM26;06/03/2026;16:30:00;5350,00;5350,00;5344,00;5344,00;160415,00;3
WDOM26;06/03/2026;16:15:00;5354,00;5354,00;5354,00;5354,00;53540,00;1
WDOM26;06/03/2026;15:15:00;5370,00;5370,00;5370,00;5370,00;53700,00;1
WDOM26;06/03/2026;13:15:00;5375,50;5375,50;5375,50;5375,50;53755,00;1
WDOM26;06/03/2026;13:00:00;5383,00;5383,50;5383,00;5383,50;2261040,00;42
WDOM26;06/03/2026;12:30:00;5378,00;5386,00;5378,00;5386,00;107640,00;2
WDOM26;06/03/2026;12:00:00;5378,50;5378,50;5378,50;5378,50;537850,00;10
WDOM26;06/03/2026;11:15:00;5404,50;5404,50;5404,50;5404,50;432360,00;8
WDOM26;06/03/2026;11:00:00;5410,00;5420,00;5410,00;5410,00;162400,00;3
WDOM26;06/03/2026;10:45:00;5377,00;5397,50;5377,00;5397,50;215605,00;4
WDOM26;06/03/2026;10:15:00;5379,00;5379,00;5376,00;5376,00;107550,00;2
WDOM26;06/03/2026;10:00:00;5394,50;5394,50;5394,50;5394,50;53945,00;1
WDOM26;06/03/2026;09:15:00;5404,00;5404,00;5404,00;5404,00;54040,00;1
WDOM26;06/03/2026;09:00:00;5416,00;5418,00;5403,50;5404,50;3189750,00;59
WDOM26;05/03/2026;17:45:00;5366,50;5366,50;5366,50;5366,50;53665,00;1
WDOM26;05/03/2026;17:30:00;5369,00;5372,00;5369,00;5372,00;590860,00;11
WDOM26;05/03/2026;17:00:00;5375,00;5375,00;5375,00;5375,00;483750,00;9
WDOM26;05/03/2026;16:30:00;5384,50;5395,00;5384,50;5391,00;161705,00;3
WDOM26;05/03/2026;16:00:00;5380,00;5380,00;5380,00;5380,00;430400,00;8
WDOM26;05/03/2026;15:45:00;5377,00;5379,00;5377,00;5379,00;107560,00;2
WDOM26;05/03/2026;15:15:00;5385,00;5385,00;5384,00;5384,00;215390,00;4
WDOM26;05/03/2026;14:45:00;5360,50;5364,00;5360,50;5364,00;375445,00;7
WDOM26;05/03/2026;14:30:00;5344,00;5357,00;5344,00;5357,00;2086120,00;39
WDOM26;05/03/2026;14:00:00;5353,00;5359,50;5351,00;5359,50;428225,00;8
WDOM26;05/03/2026;13:15:00;5385,00;5385,00;5385,00;5385,00;53850,00;1
WDOM26;05/03/2026;13:00:00;5368,00;5381,50;5368,00;5381,50;429675,00;8
WDOM26;05/03/2026;12:45:00;5365,00;5365,00;5365,00;5365,00;53650,00;1
WDOM26;05/03/2026;12:00:00;5332,00;5332,00;5331,50;5331,50;106635,00;2
WDOM26;05/03/2026;11:45:00;5357,50;5357,50;5347,00;5347,00;320925,00;6
WDOM26;05/03/2026;11:30:00;5353,00;5353,00;5353,00;5353,00;267650,00;5
WDOM26;05/03/2026;11:15:00;5342,50;5358,00;5342,50;5358,00;107005,00;2
WDOM26;05/03/2026;10:15:00;5345,00;5345,00;5345,00;5345,00;53450,00;1
WDOM26;05/03/2026;10:00:00;5345,00;5345,00;5345,00;5345,00;53450,00;1
WDOM26;05/03/2026;09:45:00;5356,00;5356,00;5353,00;5353,00;107090,00;2
WDOM26;05/03/2026;09:30:00;5351,00;5351,00;5351,00;5351,00;107020,00;2
WDOM26;05/03/2026;09:15:00;5356,50;5356,50;5343,50;5343,50;107000,00;2
WDOM26;05/03/2026;09:00:00;5367,00;5367,00;5355,50;5357,50;160800,00;3
WDOM26;04/03/2026;18:15:00;5334,00;5334,00;5334,00;5334,00;53340,00;1
WDOM26;04/03/2026;18:00:00;5331,00;5331,00;5331,00;5331,00;53310,00;1
WDOM26;04/03/2026;17:15:00;5326,00;5326,00;5326,00;5326,00;266300,00;5
WDOM26;04/03/2026;17:00:00;5323,50;5323,50;5323,50;5323,50;53235,00;1
WDOM26;04/03/2026;16:30:00;5320,00;5320,00;5320,00;5320,00;266000,00;5
WDOM26;04/03/2026;15:45:00;5317,00;5317,00;5317,00;5317,00;53170,00;1
WDOM26;04/03/2026;14:30:00;5331,00;5331,00;5330,50;5330,50;159920,00;3
WDOM26;04/03/2026;14:15:00;5319,50;5319,50;5319,50;5319,50;265975,00;5
WDOM26;04/03/2026;13:15:00;5331,00;5331,00;5331,00;5331,00;266550,00;5
WDOM26;04/03/2026;12:30:00;5313,00;5313,00;5313,00;5313,00;53130,00;1
WDOM26;04/03/2026;12:15:00;5313,00;5313,00;5313,00;5313,00;53130,00;1
WDOM26;04/03/2026;11:30:00;5313,50;5313,50;5313,50;5313,50;797025,00;15
WDOM26;04/03/2026;11:15:00;5314,00;5314,00;5312,00;5312,00;2496920,00;47
WDOM26;04/03/2026;10:45:00;5320,00;5320,00;5317,00;5317,00;319170,00;6
WDOM26;04/03/2026;10:00:00;5323,00;5323,00;5323,00;5323,00;53230,00;1
WDOM26;04/03/2026;09:30:00;5350,00;5350,00;5350,00;5350,00;53500,00;1
WDOM26;04/03/2026;09:15:00;5350,00;5350,00;5350,00;5350,00;6687500,00;125
WDOM26;03/03/2026;18:15:00;5390,00;5390,00;5390,00;5390,00;161700,00;3
WDOM26;03/03/2026;16:45:00;5359,50;5359,50;5359,50;5359,50;267975,00;5
WDOM26;03/03/2026;15:30:00;5374,00;5374,00;5370,00;5370,00;107440,00;2
WDOM26;03/03/2026;14:30:00;5406,50;5406,50;5394,50;5394,50;162075,00;3
WDOM26;03/03/2026;14:15:00;5394,00;5394,00;5394,00;5394,00;53940,00;1
WDOM26;03/03/2026;14:00:00;5400,00;5404,00;5400,00;5400,00;648180,00;12
WDOM26;03/03/2026;13:45:00;5397,50;5400,00;5390,00;5400,00;6908765,00;128
WDOM26;03/03/2026;13:30:00;5407,50;5407,50;5400,50;5400,50;216170,00;4
WDOM26;03/03/2026;13:15:00;5400,00;5400,00;5400,00;5400,00;54000,00;1
WDOM26;03/03/2026;13:00:00;5408,00;5408,00;5408,00;5408,00;54080,00;1
WDOM26;03/03/2026;12:15:00;5439,50;5450,00;5432,00;5432,00;7179980,00;132
WDOM26;03/03/2026;12:00:00;5426,00;5443,00;5426,00;5439,50;13709590,00;252
WDOM26;03/03/2026;11:45:00;5413,50;5413,50;5413,50;5413,50;54135,00;1
WDOM26;03/03/2026;11:30:00;5393,50;5393,50;5393,50;5393,50;53935,00;1
WDOM26;03/03/2026;11:15:00;5390,00;5395,50;5390,00;5395,00;13533975,00;251
WDOM26;03/03/2026;10:15:00;5360,00;5360,00;5360,00;5360,00;53600,00;1
WDOM26;03/03/2026;09:30:00;5356,50;5370,00;5356,50;5370,00;107265,00;2
WDOM26;02/03/2026;17:15:00;5279,50;5283,00;5279,50;5283,00;105625,00;2
WDOM26;02/03/2026;15:30:00;5285,50;5285,50;5285,50;5285,50;52855,00;1
WDOM26;02/03/2026;15:15:00;5283,00;5283,00;5283,00;5283,00;52830,00;1
WDOM26;02/03/2026;14:30:00;5288,00;5288,00;5288,00;5288,00;52880,00;1
WDOM26;02/03/2026;14:00:00;5299,00;5299,00;5299,00;5299,00;52990,00;1
WDOM26;02/03/2026;12:15:00;5290,50;5301,00;5290,50;5301,00;211830,00;4
WDOM26;02/03/2026;11:45:00;5295,00;5300,00;5295,00;5300,00;105950,00;2
WDOM26;02/03/2026;10:45:00;5317,00;5317,00;5317,00;5317,00;53170,00;1
WDOM26;02/03/2026;10:30:00;5315,00;5315,00;5315,00;5315,00;53150,00;1
WDOM26;02/03/2026;10:15:00;5315,00;5315,00;5315,00;5315,00;53150,00;1
WDOM26;02/03/2026;09:45:00;5298,50;5298,50;5298,50;5298,50;52985,00;1
WDOM26;27/02/2026;18:15:00;5242,00;5242,00;5242,00;5242,00;52420,00;1
WDOM26;27/02/2026;18:00:00;5240,00;5240,00;5240,00;5240,00;5292400,00;101
WDOM26;27/02/2026;15:00:00;5244,00;5245,00;5244,00;5244,50;209780,00;4
WDOM26;27/02/2026;14:45:00;5247,50;5247,50;5247,50;5247,50;52475,00;1
WDOM26;27/02/2026;14:15:00;5247,50;5247,50;5247,50;5247,50;52475,00;1
WDOM26;27/02/2026;14:00:00;5244,50;5244,50;5244,50;5244,50;52445,00;1
WDOM26;27/02/2026;13:45:00;5245,00;5245,00;5245,00;5245,00;52450,00;1
WDOM26;27/02/2026;13:30:00;5241,50;5241,50;5241,50;5241,50;52415,00;1
WDOM26;27/02/2026;13:15:00;5238,00;5238,00;5238,00;5238,00;52380,00;1
WDOM26;27/02/2026;13:00:00;5240,00;5240,00;5240,00;5240,00;52400,00;1
WDOM26;27/02/2026;12:30:00;5251,50;5251,50;5249,50;5249,50;105010,00;2
WDOM26;27/02/2026;12:15:00;5253,00;5253,00;5249,50;5249,50;105025,00;2
WDOM26;27/02/2026;12:00:00;5249,50;5249,50;5249,50;5249,50;52495,00;1
WDOM26;27/02/2026;11:15:00;5260,00;5260,00;5258,00;5258,00;105180,00;2
WDOM26;27/02/2026;10:30:00;5270,00;5270,00;5270,00;5270,00;52700,00;1
WDOM26;27/02/2026;10:00:00;5258,50;5258,50;5258,50;5258,50;52585,00;1
WDOM26;27/02/2026;09:45:00;5259,50;5259,50;5259,00;5259,00;105185,00;2
WDOM26;27/02/2026;09:30:00;5260,50;5260,50;5260,50;5260,50;52605,00;1
WDOM26;26/02/2026;18:15:00;5248,00;5248,00;5248,00;5248,00;262400,00;5
WDOM26;26/02/2026;18:00:00;5245,00;5245,00;5245,00;5245,00;52450,00;1
WDOM26;26/02/2026;17:30:00;5242,50;5242,50;5230,00;5230,00;627725,00;12
WDOM26;26/02/2026;15:45:00;5250,00;5250,00;5250,00;5250,00;5250000,00;100
WDOM26;26/02/2026;15:15:00;5259,00;5259,00;5259,00;5259,00;52590,00;1
WDOM26;26/02/2026;14:15:00;5267,00;5274,50;5267,00;5274,50;368915,00;7
WDOM26;26/02/2026;14:00:00;5266,00;5266,00;5266,00;5266,00;52660,00;1
WDOM26;26/02/2026;13:30:00;5260,00;5260,00;5260,00;5260,00;5260000,00;100
WDOM26;26/02/2026;10:00:00;5235,50;5236,00;5235,50;5236,00;157075,00;3
WDOM26;25/02/2026;15:15:00;5243,50;5243,50;5243,50;5243,50;52435,00;1
WDOM26;25/02/2026;14:30:00;5240,00;5240,00;5240,00;5240,00;5240000,00;100
WDOM26;25/02/2026;12:30:00;5272,00;5272,00;5272,00;5272,00;52720,00;1
WDOM26;25/02/2026;11:45:00;5259,00;5259,00;5259,00;5259,00;52590,00;1
WDOM26;25/02/2026;11:30:00;5258,00;5258,00;5258,00;5258,00;52580,00;1
WDOM26;25/02/2026;11:15:00;5254,00;5256,00;5251,00;5251,00;367760,00;7
WDOM26;25/02/2026;10:45:00;5252,00;5252,00;5252,00;5252,00;52520,00;1
WDOM26;25/02/2026;10:30:00;5250,00;5250,00;5250,00;5250,00;5250000,00;100
WDOM26;25/02/2026;10:15:00;5245,00;5245,00;5245,00;5245,00;52450,00;1
WDOM26;25/02/2026;10:00:00;5234,00;5240,00;5233,00;5238,50;628155,00;12
WDOM26;25/02/2026;09:45:00;5240,00;5240,00;5231,00;5234,00;314170,00;6
WDOM26;25/02/2026;09:30:00;5250,00;5250,00;5240,00;5240,00;682000,00;13
WDOM26;25/02/2026;09:00:00;5240,00;5240,00;5240,00;5240,00;5240000,00;100
WDOM26;24/02/2026;17:00:00;5269,50;5270,00;5269,50;5270,00;5164585,00;98
WDOM26;24/02/2026;16:45:00;5270,00;5270,00;5269,50;5269,50;790450,00;15
WDOM26;24/02/2026;13:00:00;5280,00;5280,00;5280,00;5280,00;52800,00;1
WDOM26;24/02/2026;09:45:00;5298,00;5298,00;5298,00;5298,00;52980,00;1
WDOM26;20/02/2026;17:30:00;5300,00;5300,00;5297,50;5300,00;1854700,00;35
WDOM26;20/02/2026;17:15:00;5295,00;5295,00;5295,00;5295,00;1482600,00;28
WDOM26;20/02/2026;15:30:00;5300,00;5300,00;5298,00;5298,00;158980,00;3
WDOM26;20/02/2026;15:15:00;5302,00;5302,00;5302,00;5302,00;53020,00;1
WDOM26;20/02/2026;15:00:00;5310,00;5310,00;5310,00;5310,00;53100,00;1
WDOM26;20/02/2026;14:30:00;5311,00;5311,00;5311,00;5311,00;106220,00;2
WDOM26;20/02/2026;12:00:00;5310,00;5310,00;5310,00;5310,00;53100,00;1
WDOM26;20/02/2026;11:00:00;5320,00;5320,00;5320,00;5320,00;53200,00;1
WDOM26;13/02/2026;12:30:00;5361,00;5361,00;5361,00;5361,00;804150,00;15
WDOM26;13/02/2026;09:45:00;5341,00;5341,00;5341,00;5341,00;53410,00;1
WDOM26;13/02/2026;09:15:00;5341,00;5341,00;5341,00;5341,00;106820,00;2
WDOM26;12/02/2026;17:45:00;5332,00;5332,00;5332,00;5332,00;53320,00;1
WDOM26;12/02/2026;17:15:00;5324,00;5328,00;5324,00;5328,00;159780,00;3
WDOM26;12/02/2026;16:15:00;5332,00;5332,00;5332,00;5332,00;53320,00;1
WDOM26;12/02/2026;16:00:00;5333,00;5333,00;5324,00;5332,50;319715,00;6
WDOM26;12/02/2026;15:45:00;5335,50;5335,50;5331,50;5333,00;213330,00;4
WDOM26;12/02/2026;15:00:00;5324,00;5326,00;5324,00;5326,00;159740,00;3
WDOM26;12/02/2026;14:45:00;5320,00;5322,00;5320,00;5322,00;106420,00;2
WDOM26;12/02/2026;14:30:00;5316,00;5318,00;5316,00;5318,00;106340,00;2
WDOM26;12/02/2026;14:00:00;5322,50;5324,50;5322,50;5324,50;106470,00;2
WDOM26;12/02/2026;13:15:00;5306,00;5319,00;5306,00;5319,00;318830,00;6
WDOM26;12/02/2026;13:00:00;5302,00;5304,00;5302,00;5304,00;106060,00;2
WDOM26;12/02/2026;11:00:00;5283,50;5283,50;5283,50;5283,50;52835,00;1
WDOM26;12/02/2026;09:30:00;5301,50;5306,50;5301,50;5306,50;265195,00;5
WDOM26;12/02/2026;09:00:00;5301,00;5302,50;5300,00;5302,50;371085,00;7
WDOM26;11/02/2026;17:00:00;5303,50;5303,50;5303,50;5303,50;53035,00;1
WDOM26;11/02/2026;16:15:00;5306,00;5306,00;5306,00;5306,00;53060,00;1
WDOM26;11/02/2026;15:30:00;5306,00;5306,00;5306,00;5306,00;53060,00;1
WDOM26;11/02/2026;15:15:00;5305,00;5307,50;5303,00;5303,00;212205,00;4
WDOM26;11/02/2026;15:00:00;5301,50;5301,50;5301,50;5301,50;53015,00;1
WDOM26;11/02/2026;14:45:00;5300,50;5301,00;5300,50;5301,00;106015,00;2
WDOM26;11/02/2026;14:30:00;5302,50;5302,50;5302,50;5302,50;53025,00;1
WDOM26;11/02/2026;14:15:00;5300,50;5300,50;5300,50;5300,50;53005,00;1
WDOM26;11/02/2026;13:45:00;5300,50;5303,50;5300,00;5303,50;371150,00;7
WDOM26;11/02/2026;13:30:00;5300,00;5300,50;5299,50;5300,50;582990,00;11
WDOM26;11/02/2026;13:15:00;5306,50;5306,50;5306,50;5306,50;53065,00;1
WDOM26;10/02/2026;18:15:00;5335,50;5335,50;5329,50;5329,50;106650,00;2
WDOM26;10/02/2026;13:15:00;5341,50;5341,50;5341,50;5341,50;53415,00;1
WDOM26;06/02/2026;15:15:00;5360,00;5360,00;5360,00;5360,00;53600,00;1
WDOM26;06/02/2026;10:45:00;5370,00;5370,00;5370,00;5370,00;53700,00;1
WDOM26;06/02/2026;10:15:00;5376,00;5376,00;5376,00;5376,00;53760,00;1
WDOM26;06/02/2026;10:00:00;5379,00;5379,00;5379,00;5379,00;53790,00;1
WDOM26;06/02/2026;09:45:00;5370,00;5378,00;5370,00;5378,00;161230,00;3
WDOM26;06/02/2026;09:00:00;5355,00;5363,50;5355,00;5363,50;107185,00;2
WDOM26;05/02/2026;17:00:00;5411,00;5411,00;5411,00;5411,00;486990,00;9
WDOM26;04/02/2026;14:45:00;5395,50;5395,50;5391,00;5391,00;107865,00;2
WDOM26;04/02/2026;14:30:00;5379,50;5390,00;5379,50;5390,00;161540,00;3
WDOM26;04/02/2026;14:15:00;5374,00;5384,50;5374,00;5384,50;215130,00;4
WDOM26;04/02/2026;11:30:00;5367,50;5367,50;5367,50;5367,50;53675,00;1
WDOM26;04/02/2026;11:15:00;5360,50;5361,00;5360,50;5361,00;107215,00;2
WDOM26;04/02/2026;11:00:00;5359,00;5363,00;5359,00;5363,00;107220,00;2
WDOM26;04/02/2026;10:30:00;5364,50;5364,50;5359,00;5359,00;160830,00;3
WDOM26;04/02/2026;10:15:00;5357,00;5360,50;5357,00;5360,50;107175,00;2
WDOM26;04/02/2026;10:00:00;5359,00;5359,00;5359,00;5359,00;53590,00;1
WDOM26;04/02/2026;09:45:00;5355,00;5355,00;5355,00;5355,00;107100,00;2
WDOM26;03/02/2026;17:30:00;5383,00;5383,00;5383,00;5383,00;53830,00;1
WDOM26;03/02/2026;17:15:00;5384,00;5387,00;5383,00;5385,00;269240,00;5
WDOM26;03/02/2026;17:00:00;5386,00;5386,00;5386,00;5386,00;53860,00;1
WDOM26;03/02/2026;16:45:00;5400,00;5400,00;5383,00;5383,00;215830,00;4
WDOM26;03/02/2026;16:00:00;5374,00;5374,00;5374,00;5374,00;53740,00;1
WDOM26;03/02/2026;14:30:00;5357,00;5364,00;5357,00;5364,00;107210,00;2
WDOM26;03/02/2026;14:15:00;5350,00;5350,00;5350,00;5350,00;53500,00;1
