WINM26;14/05/2026;18:00:00;180645,00;180720,00;180510,00;180675,00;5083680722,00;140745
WINM26;14/05/2026;17:30:00;180690,00;180735,00;180545,00;180635,00;7452536725,00;206272
WINM26;14/05/2026;17:00:00;180485,00;180745,00;180385,00;180685,00;1,153694159E10;319488
WINM26;14/05/2026;16:30:00;180485,00;180600,00;180375,00;180490,00;1,893190372E10;524474
WINM26;14/05/2026;16:00:00;180555,00;180815,00;180460,00;180485,00;2,588150577E10;716444
WINM26;14/05/2026;15:30:00;180840,00;180870,00;180435,00;180550,00;2,591600808E10;717490
WINM26;14/05/2026;15:00:00;181120,00;181135,00;180755,00;180845,00;2,731930658E10;754760
WINM26;14/05/2026;14:30:00;181200,00;181550,00;181095,00;181125,00;2,499700169E10;689154
WINM26;14/05/2026;14:00:00;181025,00;181485,00;181000,00;181195,00;2,780546621E10;766950
WINM26;14/05/2026;13:30:00;180850,00;181155,00;180725,00;181020,00;2,544728803E10;703134
WINM26;14/05/2026;13:00:00;181070,00;181220,00;180795,00;180855,00;2,301601279E10;635657
WINM26;14/05/2026;12:30:00;180980,00;181170,00;180860,00;181070,00;2,365840169E10;653494
WINM26;14/05/2026;12:00:00;180965,00;181185,00;180845,00;180980,00;2,890776429E10;798393
WINM26;14/05/2026;11:30:00;180805,00;181110,00;180630,00;180960,00;4,465817248E10;1234462
WINM26;14/05/2026;11:00:00;180105,00;180950,00;180035,00;180810,00;5,436677964E10;1504678
WINM26;14/05/2026;10:30:00;180360,00;180520,00;179705,00;180105,00;7,377888664E10;2047261
WINM26;14/05/2026;10:00:00;180675,00;180865,00;180195,00;180355,00;6,267214966E10;1735323
WINM26;14/05/2026;09:30:00;180390,00;180785,00;180325,00;180680,00;4,149938775E10;1149345
WINM26;14/05/2026;09:00:00;179055,00;180520,00;179055,00;180390,00;5,157403171E10;1431842
WINM26;13/05/2026;18:00:00;179225,00;179260,00;178935,00;179105,00;5181376292,00;144668
WINM26;13/05/2026;17:30:00;179150,00;179350,00;179095,00;179230,00;9738057604,00;271681
WINM26;13/05/2026;17:00:00;179170,00;179290,00;178845,00;179155,00;1,691372957E10;472230
WINM26;13/05/2026;16:30:00;179345,00;179410,00;178890,00;179170,00;2,748380751E10;766969
WINM26;13/05/2026;16:00:00;179590,00;179670,00;179140,00;179340,00;2,407462434E10;671210
WINM26;13/05/2026;15:30:00;179860,00;180020,00;178790,00;179595,00;4,543275201E10;1265199
WINM26;13/05/2026;15:00:00;180575,00;180860,00;179655,00;179860,00;6,876436034E10;1907087
WINM26;13/05/2026;14:30:00;181820,00;181850,00;180385,00;180575,00;4,332330565E10;1194112
WINM26;13/05/2026;14:00:00;182105,00;182125,00;181635,00;181825,00;3,273155877E10;899903
WINM26;13/05/2026;13:30:00;182575,00;182670,00;182080,00;182105,00;2,446175088E10;670585
WINM26;13/05/2026;13:00:00;182465,00;182740,00;182400,00;182575,00;2,799656172E10;766817
WINM26;13/05/2026;12:30:00;182460,00;182540,00;182305,00;182465,00;2,1062918E10;577277
WINM26;13/05/2026;12:00:00;182350,00;182560,00;182155,00;182460,00;3,027934604E10;830194
WINM26;13/05/2026;11:30:00;182445,00;182520,00;182235,00;182350,00;2,87649217E10;788626
WINM26;13/05/2026;11:00:00;181950,00;182565,00;181805,00;182450,00;5,393280898E10;1479706
WINM26;13/05/2026;10:30:00;181700,00;182150,00;180825,00;181955,00;7,967542281E10;2196023
WINM26;13/05/2026;10:00:00;182075,00;182440,00;181655,00;181695,00;6,35013095E10;1743574
WINM26;13/05/2026;09:30:00;181925,00;182180,00;181560,00;182075,00;3,945804433E10;1084845
WINM26;13/05/2026;09:00:00;182750,00;182900,00;181735,00;181920,00;5,151275411E10;1413980
WINM26;12/05/2026;18:00:00;182855,00;182960,00;182700,00;182770,00;5552003403,00;151815
WINM26;12/05/2026;17:30:00;182775,00;182880,00;182735,00;182855,00;5208018160,00;142439
WINM26;12/05/2026;17:00:00;182775,00;182830,00;182585,00;182770,00;1,319556946E10;361121
WINM26;12/05/2026;16:30:00;182905,00;182985,00;182735,00;182775,00;2,313756576E10;632712
WINM26;12/05/2026;16:00:00;182665,00;183185,00;182660,00;182910,00;3,013475308E10;823600
WINM26;12/05/2026;15:30:00;182715,00;182965,00;182570,00;182670,00;2,539253229E10;694825
WINM26;12/05/2026;15:00:00;182350,00;182845,00;182170,00;182710,00;2,803292859E10;768223
WINM26;12/05/2026;14:30:00;182635,00;182730,00;182280,00;182350,00;2,242488433E10;614371
WINM26;12/05/2026;14:00:00;182330,00;182775,00;182305,00;182640,00;2,815182696E10;771035
WINM26;12/05/2026;13:30:00;182455,00;182560,00;182160,00;182330,00;2,473706873E10;678239
WINM26;12/05/2026;13:00:00;182445,00;182600,00;182235,00;182455,00;2,299328498E10;630173
WINM26;12/05/2026;12:30:00;182240,00;182580,00;182200,00;182445,00;2,46000092E10;674352
WINM26;12/05/2026;12:00:00;182480,00;182880,00;182145,00;182245,00;3,763518741E10;1031165
WINM26;12/05/2026;11:30:00;182580,00;182800,00;182205,00;182480,00;4,761819701E10;1304641
WINM26;12/05/2026;11:00:00;183470,00;183645,00;182510,00;182580,00;6,109692301E10;1668312
WINM26;12/05/2026;10:30:00;183090,00;184090,00;182945,00;183470,00;7,710316727E10;2099135
WINM26;12/05/2026;10:00:00;183540,00;183645,00;182520,00;183085,00;8,438188443E10;2304003
WINM26;12/05/2026;09:30:00;183410,00;183870,00;183115,00;183545,00;5,400886883E10;1471395
WINM26;12/05/2026;09:00:00;183800,00;183935,00;183195,00;183410,00;4,568130336E10;1244726
WINM26;11/05/2026;18:00:00;184365,00;184965,00;184310,00;184600,00;7698781060,00;208545
WINM26;11/05/2026;17:30:00;184280,00;184400,00;184190,00;184365,00;6213763202,00;168599
WINM26;11/05/2026;17:00:00;184370,00;184450,00;184165,00;184275,00;1,277171619E10;346469
WINM26;11/05/2026;16:30:00;183985,00;184420,00;183980,00;184365,00;2,636636961E10;715605
WINM26;11/05/2026;16:00:00;184450,00;184475,00;183940,00;183990,00;2,505610359E10;680181
WINM26;11/05/2026;15:30:00;184365,00;184675,00;184315,00;184445,00;2,396867792E10;649404
WINM26;11/05/2026;15:00:00;184400,00;184560,00;184205,00;184360,00;2,221420684E10;602481
WINM26;11/05/2026;14:30:00;184415,00;184520,00;184180,00;184395,00;2,174494157E10;589737
WINM26;11/05/2026;14:00:00;184490,00;184610,00;184285,00;184420,00;2,702328415E10;732677
WINM26;11/05/2026;13:30:00;184160,00;184575,00;184040,00;184495,00;3,180300502E10;862769
WINM26;11/05/2026;13:00:00;184655,00;184660,00;184130,00;184160,00;2,669604821E10;723806
WINM26;11/05/2026;12:30:00;184690,00;184845,00;184525,00;184655,00;2,545491711E10;689156
WINM26;11/05/2026;12:00:00;184965,00;185055,00;184615,00;184685,00;3,728895491E10;1008908
WINM26;11/05/2026;11:30:00;184975,00;185440,00;184875,00;184965,00;5,357151311E10;1446875
WINM26;11/05/2026;11:00:00;185650,00;185755,00;184840,00;184975,00;5,914474736E10;1597063
WINM26;11/05/2026;10:30:00;186465,00;186890,00;185460,00;185655,00;8,465345793E10;2272778
WINM26;11/05/2026;10:00:00;185920,00;186955,00;185635,00;186465,00;7,847649911E10;2106300
WINM26;11/05/2026;09:30:00;186220,00;186250,00;185720,00;185920,00;4,474254626E10;1202854
WINM26;11/05/2026;09:00:00;187400,00;187400,00;185670,00;186220,00;5,66593808E10;1522601
WINM26;08/05/2026;18:00:00;187000,00;187190,00;186855,00;187190,00;5874204545,00;157064
WINM26;08/05/2026;17:30:00;186815,00;187130,00;186715,00;186995,00;1,023761365E10;273893
WINM26;08/05/2026;17:00:00;186925,00;186950,00;186635,00;186815,00;1,265145587E10;338676
WINM26;08/05/2026;16:30:00;186895,00;186975,00;186700,00;186925,00;2,049797034E10;548553
WINM26;08/05/2026;16:00:00;187180,00;187305,00;186885,00;186895,00;1,869271434E10;499583
WINM26;08/05/2026;15:30:00;187190,00;187485,00;187080,00;187175,00;2,280345088E10;608760
WINM26;08/05/2026;15:00:00;187085,00;187300,00;187005,00;187190,00;2,107667821E10;562966
WINM26;08/05/2026;14:30:00;187170,00;187205,00;186890,00;187080,00;2,304919347E10;616059
WINM26;08/05/2026;14:00:00;187145,00;187320,00;187040,00;187165,00;1,929051653E10;515264
WINM26;08/05/2026;13:30:00;187350,00;187455,00;187135,00;187140,00;2,010201809E10;536605
WINM26;08/05/2026;13:00:00;187100,00;187515,00;187090,00;187355,00;2,40546426E10;642108
WINM26;08/05/2026;12:30:00;187365,00;187425,00;187005,00;187105,00;2,382158261E10;636247
WINM26;08/05/2026;12:00:00;187590,00;187650,00;187100,00;187360,00;3,620757027E10;966341
WINM26;08/05/2026;11:30:00;187560,00;188065,00;187340,00;187590,00;4,660301165E10;1241370
WINM26;08/05/2026;11:00:00;187595,00;187930,00;187035,00;187565,00;5,579317666E10;1488778
WINM26;08/05/2026;10:30:00;187865,00;188255,00;187410,00;187595,00;7,504619288E10;1997607
WINM26;08/05/2026;10:00:00;187730,00;188090,00;187210,00;187865,00;7,608345153E10;2027011
WINM26;08/05/2026;09:30:00;186920,00;187850,00;186520,00;187730,00;5,833288989E10;1556212
WINM26;08/05/2026;09:00:00;186000,00;187035,00;185800,00;186910,00;5,718823945E10;1533284
WINM26;07/05/2026;18:00:00;185500,00;185525,00;185180,00;185260,00;6482412111,00;174863
WINM26;07/05/2026;17:30:00;185550,00;185670,00;185360,00;185495,00;1,193586063E10;321700
WINM26;07/05/2026;17:00:00;185605,00;185840,00;185510,00;185555,00;1,501352165E10;404288
WINM26;07/05/2026;16:30:00;185850,00;185955,00;185385,00;185605,00;2,55659809E10;688364
WINM26;07/05/2026;16:00:00;186060,00;186115,00;185745,00;185850,00;2,376296162E10;638954
WINM26;07/05/2026;15:30:00;186175,00;186380,00;185815,00;186065,00;3,471285277E10;932776
WINM26;07/05/2026;15:00:00;186145,00;186240,00;185860,00;186175,00;2,68280494E10;721033
WINM26;07/05/2026;14:30:00;185685,00;186200,00;185555,00;186145,00;3,354147288E10;902261
WINM26;07/05/2026;14:00:00;186250,00;186440,00;185430,00;185680,00;4,980626674E10;1338533
WINM26;07/05/2026;13:30:00;186690,00;186730,00;186160,00;186250,00;3,120092321E10;836848
WINM26;07/05/2026;13:00:00;186485,00;186765,00;186415,00;186690,00;2,701114501E10;723756
WINM26;07/05/2026;12:30:00;186705,00;186780,00;186360,00;186490,00;2,765100865E10;741001
WINM26;07/05/2026;12:00:00;186950,00;187230,00;186470,00;186705,00;4,704007355E10;1258449
WINM26;07/05/2026;11:30:00;186610,00;187045,00;186515,00;186950,00;3,908047238E10;1046180
WINM26;07/05/2026;11:00:00;186585,00;186835,00;186280,00;186610,00;5,708500385E10;1529557
WINM26;07/05/2026;10:30:00;188260,00;188275,00;186430,00;186590,00;9,053394079E10;2417046
WINM26;07/05/2026;10:00:00;189625,00;189685,00;188200,00;188265,00;8,820229507E10;2336233
WINM26;07/05/2026;09:30:00;189510,00;189795,00;189230,00;189625,00;5,796078277E10;1528857
WINM26;07/05/2026;09:00:00;190300,00;190575,00;189200,00;189505,00;5,611148785E10;1479258
WINM26;06/05/2026;18:00:00;190000,00;190080,00;189955,00;190000,00;4540558356,00;119480
WINM26;06/05/2026;17:30:00;190290,00;190310,00;189870,00;190000,00;1,228572821E10;323248
WINM26;06/05/2026;17:00:00;190590,00;190660,00;190190,00;190285,00;1,559744655E10;409677
WINM26;06/05/2026;16:30:00;190720,00;190745,00;190435,00;190590,00;2,553085495E10;669775
WINM26;06/05/2026;16:00:00;190720,00;191010,00;190675,00;190720,00;2,785204349E10;729567
WINM26;06/05/2026;15:30:00;190310,00;190740,00;190275,00;190715,00;2,022617403E10;530773
WINM26;06/05/2026;15:00:00;190300,00;190450,00;190230,00;190310,00;2,06596462E10;542756
WINM26;06/05/2026;14:30:00;190580,00;190600,00;190145,00;190305,00;2,602622916E10;683602
WINM26;06/05/2026;14:00:00;190545,00;191010,00;190510,00;190580,00;2,612637162E10;684710
WINM26;06/05/2026;13:30:00;190895,00;191045,00;190440,00;190540,00;3,104560815E10;813820
WINM26;06/05/2026;13:00:00;190710,00;191115,00;190640,00;190900,00;2,477468681E10;648858
WINM26;06/05/2026;12:30:00;190780,00;190910,00;190545,00;190710,00;2,501939017E10;655864
WINM26;06/05/2026;12:00:00;190490,00;190940,00;190195,00;190780,00;3,951775925E10;1036696
WINM26;06/05/2026;11:30:00;189750,00;191130,00;189650,00;190485,00;5,91058154E10;1551319
WINM26;06/05/2026;11:00:00;190195,00;190240,00;189635,00;189745,00;6,185927304E10;1628842
WINM26;06/05/2026;10:30:00;191470,00;191515,00;190145,00;190200,00;8,411531503E10;2202330
WINM26;06/05/2026;10:00:00;191390,00;191530,00;190350,00;191470,00;7,811188491E10;2045090
WINM26;06/05/2026;09:30:00;192405,00;192560,00;191345,00;191390,00;5,653829922E10;1472746
WINM26;06/05/2026;09:00:00;191440,00;192465,00;191000,00;192405,00;7,530023672E10;1965556
WINM26;05/05/2026;18:00:00;189465,00;189615,00;189345,00;189400,00;5728152821,00;151154
WINM26;05/05/2026;17:30:00;189575,00;189600,00;189385,00;189465,00;7136544194,00;188322
WINM26;05/05/2026;17:00:00;189360,00;189650,00;189340,00;189575,00;1,336020498E10;352471
WINM26;05/05/2026;16:30:00;189690,00;189725,00;189300,00;189350,00;2,105894362E10;555604
WINM26;05/05/2026;16:00:00;189655,00;189725,00;189515,00;189685,00;1,833528872E10;483458
WINM26;05/05/2026;15:30:00;189620,00;189720,00;189470,00;189660,00;1,845353552E10;486610
WINM26;05/05/2026;15:00:00;189315,00;189730,00;189275,00;189625,00;2,945675217E10;777156
WINM26;05/05/2026;14:30:00;189185,00;189485,00;189040,00;189315,00;2,848484674E10;752517
WINM26;05/05/2026;14:00:00;189370,00;189495,00;189150,00;189185,00;2,787978697E10;736246
WINM26;05/05/2026;13:30:00;190125,00;190160,00;189320,00;189370,00;3,000457774E10;790631
WINM26;05/05/2026;13:00:00;190155,00;190245,00;190030,00;190120,00;1,776268531E10;467033
WINM26;05/05/2026;12:30:00;189830,00;190225,00;189795,00;190150,00;2,680203989E10;705167
WINM26;05/05/2026;12:00:00;189340,00;189895,00;189065,00;189835,00;4,306219262E10;1136353
WINM26;05/05/2026;11:30:00;188970,00;189450,00;188800,00;189335,00;4,417219554E10;1167427
WINM26;05/05/2026;11:00:00;189010,00;189340,00;188600,00;188975,00;5,648026137E10;1494398
WINM26;05/05/2026;10:30:00;189185,00;189285,00;188290,00;189010,00;7,942734056E10;2103451
WINM26;05/05/2026;10:00:00;188155,00;189375,00;188080,00;189185,00;8,321246606E10;2202550
WINM26;05/05/2026;09:30:00;188710,00;188755,00;188040,00;188155,00;3,903140107E10;1036405
WINM26;05/05/2026;09:00:00;189525,00;189600,00;188100,00;188710,00;6,357291982E10;1685872
WINM26;04/05/2026;18:00:00;188350,00;188580,00;188335,00;188580,00;6622742318,00;175682
WINM26;04/05/2026;17:30:00;188335,00;188390,00;188260,00;188355,00;6704956817,00;178017
WINM26;04/05/2026;17:00:00;188380,00;188485,00;188195,00;188335,00;1,368283416E10;363255
WINM26;04/05/2026;16:30:00;188680,00;188740,00;188355,00;188380,00;2,238850665E10;593698
WINM26;04/05/2026;16:00:00;188615,00;188790,00;188455,00;188685,00;2,164662911E10;573693
WINM26;04/05/2026;15:30:00;188605,00;188705,00;188390,00;188620,00;2,516589234E10;667389
WINM26;04/05/2026;15:00:00;188605,00;188815,00;188410,00;188605,00;2,368649989E10;627854
WINM26;04/05/2026;14:30:00;188805,00;188805,00;188395,00;188610,00;2,312018393E10;613051
WINM26;04/05/2026;14:00:00;188490,00;188895,00;188460,00;188800,00;2,637601375E10;698800
WINM26;04/05/2026;13:30:00;188960,00;189065,00;188415,00;188485,00;2,888920305E10;765521
WINM26;04/05/2026;13:00:00;189025,00;189175,00;188710,00;188955,00;3,742797329E10;990345
WINM26;04/05/2026;12:30:00;189235,00;189295,00;188760,00;189030,00;4,073938346E10;1077589
WINM26;04/05/2026;12:00:00;189630,00;189975,00;188975,00;189240,00;5,48550759E10;1447517
WINM26;04/05/2026;11:30:00;190205,00;190420,00;189545,00;189630,00;4,40875808E10;1159872
WINM26;04/05/2026;11:00:00;189930,00;190440,00;189800,00;190205,00;5,259155029E10;1383393
WINM26;04/05/2026;10:30:00;190040,00;190700,00;189685,00;189930,00;6,865226323E10;1804457
WINM26;04/05/2026;10:00:00;190280,00;190490,00;189805,00;190045,00;6,131268759E10;1612753
WINM26;04/05/2026;09:30:00;190380,00;190520,00;189940,00;190285,00;5,052407632E10;1327751
WINM26;04/05/2026;09:00:00;189490,00;190870,00;189490,00;190380,00;5,690279214E10;1494583
WINM26;30/04/2026;18:00:00;190130,00;190215,00;189960,00;189980,00;5213860222,00;137153
WINM26;30/04/2026;17:30:00;190220,00;190255,00;190100,00;190135,00;9712188571,00;255352
WINM26;30/04/2026;17:00:00;190720,00;190780,00;190190,00;190225,00;2,153271729E10;565126
WINM26;30/04/2026;16:30:00;190965,00;191000,00;190710,00;190715,00;2,376937772E10;622668
WINM26;30/04/2026;16:00:00;190685,00;191035,00;190670,00;190965,00;2,149986085E10;563093
WINM26;30/04/2026;15:30:00;190515,00;190775,00;190485,00;190690,00;2,008728073E10;526757
WINM26;30/04/2026;15:00:00;190370,00;190625,00;190360,00;190515,00;1,7478872E10;458700
WINM26;30/04/2026;14:30:00;190300,00;190535,00;190295,00;190365,00;2,365737528E10;621179
WINM26;30/04/2026;14:00:00;190130,00;190385,00;190120,00;190300,00;1,985030864E10;521607
WINM26;30/04/2026;13:30:00;190055,00;190325,00;190040,00;190130,00;2,489944654E10;654592
WINM26;30/04/2026;13:00:00;190185,00;190280,00;189870,00;190060,00;1,989483547E10;523319
WINM26;30/04/2026;12:30:00;190140,00;190280,00;189980,00;190180,00;2,070437822E10;544451
WINM26;30/04/2026;12:00:00;190010,00;190350,00;189805,00;190140,00;3,503786934E10;921752
WINM26;30/04/2026;11:30:00;190080,00;190310,00;189600,00;190010,00;4,844306347E10;1274797
WINM26;30/04/2026;11:00:00;189860,00;190260,00;189315,00;190085,00;5,667617233E10;1493333
WINM26;30/04/2026;10:30:00;189530,00;189990,00;189240,00;189865,00;6,89102393E10;1817203
WINM26;30/04/2026;10:00:00;188905,00;189550,00;188810,00;189530,00;5,520258382E10;1459119
WINM26;30/04/2026;09:30:00;189005,00;189225,00;188625,00;188910,00;4,758932163E10;1259445
WINM26;30/04/2026;09:00:00;188500,00;189085,00;188305,00;189000,00;3,914623359E10;1036490
WINM26;29/04/2026;18:00:00;187255,00;187265,00;186865,00;186900,00;7401412953,00;197842
WINM26;29/04/2026;17:30:00;187500,00;187545,00;187200,00;187260,00;1,158582243E10;309237
WINM26;29/04/2026;17:00:00;187725,00;187905,00;187355,00;187500,00;2,307066937E10;614810
WINM26;29/04/2026;16:30:00;188100,00;188105,00;187495,00;187720,00;3,217315272E10;856833
WINM26;29/04/2026;16:00:00;188205,00;188265,00;188015,00;188100,00;2,222564676E10;590685
WINM26;29/04/2026;15:30:00;188360,00;188470,00;187880,00;188210,00;4,385448819E10;1165436
WINM26;29/04/2026;15:00:00;188775,00;188805,00;188215,00;188360,00;3,205169571E10;850526
WINM26;29/04/2026;14:30:00;188815,00;188930,00;188510,00;188775,00;2,509333826E10;664828
WINM26;29/04/2026;14:00:00;188870,00;188950,00;188755,00;188815,00;1,876817814E10;496931
WINM26;29/04/2026;13:30:00;188965,00;188975,00;188755,00;188870,00;2,470571975E10;654076
WINM26;29/04/2026;13:00:00;188925,00;189155,00;188840,00;188970,00;2,23796689E10;591996
WINM26;29/04/2026;12:30:00;189475,00;189510,00;188685,00;188925,00;4,567979012E10;1207822
WINM26;29/04/2026;12:00:00;189930,00;189985,00;189360,00;189475,00;3,980508451E10;1049699
WINM26;29/04/2026;11:30:00;189610,00;189940,00;189460,00;189930,00;3,534969493E10;931850
WINM26;29/04/2026;11:00:00;189560,00;189855,00;189300,00;189610,00;4,814237442E10;1269814
WINM26;29/04/2026;10:30:00;190325,00;190445,00;189480,00;189555,00;7,079793359E10;1863579
WINM26;29/04/2026;10:00:00;190705,00;190800,00;190235,00;190320,00;6,381762805E10;1675022
WINM26;29/04/2026;09:30:00;191235,00;191290,00;190640,00;190705,00;4,179238768E10;1094488
WINM26;29/04/2026;09:00:00;191670,00;191695,00;190955,00;191235,00;4,608139166E10;1205024
WINM26;28/04/2026;18:00:00;191895,00;191940,00;191645,00;191890,00;6974164943,00;181786
WINM26;28/04/2026;17:30:00;191870,00;191945,00;191810,00;191895,00;6964099893,00;181478
WINM26;28/04/2026;17:00:00;191825,00;191960,00;191765,00;191870,00;1,253762806E10;326735
WINM26;28/04/2026;16:30:00;191810,00;192005,00;191735,00;191820,00;2,044933635E10;532885
WINM26;28/04/2026;16:00:00;191800,00;191905,00;191670,00;191805,00;1,935216605E10;504538
WINM26;28/04/2026;15:30:00;192085,00;192125,00;191780,00;191800,00;1,809987415E10;471435
WINM26;28/04/2026;15:00:00;192070,00;192180,00;191745,00;192090,00;3,156821885E10;822267
WINM26;28/04/2026;14:30:00;191995,00;192310,00;191955,00;192070,00;2,736449768E10;712053
WINM26;28/04/2026;14:00:00;191990,00;192085,00;191735,00;191990,00;2,270370101E10;591570
WINM26;28/04/2026;13:30:00;191805,00;192095,00;191655,00;191990,00;2,50555536E10;653026
WINM26;28/04/2026;13:00:00;191820,00;191890,00;191635,00;191805,00;2,1682145E10;565327
WINM26;28/04/2026;12:30:00;191615,00;191860,00;191495,00;191815,00;2,775888436E10;724056
WINM26;28/04/2026;12:00:00;191080,00;191725,00;191065,00;191610,00;4,270238247E10;1115464
WINM26;28/04/2026;11:30:00;191145,00;191540,00;190640,00;191085,00;6,120746626E10;1602196
WINM26;28/04/2026;11:00:00;191445,00;191790,00;190985,00;191140,00;5,192966924E10;1356090
WINM26;28/04/2026;10:30:00;190890,00;191915,00;190690,00;191450,00;7,756188159E10;2026093
WINM26;28/04/2026;10:00:00;191455,00;191460,00;190550,00;190895,00;6,735203383E10;1764013
WINM26;28/04/2026;09:30:00;191440,00;191745,00;191210,00;191455,00;4,699553101E10;1227534
WINM26;28/04/2026;09:00:00;192075,00;192195,00;191250,00;191435,00;5,802586068E10;1514452
WINM26;27/04/2026;18:00:00;192790,00;192845,00;192600,00;192755,00;5393518661,00;139900
WINM26;27/04/2026;17:30:00;192920,00;192975,00;192745,00;192790,00;8440065036,00;218813
WINM26;27/04/2026;17:00:00;192970,00;193025,00;192820,00;192915,00;1,329487312E10;344545
WINM26;27/04/2026;16:30:00;193275,00;193280,00;192930,00;192965,00;2,479650753E10;642195
WINM26;27/04/2026;16:00:00;193360,00;193450,00;193210,00;193280,00;2,075197664E10;536705
WINM26;27/04/2026;15:30:00;193685,00;193700,00;193310,00;193360,00;2,427709063E10;627247
WINM26;27/04/2026;15:00:00;193595,00;193760,00;193505,00;193685,00;1,699351809E10;438822
WINM26;27/04/2026;14:30:00;193520,00;193715,00;193370,00;193595,00;2,473283105E10;638970
WINM26;27/04/2026;14:00:00;193370,00;193530,00;193085,00;193515,00;2,972502803E10;768955
WINM26;27/04/2026;13:30:00;193765,00;193805,00;193250,00;193370,00;2,674323909E10;691059
WINM26;27/04/2026;13:00:00;193815,00;193825,00;193605,00;193770,00;2,023489644E10;522293
WINM26;27/04/2026;12:30:00;193520,00;193850,00;193390,00;193815,00;2,888563631E10;745767
WINM26;27/04/2026;12:00:00;193520,00;193675,00;193335,00;193520,00;3,514951888E10;908247
WINM26;27/04/2026;11:30:00;194425,00;194440,00;193440,00;193515,00;5,022356756E10;1294767
WINM26;27/04/2026;11:00:00;194435,00;194725,00;194215,00;194425,00;4,526474469E10;1163866
WINM26;27/04/2026;10:30:00;194385,00;194660,00;193835,00;194435,00;8,7820589E10;2260392
WINM26;27/04/2026;10:00:00;194485,00;194800,00;194200,00;194385,00;6,182219504E10;1589460
WINM26;27/04/2026;09:30:00;194385,00;194920,00;194350,00;194485,00;4,349965609E10;1117478
WINM26;27/04/2026;09:00:00;194760,00;195245,00;194315,00;194380,00;5,06817827E10;1301633
WINM26;24/04/2026;18:00:00;194345,00;194565,00;194320,00;194355,00;5016433101,00;129014
WINM26;24/04/2026;17:30:00;194230,00;194440,00;194225,00;194350,00;8017543462,00;206262
WINM26;24/04/2026;17:00:00;194160,00;194390,00;194110,00;194235,00;1,413382221E10;363822
WINM26;24/04/2026;16:30:00;193960,00;194185,00;193910,00;194165,00;2,105351886E10;542518
WINM26;24/04/2026;16:00:00;194195,00;194295,00;193845,00;193960,00;2,212762971E10;570225
WINM26;24/04/2026;15:30:00;193785,00;194240,00;193780,00;194195,00;2,210339865E10;569566
WINM26;24/04/2026;15:00:00;193855,00;194000,00;193630,00;193785,00;2,183376804E10;563346
WINM26;24/04/2026;14:30:00;193720,00;194065,00;193635,00;193860,00;2,444044463E10;630407
WINM26;24/04/2026;14:00:00;193690,00;193780,00;193485,00;193720,00;2,068133498E10;533999
WINM26;24/04/2026;13:30:00;193650,00;193740,00;193430,00;193690,00;2,18302631E10;563813
WINM26;24/04/2026;13:00:00;194045,00;194065,00;193500,00;193655,00;2,717479776E10;701304
WINM26;24/04/2026;12:30:00;193820,00;194250,00;193635,00;194045,00;3,7130419E10;957034
WINM26;24/04/2026;12:00:00;193775,00;193920,00;193520,00;193815,00;3,418384144E10;882212
WINM26;24/04/2026;11:30:00;194065,00;194165,00;193440,00;193775,00;4,544417467E10;1172230
WINM26;24/04/2026;11:00:00;194660,00;194675,00;193930,00;194070,00;5,830901687E10;1500155
WINM26;24/04/2026;10:30:00;194100,00;194685,00;193550,00;194655,00;7,356693936E10;1895376
WINM26;24/04/2026;10:00:00;194645,00;195025,00;193970,00;194100,00;7,363763693E10;1892613
WINM26;24/04/2026;09:30:00;194880,00;194890,00;194135,00;194640,00;4,724119321E10;1214378
WINM26;24/04/2026;09:00:00;195330,00;195430,00;194655,00;194880,00;5,311230404E10;1361720
WINM26;23/04/2026;18:00:00;194875,00;194875,00;194520,00;194520,00;6463909120,00;166006
WINM26;23/04/2026;17:30:00;194910,00;194970,00;194740,00;194870,00;8789700039,00;225517
WINM26;23/04/2026;17:00:00;195155,00;195185,00;194860,00;194910,00;1,255049199E10;321792
WINM26;23/04/2026;16:30:00;195285,00;195410,00;194905,00;195155,00;2,710526956E10;694545
WINM26;23/04/2026;16:00:00;195570,00;195620,00;195170,00;195285,00;2,771714213E10;709365
WINM26;23/04/2026;15:30:00;195755,00;195930,00;195460,00;195575,00;2,928971762E10;748461
WINM26;23/04/2026;15:00:00;195515,00;195845,00;195425,00;195760,00;3,751849503E10;958670
WINM26;23/04/2026;14:30:00;195160,00;195570,00;194425,00;195515,00;7,667462919E10;1966021
WINM26;23/04/2026;14:00:00;196200,00;196250,00;195010,00;195160,00;6,652912519E10;1701420
WINM26;23/04/2026;13:30:00;195880,00;196420,00;195830,00;196200,00;3,326713589E10;847920
WINM26;23/04/2026;13:00:00;195740,00;195995,00;195420,00;195880,00;2,898024387E10;740442
WINM26;23/04/2026;12:30:00;196240,00;196285,00;195640,00;195740,00;3,044328256E10;776945
WINM26;23/04/2026;12:00:00;195980,00;196310,00;195660,00;196240,00;3,922096382E10;1000833
WINM26;23/04/2026;11:30:00;196355,00;196480,00;195930,00;195975,00;3,99909076E10;1019314
WINM26;23/04/2026;11:00:00;196160,00;196420,00;195780,00;196355,00;5,655917024E10;1442143
WINM26;23/04/2026;10:30:00;196710,00;197040,00;195620,00;196160,00;8,956324512E10;2280514
WINM26;23/04/2026;10:00:00;196385,00;196885,00;196285,00;196710,00;5,592716082E10;1422263
WINM26;23/04/2026;09:30:00;196475,00;196630,00;196165,00;196385,00;4,385749334E10;1116411
WINM26;23/04/2026;09:00:00;196275,00;196610,00;195965,00;196470,00;4,820593387E10;1227535
WINM26;22/04/2026;18:00:00;196490,00;196515,00;196120,00;196135,00;9022041524,00;229750
WINM26;22/04/2026;17:30:00;196625,00;196665,00;196430,00;196490,00;7349878835,00;186948
WINM26;22/04/2026;17:00:00;196605,00;196705,00;196545,00;196625,00;1,326746944E10;337387
WINM26;22/04/2026;16:30:00;196550,00;196765,00;196425,00;196605,00;2,189988609E10;557039
WINM26;22/04/2026;16:00:00;196690,00;196720,00;196365,00;196550,00;2,949441487E10;750330
WINM26;22/04/2026;15:30:00;196735,00;196800,00;196575,00;196690,00;1,778687692E10;452166
WINM26;22/04/2026;15:00:00;196735,00;196960,00;196665,00;196735,00;2,086453907E10;530058
WINM26;22/04/2026;14:30:00;196985,00;197065,00;196580,00;196740,00;2,664780084E10;677061
WINM26;22/04/2026;14:00:00;196745,00;197040,00;196665,00;196985,00;2,694381394E10;684273
WINM26;22/04/2026;13:30:00;196865,00;196955,00;196540,00;196745,00;3,355355529E10;852658
WINM26;22/04/2026;13:00:00;197410,00;197510,00;196750,00;196865,00;3,120309868E10;791417
WINM26;22/04/2026;12:30:00;197230,00;197530,00;196990,00;197410,00;2,875745203E10;728975
WINM26;22/04/2026;12:00:00;197465,00;197495,00;197145,00;197230,00;3,020023199E10;765498
WINM26;22/04/2026;11:30:00;197945,00;198120,00;197020,00;197470,00;5,54276745E10;1403627
WINM26;22/04/2026;11:00:00;198615,00;198865,00;197605,00;197940,00;5,939741522E10;1498674
WINM26;22/04/2026;10:30:00;199340,00;199365,00;198000,00;198610,00;8,197036838E10;2063603
WINM26;22/04/2026;10:00:00;198950,00;199765,00;198855,00;199335,00;7,538891886E10;1890951
WINM26;22/04/2026;09:30:00;199155,00;199165,00;198590,00;198950,00;4,884488949E10;1228189
WINM26;22/04/2026;09:00:00;200550,00;200660,00;198720,00;199155,00;8,610787906E10;2158645
WINM26;20/04/2026;18:00:00;200135,00;200430,00;200115,00;200430,00;4127255976,00;103054
WINM26;20/04/2026;17:30:00;200085,00;200200,00;200060,00;200135,00;6550651724,00;163659
WINM26;20/04/2026;17:00:00;200280,00;200305,00;200040,00;200080,00;1,104570944E10;275938
WINM26;20/04/2026;16:30:00;200045,00;200300,00;199930,00;200280,00;1,978857459E10;494404
WINM26;20/04/2026;16:00:00;200090,00;200345,00;200010,00;200045,00;1,995635227E10;498510
WINM26;20/04/2026;15:30:00;200225,00;200275,00;200010,00;200095,00;1,506204501E10;376303
WINM26;20/04/2026;15:00:00;200055,00;200385,00;200000,00;200220,00;2,665435945E10;665566
WINM26;20/04/2026;14:30:00;200000,00;200110,00;199885,00;200055,00;2,373316963E10;593362
WINM26;20/04/2026;14:00:00;200270,00;200455,00;199990,00;200000,00;2,23347259E10;557621
WINM26;20/04/2026;13:30:00;200635,00;200685,00;200255,00;200275,00;2,301221458E10;573943
WINM26;20/04/2026;13:00:00;200655,00;200785,00;200565,00;200640,00;1,986918645E10;495065
WINM26;20/04/2026;12:30:00;200630,00;200740,00;200430,00;200655,00;2,544317041E10;634249
WINM26;20/04/2026;12:00:00;200215,00;200660,00;199940,00;200625,00;3,711784802E10;926689
WINM26;20/04/2026;11:30:00;200145,00;200580,00;199975,00;200210,00;5,480669566E10;1368258
WINM26;20/04/2026;11:00:00;199830,00;200155,00;199175,00;200145,00;5,61084862E10;1405078
WINM26;20/04/2026;10:30:00;200675,00;200740,00;199695,00;199830,00;6,937156001E10;1733082
WINM26;20/04/2026;10:00:00;200180,00;200745,00;199490,00;200675,00;7,307652147E10;1826066
WINM26;20/04/2026;09:30:00;199925,00;200220,00;199880,00;200180,00;3,33258185E10;832951
WINM26;20/04/2026;09:00:00;199660,00;200300,00;199290,00;199925,00;5,541686179E10;1386177
WINM26;17/04/2026;18:00:00;199910,00;199960,00;199500,00;199650,00;6725914711,00;168340
WINM26;17/04/2026;17:30:00;199915,00;200035,00;199855,00;199910,00;7281969070,00;182103
WINM26;17/04/2026;17:00:00;199605,00;200220,00;199600,00;199915,00;2,151218027E10;537892
WINM26;17/04/2026;16:30:00;199855,00;199975,00;199580,00;199605,00;2,455251898E10;614634
WINM26;17/04/2026;16:00:00;199765,00;199985,00;199640,00;199855,00;2,26982884E10;567853
WINM26;17/04/2026;15:30:00;200245,00;200295,00;199345,00;199770,00;3,534346293E10;884376
WINM26;17/04/2026;15:00:00;200485,00;200505,00;200095,00;200240,00;2,361867776E10;589691
WINM26;17/04/2026;14:30:00;200420,00;200580,00;200300,00;200485,00;1,863672938E10;464881
WINM26;17/04/2026;14:00:00;200485,00;200620,00;200115,00;200420,00;3,772948045E10;941361
WINM26;17/04/2026;13:30:00;200465,00;200590,00;200220,00;200490,00;2,324816625E10;580059
WINM26;17/04/2026;13:00:00;200265,00;200530,00;200075,00;200465,00;2,397629178E10;598466
WINM26;17/04/2026;12:30:00;200365,00;200550,00;200135,00;200270,00;2,925452027E10;730213
WINM26;17/04/2026;12:00:00;200130,00;200475,00;199780,00;200360,00;4,411171311E10;1101846
WINM26;17/04/2026;11:30:00;200950,00;200970,00;199565,00;200130,00;7,286923085E10;1818591
WINM26;17/04/2026;11:00:00;201745,00;201765,00;200870,00;200950,00;5,611076477E10;1393859
WINM26;17/04/2026;10:30:00;201975,00;202005,00;201270,00;201745,00;7,841051078E10;1944233
WINM26;17/04/2026;10:00:00;202960,00;203470,00;201835,00;201980,00;8,496637993E10;2095945
WINM26;17/04/2026;09:30:00;201935,00;203195,00;201645,00;202955,00;7,158034609E10;1768093
WINM26;17/04/2026;09:00:00;201525,00;201990,00;201165,00;201935,00;5,439695142E10;1349494
WINM26;16/04/2026;18:00:00;200925,00;200970,00;200705,00;200750,00;4922332045,00;122532
WINM26;16/04/2026;17:30:00;200880,00;200990,00;200855,00;200930,00;6250589901,00;155545
WINM26;16/04/2026;17:00:00;200930,00;201140,00;200820,00;200880,00;1,289393841E10;320789
WINM26;16/04/2026;16:30:00;200865,00;201025,00;200785,00;200930,00;1,848995209E10;460148
WINM26;16/04/2026;16:00:00;200660,00;200965,00;200640,00;200860,00;2,185562504E10;544206
WINM26;16/04/2026;15:30:00;200870,00;200965,00;200535,00;200660,00;2,357997499E10;587262
WINM26;16/04/2026;15:00:00;200760,00;201075,00;200680,00;200870,00;2,927069057E10;728502
WINM26;16/04/2026;14:30:00;200870,00;201000,00;200600,00;200765,00;2,598695525E10;646936
WINM26;16/04/2026;14:00:00;201140,00;201175,00;200775,00;200875,00;2,324050966E10;578248
WINM26;16/04/2026;13:30:00;201360,00;201385,00;200885,00;201140,00;2,978802967E10;740445
WINM26;16/04/2026;13:00:00;201485,00;201655,00;201350,00;201365,00;2,503100213E10;621135
WINM26;16/04/2026;12:30:00;201150,00;201560,00;201010,00;201480,00;3,375902287E10;838836
WINM26;16/04/2026;12:00:00;200800,00;201330,00;200785,00;201145,00;3,899445036E10;969311
WINM26;16/04/2026;11:30:00;200860,00;201100,00;200640,00;200805,00;5,004597203E10;1245931
WINM26;16/04/2026;11:00:00;201545,00;201770,00;200765,00;200865,00;5,794496391E10;1439356
WINM26;16/04/2026;10:30:00;202500,00;202525,00;201360,00;201545,00;9,255189468E10;2291778
WINM26;16/04/2026;10:00:00;202785,00;202835,00;202240,00;202495,00;6,576469781E10;1623412
WINM26;16/04/2026;09:30:00;202255,00;202975,00;202110,00;202785,00;5,707788605E10;1408628
WINM26;16/04/2026;09:00:00;202065,00;202650,00;202005,00;202255,00;5,511554666E10;1362330
WINM26;15/04/2026;18:00:00;201820,00;201930,00;201720,00;201720,00;4746878877,00;117599
WINM26;15/04/2026;17:30:00;201830,00;201985,00;201725,00;201815,00;1,094690231E10;271120
WINM26;15/04/2026;17:00:00;201810,00;202000,00;201715,00;201830,00;1,417507342E10;351074
WINM26;15/04/2026;16:30:00;201925,00;201975,00;201605,00;201810,00;2,411810095E10;597607
WINM26;15/04/2026;16:00:00;202275,00;202320,00;201875,00;201930,00;2,391781537E10;591754
WINM26;15/04/2026;15:30:00;202005,00;202500,00;201955,00;202275,00;2,789803786E10;689730
WINM26;15/04/2026;15:00:00;201670,00;202100,00;201475,00;202005,00;3,073515604E10;761391
WINM26;15/04/2026;14:30:00;201600,00;201750,00;201350,00;201670,00;2,45956496E10;610152
WINM26;15/04/2026;14:00:00;201450,00;201685,00;201410,00;201600,00;2,088006277E10;517981
WINM26;15/04/2026;13:30:00;201710,00;201770,00;201210,00;201445,00;2,823892244E10;700979
WINM26;15/04/2026;13:00:00;201655,00;201800,00;201580,00;201710,00;1,763966676E10;437277
WINM26;15/04/2026;12:30:00;201970,00;202000,00;201515,00;201655,00;2,648364819E10;656464
WINM26;15/04/2026;12:00:00;201900,00;202195,00;201740,00;201965,00;2,840785986E10;703226
WINM26;15/04/2026;11:30:00;201895,00;202045,00;201635,00;201900,00;3,622459563E10;897247
WINM26;15/04/2026;11:00:00;202635,00;202770,00;201750,00;201895,00;4,851782856E10;1199572
WINM26;15/04/2026;10:30:00;203230,00;203495,00;202235,00;202630,00;7,479622731E10;1843508
WINM26;15/04/2026;10:00:00;202235,00;203295,00;201870,00;203230,00;7,337611839E10;1812050
WINM26;15/04/2026;09:30:00;201920,00;202420,00;201905,00;202235,00;4,058918187E10;1003805
WINM26;15/04/2026;09:00:00;202885,00;203005,00;201860,00;201920,00;5,091846083E10;1258648
WINM26;14/04/2026;18:00:00;202945,00;203050,00;202705,00;202710,00;238304623,00;5873
WINM26;14/04/2026;17:30:00;203070,00;203090,00;202830,00;202945,00;1366341630,00;33660
WINM26;14/04/2026;17:00:00;203280,00;203320,00;202990,00;203070,00;1036683235,00;25518
WINM26;14/04/2026;16:30:00;203270,00;203355,00;203100,00;203285,00;1299968479,00;31981
WINM26;14/04/2026;16:00:00;202965,00;203400,00;202960,00;203270,00;1420311724,00;34942
WINM26;14/04/2026;15:30:00;202870,00;203070,00;202795,00;202955,00;941181986,00;23189
WINM26;14/04/2026;15:00:00;203030,00;203200,00;202715,00;202870,00;1153426386,00;28407
WINM26;14/04/2026;14:30:00;203130,00;203220,00;202925,00;203020,00;1032750904,00;25426
WINM26;14/04/2026;14:00:00;202995,00;203410,00;202995,00;203120,00;1758356057,00;43261
WINM26;14/04/2026;13:30:00;202930,00;203065,00;202700,00;202995,00;992243282,00;24455
WINM26;14/04/2026;13:00:00;202815,00;203115,00;202695,00;202925,00;1374614686,00;33874
WINM26;14/04/2026;12:30:00;203060,00;203255,00;202725,00;202810,00;1339552249,00;33001
WINM26;14/04/2026;12:00:00;203070,00;203210,00;202665,00;203055,00;1927235325,00;47491
WINM26;14/04/2026;11:30:00;203250,00;203500,00;203060,00;203080,00;1591441024,00;39152
WINM26;14/04/2026;11:00:00;203545,00;203795,00;203110,00;203250,00;2298817808,00;56491
WINM26;14/04/2026;10:30:00;203075,00;203645,00;202760,00;203540,00;3177436720,00;78171
WINM26;14/04/2026;10:00:00;202930,00;203180,00;202385,00;203075,00;3491291892,00;86084
WINM26;14/04/2026;09:30:00;202625,00;203005,00;202390,00;202930,00;2664902964,00;65720
WINM26;14/04/2026;09:00:00;202750,00;203390,00;202335,00;202615,00;1807124704,00;44573
WINM26;13/04/2026;18:00:00;202410,00;202450,00;202150,00;202150,00;37067783,00;916
WINM26;13/04/2026;17:30:00;202200,00;202455,00;202190,00;202385,00;178893748,00;4420
WINM26;13/04/2026;17:00:00;202545,00;202605,00;202200,00;202200,00;268753607,00;6640
WINM26;13/04/2026;16:30:00;202575,00;202670,00;202395,00;202540,00;625693426,00;15445
WINM26;13/04/2026;16:00:00;202420,00;202605,00;202255,00;202575,00;292009991,00;7212
WINM26;13/04/2026;15:30:00;202195,00;202550,00;202065,00;202410,00;467244497,00;11547
WINM26;13/04/2026;15:00:00;202390,00;202565,00;202095,00;202205,00;739587297,00;18276
WINM26;13/04/2026;14:30:00;202225,00;202455,00;202175,00;202385,00;430534323,00;10639
WINM26;13/04/2026;14:00:00;201605,00;202260,00;201555,00;202220,00;374265003,00;9268
WINM26;13/04/2026;13:30:00;201485,00;201845,00;201310,00;201595,00;598139819,00;14833
WINM26;13/04/2026;13:00:00;201015,00;201605,00;201005,00;201480,00;381385080,00;9471
WINM26;13/04/2026;12:30:00;200735,00;201075,00;200570,00;201025,00;273365335,00;6805
WINM26;13/04/2026;12:00:00;201075,00;201085,00;200715,00;200745,00;358721848,00;8930
WINM26;13/04/2026;11:30:00;201230,00;201365,00;200935,00;201075,00;314560453,00;7819
WINM26;13/04/2026;11:00:00;201105,00;201345,00;200905,00;201225,00;555408285,00;13809
WINM26;13/04/2026;10:30:00;201550,00;201595,00;200635,00;201120,00;891510907,00;22161
WINM26;13/04/2026;10:00:00;200945,00;201565,00;200825,00;201545,00;628986590,00;15637
WINM26;13/04/2026;09:30:00;200865,00;201015,00;200625,00;200940,00;558793544,00;13913
WINM26;13/04/2026;09:00:00;201415,00;201445,00;200500,00;200860,00;961793835,00;23927
WINM26;10/04/2026;18:00:00;202075,00;202550,00;201950,00;202550,00;118875606,00;2938
WINM26;10/04/2026;17:30:00;201955,00;202110,00;201955,00;202050,00;58502639,00;1448
WINM26;10/04/2026;17:00:00;201790,00;201995,00;201625,00;201935,00;30394122,00;753
WINM26;10/04/2026;16:30:00;201490,00;201865,00;201485,00;201770,00;102543112,00;2542
WINM26;10/04/2026;16:00:00;201390,00;201640,00;201390,00;201485,00;86003197,00;2134
WINM26;10/04/2026;15:30:00;201510,00;201780,00;201320,00;201395,00;112411728,00;2789
WINM26;10/04/2026;15:00:00;201155,00;201570,00;200870,00;201515,00;159718498,00;3969
WINM26;10/04/2026;14:30:00;200820,00;201190,00;200785,00;201155,00;112802571,00;2806
WINM26;10/04/2026;14:00:00;201105,00;201105,00;200780,00;200805,00;97200731,00;2419
WINM26;10/04/2026;13:30:00;200975,00;201145,00;200825,00;201100,00;103621713,00;2578
WINM26;10/04/2026;13:00:00;201000,00;201340,00;200880,00;200980,00;113804857,00;2830
WINM26;10/04/2026;12:30:00;201665,00;201805,00;200860,00;200990,00;196424295,00;4876
WINM26;10/04/2026;12:00:00;201315,00;201800,00;201020,00;201655,00;209700277,00;5206
WINM26;10/04/2026;11:30:00;201950,00;202060,00;201225,00;201325,00;318010644,00;7887
WINM26;10/04/2026;11:00:00;202060,00;202175,00;201605,00;201945,00;256117299,00;6341
WINM26;10/04/2026;10:30:00;200915,00;202100,00;200535,00;202065,00;429581253,00;10672
WINM26;10/04/2026;10:00:00;200435,00;201125,00;200345,00;200915,00;383320843,00;9544
WINM26;10/04/2026;09:30:00;199770,00;200575,00;199770,00;200460,00;213462695,00;5329
WINM26;10/04/2026;09:00:00;199965,00;200575,00;199615,00;199735,00;331470218,00;8286
WINM26;09/04/2026;18:00:00;200010,00;200185,00;199955,00;200165,00;59378019,00;1484
WINM26;09/04/2026;17:30:00;199960,00;200060,00;199930,00;200015,00;43561946,00;1089
WINM26;09/04/2026;17:00:00;199835,00;200045,00;199760,00;200000,00;100203541,00;2507
WINM26;09/04/2026;16:30:00;199840,00;200075,00;199725,00;199830,00;40939952,00;1024
WINM26;09/04/2026;16:00:00;199665,00;200000,00;199560,00;199835,00;57667257,00;1443
WINM26;09/04/2026;15:30:00;199515,00;199830,00;199260,00;199660,00;49207974,00;1233
WINM26;09/04/2026;15:00:00;199775,00;199775,00;199395,00;199500,00;64570017,00;1618
WINM26;09/04/2026;14:30:00;199925,00;200065,00;199760,00;199760,00;49732814,00;1244
WINM26;09/04/2026;14:00:00;199545,00;199985,00;199440,00;199930,00;72413740,00;1813
WINM26;09/04/2026;13:30:00;199375,00;199625,00;199245,00;199485,00;41198052,00;1033
WINM26;09/04/2026;13:00:00;199505,00;199670,00;199270,00;199385,00;62040599,00;1555
WINM26;09/04/2026;12:30:00;199325,00;199970,00;199285,00;199495,00;160049747,00;4008
WINM26;09/04/2026;12:00:00;198745,00;199490,00;198400,00;199360,00;137320633,00;3448
WINM26;09/04/2026;11:30:00;198305,00;198970,00;198000,00;198745,00;155606106,00;3921
WINM26;09/04/2026;11:00:00;198760,00;199005,00;198205,00;198310,00;125647793,00;3164
WINM26;09/04/2026;10:30:00;197995,00;199170,00;197955,00;198765,00;223717845,00;5631
WINM26;09/04/2026;10:00:00;197850,00;198100,00;197420,00;197990,00;109280882,00;2762
WINM26;09/04/2026;09:30:00;197090,00;197890,00;197000,00;197835,00;194855964,00;4934
WINM26;09/04/2026;09:00:00;196195,00;197290,00;196165,00;197075,00;94340425,00;2395
WINM26;08/04/2026;18:00:00;197000,00;197020,00;196600,00;196600,00;12400345,00;315
WINM26;08/04/2026;17:30:00;197070,00;197130,00;196760,00;197000,00;50932977,00;1293
WINM26;08/04/2026;17:00:00;196910,00;197150,00;196820,00;197045,00;17054432,00;433
WINM26;08/04/2026;16:30:00;196715,00;197100,00;196685,00;196945,00;29449808,00;748
WINM26;08/04/2026;16:00:00;196295,00;196785,00;196145,00;196575,00;52138841,00;1327
WINM26;08/04/2026;15:30:00;196720,00;196930,00;196260,00;196295,00;42500068,00;1082
WINM26;08/04/2026;15:00:00;196980,00;197260,00;196520,00;196750,00;17247990,00;438
WINM26;08/04/2026;14:30:00;196935,00;197140,00;196875,00;197005,00;21630236,00;549
WINM26;08/04/2026;14:00:00;197210,00;197390,00;196725,00;196970,00;145252718,00;3684
WINM26;08/04/2026;13:30:00;196460,00;197220,00;196410,00;197125,00;18236927,00;463
WINM26;08/04/2026;13:00:00;196685,00;196750,00;196330,00;196465,00;19257228,00;490
WINM26;08/04/2026;12:30:00;196380,00;196800,00;196315,00;196700,00;22137188,00;563
WINM26;08/04/2026;12:00:00;196060,00;196680,00;196040,00;196365,00;58241193,00;1483
WINM26;08/04/2026;11:30:00;195925,00;196450,00;195610,00;195975,00;84228817,00;2149
WINM26;08/04/2026;11:00:00;196265,00;196700,00;195835,00;195865,00;79470997,00;2025
WINM26;08/04/2026;10:30:00;197730,00;197780,00;196120,00;196235,00;189299029,00;4812
WINM26;08/04/2026;10:00:00;198765,00;199410,00;197600,00;197600,00;155137843,00;3904
WINM26;08/04/2026;09:30:00;198160,00;198925,00;197865,00;198800,00;106494320,00;2682
WINM26;08/04/2026;09:00:00;198125,00;198350,00;197465,00;198190,00;191289309,00;4834
WINM26;07/04/2026;18:00:00;193175,00;193420,00;193035,00;193260,00;12175613,00;315
WINM26;07/04/2026;17:30:00;192890,00;193385,00;192890,00;193230,00;13326260,00;345
WINM26;07/04/2026;17:00:00;192590,00;193175,00;192590,00;192940,00;28969818,00;751
WINM26;07/04/2026;16:30:00;191985,00;192735,00;191540,00;192620,00;54209634,00;1409
WINM26;07/04/2026;16:00:00;191400,00;192260,00;191115,00;191990,00;25276569,00;659
WINM26;07/04/2026;15:30:00;191925,00;191950,00;191150,00;191375,00;10418172,00;272
WINM26;07/04/2026;15:00:00;191960,00;192100,00;191770,00;191925,00;6025558,00;157
WINM26;07/04/2026;14:30:00;191820,00;192450,00;191785,00;191955,00;30853429,00;803
WINM26;07/04/2026;14:00:00;191725,00;192085,00;191685,00;191770,00;9863128,00;257
WINM26;07/04/2026;13:30:00;191850,00;192000,00;191650,00;191725,00;14081411,00;367
WINM26;07/04/2026;13:00:00;191480,00;191960,00;191475,00;191900,00;12692621,00;331
WINM26;07/04/2026;12:30:00;191405,00;191600,00;191200,00;191430,00;8574097,00;224
WINM26;07/04/2026;12:00:00;191340,00;191635,00;190690,00;191345,00;59917488,00;1567
WINM26;07/04/2026;11:30:00;191500,00;192050,00;191325,00;191340,00;41166351,00;1074
WINM26;07/04/2026;11:00:00;190680,00;191500,00;190310,00;191485,00;68855845,00;1804
WINM26;07/04/2026;10:30:00;191875,00;192025,00;190500,00;190730,00;72453557,00;1893
WINM26;07/04/2026;10:00:00;191640,00;192205,00;191350,00;191855,00;46525782,00;1213
WINM26;07/04/2026;09:30:00;191410,00;191900,00;191160,00;191615,00;44971188,00;1174
WINM26;07/04/2026;09:00:00;192095,00;192765,00;191355,00;191415,00;64202370,00;1672
WINM26;06/04/2026;18:00:00;192850,00;192930,00;192650,00;192765,00;4780782,00;124
WINM26;06/04/2026;17:30:00;192875,00;192980,00;192700,00;192760,00;7018130,00;182
WINM26;06/04/2026;17:00:00;193000,00;193000,00;192750,00;192940,00;3085710,00;80
WINM26;06/04/2026;16:30:00;192775,00;193100,00;192775,00;192980,00;6946460,00;180
WINM26;06/04/2026;16:00:00;192860,00;192985,00;192665,00;192750,00;10527550,00;273
WINM26;06/04/2026;15:30:00;192980,00;193050,00;192560,00;192880,00;17119504,00;444
WINM26;06/04/2026;15:00:00;192415,00;193005,00;192340,00;192905,00;11791680,00;306
WINM26;06/04/2026;14:30:00;192800,00;193000,00;192420,00;192565,00;48688239,00;1264
WINM26;06/04/2026;14:00:00;192930,00;192940,00;192450,00;192855,00;17151210,00;445
WINM26;06/04/2026;13:30:00;193005,00;193320,00;192870,00;192975,00;7492544,00;194
WINM26;06/04/2026;13:00:00;192950,00;193265,00;192800,00;193000,00;7142848,00;185
WINM26;06/04/2026;12:30:00;192900,00;193220,00;192700,00;193080,00;13354976,00;346
WINM26;06/04/2026;12:00:00;192900,00;192995,00;192450,00;192920,00;23942148,00;621
WINM26;06/04/2026;11:30:00;193200,00;193420,00;192850,00;192900,00;23565874,00;610
WINM26;06/04/2026;11:00:00;193400,00;193810,00;192765,00;193115,00;64426295,00;1667
WINM26;06/04/2026;10:30:00;192845,00;193910,00;192200,00;193510,00;150238294,00;3885
WINM26;06/04/2026;10:00:00;193285,00;193300,00;192325,00;192745,00;38251574,00;992
WINM26;06/04/2026;09:30:00;193620,00;193620,00;193150,00;193250,00;21271756,00;550
WINM26;06/04/2026;09:00:00;192900,00;193800,00;192600,00;193640,00;90769945,00;2347
WINM26;02/04/2026;18:00:00;192485,00;192580,00;192310,00;192400,00;16630195,00;432
WINM26;02/04/2026;17:30:00;192480,00;192510,00;192375,00;192435,00;12125190,00;315
WINM26;02/04/2026;17:00:00;192630,00;192760,00;192370,00;192470,00;23954739,00;622
WINM26;02/04/2026;16:30:00;192650,00;192860,00;192365,00;192625,00;61146744,00;1587
WINM26;02/04/2026;16:00:00;192415,00;192705,00;192290,00;192650,00;33608385,00;873
WINM26;02/04/2026;15:30:00;192050,00;192565,00;191880,00;192330,00;30866425,00;803
WINM26;02/04/2026;15:00:00;192120,00;192320,00;192050,00;192175,00;23138003,00;602
WINM26;02/04/2026;14:30:00;192445,00;192450,00;191800,00;192070,00;43913686,00;1143
WINM26;02/04/2026;14:00:00;192200,00;192575,00;192100,00;192500,00;24777964,00;644
WINM26;02/04/2026;13:30:00;192085,00;192700,00;192020,00;192250,00;33979296,00;883
WINM26;02/04/2026;13:00:00;192890,00;192980,00;192070,00;192140,00;59430239,00;1544
WINM26;02/04/2026;12:30:00;193475,00;193610,00;192835,00;192860,00;39157923,00;1013
WINM26;02/04/2026;12:00:00;192800,00;194030,00;192680,00;193420,00;67206681,00;1737
WINM26;02/04/2026;11:30:00;191620,00;193570,00;191620,00;192945,00;149359221,00;3872
WINM26;02/04/2026;11:00:00;191700,00;192010,00;191415,00;191605,00;38228054,00;997
WINM26;02/04/2026;10:30:00;190245,00;191750,00;189885,00;191545,00;50146601,00;1314
WINM26;02/04/2026;10:00:00;189565,00;190505,00;189280,00;190210,00;64501906,00;1699
WINM26;02/04/2026;09:30:00;189550,00;190380,00;189345,00;189710,00;85511152,00;2252
WINM26;02/04/2026;09:00:00;190100,00;190400,00;189340,00;189470,00;116738841,00;3075
WINM26;01/04/2026;18:00:00;192735,00;192920,00;192585,00;192600,00;5398603,00;140
WINM26;01/04/2026;17:30:00;192650,00;192795,00;192615,00;192615,00;4547769,00;118
WINM26;01/04/2026;17:00:00;192800,00;192840,00;192515,00;192600,00;13602808,00;353
WINM26;01/04/2026;16:30:00;193025,00;193250,00;192600,00;192740,00;26433225,00;685
WINM26;01/04/2026;16:00:00;192505,00;193115,00;192325,00;193035,00;37165576,00;965
WINM26;01/04/2026;15:30:00;192625,00;193065,00;192395,00;192580,00;45121855,00;1171
WINM26;01/04/2026;15:00:00;193455,00;193505,00;192495,00;192615,00;68592470,00;1778
WINM26;01/04/2026;14:30:00;193760,00;193800,00;193390,00;193410,00;35193780,00;909
WINM26;01/04/2026;14:00:00;193760,00;194020,00;193670,00;193775,00;20397231,00;526
WINM26;01/04/2026;13:30:00;193015,00;193900,00;193015,00;193745,00;43244686,00;1117
WINM26;01/04/2026;13:00:00;193355,00;193435,00;193015,00;193020,00;21133303,00;547
WINM26;01/04/2026;12:30:00;193040,00;193525,00;192960,00;193370,00;35288789,00;913
WINM26;01/04/2026;12:00:00;193270,00;193745,00;193025,00;193115,00;53785199,00;1390
WINM26;01/04/2026;11:30:00;192385,00;193270,00;192020,00;193225,00;54963563,00;1427
WINM26;01/04/2026;11:00:00;192880,00;192990,00;192050,00;192380,00;82361889,00;2139
WINM26;01/04/2026;10:30:00;193270,00;193635,00;192900,00;192955,00;33238115,00;860
WINM26;01/04/2026;10:00:00;193225,00;193855,00;192705,00;193245,00;101046689,00;2616
WINM26;01/04/2026;09:30:00;193665,00;194110,00;193005,00;193135,00;115072664,00;2971
WINM26;01/04/2026;09:00:00;193900,00;194300,00;193100,00;193640,00;186107834,00;4810
WINM26;31/03/2026;18:00:00;192435,00;192990,00;192245,00;192790,00;15337521,00;398
WINM26;31/03/2026;17:30:00;192515,00;192810,00;192440,00;192510,00;47737922,00;1239
WINM26;31/03/2026;17:00:00;192540,00;192660,00;192300,00;192570,00;14170611,00;368
WINM26;31/03/2026;16:30:00;192035,00;192560,00;192035,00;192500,00;25492613,00;663
WINM26;31/03/2026;16:00:00;192095,00;192300,00;191775,00;192035,00;200837556,00;5225
WINM26;31/03/2026;15:30:00;192100,00;192400,00;191835,00;192125,00;17331566,00;451
WINM26;31/03/2026;15:00:00;191685,00;192435,00;191685,00;192135,00;20985640,00;546
WINM26;31/03/2026;14:30:00;191700,00;192085,00;191595,00;191615,00;8441049,00;220
WINM26;31/03/2026;14:00:00;191795,00;192335,00;191550,00;191550,00;32262943,00;840
WINM26;31/03/2026;13:30:00;190400,00;192200,00;190350,00;191735,00;121779992,00;3181
WINM26;31/03/2026;13:00:00;189995,00;190635,00;189935,00;190500,00;11192365,00;294
WINM26;31/03/2026;12:30:00;189760,00;190520,00;189700,00;190040,00;12245956,00;322
WINM26;31/03/2026;12:00:00;189350,00;190330,00;189350,00;189810,00;24804270,00;653
WINM26;31/03/2026;11:30:00;190430,00;190845,00;189220,00;189325,00;58295742,00;1535
WINM26;31/03/2026;11:00:00;191010,00;191320,00;190270,00;190295,00;30813110,00;807
WINM26;31/03/2026;10:30:00;190320,00;191265,00;189780,00;190985,00;54588516,00;1432
WINM26;31/03/2026;10:00:00;190430,00;191270,00;189850,00;190255,00;49648132,00;1303
WINM26;31/03/2026;09:30:00;190510,00;190885,00;190245,00;190315,00;24438700,00;641
WINM26;31/03/2026;09:00:00;188800,00;190620,00;188785,00;190510,00;48316641,00;1272
WINM26;30/03/2026;18:00:00;187410,00;187525,00;187125,00;187125,00;7529353,00;201
WINM26;30/03/2026;17:30:00;187420,00;187540,00;187260,00;187520,00;6970324,00;186
WINM26;30/03/2026;17:00:00;187490,00;187675,00;187190,00;187495,00;11098461,00;296
WINM26;30/03/2026;16:30:00;186955,00;187550,00;186920,00;187505,00;12734790,00;340
WINM26;30/03/2026;16:00:00;187155,00;187340,00;186690,00;186895,00;11851033,00;317
WINM26;30/03/2026;15:30:00;187395,00;187490,00;187025,00;187160,00;11013065,00;294
WINM26;30/03/2026;15:00:00;187555,00;187750,00;187330,00;187385,00;15304349,00;408
WINM26;30/03/2026;14:30:00;187610,00;188010,00;187255,00;187595,00;57222949,00;1525
WINM26;30/03/2026;14:00:00;188350,00;188485,00;187515,00;187580,00;19843551,00;528
WINM26;30/03/2026;13:30:00;188435,00;188625,00;188190,00;188295,00;10551193,00;280
WINM26;30/03/2026;13:00:00;189085,00;189085,00;188405,00;188405,00;12231123,00;324
WINM26;30/03/2026;12:30:00;188660,00;189335,00;188645,00;189075,00;22168806,00;586
WINM26;30/03/2026;12:00:00;188895,00;189250,00;188440,00;188720,00;23082233,00;611
WINM26;30/03/2026;11:30:00;187770,00;188980,00;187770,00;188935,00;28639854,00;761
WINM26;30/03/2026;11:00:00;187520,00;188215,00;187505,00;187670,00;36748042,00;978
WINM26;30/03/2026;10:30:00;188145,00;188820,00;187245,00;187470,00;178468293,00;4740
WINM26;30/03/2026;10:00:00;188045,00;188580,00;187930,00;188170,00;49582334,00;1317
WINM26;30/03/2026;09:30:00;187505,00;188100,00;187505,00;187990,00;19911057,00;530
WINM26;30/03/2026;09:00:00;186700,00;187500,00;185820,00;187430,00;49614699,00;1328
WINM26;27/03/2026;18:00:00;186190,00;186250,00;185885,00;185885,00;5357376,00;144
WINM26;27/03/2026;17:30:00;186345,00;186360,00;186045,00;186215,00;893692,00;24
WINM26;27/03/2026;17:00:00;186290,00;186645,00;185945,00;186335,00;22403288,00;601
WINM26;27/03/2026;16:30:00;186355,00;186425,00;185890,00;186345,00;7296060,00;196
WINM26;27/03/2026;16:00:00;186360,00;186450,00;186060,00;186330,00;3277601,00;88
WINM26;27/03/2026;15:30:00;186260,00;186505,00;186205,00;186380,00;3579511,00;96
WINM26;27/03/2026;15:00:00;186450,00;186450,00;186090,00;186170,00;8269243,00;222
WINM26;27/03/2026;14:30:00;186685,00;186745,00;186410,00;186475,00;6716453,00;180
WINM26;27/03/2026;14:00:00;187260,00;187300,00;186545,00;186645,00;14279072,00;382
WINM26;27/03/2026;13:30:00;187500,00;187600,00;187115,00;187330,00;5546383,00;148
WINM26;27/03/2026;13:00:00;187705,00;187835,00;187235,00;187410,00;7614491,00;203
WINM26;27/03/2026;12:30:00;188000,00;188315,00;187700,00;187700,00;7897627,00;210
WINM26;27/03/2026;12:00:00;187790,00;188485,00;187650,00;188005,00;65135948,00;1732
WINM26;27/03/2026;11:30:00;187005,00;187800,00;186850,00;187760,00;8881607,00;237
WINM26;27/03/2026;11:00:00;186650,00;187450,00;186650,00;187080,00;11785026,00;315
WINM26;27/03/2026;10:30:00;186400,00;187350,00;186200,00;186740,00;23605261,00;632
WINM26;27/03/2026;10:00:00;187060,00;187070,00;186100,00;186415,00;27258047,00;731
WINM26;27/03/2026;09:30:00;187050,00;187330,00;186700,00;187205,00;15601084,00;417
WINM26;27/03/2026;09:00:00;187270,00;187615,00;186530,00;187060,00;82267360,00;2200
WINM26;26/03/2026;18:00:00;188130,00;188280,00;188015,00;188055,00;4967285,00;132
WINM26;26/03/2026;17:30:00;188305,00;188515,00;187895,00;188120,00;11482934,00;305
WINM26;26/03/2026;17:00:00;187600,00;189690,00;187600,00;188295,00;57190122,00;1515
WINM26;26/03/2026;16:30:00;187795,00;187905,00;187590,00;187605,00;14943841,00;398
WINM26;26/03/2026;16:00:00;188375,00;188375,00;187580,00;187825,00;16679693,00;444
WINM26;26/03/2026;15:30:00;187955,00;188370,00;187900,00;188305,00;7187743,00;191
WINM26;26/03/2026;15:00:00;187810,00;188055,00;187755,00;187860,00;4284051,00;114
WINM26;26/03/2026;14:30:00;188200,00;188320,00;187715,00;187815,00;50572033,00;1345
WINM26;26/03/2026;14:00:00;188545,00;188700,00;188065,00;188185,00;5612570,00;149
WINM26;26/03/2026;13:30:00;188440,00;188550,00;188090,00;188495,00;14910119,00;396
WINM26;26/03/2026;13:00:00;189200,00;189260,00;188415,00;188430,00;12874063,00;341
WINM26;26/03/2026;12:30:00;189280,00;189500,00;188950,00;189250,00;5901851,00;156
WINM26;26/03/2026;12:00:00;189450,00;189540,00;189055,00;189400,00;5376101,00;142
WINM26;26/03/2026;11:30:00;189755,00;190185,00;188490,00;189415,00;31178390,00;824
WINM26;26/03/2026;11:00:00;189650,00;190100,00;189400,00;189670,00;16316997,00;430
WINM26;26/03/2026;10:30:00;189045,00;189875,00;188675,00;189600,00;26424145,00;698
WINM26;26/03/2026;10:00:00;188440,00;189240,00;188350,00;189020,00;22245383,00;589
WINM26;26/03/2026;09:30:00;188555,00;188555,00;187820,00;188440,00;56790225,00;1510
WINM26;26/03/2026;09:00:00;188695,00;189200,00;187930,00;188570,00;41491160,00;1100
WINM26;25/03/2026;18:00:00;190800,00;190800,00;190425,00;190635,00;5071236,00;133
WINM26;25/03/2026;17:30:00;190680,00;190905,00;190680,00;190845,00;5226835,00;137
WINM26;25/03/2026;17:00:00;190750,00;191035,00;190500,00;190650,00;24011175,00;629
WINM26;25/03/2026;16:30:00;190430,00;190720,00;190250,00;190695,00;10933385,00;287
WINM26;25/03/2026;16:00:00;190595,00;190630,00;190110,00;190530,00;13290588,00;349
WINM26;25/03/2026;15:30:00;191075,00;191245,00;190150,00;190625,00;22543628,00;591
WINM26;25/03/2026;15:00:00;190760,00;191440,00;190760,00;191050,00;16134846,00;422
WINM26;25/03/2026;14:30:00;190545,00;191255,00;190545,00;190750,00;22410063,00;587
WINM26;25/03/2026;14:00:00;190745,00;190855,00;190470,00;190550,00;14261749,00;374
WINM26;25/03/2026;13:30:00;190565,00;191120,00;190480,00;190745,00;28058594,00;735
WINM26;25/03/2026;13:00:00;190755,00;190780,00;190080,00;190535,00;19498110,00;512
WINM26;25/03/2026;12:30:00;190550,00;190850,00;190380,00;190740,00;18031948,00;473
WINM26;25/03/2026;12:00:00;191180,00;191245,00;189900,00;190525,00;20238046,00;531
WINM26;25/03/2026;11:30:00;190535,00;191675,00;190450,00;191185,00;40071709,00;1048
WINM26;25/03/2026;11:00:00;190200,00;190775,00;189810,00;190525,00;27966809,00;735
WINM26;25/03/2026;10:30:00;190050,00;191085,00;189950,00;190190,00;33863187,00;889
WINM26;25/03/2026;10:00:00;190280,00;190360,00;189380,00;190000,00;23494387,00;619
WINM26;25/03/2026;09:30:00;189640,00;190305,00;189385,00;190275,00;16470746,00;434
WINM26;25/03/2026;09:00:00;190700,00;191355,00;189585,00;189720,00;49437646,00;1298
WINM26;24/03/2026;18:00:00;189400,00;189935,00;189320,00;189585,00;19696202,00;519
WINM26;24/03/2026;17:30:00;189410,00;190425,00;189205,00;189440,00;19926261,00;525
WINM26;24/03/2026;17:00:00;187690,00;190600,00;187690,00;189675,00;40993305,00;1082
WINM26;24/03/2026;16:30:00;187400,00;187920,00;187345,00;187685,00;21094320,00;562
WINM26;24/03/2026;16:00:00;187275,00;187820,00;187275,00;187440,00;3452071,00;92
WINM26;24/03/2026;15:30:00;187275,00;187525,00;187070,00;187270,00;5993813,00;160
WINM26;24/03/2026;15:00:00;186760,00;187390,00;186600,00;187370,00;16742120,00;448
WINM26;24/03/2026;14:30:00;186510,00;186785,00;186065,00;186775,00;19494943,00;523
WINM26;24/03/2026;14:00:00;186920,00;187010,00;186180,00;186550,00;13096778,00;351
WINM26;24/03/2026;13:30:00;187315,00;187365,00;186850,00;186980,00;10138308,00;271
WINM26;24/03/2026;13:00:00;187115,00;187315,00;186785,00;187315,00;6434234,00;172
WINM26;24/03/2026;12:30:00;187500,00;187875,00;187060,00;187155,00;9900271,00;264
WINM26;24/03/2026;12:00:00;187200,00;187550,00;186980,00;187355,00;3745302,00;100
WINM26;24/03/2026;11:30:00;187030,00;187700,00;186650,00;187030,00;24773661,00;662
WINM26;24/03/2026;11:00:00;186120,00;187300,00;186095,00;187090,00;29048051,00;778
WINM26;24/03/2026;10:30:00;185125,00;186150,00;185035,00;186140,00;23322569,00;628
WINM26;24/03/2026;10:00:00;186330,00;186530,00;185055,00;185125,00;30193308,00;812
WINM26;24/03/2026;09:30:00;187200,00;187200,00;186175,00;186325,00;50662235,00;1358
WINM26;24/03/2026;09:00:00;187500,00;187510,00;186575,00;187295,00;29761223,00;796
WINM26;23/03/2026;18:00:00;188095,00;188135,00;187745,00;187995,00;23265849,00;619
WINM26;23/03/2026;17:30:00;188050,00;188175,00;187900,00;188085,00;12224886,00;325
WINM26;23/03/2026;17:00:00;187580,00;188200,00;187315,00;188050,00;23363407,00;622
WINM26;23/03/2026;16:30:00;187470,00;188100,00;187390,00;187620,00;24213805,00;645
WINM26;23/03/2026;16:00:00;188040,00;188080,00;187405,00;187450,00;21554369,00;574
WINM26;23/03/2026;15:30:00;187110,00;188425,00;187110,00;188020,00;123324225,00;3285
WINM26;23/03/2026;15:00:00;187405,00;187450,00;186485,00;187115,00;26733066,00;715
WINM26;23/03/2026;14:30:00;187080,00;187800,00;187080,00;187400,00;23988939,00;640
WINM26;23/03/2026;14:00:00;186850,00;187150,00;186625,00;187100,00;25525723,00;683
WINM26;23/03/2026;13:30:00;186265,00;187255,00;186265,00;186840,00;23735012,00;635
WINM26;23/03/2026;13:00:00;186680,00;187045,00;186220,00;186225,00;30913456,00;828
WINM26;23/03/2026;12:30:00;187600,00;187725,00;186550,00;186655,00;79911330,00;2137
WINM26;23/03/2026;12:00:00;187875,00;188230,00;187375,00;187620,00;28811834,00;767
WINM26;23/03/2026;11:30:00;187655,00;188120,00;187155,00;187850,00;84769066,00;2256
WINM26;23/03/2026;11:00:00;186545,00;187735,00;186545,00;187720,00;48266881,00;1290
WINM26;23/03/2026;10:30:00;184580,00;186580,00;184255,00;186580,00;77282169,00;2084
WINM26;23/03/2026;10:00:00;184500,00;185175,00;183830,00;184625,00;86381571,00;2339
WINM26;23/03/2026;09:30:00;183265,00;184605,00;182925,00;184450,00;81566741,00;2218
WINM26;23/03/2026;09:00:00;183445,00;183445,00;181750,00;183300,00;111146586,00;3041
WINM26;20/03/2026;18:00:00;181600,00;183515,00;181600,00;183000,00;13946528,00;382
WINM26;20/03/2026;17:30:00;181430,00;181890,00;181425,00;181775,00;4213394,00;116
WINM26;20/03/2026;17:00:00;180935,00;181575,00;180800,00;181295,00;16716506,00;461
WINM26;20/03/2026;16:30:00;180680,00;181020,00;180135,00;180940,00;35591238,00;985
WINM26;20/03/2026;16:00:00;180595,00;180875,00;180505,00;180735,00;18504321,00;512
WINM26;20/03/2026;15:30:00;180795,00;180880,00;180225,00;180535,00;33613581,00;931
WINM26;20/03/2026;15:00:00;181500,00;181645,00;180180,00;180725,00;75015292,00;2075
WINM26;20/03/2026;14:30:00;181300,00;181500,00;181060,00;181475,00;30452874,00;840
WINM26;20/03/2026;14:00:00;181810,00;181870,00;181200,00;181200,00;30654969,00;844
WINM26;20/03/2026;13:30:00;181925,00;181970,00;181590,00;181965,00;3090129,00;85
WINM26;20/03/2026;13:00:00;182065,00;182350,00;181910,00;182000,00;9728764,00;267
WINM26;20/03/2026;12:30:00;182200,00;182500,00;181980,00;182120,00;9108342,00;250
WINM26;20/03/2026;12:00:00;182295,00;182900,00;182100,00;182200,00;24529070,00;672
WINM26;20/03/2026;11:30:00;182070,00;182565,00;181920,00;182240,00;55530926,00;1524
WINM26;20/03/2026;11:00:00;182605,00;182725,00;181425,00;181985,00;59080051,00;1622
WINM26;20/03/2026;10:30:00;183900,00;184035,00;182310,00;182645,00;72099698,00;1968
WINM26;20/03/2026;10:00:00;184730,00;184920,00;183905,00;183955,00;31060017,00;842
WINM26;20/03/2026;09:30:00;185240,00;185350,00;184515,00;184665,00;10605892,00;287
WINM26;20/03/2026;09:00:00;184500,00;185220,00;183905,00;185220,00;21436563,00;581
WINM26;19/03/2026;18:00:00;186105,00;186125,00;185725,00;185850,00;6356593,00;171
WINM26;19/03/2026;17:30:00;186225,00;186225,00;185830,00;186000,00;15401371,00;414
WINM26;19/03/2026;17:00:00;185545,00;186420,00;185475,00;186250,00;31354710,00;843
WINM26;19/03/2026;16:30:00;185580,00;185870,00;185375,00;185545,00;24698232,00;665
WINM26;19/03/2026;16:00:00;184955,00;187015,00;184935,00;185575,00;76191985,00;2048
WINM26;19/03/2026;15:30:00;184280,00;185000,00;183935,00;184925,00;21460968,00;582
WINM26;19/03/2026;15:00:00;183925,00;184350,00;183835,00;184275,00;9870273,00;268
WINM26;19/03/2026;14:30:00;184270,00;184340,00;183960,00;183960,00;6039251,00;164
WINM26;19/03/2026;14:00:00;184005,00;184410,00;183600,00;184195,00;13806286,00;375
WINM26;19/03/2026;13:30:00;184100,00;184315,00;183710,00;184050,00;13906039,00;378
WINM26;19/03/2026;13:00:00;184270,00;184635,00;183920,00;184160,00;19899880,00;540
WINM26;19/03/2026;12:30:00;184335,00;184520,00;183540,00;184310,00;17628170,00;479
WINM26;19/03/2026;12:00:00;184110,00;184970,00;184110,00;184275,00;17244460,00;467
WINM26;19/03/2026;11:30:00;183395,00;184430,00;183360,00;184085,00;17444817,00;474
WINM26;19/03/2026;11:00:00;183665,00;184490,00;183250,00;183410,00;26664773,00;725
WINM26;19/03/2026;10:30:00;182325,00;183645,00;182000,00;183645,00;114144348,00;3122
WINM26;19/03/2026;10:00:00;182200,00;182915,00;181510,00;182370,00;87218336,00;2394
WINM26;19/03/2026;09:30:00;181770,00;182350,00;181320,00;182225,00;72400356,00;1991
WINM26;19/03/2026;09:00:00;183870,00;184035,00;181520,00;181705,00;56692903,00;1550
WINM26;18/03/2026;18:00:00;184345,00;184875,00;184130,00;184785,00;9446380,00;256
WINM26;18/03/2026;17:30:00;184555,00;184780,00;184300,00;184300,00;5131909,00;139
WINM26;18/03/2026;17:00:00;185200,00;185240,00;184405,00;184500,00;9128537,00;247
WINM26;18/03/2026;16:30:00;185640,00;185860,00;185265,00;185320,00;17965559,00;484
WINM26;18/03/2026;16:00:00;185540,00;186100,00;185325,00;185650,00;63024458,00;1698
WINM26;18/03/2026;15:30:00;186595,00;186690,00;185550,00;185580,00;39288947,00;1055
WINM26;18/03/2026;15:00:00;186875,00;187120,00;186270,00;186645,00;24742236,00;663
WINM26;18/03/2026;14:30:00;186340,00;187280,00;186025,00;186865,00;36758109,00;985
WINM26;18/03/2026;14:00:00;186830,00;186830,00;186340,00;186340,00;23386835,00;627
WINM26;18/03/2026;13:30:00;186245,00;186900,00;185845,00;186815,00;39543727,00;1061
WINM26;18/03/2026;13:00:00;185700,00;186285,00;185495,00;186195,00;17159893,00;461
WINM26;18/03/2026;12:30:00;185675,00;185895,00;185575,00;185745,00;3417488,00;92
WINM26;18/03/2026;12:00:00;185870,00;186220,00;185385,00;185615,00;7391491,00;199
WINM26;18/03/2026;11:30:00;185695,00;185895,00;185470,00;185875,00;4679534,00;126
WINM26;18/03/2026;11:00:00;186500,00;186800,00;185450,00;185570,00;14039061,00;377
WINM26;18/03/2026;10:30:00;185895,00;186495,00;185800,00;186490,00;30082059,00;808
WINM26;18/03/2026;10:00:00;184870,00;185980,00;184785,00;185845,00;29859422,00;806
WINM26;18/03/2026;09:30:00;186145,00;186215,00;184810,00;184900,00;86009072,00;2319
WINM26;18/03/2026;09:00:00;186350,00;187100,00;185555,00;186280,00;50617900,00;1358
WINM26;17/03/2026;18:00:00;186200,00;186250,00;186065,00;186085,00;10762216,00;289
WINM26;17/03/2026;17:30:00;186125,00;186280,00;185980,00;186190,00;4727619,00;127
WINM26;17/03/2026;17:00:00;185850,00;186250,00;185830,00;186165,00;18132529,00;487
WINM26;17/03/2026;16:30:00;185940,00;186000,00;185615,00;185905,00;27202243,00;732
WINM26;17/03/2026;16:00:00;186245,00;186415,00;185735,00;185865,00;42677685,00;1146
WINM26;17/03/2026;15:30:00;186660,00;186780,00;185765,00;186240,00;43811483,00;1176
WINM26;17/03/2026;15:00:00;187395,00;187715,00;186575,00;186610,00;42835534,00;1146
WINM26;17/03/2026;14:30:00;187180,00;187515,00;186985,00;187385,00;10409082,00;278
WINM26;17/03/2026;14:00:00;187075,00;187245,00;186925,00;187185,00;6062186,00;162
WINM26;17/03/2026;13:30:00;187205,00;187220,00;186725,00;187125,00;22813578,00;610
WINM26;17/03/2026;13:00:00;186540,00;187285,00;186350,00;187225,00;20183218,00;540
WINM26;17/03/2026;12:30:00;186345,00;186540,00;186000,00;186540,00;12258659,00;329
WINM26;17/03/2026;12:00:00;187575,00;187635,00;186100,00;186285,00;57573307,00;1542
WINM26;17/03/2026;11:30:00;187645,00;187820,00;187375,00;187620,00;13321594,00;355
WINM26;17/03/2026;11:00:00;188300,00;188560,00;187580,00;187690,00;31398134,00;835
WINM26;17/03/2026;10:30:00;187635,00;188545,00;186940,00;188385,00;57114765,00;1520
WINM26;17/03/2026;10:00:00;185875,00;187615,00;185630,00;187580,00;34524441,00;925
WINM26;17/03/2026;09:30:00;186340,00;186715,00;185855,00;185900,00;27229424,00;730
WINM26;17/03/2026;09:00:00;185895,00;186540,00;184715,00;186205,00;44955377,00;1210
WINM26;16/03/2026;18:00:00;185960,00;186095,00;185900,00;186095,00;12907366,00;347
WINM26;16/03/2026;17:30:00;185855,00;186100,00;185855,00;185970,00;4463609,00;120
WINM26;16/03/2026;17:00:00;186085,00;186085,00;185680,00;185905,00;22939499,00;617
WINM26;16/03/2026;16:30:00;186235,00;186450,00;185900,00;186085,00;4279813,00;115
WINM26;16/03/2026;16:00:00;186690,00;186980,00;186300,00;186360,00;16811989,00;450
WINM26;16/03/2026;15:30:00;186575,00;186835,00;186530,00;186635,00;5115831,00;137
WINM26;16/03/2026;15:00:00;186400,00;186855,00;186400,00;186605,00;19261871,00;516
WINM26;16/03/2026;14:30:00;186125,00;186350,00;185945,00;186350,00;4058252,00;109
WINM26;16/03/2026;14:00:00;185640,00;186270,00;185555,00;186125,00;16848569,00;453
WINM26;16/03/2026;13:30:00;185545,00;185900,00;185235,00;185605,00;10875247,00;293
WINM26;16/03/2026;13:00:00;185955,00;186145,00;185535,00;185545,00;46595515,00;1254
WINM26;16/03/2026;12:30:00;186115,00;186325,00;185740,00;185995,00;61097155,00;1641
WINM26;16/03/2026;12:00:00;186150,00;186200,00;185800,00;186000,00;3683497,00;99
WINM26;16/03/2026;11:30:00;186620,00;186620,00;185700,00;186035,00;45387442,00;1220
WINM26;16/03/2026;11:00:00;186980,00;187080,00;186590,00;186590,00;18259700,00;489
WINM26;16/03/2026;10:30:00;186135,00;187190,00;186075,00;187030,00;13040346,00;349
WINM26;16/03/2026;10:00:00;186245,00;186750,00;186100,00;186235,00;11710056,00;314
WINM26;16/03/2026;09:30:00;186780,00;187215,00;186300,00;186305,00;73952368,00;1979
WINM26;16/03/2026;09:00:00;185815,00;186820,00;185125,00;186795,00;29392556,00;790
WINM26;13/03/2026;18:00:00;183565,00;183860,00;183305,00;183860,00;18602972,00;507
WINM26;13/03/2026;17:30:00;183695,00;183750,00;183415,00;183575,00;8628926,00;235
WINM26;13/03/2026;17:00:00;183740,00;183960,00;183600,00;183700,00;13051848,00;355
WINM26;13/03/2026;16:30:00;183525,00;183800,00;183175,00;183800,00;37787822,00;1030
WINM26;13/03/2026;16:00:00;184340,00;184385,00;183390,00;183390,00;67540291,00;1834
WINM26;13/03/2026;15:30:00;184250,00;184850,00;184250,00;184350,00;57519276,00;1559
WINM26;13/03/2026;15:00:00;184150,00;184420,00;183900,00;184285,00;89460223,00;2429
WINM26;13/03/2026;14:30:00;184520,00;184615,00;183600,00;184110,00;144653129,00;3926
WINM26;13/03/2026;14:00:00;185140,00;185165,00;184435,00;184455,00;82834073,00;2242
WINM26;13/03/2026;13:30:00;184780,00;185305,00;184645,00;185130,00;32710177,00;884
WINM26;13/03/2026;13:00:00;184630,00;184925,00;184530,00;184560,00;38063784,00;1030
WINM26;13/03/2026;12:30:00;184580,00;185200,00;184475,00;184700,00;59327809,00;1605
WINM26;13/03/2026;12:00:00;185245,00;185330,00;184290,00;184505,00;75551033,00;2041
WINM26;13/03/2026;11:30:00;185675,00;186355,00;185100,00;185300,00;78712844,00;2122
WINM26;13/03/2026;11:00:00;186600,00;186705,00;185630,00;185730,00;18056119,00;485
WINM26;13/03/2026;10:30:00;186815,00;187070,00;186500,00;186750,00;20554795,00;550
WINM26;13/03/2026;10:00:00;185700,00;186950,00;185645,00;186775,00;21077973,00;565
WINM26;13/03/2026;09:30:00;186315,00;186500,00;185800,00;185815,00;10053985,00;270
WINM26;13/03/2026;09:00:00;186000,00;186350,00;185415,00;186180,00;30490785,00;820
WINM26;12/03/2026;18:00:00;184925,00;185125,00;184880,00;185120,00;6254042,00;169
WINM26;12/03/2026;17:30:00;185075,00;185110,00;184825,00;184970,00;5697539,00;154
WINM26;12/03/2026;17:00:00;185010,00;185330,00;184955,00;185180,00;12111057,00;327
WINM26;12/03/2026;16:30:00;185550,00;185870,00;184900,00;185035,00;26487752,00;714
WINM26;12/03/2026;16:00:00;185410,00;185675,00;185240,00;185485,00;11647855,00;314
WINM26;12/03/2026;15:30:00;185210,00;185590,00;185065,00;185475,00;60761010,00;1640
WINM26;12/03/2026;15:00:00;185350,00;185600,00;185125,00;185245,00;54558281,00;1472
WINM26;12/03/2026;14:30:00;185690,00;185960,00;185095,00;185310,00;57023265,00;1538
WINM26;12/03/2026;14:00:00;185830,00;186080,00;185600,00;185675,00;13269347,00;357
WINM26;12/03/2026;13:30:00;185540,00;185875,00;185440,00;185680,00;5050696,00;136
WINM26;12/03/2026;13:00:00;185405,00;185985,00;185260,00;185610,00;15363847,00;414
WINM26;12/03/2026;12:30:00;184970,00;185810,00;184945,00;185500,00;33385084,00;901
WINM26;12/03/2026;12:00:00;185230,00;185325,00;184440,00;185015,00;170235003,00;4604
WINM26;12/03/2026;11:30:00;185680,00;186115,00;185115,00;185255,00;286855982,00;7735
WINM26;12/03/2026;11:00:00;185855,00;186040,00;185450,00;185735,00;63407486,00;1707
WINM26;12/03/2026;10:30:00;187185,00;187300,00;185230,00;185700,00;210630282,00;5670
WINM26;12/03/2026;10:00:00;187695,00;188000,00;186600,00;187300,00;19763688,00;528
WINM26;12/03/2026;09:30:00;188000,00;188250,00;187550,00;187615,00;21711881,00;578
WINM26;12/03/2026;09:00:00;189135,00;189240,00;187280,00;187985,00;44813233,00;1191
WINM26;11/03/2026;18:00:00;190100,00;190175,00;189700,00;189870,00;6492483,00;171
WINM26;11/03/2026;17:30:00;190065,00;190225,00;190000,00;190055,00;3611621,00;95
WINM26;11/03/2026;17:00:00;190135,00;190280,00;189975,00;190040,00;5969845,00;157
WINM26;11/03/2026;16:30:00;189910,00;190245,00;189820,00;190165,00;6347574,00;167
WINM26;11/03/2026;16:00:00;189600,00;189875,00;189305,00;189860,00;8642886,00;228
WINM26;11/03/2026;15:30:00;189435,00;189805,00;189435,00;189675,00;6524110,00;172
WINM26;11/03/2026;15:00:00;189245,00;189545,00;188945,00;189435,00;8519070,00;225
WINM26;11/03/2026;14:30:00;189800,00;189805,00;188750,00;189255,00;14150554,00;374
WINM26;11/03/2026;14:00:00;189730,00;189785,00;189230,00;189730,00;10159844,00;268
WINM26;11/03/2026;13:30:00;189330,00;189820,00;189330,00;189675,00;11792799,00;311
WINM26;11/03/2026;13:00:00;189520,00;189615,00;189170,00;189260,00;13445238,00;355
WINM26;11/03/2026;12:30:00;190240,00;190240,00;189535,00;189580,00;13101220,00;345
WINM26;11/03/2026;12:00:00;190985,00;191105,00;190170,00;190195,00;64170271,00;1686
WINM26;11/03/2026;11:30:00;190905,00;191200,00;190600,00;190975,00;13324748,00;349
WINM26;11/03/2026;11:00:00;191300,00;192080,00;190850,00;190990,00;36101014,00;942
WINM26;11/03/2026;10:30:00;190145,00;191445,00;189800,00;191350,00;104907223,00;2754
WINM26;11/03/2026;10:00:00;187955,00;190165,00;187915,00;190130,00;40144871,00;1063
WINM26;11/03/2026;09:30:00;189000,00;189095,00;187600,00;187920,00;41416902,00;1101
WINM26;11/03/2026;09:00:00;189850,00;190250,00;188840,00;188930,00;33397717,00;882
WINM26;10/03/2026;18:00:00;190125,00;190180,00;189740,00;189805,00;5509352,00;145
WINM26;10/03/2026;17:30:00;190110,00;190245,00;189985,00;190145,00;4601269,00;121
WINM26;10/03/2026;17:00:00;189595,00;190105,00;189500,00;190105,00;49016654,00;1291
WINM26;10/03/2026;16:30:00;190005,00;190120,00;189385,00;189575,00;29814378,00;786
WINM26;10/03/2026;16:00:00;190260,00;190600,00;189925,00;190015,00;7000674,00;184
WINM26;10/03/2026;15:30:00;190645,00;190830,00;190175,00;190310,00;12833745,00;337
WINM26;10/03/2026;15:00:00;191015,00;191180,00;189875,00;190610,00;118985526,00;3123
WINM26;10/03/2026;14:30:00;191725,00;191730,00;190880,00;191050,00;32002124,00;837
WINM26;10/03/2026;14:00:00;190740,00;191805,00;190715,00;191735,00;112961008,00;2955
WINM26;10/03/2026;13:30:00;190260,00;190805,00;190255,00;190715,00;53496294,00;1405
WINM26;10/03/2026;13:00:00;190355,00;190500,00;190010,00;190240,00;8938910,00;235
WINM26;10/03/2026;12:30:00;189860,00;190500,00;189685,00;190415,00;25099530,00;660
WINM26;10/03/2026;12:00:00;190225,00;190500,00;189835,00;189835,00;37593024,00;988
WINM26;10/03/2026;11:30:00;188250,00;190265,00;188180,00;190245,00;64680026,00;1710
WINM26;10/03/2026;11:00:00;187570,00;188220,00;186885,00;188220,00;14102938,00;376
WINM26;10/03/2026;10:30:00;187980,00;188115,00;187355,00;187570,00;21676362,00;577
WINM26;10/03/2026;10:00:00;188710,00;188870,00;187365,00;187935,00;18786887,00;500
WINM26;10/03/2026;09:30:00;187695,00;188975,00;187595,00;188710,00;13645139,00;362
WINM26;10/03/2026;09:00:00;187885,00;188215,00;187100,00;187700,00;27896303,00;743
WINM26;09/03/2026;18:00:00;187800,00;188050,00;187675,00;187750,00;4921171,00;131
WINM26;09/03/2026;17:30:00;187800,00;188050,00;187760,00;187970,00;10254905,00;273
WINM26;09/03/2026;17:00:00;187700,00;187935,00;187070,00;187895,00;28150851,00;751
WINM26;09/03/2026;16:30:00;188130,00;188440,00;187535,00;187720,00;71107242,00;1893
WINM26;09/03/2026;16:00:00;186015,00;188150,00;186015,00;188150,00;70306154,00;1878
WINM26;09/03/2026;15:30:00;186030,00;186365,00;185950,00;185990,00;35999122,00;967
WINM26;09/03/2026;15:00:00;185180,00;186310,00;185180,00;186065,00;37507692,00;1009
WINM26;09/03/2026;14:30:00;185305,00;185385,00;185080,00;185175,00;15892750,00;429
WINM26;09/03/2026;14:00:00;185810,00;185895,00;185250,00;185270,00;31873984,00;859
WINM26;09/03/2026;13:30:00;186025,00;186115,00;185655,00;185760,00;7694546,00;207
WINM26;09/03/2026;13:00:00;186030,00;186405,00;185630,00;186065,00;20006434,00;538
WINM26;09/03/2026;12:30:00;186495,00;186550,00;185940,00;186000,00;10315622,00;277
WINM26;09/03/2026;12:00:00;184970,00;186570,00;184900,00;186460,00;27981229,00;753
WINM26;09/03/2026;11:30:00;184595,00;185205,00;184555,00;184950,00;22490377,00;608
WINM26;09/03/2026;11:00:00;185040,00;185095,00;183900,00;184540,00;47886847,00;1298
WINM26;09/03/2026;10:30:00;185295,00;185685,00;184800,00;185040,00;141366664,00;3811
WINM26;09/03/2026;10:00:00;184920,00;185625,00;184920,00;185285,00;11337690,00;306
WINM26;09/03/2026;09:30:00;184860,00;185030,00;184425,00;184865,00;15402746,00;417
WINM26;09/03/2026;09:00:00;184560,00;185315,00;184395,00;184985,00;18709218,00;506
WINM26;06/03/2026;18:00:00;186075,00;186150,00;185710,00;186100,00;20305543,00;546
WINM26;06/03/2026;17:30:00;185695,00;186120,00;185085,00;186000,00;38185949,00;1029
WINM26;06/03/2026;17:00:00;186230,00;186580,00;185690,00;185755,00;15134858,00;407
WINM26;06/03/2026;16:30:00;186510,00;186680,00;186010,00;186200,00;19847624,00;533
WINM26;06/03/2026;16:00:00;186410,00;186660,00;186200,00;186535,00;22630892,00;607
WINM26;06/03/2026;15:30:00;186425,00;186905,00;186350,00;186395,00;20593960,00;552
WINM26;06/03/2026;15:00:00;185720,00;186605,00;185715,00;186425,00;37565620,00;1008
WINM26;06/03/2026;14:30:00;186105,00;186175,00;185510,00;185740,00;72028024,00;1938
WINM26;06/03/2026;14:00:00;186115,00;186520,00;185830,00;186100,00;132587573,00;3561
WINM26;06/03/2026;13:30:00;186515,00;186860,00;186000,00;186115,00;12223971,00;328
WINM26;06/03/2026;13:00:00;186305,00;186700,00;186090,00;186550,00;44154212,00;1184
WINM26;06/03/2026;12:30:00;186320,00;186510,00;185935,00;186400,00;37288206,00;1001
WINM26;06/03/2026;12:00:00;185175,00;186330,00;184955,00;186305,00;41120673,00;1108
WINM26;06/03/2026;11:30:00;185915,00;186055,00;184975,00;185165,00;102625810,00;2768
WINM26;06/03/2026;11:00:00;185635,00;185970,00;185015,00;185885,00;47956339,00;1293
WINM26;06/03/2026;10:30:00;186925,00;187720,00;185450,00;185665,00;35956815,00;963
WINM26;06/03/2026;10:00:00;185985,00;187260,00;185985,00;186990,00;25179459,00;674
WINM26;06/03/2026;09:30:00;186555,00;186615,00;185585,00;185955,00;16590213,00;446
WINM26;06/03/2026;09:00:00;186505,00;186600,00;184600,00;186530,00;56325680,00;1517
WINM26;05/03/2026;18:00:00;187195,00;187220,00;186650,00;186650,00;27785414,00;743
WINM26;05/03/2026;17:30:00;187550,00;187600,00;186985,00;187060,00;97819273,00;2614
WINM26;05/03/2026;17:00:00;187085,00;188080,00;186800,00;187600,00;35438405,00;945
WINM26;05/03/2026;16:30:00;186965,00;187395,00;186640,00;186980,00;11369209,00;304
WINM26;05/03/2026;16:00:00;187080,00;187665,00;186800,00;187000,00;56326265,00;1504
WINM26;05/03/2026;15:30:00;186745,00;187320,00;186590,00;187065,00;17614978,00;471
WINM26;05/03/2026;15:00:00;187375,00;187500,00;186405,00;186740,00;23473101,00;628
WINM26;05/03/2026;14:30:00;187560,00;187780,00;186850,00;187505,00;51177360,00;1366
WINM26;05/03/2026;14:00:00;188420,00;188520,00;187510,00;187560,00;62754620,00;1668
WINM26;05/03/2026;13:30:00;188100,00;188565,00;187900,00;188310,00;17062185,00;453
WINM26;05/03/2026;13:00:00;188245,00;188250,00;187295,00;188060,00;20610361,00;549
WINM26;05/03/2026;12:30:00;188045,00;188365,00;187640,00;188070,00;16807079,00;447
WINM26;05/03/2026;12:00:00;189355,00;189585,00;187760,00;188035,00;59604347,00;1581
WINM26;05/03/2026;11:30:00;189215,00;189660,00;188330,00;189185,00;48731915,00;1289
WINM26;05/03/2026;11:00:00;190145,00;190530,00;188925,00;189210,00;40160860,00;1059
WINM26;05/03/2026;10:30:00;191125,00;191300,00;190180,00;190195,00;39852017,00;1045
WINM26;05/03/2026;10:00:00;191280,00;191410,00;190710,00;191205,00;40041639,00;1048
WINM26;05/03/2026;09:30:00;191860,00;191860,00;190950,00;191185,00;16910595,00;442
WINM26;05/03/2026;09:00:00;191530,00;192345,00;190380,00;191965,00;19928052,00;521
WINM26;04/03/2026;18:00:00;192000,00;192180,00;191475,00;191645,00;31926937,00;832
WINM26;04/03/2026;17:30:00;192685,00;192905,00;192000,00;192115,00;23517579,00;611
WINM26;04/03/2026;17:00:00;192425,00;192610,00;192105,00;192510,00;10195956,00;265
WINM26;04/03/2026;16:30:00;191920,00;192625,00;191870,00;192485,00;16889348,00;439
WINM26;04/03/2026;16:00:00;192025,00;192060,00;191760,00;191805,00;4682440,00;122
WINM26;04/03/2026;15:30:00;191520,00;192100,00;191495,00;191975,00;17146613,00;447
WINM26;04/03/2026;15:00:00;191455,00;191560,00;191065,00;191505,00;5509773,00;144
WINM26;04/03/2026;14:30:00;191295,00;191750,00;191025,00;191510,00;6624135,00;173
WINM26;04/03/2026;14:00:00;191285,00;191655,00;191280,00;191455,00;14474782,00;378
WINM26;04/03/2026;13:30:00;190720,00;191265,00;190680,00;191265,00;8208350,00;215
WINM26;04/03/2026;13:00:00;191100,00;191110,00;190435,00;190760,00;15409966,00;404
WINM26;04/03/2026;12:30:00;191205,00;191300,00;190780,00;191070,00;14937238,00;391
WINM26;04/03/2026;12:00:00;190595,00;191315,00;190340,00;191315,00;57523726,00;1507
WINM26;04/03/2026;11:30:00;191355,00;191475,00;190070,00;190560,00;66437184,00;1742
WINM26;04/03/2026;11:00:00;192060,00;192315,00;191385,00;191525,00;30632333,00;798
WINM26;04/03/2026;10:30:00;193010,00;193010,00;191800,00;192085,00;35067098,00;912
WINM26;04/03/2026;10:00:00;192350,00;193250,00;192265,00;193020,00;33254701,00;863
WINM26;04/03/2026;09:30:00;191295,00;192350,00;191130,00;192320,00;19106840,00;498
WINM26;04/03/2026;09:00:00;189400,00;191800,00;189400,00;191285,00;20143403,00;527
WINM26;03/03/2026;18:00:00;189560,00;189705,00;188500,00;188500,00;4387405,00;116
WINM26;03/03/2026;17:30:00;190250,00;190370,00;189400,00;189740,00;8809477,00;232
WINM26;03/03/2026;17:00:00;189900,00;190430,00;189600,00;190400,00;31984966,00;842
WINM26;03/03/2026;16:30:00;190175,00;191020,00;189725,00;189880,00;36128705,00;949
WINM26;03/03/2026;16:00:00;191060,00;191325,00;189925,00;190005,00;26250770,00;688
WINM26;03/03/2026;15:30:00;190605,00;191595,00;190605,00;191010,00;40577233,00;1061
WINM26;03/03/2026;15:00:00;189745,00;190820,00;189695,00;190660,00;19796457,00;520
WINM26;03/03/2026;14:30:00;189825,00;190120,00;189355,00;189770,00;18450417,00;486
WINM26;03/03/2026;14:00:00;189450,00;190045,00;189070,00;189990,00;9817229,00;259
WINM26;03/03/2026;13:30:00;189365,00;189710,00;188755,00;189555,00;54469534,00;1439
WINM26;03/03/2026;13:00:00;188400,00;189565,00;188375,00;189440,00;42198836,00;1117
WINM26;03/03/2026;12:30:00;187915,00;188380,00;187510,00;188380,00;20082234,00;534
WINM26;03/03/2026;12:00:00;187975,00;188150,00;187160,00;187870,00;34669672,00;924
WINM26;03/03/2026;11:30:00;189065,00;189665,00;187390,00;187810,00;199798680,00;5292
WINM26;03/03/2026;11:00:00;189515,00;189730,00;188900,00;189135,00;128801654,00;3405
WINM26;03/03/2026;10:30:00;190050,00;190280,00;189355,00;189595,00;42940215,00;1131
WINM26;03/03/2026;10:00:00;191230,00;191400,00;189910,00;190125,00;76353004,00;2005
WINM26;03/03/2026;09:30:00;192045,00;192050,00;190925,00;191200,00;30171641,00;788
WINM26;03/03/2026;09:00:00;192000,00;192335,00;190875,00;192055,00;147585077,00;3851
WINM26;02/03/2026;18:00:00;196300,00;196500,00;196250,00;196500,00;23241186,00;592
WINM26;02/03/2026;17:30:00;196085,00;196445,00;196085,00;196225,00;10522005,00;268
WINM26;02/03/2026;17:00:00;196905,00;196905,00;195910,00;196075,00;40218701,00;1024
WINM26;02/03/2026;16:30:00;197180,00;197285,00;196850,00;197000,00;23132041,00;587
WINM26;02/03/2026;16:00:00;196200,00;197270,00;196200,00;197095,00;91276683,00;2319
WINM26;02/03/2026;15:30:00;196155,00;196330,00;196025,00;196160,00;16871429,00;430
WINM26;02/03/2026;15:00:00;196065,00;196205,00;195855,00;196090,00;19014327,00;485
WINM26;02/03/2026;14:30:00;195840,00;196120,00;195575,00;196050,00;26325331,00;672
WINM26;02/03/2026;14:00:00;195475,00;195890,00;195350,00;195815,00;18163526,00;464
WINM26;02/03/2026;13:30:00;195255,00;195870,00;195125,00;195370,00;53165155,00;1359
WINM26;02/03/2026;13:00:00;195010,00;195620,00;194895,00;195270,00;19839777,00;508
WINM26;02/03/2026;12:30:00;195485,00;195590,00;195000,00;195045,00;14956797,00;383
WINM26;02/03/2026;12:00:00;195350,00;196150,00;195300,00;195430,00;70529976,00;1802
WINM26;02/03/2026;11:30:00;194475,00;195740,00;194300,00;195350,00;36446442,00;934
WINM26;02/03/2026;11:00:00;193770,00;194590,00;193600,00;194485,00;31921374,00;822
WINM26;02/03/2026;10:30:00;194650,00;195140,00;193700,00;193780,00;41905808,00;1078
WINM26;02/03/2026;10:00:00;194120,00;195040,00;194075,00;194670,00;28160133,00;724
WINM26;02/03/2026;09:30:00;194840,00;194840,00;193720,00;193720,00;35518759,00;915
WINM26;02/03/2026;09:00:00;194240,00;195140,00;193905,00;194825,00;38486469,00;989
WINM26;27/02/2026;18:00:00;195940,00;196030,00;195710,00;195725,00;38184352,00;975
WINM26;27/02/2026;17:30:00;196200,00;196415,00;195690,00;195960,00;67556446,00;1722
WINM26;27/02/2026;17:00:00;195985,00;196235,00;195790,00;196175,00;14939209,00;381
WINM26;27/02/2026;16:30:00;195965,00;196060,00;195700,00;195875,00;23425441,00;598
WINM26;27/02/2026;16:00:00;196855,00;196940,00;195985,00;195990,00;9027581,00;230
WINM26;27/02/2026;15:30:00;196725,00;196880,00;196585,00;196845,00;2715096,00;69
WINM26;27/02/2026;15:00:00;196505,00;196845,00;196505,00;196775,00;4957338,00;126
WINM26;27/02/2026;14:30:00;196565,00;196655,00;196290,00;196520,00;11159534,00;284
WINM26;27/02/2026;14:00:00;196880,00;197050,00;196500,00;196555,00;33560286,00;853
WINM26;27/02/2026;13:30:00;197075,00;197150,00;196800,00;196850,00;11148096,00;283
WINM26;27/02/2026;13:00:00;197485,00;197700,00;196980,00;196980,00;7341424,00;186
WINM26;27/02/2026;12:30:00;197305,00;197650,00;197055,00;197485,00;5015236,00;127
WINM26;27/02/2026;12:00:00;197215,00;197700,00;196885,00;197205,00;10455926,00;265
WINM26;27/02/2026;11:30:00;197260,00;198210,00;196980,00;197015,00;40419032,00;1023
WINM26;27/02/2026;11:00:00;197160,00;197440,00;196965,00;197300,00;22731258,00;576
WINM26;27/02/2026;10:30:00;196800,00;197250,00;196565,00;197120,00;133731405,00;3396
WINM26;27/02/2026;10:00:00;197440,00;197685,00;196785,00;196895,00;11876942,00;301
WINM26;27/02/2026;09:30:00;197480,00;197700,00;196930,00;197620,00;10615014,00;269
WINM26;27/02/2026;09:00:00;198155,00;198225,00;196255,00;197485,00;171871231,00;4357
WINM26;26/02/2026;18:00:00;198390,00;198550,00;198140,00;198380,00;62613512,00;1579
WINM26;26/02/2026;17:30:00;198455,00;198565,00;198250,00;198460,00;69307854,00;1747
WINM26;26/02/2026;17:00:00;198260,00;198455,00;198210,00;198455,00;43203270,00;1089
WINM26;26/02/2026;16:30:00;198015,00;198260,00;198000,00;198260,00;3289184,00;83
WINM26;26/02/2026;16:00:00;197870,00;198285,00;197855,00;198035,00;14060013,00;355
WINM26;26/02/2026;15:30:00;197420,00;198000,00;197390,00;197835,00;37241047,00;941
WINM26;26/02/2026;15:00:00;197370,00;197660,00;197265,00;197485,00;35747377,00;905
WINM26;26/02/2026;14:30:00;197195,00;197505,00;197100,00;197340,00;17201247,00;436
WINM26;26/02/2026;14:00:00;197400,00;197665,00;197200,00;197200,00;10184567,00;258
WINM26;26/02/2026;13:30:00;197975,00;198045,00;197350,00;197380,00;55580886,00;1406
WINM26;26/02/2026;13:00:00;197415,00;198070,00;197300,00;198005,00;24658402,00;624
WINM26;26/02/2026;12:30:00;196650,00;197435,00;196545,00;197400,00;86210622,00;2186
WINM26;26/02/2026;12:00:00;197410,00;197520,00;196200,00;196655,00;49421058,00;1255
WINM26;26/02/2026;11:30:00;198205,00;198205,00;197085,00;197250,00;23349253,00;591
WINM26;26/02/2026;11:00:00;198225,00;198595,00;198125,00;198220,00;49633962,00;1251
WINM26;26/02/2026;10:30:00;198000,00;198380,00;197600,00;198250,00;139985027,00;3533
WINM26;26/02/2026;10:00:00;198320,00;199080,00;197990,00;198140,00;23728523,00;597
WINM26;26/02/2026;09:30:00;198550,00;198590,00;197890,00;198300,00;10221398,00;258
WINM26;26/02/2026;09:00:00;197925,00;198645,00;197880,00;198550,00;24155337,00;609
WINM26;25/02/2026;18:00:00;198605,00;198690,00;198360,00;198400,00;34614506,00;872
WINM26;25/02/2026;17:30:00;198150,00;198710,00;198150,00;198545,00;27199205,00;685
WINM26;25/02/2026;17:00:00;198200,00;198280,00;197885,00;198115,00;6854812,00;173
WINM26;25/02/2026;16:30:00;198060,00;198220,00;198005,00;198160,00;19733089,00;498
WINM26;25/02/2026;16:00:00;198300,00;198300,00;197755,00;198005,00;84032568,00;2122
WINM26;25/02/2026;15:30:00;198965,00;198970,00;198300,00;198325,00;19744554,00;497
WINM26;25/02/2026;15:00:00;199130,00;199130,00;198800,00;198890,00;11616474,00;292
WINM26;25/02/2026;14:30:00;198695,00;199155,00;198655,00;199100,00;23674256,00;595
WINM26;25/02/2026;14:00:00;198665,00;198805,00;198550,00;198685,00;22930207,00;577
WINM26;25/02/2026;13:30:00;198685,00;198730,00;198470,00;198730,00;35162243,00;885
WINM26;25/02/2026;13:00:00;198600,00;198860,00;198550,00;198560,00;38821929,00;977
WINM26;25/02/2026;12:30:00;198355,00;198685,00;198100,00;198605,00;59802685,00;1507
WINM26;25/02/2026;12:00:00;198510,00;198630,00;198335,00;198535,00;66030612,00;1663
WINM26;25/02/2026;11:30:00;199400,00;199525,00;198430,00;198600,00;42823308,00;1076
WINM26;25/02/2026;11:00:00;199095,00;199655,00;198945,00;199435,00;22052413,00;553
WINM26;25/02/2026;10:30:00;199740,00;199865,00;198730,00;199035,00;26393523,00;663
WINM26;25/02/2026;10:00:00;200700,00;200760,00;199525,00;199725,00;10357530,00;259
WINM26;25/02/2026;09:30:00;200430,00;200750,00;200335,00;200750,00;9305198,00;232
WINM26;25/02/2026;09:00:00;200500,00;201750,00;200020,00;200450,00;69534485,00;1730
WINM26;24/02/2026;18:00:00;199120,00;199195,00;199005,00;199050,00;1951305,00;49
WINM26;24/02/2026;17:30:00;198760,00;199400,00;198725,00;199200,00;4658617,00;117
WINM26;24/02/2026;17:00:00;198950,00;198955,00;198760,00;198840,00;5966015,00;150
WINM26;24/02/2026;16:30:00;198840,00;199190,00;198835,00;199000,00;5134089,00;129
WINM26;24/02/2026;16:00:00;198925,00;199045,00;198515,00;198785,00;6916498,00;174
WINM26;24/02/2026;15:30:00;199035,00;199245,00;198925,00;198930,00;14649025,00;368
WINM26;24/02/2026;15:00:00;199015,00;199105,00;198830,00;199035,00;3421779,00;86
WINM26;24/02/2026;14:30:00;199250,00;199415,00;198920,00;198945,00;8722729,00;219
WINM26;24/02/2026;14:00:00;198900,00;199375,00;198900,00;199280,00;9882048,00;248
WINM26;24/02/2026;13:30:00;199195,00;199310,00;198755,00;198840,00;5889452,00;148
WINM26;24/02/2026;13:00:00;198750,00;199160,00;198685,00;199160,00;9943880,00;250
WINM26;24/02/2026;12:30:00;198750,00;198975,00;198485,00;198795,00;15978050,00;402
WINM26;24/02/2026;12:00:00;197910,00;198800,00;197805,00;198730,00;15360668,00;387
WINM26;24/02/2026;11:30:00;197565,00;198105,00;197230,00;197960,00;13639150,00;345
WINM26;24/02/2026;11:00:00;197595,00;198060,00;197450,00;197700,00;7870508,00;199
WINM26;24/02/2026;10:30:00;197720,00;198300,00;197115,00;197520,00;18317602,00;463
WINM26;24/02/2026;10:00:00;197395,00;197805,00;196935,00;197685,00;13693260,00;347
WINM26;24/02/2026;09:30:00;197205,00;197655,00;197075,00;197490,00;7656159,00;194
WINM26;24/02/2026;09:00:00;196505,00;198200,00;196505,00;197255,00;35786192,00;908
WINM26;23/02/2026;18:00:00;196540,00;196555,00;196305,00;196305,00;82050618,00;2088
WINM26;23/02/2026;17:30:00;196410,00;196645,00;196400,00;196520,00;7860018,00;200
WINM26;23/02/2026;17:00:00;196335,00;196520,00;196250,00;196370,00;5301866,00;135
WINM26;23/02/2026;16:30:00;196390,00;196465,00;196185,00;196440,00;6597462,00;168
WINM26;23/02/2026;16:00:00;196770,00;196785,00;196150,00;196395,00;54255075,00;1381
WINM26;23/02/2026;15:30:00;196925,00;196975,00;196690,00;196795,00;8816256,00;224
WINM26;23/02/2026;15:00:00;196660,00;196975,00;196655,00;196870,00;9328235,00;237
WINM26;23/02/2026;14:30:00;196355,00;196800,00;196135,00;196635,00;11121265,00;283
WINM26;23/02/2026;14:00:00;196390,00;196575,00;196080,00;196395,00;64665764,00;1646
WINM26;23/02/2026;13:30:00;196185,00;196410,00;196125,00;196295,00;46553823,00;1186
WINM26;23/02/2026;13:00:00;196450,00;196540,00;196040,00;196285,00;53233097,00;1356
WINM26;23/02/2026;12:30:00;197320,00;197320,00;196415,00;196415,00;5942150,00;151
WINM26;23/02/2026;12:00:00;198460,00;198550,00;197150,00;197200,00;26434787,00;668
WINM26;23/02/2026;11:30:00;197125,00;198685,00;197125,00;198405,00;29277089,00;740
WINM26;23/02/2026;11:00:00;196960,00;197320,00;196950,00;196975,00;5795719,00;147
WINM26;23/02/2026;10:30:00;197105,00;197220,00;196600,00;197015,00;3741130,00;95
WINM26;23/02/2026;10:00:00;196615,00;197375,00;196615,00;197125,00;7525485,00;191
WINM26;23/02/2026;09:30:00;196890,00;196900,00;196500,00;196530,00;18452850,00;469
WINM26;23/02/2026;09:00:00;197650,00;197845,00;196635,00;196895,00;61779525,00;1567
WINM26;20/02/2026;18:00:00;198100,00;198240,00;197850,00;197850,00;4872232,00;123
WINM26;20/02/2026;17:30:00;198005,00;198200,00;197890,00;198140,00;8913846,00;225
WINM26;20/02/2026;17:00:00;197820,00;198390,00;197820,00;198060,00;8715696,00;220
WINM26;20/02/2026;16:30:00;197295,00;198060,00;197255,00;197900,00;9336236,00;236
WINM26;20/02/2026;16:00:00;196935,00;197330,00;196895,00;197225,00;4574595,00;116
WINM26;20/02/2026;15:30:00;196895,00;197240,00;196760,00;196955,00;4217267,00;107
WINM26;20/02/2026;15:00:00;196425,00;196900,00;196425,00;196900,00;4798860,00;122
WINM26;20/02/2026;14:30:00;195420,00;196560,00;195420,00;196445,00;7724036,00;197
WINM26;20/02/2026;14:00:00;196260,00;196365,00;195360,00;195440,00;12422023,00;317
WINM26;20/02/2026;13:30:00;195885,00;196325,00;195860,00;196195,00;3060436,00;78
WINM26;20/02/2026;13:00:00;196075,00;196260,00;195875,00;195905,00;3175610,00;81
WINM26;20/02/2026;12:30:00;196065,00;196465,00;195800,00;196270,00;4079359,00;104
WINM26;20/02/2026;12:00:00;195480,00;196635,00;195480,00;196070,00;17049313,00;435
WINM26;20/02/2026;11:30:00;195195,00;195470,00;194950,00;195355,00;14290511,00;366
WINM26;20/02/2026;11:00:00;194535,00;195255,00;194305,00;195080,00;20093330,00;515
WINM26;20/02/2026;10:30:00;194890,00;194935,00;194220,00;194630,00;15170048,00;390
WINM26;20/02/2026;10:00:00;194705,00;194915,00;194550,00;194855,00;6387406,00;164
WINM26;20/02/2026;09:30:00;194950,00;194975,00;194590,00;194675,00;7010541,00;180
WINM26;20/02/2026;09:00:00;196275,00;196325,00;194910,00;195030,00;11411280,00;292
WINM26;19/02/2026;18:00:00;196150,00;196395,00;196050,00;196395,00;4984186,00;127
WINM26;19/02/2026;17:30:00;195745,00;196200,00;195745,00;196060,00;10622906,00;271
WINM26;19/02/2026;17:00:00;195715,00;195820,00;195475,00;195670,00;4265050,00;109
WINM26;19/02/2026;16:30:00;195820,00;195950,00;195530,00;195685,00;8690521,00;222
WINM26;19/02/2026;16:00:00;196020,00;196020,00;195750,00;195880,00;6619713,00;169
WINM26;19/02/2026;15:30:00;195925,00;196100,00;195800,00;195950,00;5368768,00;137
WINM26;19/02/2026;15:00:00;195995,00;196240,00;195890,00;195950,00;6821156,00;174
WINM26;19/02/2026;14:30:00;196400,00;196505,00;195975,00;196055,00;7417901,00;189
WINM26;19/02/2026;14:00:00;196120,00;196500,00;195895,00;196360,00;11186085,00;285
WINM26;19/02/2026;13:30:00;196255,00;196360,00;195945,00;196120,00;6786904,00;173
WINM26;19/02/2026;13:00:00;196255,00;196410,00;196105,00;196240,00;11031247,00;281
WINM26;19/02/2026;12:30:00;195700,00;196250,00;195695,00;196210,00;29956109,00;764
WINM26;19/02/2026;12:00:00;194455,00;195650,00;194405,00;195645,00;18379278,00;471
WINM26;19/02/2026;11:30:00;193960,00;194495,00;193625,00;194385,00;28293715,00;729
WINM26;19/02/2026;11:00:00;194150,00;194210,00;193865,00;194070,00;18514414,00;477
WINM26;19/02/2026;10:30:00;193920,00;194720,00;193920,00;194170,00;10920059,00;281
WINM26;19/02/2026;10:00:00;194400,00;194410,00;193615,00;194045,00;23155377,00;597
WINM26;19/02/2026;09:30:00;194285,00;194640,00;193975,00;194500,00;13210397,00;340
WINM26;19/02/2026;09:00:00;194190,00;194400,00;193660,00;194270,00;21631195,00;557
WINM26;18/02/2026;18:00:00;193840,00;194000,00;193750,00;193850,00;2636581,00;68
WINM26;18/02/2026;17:30:00;193040,00;193900,00;192970,00;193715,00;8086041,00;209
WINM26;18/02/2026;17:00:00;193015,00;193420,00;192845,00;192915,00;7571767,00;196
WINM26;18/02/2026;16:30:00;192845,00;193120,00;192620,00;192620,00;1389075,00;36
WINM26;18/02/2026;16:00:00;193450,00;193685,00;192820,00;193045,00;6565272,00;170
WINM26;18/02/2026;15:30:00;193645,00;193645,00;193100,00;193525,00;7463924,00;193
WINM26;18/02/2026;15:00:00;194060,00;194125,00;193200,00;193585,00;5611456,00;145
WINM26;18/02/2026;14:30:00;194265,00;194520,00;194265,00;194465,00;466433,00;12
WINM26;18/02/2026;14:00:00;193765,00;194585,00;193440,00;194445,00;16766741,00;432
WINM26;18/02/2026;13:30:00;193995,00;194265,00;193825,00;194045,00;13197605,00;340
WINM26;18/02/2026;13:00:00;194260,00;196365,00;193795,00;193795,00;15622375,00;401
WINM26;13/02/2026;18:00:00;194200,00;194465,00;194200,00;194465,00;622028,00;16
WINM26;13/02/2026;17:00:00;193590,00;193590,00;193590,00;193590,00;38718,00;1
WINM26;13/02/2026;16:30:00;193965,00;193965,00;193840,00;193840,00;543002,00;14
WINM26;13/02/2026;16:00:00;193840,00;194075,00;193450,00;193450,00;426408,00;11
WINM26;13/02/2026;15:00:00;193985,00;194015,00;193750,00;193750,00;426726,00;11
WINM26;13/02/2026;14:30:00;193930,00;193930,00;193930,00;193930,00;77572,00;2
WINM26;13/02/2026;14:00:00;193550,00;193550,00;193305,00;193390,00;618927,00;16
WINM26;13/02/2026;13:30:00;193300,00;193540,00;193280,00;193540,00;348100,00;9
WINM26;13/02/2026;13:00:00;192450,00;192820,00;192450,00;192820,00;154182,00;4
WINM26;13/02/2026;12:30:00;192950,00;193470,00;192615,00;192700,00;1158402,00;30
WINM26;13/02/2026;11:30:00;192535,00;192535,00;191545,00;191700,00;921950,00;24
WINM26;13/02/2026;10:30:00;193270,00;193300,00;192620,00;192950,00;308823,00;8
WINM26;13/02/2026;10:00:00;193015,00;193100,00;192650,00;193100,00;810389,00;21
WINM26;13/02/2026;09:30:00;193070,00;193415,00;192850,00;193115,00;1042708,00;27
WINM26;13/02/2026;09:00:00;194655,00;194750,00;193170,00;193170,00;620427,00;16
WINM26;12/02/2026;18:00:00;195750,00;195750,00;195650,00;195650,00;78280,00;2
WINM26;12/02/2026;17:30:00;196200,00;196200,00;195850,00;195850,00;117599,00;3
WINM26;12/02/2026;17:00:00;196050,00;196125,00;195850,00;195850,00;156795,00;4
WINM26;12/02/2026;16:30:00;195795,00;195905,00;195500,00;195905,00;1174400,00;30
WINM26;12/02/2026;16:00:00;195800,00;195800,00;195800,00;195800,00;39160,00;1
WINM26;12/02/2026;15:30:00;195100,00;195450,00;195100,00;195450,00;1015980,00;26
WINM26;12/02/2026;15:00:00;196250,00;196250,00;195145,00;195145,00;665594,00;17
WINM26;12/02/2026;14:30:00;196400,00;196700,00;196350,00;196350,00;864541,00;22
WINM26;12/02/2026;14:00:00;196350,00;196800,00;196245,00;196500,00;353610,00;9
WINM26;12/02/2026;13:30:00;196740,00;196740,00;196250,00;196250,00;235798,00;6
WINM26;12/02/2026;13:00:00;197350,00;197490,00;196350,00;196350,00;1261155,00;32
WINM26;12/02/2026;12:00:00;197250,00;198000,00;197250,00;198000,00;197850,00;5
WINM26;12/02/2026;11:30:00;197350,00;197450,00;197150,00;197150,00;236780,00;6
WINM26;12/02/2026;11:00:00;196800,00;197650,00;196800,00;197650,00;118330,00;3
WINM26;12/02/2026;10:30:00;197200,00;197300,00;196800,00;196800,00;315360,00;8
WINM26;12/02/2026;10:00:00;197000,00;197500,00;197000,00;197300,00;354909,00;9
WINM26;12/02/2026;09:30:00;197000,00;197095,00;196695,00;196960,00;511990,00;13
WINM26;12/02/2026;09:00:00;197600,00;197600,00;197200,00;197200,00;315840,00;8
WINM26;11/02/2026;18:00:00;197940,00;197940,00;197600,00;197600,00;237242,00;6
WINM26;11/02/2026;17:00:00;197810,00;197810,00;197715,00;197740,00;395489,00;10
WINM26;11/02/2026;16:30:00;198000,00;198000,00;198000,00;198000,00;39600,00;1
WINM26;11/02/2026;16:00:00;197735,00;198355,00;197735,00;198355,00;118792,00;3
WINM26;11/02/2026;15:30:00;197435,00;197635,00;197435,00;197635,00;118521,00;3
WINM26;11/02/2026;15:00:00;198200,00;198200,00;197595,00;197760,00;237556,00;6
WINM26;11/02/2026;14:30:00;198250,00;198250,00;198250,00;198250,00;39650,00;1
WINM26;11/02/2026;14:00:00;198250,00;198250,00;198250,00;198250,00;39650,00;1
WINM26;11/02/2026;13:30:00;198335,00;198600,00;198335,00;198600,00;79387,00;2
WINM26;11/02/2026;13:00:00;197645,00;198235,00;197645,00;197955,00;712734,00;18
WINM26;11/02/2026;12:30:00;196500,00;197080,00;196500,00;197080,00;118056,00;3
WINM26;11/02/2026;11:30:00;197420,00;197420,00;197420,00;197420,00;78968,00;2
WINM26;11/02/2026;11:00:00;196600,00;197220,00;196600,00;197220,00;236294,00;6
WINM26;11/02/2026;10:30:00;196145,00;196385,00;196100,00;196385,00;274730,00;7
WINM26;11/02/2026;10:00:00;195605,00;196200,00;195600,00;196200,00;195722,00;5
WINM26;11/02/2026;09:30:00;195595,00;196270,00;195595,00;196270,00;195991,00;5
WINM26;11/02/2026;09:00:00;195685,00;196050,00;194750,00;195615,00;352244,00;9
WINM26;10/02/2026;18:00:00;194040,00;194175,00;194040,00;194175,00;194147,00;5
WINM26;10/02/2026;17:30:00;194500,00;194500,00;193950,00;193950,00;194229,00;5
WINM26;10/02/2026;17:00:00;194000,00;194385,00;194000,00;194385,00;310776,00;8
WINM26;10/02/2026;15:30:00;193500,00;193500,00;193400,00;193400,00;77380,00;2
WINM26;10/02/2026;14:30:00;194000,00;194000,00;194000,00;194000,00;38800,00;1
WINM26;10/02/2026;13:30:00;194300,00;194300,00;194185,00;194185,00;116534,00;3
WINM26;10/02/2026;12:00:00;194000,00;194750,00;194000,00;194750,00;194414,00;5
WINM26;10/02/2026;10:00:00;193620,00;193940,00;193500,00;193500,00;116212,00;3
WINM26;10/02/2026;09:30:00;193650,00;193650,00;193650,00;193650,00;38730,00;1
WINM26;10/02/2026;09:00:00;194030,00;194030,00;194030,00;194030,00;155224,00;4
WINM26;09/02/2026;18:00:00;194490,00;194490,00;194490,00;194490,00;38898,00;1
WINM26;09/02/2026;17:00:00;194460,00;194460,00;194460,00;194460,00;77784,00;2
WINM26;09/02/2026;16:00:00;194000,00;194000,00;193950,00;193950,00;271540,00;7
WINM26;09/02/2026;15:00:00;193355,00;193355,00;193285,00;193285,00;425255,00;11
WINM26;09/02/2026;14:00:00;192900,00;193250,00;192900,00;193250,00;115830,00;3
WINM26;09/02/2026;13:30:00;192500,00;192500,00;192500,00;192500,00;38500,00;1
WINM26;09/02/2026;10:00:00;191575,00;191700,00;191575,00;191580,00;114971,00;3
WINM26;09/02/2026;09:30:00;191800,00;192465,00;191800,00;192180,00;7808506,00;203
WINM26;09/02/2026;09:00:00;191000,00;191530,00;191000,00;191400,00;1684097,00;44
WINM26;06/02/2026;18:00:00;190750,00;190750,00;190600,00;190600,00;76270,00;2
WINM26;06/02/2026;17:30:00;191210,00;191210,00;191210,00;191210,00;191210,00;5
WINM26;06/02/2026;17:00:00;191000,00;191100,00;191000,00;191100,00;114620,00;3
WINM26;06/02/2026;15:30:00;190100,00;190100,00;190100,00;190100,00;38020,00;1
WINM26;06/02/2026;15:00:00;190500,00;190500,00;190400,00;190400,00;761980,00;20
WINM26;06/02/2026;12:00:00;190300,00;190300,00;190300,00;190300,00;38060,00;1
WINM26;06/02/2026;11:30:00;189705,00;189705,00;189700,00;189700,00;75881,00;2
WINM26;06/02/2026;10:00:00;190200,00;190200,00;190200,00;190200,00;38040,00;1
WINM26;06/02/2026;09:00:00;190740,00;191670,00;190400,00;190600,00;344061,00;9
WINM26;05/02/2026;18:00:00;190410,00;190410,00;190400,00;190400,00;76162,00;2
WINM26;05/02/2026;17:00:00;190500,00;190500,00;190500,00;190500,00;38100,00;1
WINM26;05/02/2026;14:00:00;191000,00;191250,00;191000,00;191250,00;152850,00;4
WINM26;05/02/2026;13:00:00;190800,00;191250,00;190800,00;191250,00;76410,00;2
WINM26;05/02/2026;12:30:00;189975,00;190830,00;189865,00;190830,00;152107,00;4
WINM26;05/02/2026;12:00:00;191535,00;191535,00;190450,00;190450,00;114704,00;3
WINM26;05/02/2026;11:30:00;190965,00;190965,00;190965,00;190965,00;38193,00;1
WINM26;05/02/2026;11:00:00;191000,00;191500,00;191000,00;191500,00;153070,00;4
WINM26;05/02/2026;10:30:00;191025,00;191100,00;191025,00;191100,00;191085,00;5
WINM26;05/02/2026;10:00:00;190500,00;190900,00;190500,00;190900,00;114380,00;3
WINM26;05/02/2026;09:30:00;190500,00;190500,00;189930,00;189930,00;114086,00;3
WINM26;05/02/2026;09:00:00;190130,00;190140,00;189940,00;189940,00;950285,00;25
WINM26;04/02/2026;18:00:00;189995,00;189995,00;189995,00;189995,00;37999,00;1
WINM26;04/02/2026;16:30:00;189010,00;189230,00;189010,00;189230,00;113494,00;3
WINM26;04/02/2026;16:00:00;188800,00;188800,00;188800,00;188800,00;37760,00;1
WINM26;04/02/2026;15:30:00;189350,00;189350,00;188740,00;188740,00;529856,00;14
WINM26;04/02/2026;14:30:00;189575,00;189575,00;189200,00;189350,00;189335,00;5
WINM26;04/02/2026;14:00:00;190050,00;190050,00;189655,00;189655,00;113872,00;3
WINM26;04/02/2026;13:30:00;190000,00;190050,00;189850,00;190050,00;189980,00;5
WINM26;04/02/2026;13:00:00;190700,00;190700,00;190400,00;190535,00;190538,00;5
WINM26;04/02/2026;12:30:00;191350,00;191425,00;191000,00;191000,00;152983,00;4
WINM26;04/02/2026;12:00:00;191160,00;191850,00;191160,00;191850,00;153185,00;4
WINM26;04/02/2026;11:30:00;191750,00;191850,00;191300,00;191350,00;728311,00;19
WINM26;04/02/2026;11:00:00;192365,00;192365,00;191850,00;191950,00;268970,00;7
WINM26;04/02/2026;10:30:00;192650,00;192650,00;192650,00;192650,00;38530,00;1
WINM26;04/02/2026;10:00:00;192830,00;192950,00;192800,00;192950,00;115716,00;3
WINM26;04/02/2026;09:30:00;193000,00;193000,00;192995,00;192995,00;77199,00;2
WINM26;04/02/2026;09:00:00;194500,00;194500,00;194500,00;194500,00;38900,00;1
WINM26;03/02/2026;18:00:00;194000,00;194000,00;193830,00;193830,00;155101,00;4
WINM26;03/02/2026;17:30:00;194050,00;194050,00;194050,00;194050,00;38810,00;1
WINM26;03/02/2026;16:30:00;193295,00;193295,00;193295,00;193295,00;38659,00;1
WINM26;03/02/2026;16:00:00;193250,00;193815,00;193250,00;193815,00;232435,00;6
WINM26;03/02/2026;15:30:00;193455,00;193455,00;193455,00;193455,00;38691,00;1
WINM26;03/02/2026;15:00:00;193500,00;193500,00;193500,00;193500,00;38700,00;1
WINM26;03/02/2026;14:30:00;194000,00;194000,00;193790,00;193790,00;77558,00;2
WINM26;03/02/2026;14:00:00;193930,00;194080,00;193930,00;194075,00;465694,00;12
WINM26;03/02/2026;12:30:00;194955,00;194955,00;194955,00;194955,00;77982,00;2
WINM26;03/02/2026;12:00:00;195140,00;195245,00;195060,00;195095,00;234157,00;6
WINM26;03/02/2026;11:30:00;195000,00;195725,00;195000,00;195165,00;156178,00;4
WINM26;03/02/2026;10:30:00;193500,00;194500,00;193500,00;194500,00;232758,00;6
WINM26;03/02/2026;10:00:00;192800,00;193350,00;192740,00;193300,00;270302,00;7
WINM26;03/02/2026;09:30:00;193200,00;193200,00;193000,00;193170,00;154478,00;4
WINM26;03/02/2026;09:00:00;191415,00;193200,00;191415,00;193000,00;269553,00;7
WINM26;02/02/2026;18:00:00;191415,00;191415,00;191200,00;191200,00;191283,00;5
WINM26;02/02/2026;17:30:00;190750,00;191350,00;190750,00;191350,00;229213,00;6
WINM26;02/02/2026;17:00:00;190250,00;190600,00;190250,00;190600,00;114260,00;3
WINM26;02/02/2026;16:00:00;190110,00;190135,00;190110,00;190135,00;1597106,00;42
WINM26;02/02/2026;14:30:00;191000,00;191000,00;190800,00;190800,00;76360,00;2
WINM26;02/02/2026;13:30:00;190900,00;190900,00;190900,00;190900,00;38180,00;1
WINM26;02/02/2026;11:30:00;190000,00;190180,00;190000,00;190180,00;76036,00;2
WINM26;02/02/2026;11:00:00;190525,00;190525,00;190525,00;190525,00;38105,00;1
WINM26;02/02/2026;10:30:00;190780,00;191140,00;190780,00;191140,00;76384,00;2
WINM26;02/02/2026;10:00:00;190000,00;190350,00;190000,00;190350,00;114074,00;3
WINM26;02/02/2026;09:30:00;190250,00;190360,00;190250,00;190360,00;76122,00;2
WINM26;02/02/2026;09:00:00;189750,00;190190,00;189750,00;190000,00;113988,00;3
WINM26;30/01/2026;18:00:00;189895,00;189980,00;189895,00;189980,00;75975,00;2
WINM26;30/01/2026;17:00:00;189575,00;189575,00;189465,00;189465,00;75808,00;2
WINM26;30/01/2026;16:30:00;189755,00;189755,00;189700,00;189700,00;75891,00;2
WINM26;30/01/2026;15:30:00;189500,00;190000,00;189500,00;190000,00;75900,00;2
WINM26;30/01/2026;15:00:00;189750,00;189750,00;189000,00;189000,00;265046,00;7
WINM26;30/01/2026;14:30:00;190000,00;190000,00;189870,00;189870,00;113957,00;3
WINM26;30/01/2026;14:00:00;190500,00;190500,00;190000,00;190000,00;114151,00;3
WINM26;30/01/2026;13:00:00;191460,00;191460,00;191000,00;191000,00;76492,00;2
WINM26;30/01/2026;12:30:00;191675,00;192025,00;191675,00;191825,00;498741,00;13
WINM26;30/01/2026;12:00:00;191635,00;191730,00;191635,00;191730,00;76673,00;2
WINM26;30/01/2026;10:30:00;191580,00;191580,00;191580,00;191580,00;38316,00;1
WINM26;30/01/2026;10:00:00;190995,00;191945,00;190940,00;191665,00;382969,00;10
WINM26;30/01/2026;09:30:00;191125,00;191125,00;191125,00;191125,00;38225,00;1
WINM26;30/01/2026;09:00:00;190965,00;191535,00;190340,00;191535,00;649497,00;17
WINM26;29/01/2026;17:30:00;191910,00;191910,00;191805,00;191805,00;76743,00;2
WINM26;29/01/2026;17:00:00;191900,00;192100,00;191900,00;192100,00;76800,00;2
WINM26;29/01/2026;16:00:00;192065,00;192065,00;192065,00;192065,00;38413,00;1
WINM26;29/01/2026;15:30:00;191655,00;191655,00;191650,00;191650,00;76661,00;2
WINM26;29/01/2026;15:00:00;191500,00;191835,00;191500,00;191835,00;114997,00;3
WINM26;29/01/2026;14:30:00;192400,00;192505,00;192400,00;192505,00;423410,00;11
WINM26;29/01/2026;14:00:00;191390,00;191390,00;191390,00;191390,00;38278,00;1
WINM26;29/01/2026;13:30:00;191190,00;191190,00;191190,00;191190,00;38238,00;1
WINM26;29/01/2026;12:30:00;191960,00;191965,00;190800,00;190800,00;229505,00;6
WINM26;29/01/2026;12:00:00;192525,00;192680,00;192000,00;192000,00;384794,00;10
WINM26;29/01/2026;11:30:00;194800,00;194800,00;192920,00;192920,00;581867,00;15
WINM26;29/01/2026;10:30:00;195075,00;195075,00;194600,00;194625,00;428893,00;11
WINM26;29/01/2026;10:00:00;194995,00;194995,00;194680,00;194680,00;77935,00;2
WINM26;29/01/2026;09:30:00;194900,00;194995,00;194900,00;194995,00;77979,00;2
WINM26;29/01/2026;09:00:00;195760,00;196235,00;195600,00;195655,00;744088,00;19
WINM26;28/01/2026;18:00:00;193520,00;193665,00;193355,00;193465,00;2243902,00;58
WINM26;28/01/2026;17:30:00;193000,00;193380,00;193000,00;193265,00;193169,00;5
WINM26;28/01/2026;17:00:00;192700,00;192700,00;192700,00;192700,00;38540,00;1
WINM26;28/01/2026;13:30:00;192355,00;192355,00;192355,00;192355,00;38471,00;1
WINM26;28/01/2026;12:30:00;192150,00;192150,00;192000,00;192000,00;115230,00;3
WINM26;28/01/2026;12:00:00;192900,00;192900,00;192785,00;192785,00;231432,00;6
WINM26;28/01/2026;11:30:00;193150,00;193500,00;193150,00;193500,00;154655,00;4
WINM26;28/01/2026;10:30:00;192860,00;193205,00;192860,00;193205,00;193093,00;5
WINM26;28/01/2026;10:00:00;191660,00;192700,00;191660,00;192700,00;384064,00;10
WINM26;28/01/2026;09:30:00;191595,00;191595,00;191595,00;191595,00;38319,00;1
WINM26;28/01/2026;09:00:00;190970,00;191595,00;190940,00;191210,00;191179,00;5
WINM26;27/01/2026;18:00:00;190935,00;190935,00;190255,00;190255,00;532948,00;14
WINM26;27/01/2026;17:00:00;191300,00;191500,00;191300,00;191500,00;76560,00;2
WINM26;27/01/2026;15:00:00;190800,00;190800,00;190800,00;190800,00;38160,00;1
WINM26;27/01/2026;14:30:00;191200,00;191200,00;191000,00;191000,00;420600,00;11
WINM26;27/01/2026;14:00:00;192000,00;192000,00;192000,00;192000,00;384000,00;10
WINM26;27/01/2026;13:30:00;191775,00;191775,00;191775,00;191775,00;38355,00;1
WINM26;27/01/2026;13:00:00;191450,00;191500,00;191450,00;191500,00;76590,00;2
WINM26;27/01/2026;12:30:00;191355,00;191375,00;191220,00;191220,00;497457,00;13
WINM26;27/01/2026;12:00:00;191600,00;191600,00;191200,00;191200,00;153180,00;4
WINM26;27/01/2026;11:30:00;191375,00;191375,00;191375,00;191375,00;38275,00;1
WINM26;27/01/2026;11:00:00;190870,00;191280,00;190870,00;191280,00;726782,00;19
WINM26;27/01/2026;10:30:00;189890,00;190220,00;189890,00;190220,00;152070,00;4
WINM26;27/01/2026;10:00:00;189600,00;189605,00;189575,00;189605,00;189597,00;5
WINM26;27/01/2026;09:30:00;190000,00;190000,00;190000,00;190000,00;38000,00;1
WINM26;27/01/2026;09:00:00;189020,00;189020,00;188845,00;188845,00;75573,00;2
WINM26;26/01/2026;18:00:00;187385,00;187405,00;187385,00;187405,00;599656,00;16
WINM26;26/01/2026;17:30:00;187555,00;187555,00;187555,00;187555,00;37511,00;1
WINM26;26/01/2026;16:00:00;187165,00;187165,00;186620,00;186620,00;224440,00;6
WINM26;26/01/2026;15:30:00;187200,00;187200,00;187200,00;187200,00;37440,00;1
WINM26;26/01/2026;15:00:00;186920,00;187065,00;186920,00;187065,00;74797,00;2
WINM26;26/01/2026;13:30:00;186790,00;186960,00;186760,00;186960,00;336367,00;9
WINM26;26/01/2026;13:00:00;187195,00;187195,00;186890,00;186890,00;261947,00;7
WINM26;26/01/2026;12:00:00;187300,00;187300,00;187300,00;187300,00;37460,00;1
WINM26;26/01/2026;11:30:00;187100,00;188325,00;187100,00;187350,00;825614,00;22
WINM26;26/01/2026;11:00:00;186515,00;186615,00;186515,00;186615,00;709117,00;19
WINM26;26/01/2026;10:30:00;187420,00;187420,00;186800,00;186800,00;149720,00;4
WINM26;26/01/2026;10:00:00;187900,00;187900,00;187900,00;187900,00;37580,00;1
WINM26;26/01/2026;09:00:00;189230,00;189245,00;188725,00;189100,00;415887,00;11
WINM26;23/01/2026;18:00:00;187590,00;187705,00;187590,00;187705,00;75059,00;2
WINM26;23/01/2026;17:30:00;188850,00;188850,00;187590,00;187590,00;112806,00;3
WINM26;23/01/2026;17:00:00;187100,00;189020,00;187100,00;189020,00;225991,00;6
WINM26;23/01/2026;16:30:00;187025,00;187025,00;187025,00;187025,00;37405,00;1
WINM26;23/01/2026;16:00:00;186425,00;186825,00;186425,00;186825,00;223950,00;6
WINM26;23/01/2026;15:30:00;186025,00;186225,00;186025,00;186225,00;148900,00;4
WINM26;23/01/2026;15:00:00;185430,00;185430,00;185430,00;185430,00;37086,00;1
WINM26;23/01/2026;12:30:00;186095,00;186095,00;186095,00;186095,00;74438,00;2
WINM26;23/01/2026;11:30:00;184780,00;184780,00;184580,00;184580,00;110808,00;3
WINM26;23/01/2026;11:00:00;184950,00;184950,00;184450,00;184450,00;295517,00;8
WINM26;23/01/2026;10:30:00;185065,00;185065,00;184940,00;184940,00;110991,00;3
WINM26;23/01/2026;10:00:00;185200,00;185200,00;185200,00;185200,00;37040,00;1
WINM26;23/01/2026;09:00:00;185340,00;185900,00;184900,00;184900,00;185228,00;5
WINM26;22/01/2026;17:30:00;184375,00;184375,00;184375,00;184375,00;36875,00;1
WINM26;22/01/2026;17:00:00;184395,00;184500,00;184395,00;184500,00;516508,00;14
WINM26;22/01/2026;16:30:00;184655,00;184700,00;184350,00;184350,00;258221,00;7
WINM26;22/01/2026;16:00:00;184700,00;184700,00;184300,00;184300,00;1993160,00;54
WINM26;22/01/2026;15:30:00;184755,00;184930,00;184655,00;184700,00;221690,00;6
WINM26;22/01/2026;14:30:00;185270,00;185270,00;185270,00;185270,00;74108,00;2
WINM26;22/01/2026;13:30:00;185420,00;185420,00;185420,00;185420,00;185420,00;5
WINM26;22/01/2026;13:00:00;185690,00;185690,00;185595,00;185660,00;556945,00;15
WINM26;22/01/2026;12:30:00;185830,00;185830,00;185365,00;185695,00;2153525,00;58
WINM26;22/01/2026;12:00:00;184505,00;185150,00;184505,00;185150,00;147772,00;4
WINM26;22/01/2026;11:30:00;183435,00;183435,00;183400,00;183400,00;73367,00;2
WINM26;22/01/2026;11:00:00;182000,00;183735,00;182000,00;183550,00;439674,00;12
WINM26;22/01/2026;10:30:00;181795,00;181795,00;181795,00;181795,00;36359,00;1
WINM26;22/01/2026;09:30:00;181295,00;181690,00;180840,00;181690,00;979303,00;27
WINM26;22/01/2026;09:00:00;180700,00;181460,00;180480,00;181040,00;833380,00;23
WINM26;21/01/2026;18:00:00;180430,00;181035,00;180430,00;181035,00;108500,00;3
WINM26;21/01/2026;17:30:00;180330,00;180430,00;180275,00;180430,00;324642,00;9
WINM26;21/01/2026;17:00:00;180350,00;180350,00;180115,00;180200,00;108133,00;3
WINM26;21/01/2026;16:30:00;179750,00;180000,00;179510,00;180000,00;107852,00;3
WINM26;21/01/2026;16:00:00;179330,00;179525,00;179250,00;179525,00;1040255,00;29
WINM26;21/01/2026;15:30:00;179000,00;179215,00;179000,00;179215,00;143299,00;4
WINM26;21/01/2026;15:00:00;178885,00;178885,00;178885,00;178885,00;35777,00;1
WINM26;21/01/2026;13:30:00;178395,00;178395,00;178395,00;178395,00;35679,00;1
WINM26;21/01/2026;13:00:00;178305,00;178500,00;178305,00;178500,00;249861,00;7
WINM26;21/01/2026;11:30:00;177690,00;178305,00;177625,00;178305,00;853981,00;24
WINM26;21/01/2026;11:00:00;177500,00;177500,00;177305,00;177305,00;106461,00;3
WINM26;21/01/2026;10:30:00;176905,00;176905,00;176905,00;176905,00;70762,00;2
WINM26;21/01/2026;10:00:00;176750,00;177155,00;176710,00;177155,00;601490,00;17
WINM26;21/01/2026;09:30:00;176000,00;176500,00;176000,00;176500,00;634065,00;18
WINM26;21/01/2026;09:00:00;175460,00;176100,00;175460,00;176100,00;985039,00;28
WINM26;20/01/2026;17:30:00;174500,00;174600,00;174435,00;174600,00;244268,00;7
WINM26;20/01/2026;16:00:00;174100,00;174100,00;174000,00;174000,00;208830,00;6
WINM26;20/01/2026;15:00:00;174250,00;174250,00;174250,00;174250,00;34850,00;1
WINM26;20/01/2026;13:00:00;174650,00;174750,00;174650,00;174750,00;104810,00;3
WINM26;20/01/2026;12:30:00;174500,00;174500,00;174500,00;174500,00;104700,00;3
WINM26;20/01/2026;12:00:00;174230,00;174230,00;174230,00;174230,00;34846,00;1
WINM26;20/01/2026;11:30:00;173350,00;174275,00;173350,00;174150,00;486643,00;14
WINM26;20/01/2026;11:00:00;172500,00;173010,00;172500,00;173010,00;103652,00;3
WINM26;20/01/2026;10:30:00;171875,00;172570,00;171875,00;172570,00;413890,00;12
WINM26;20/01/2026;10:00:00;172450,00;172650,00;172450,00;172650,00;103530,00;3
WINM26;20/01/2026;09:30:00;171960,00;172550,00;171960,00;172550,00;275555,00;8
WINM26;20/01/2026;09:00:00;172345,00;172755,00;171935,00;171935,00;413579,00;12
WINM26;19/01/2026;18:00:00;173300,00;173300,00;173250,00;173250,00;103970,00;3
WINM26;19/01/2026;17:30:00;173300,00;173300,00;173250,00;173250,00;69310,00;2
WINM26;19/01/2026;17:00:00;173240,00;173240,00;173240,00;173240,00;34648,00;1
WINM26;19/01/2026;15:00:00;173230,00;173230,00;173230,00;173230,00;34646,00;1
WINM26;19/01/2026;13:00:00;173330,00;173430,00;173330,00;173430,00;69352,00;2
WINM26;19/01/2026;12:30:00;173130,00;173230,00;173130,00;173230,00;69272,00;2
WINM26;19/01/2026;11:30:00;173030,00;173230,00;173030,00;173230,00;103878,00;3
WINM26;19/01/2026;11:00:00;173130,00;173130,00;173130,00;173130,00;34626,00;1
WINM26;19/01/2026;10:30:00;173030,00;173130,00;173030,00;173030,00;103838,00;3
WINM26;19/01/2026;10:00:00;173330,00;173430,00;172750,00;172930,00;138488,00;4
WINM26;19/01/2026;09:30:00;173135,00;173230,00;173135,00;173230,00;69273,00;2
WINM26;19/01/2026;09:00:00;172720,00;173030,00;172720,00;173030,00;172888,00;5
WINM26;16/01/2026;17:30:00;173035,00;173040,00;173035,00;173040,00;103822,00;3
WINM26;16/01/2026;15:30:00;173170,00;173170,00;173150,00;173150,00;103898,00;3
WINM26;16/01/2026;15:00:00;173080,00;173170,00;173080,00;173170,00;138506,00;4
WINM26;16/01/2026;14:30:00;173120,00;173120,00;173080,00;173080,00;103864,00;3
WINM26;16/01/2026;13:00:00;172750,00;172750,00;172750,00;172750,00;34550,00;1
WINM26;16/01/2026;11:30:00;173000,00;173410,00;173000,00;173410,00;242577,00;7
WINM26;16/01/2026;11:00:00;173500,00;173500,00;173450,00;173450,00;138772,00;4
WINM26;16/01/2026;09:00:00;174310,00;174600,00;174310,00;174500,00;244130,00;7
WINM26;15/01/2026;17:00:00;174225,00;174225,00;174225,00;174225,00;34845,00;1
WINM26;15/01/2026;16:00:00;174730,00;174730,00;174730,00;174730,00;34946,00;1
WINM26;15/01/2026;15:30:00;174800,00;174800,00;174800,00;174800,00;34960,00;1
WINM26;15/01/2026;15:00:00;174530,00;174730,00;174530,00;174715,00;209589,00;6
WINM26;15/01/2026;14:00:00;174250,00;174250,00;174250,00;174250,00;34850,00;1
WINM26;15/01/2026;12:30:00;174000,00;174000,00;174000,00;174000,00;34800,00;1
WINM26;15/01/2026;12:00:00;173750,00;173750,00;173750,00;173750,00;34750,00;1
WINM26;15/01/2026;11:30:00;173500,00;173500,00;173500,00;173500,00;34700,00;1
WINM26;15/01/2026;11:00:00;173750,00;173750,00;173680,00;173680,00;69486,00;2
WINM26;15/01/2026;10:30:00;173910,00;173910,00;173820,00;173820,00;139092,00;4
WINM26;15/01/2026;10:00:00;174000,00;174250,00;174000,00;174000,00;104450,00;3
WINM26;15/01/2026;09:30:00;174150,00;174250,00;174000,00;174250,00;104480,00;3
WINM26;15/01/2026;09:00:00;174150,00;174150,00;174150,00;174150,00;34830,00;1
WINM26;14/01/2026;18:00:00;173850,00;174005,00;173850,00;174005,00;417516,00;12
WINM26;14/01/2026;17:30:00;173640,00;173800,00;173640,00;173800,00;799322,00;23
WINM26;14/01/2026;17:00:00;173500,00;173500,00;173500,00;173500,00;69400,00;2
WINM26;14/01/2026;16:30:00;173250,00;173250,00;173205,00;173205,00;69291,00;2
WINM26;14/01/2026;16:00:00;173025,00;173200,00;173025,00;173200,00;277007,00;8
WINM26;14/01/2026;15:30:00;172750,00;173000,00;172750,00;173000,00;103750,00;3
WINM26;14/01/2026;14:00:00;172500,00;172500,00;172500,00;172500,00;34500,00;1
WINM26;14/01/2026;12:00:00;172500,00;172500,00;172500,00;172500,00;69000,00;2
WINM26;14/01/2026;11:30:00;171780,00;172100,00;171780,00;172100,00;137525,00;4
WINM26;14/01/2026;11:00:00;171500,00;171500,00;170780,00;171165,00;923765,00;27
WINM26;14/01/2026;10:30:00;172000,00;172000,00;171750,00;171750,00;103132,00;3
WINM26;14/01/2026;10:00:00;171750,00;172000,00;171750,00;171750,00;275074,00;8
WINM26;14/01/2026;09:30:00;171590,00;171590,00;171590,00;171590,00;34318,00;1
WINM26;14/01/2026;09:00:00;171500,00;171500,00;171400,00;171400,00;240060,00;7
WINM26;13/01/2026;13:30:00;170845,00;170845,00;170845,00;170845,00;170845,00;5
WINM26;13/01/2026;13:00:00;170595,00;170595,00;170500,00;170500,00;68219,00;2
WINM26;13/01/2026;12:30:00;170700,00;170700,00;170700,00;170700,00;34140,00;1
WINM26;13/01/2026;12:00:00;170900,00;170960,00;170500,00;170500,00;307346,00;9
WINM26;13/01/2026;11:30:00;171100,00;171100,00;171000,00;171000,00;136820,00;4
WINM26;13/01/2026;11:00:00;171250,00;171750,00;171250,00;171750,00;68600,00;2
WINM26;13/01/2026;10:30:00;170830,00;171325,00;170830,00;171000,00;513157,00;15
WINM26;13/01/2026;10:00:00;171100,00;171100,00;170600,00;170660,00;478203,00;14
WINM26;13/01/2026;09:30:00;171395,00;171395,00;171225,00;171255,00;274013,00;8
WINM26;13/01/2026;09:00:00;172265,00;172300,00;171750,00;171750,00;206486,00;6
WINM26;12/01/2026;18:00:00;171900,00;172100,00;171900,00;172100,00;68800,00;2
WINM26;12/01/2026;17:30:00;171905,00;171905,00;171900,00;171900,00;68761,00;2
WINM26;12/01/2026;17:00:00;172095,00;172095,00;172095,00;172095,00;34419,00;1
WINM26;12/01/2026;15:00:00;172295,00;172295,00;172095,00;172095,00;68878,00;2
WINM26;12/01/2026;12:00:00;172150,00;172285,00;172005,00;172200,00;172178,00;5
WINM26;12/01/2026;11:30:00;171655,00;172210,00;171655,00;171800,00;309494,00;9
WINM26;12/01/2026;11:00:00;171425,00;171425,00;171115,00;171235,00;205540,00;6
WINM26;12/01/2026;10:30:00;171445,00;171445,00;171445,00;171445,00;34289,00;1
WINM26;12/01/2026;10:00:00;171745,00;171745,00;171745,00;171745,00;34349,00;1
WINM26;12/01/2026;09:30:00;171900,00;171900,00;171900,00;171900,00;34380,00;1
WINM26;12/01/2026;09:00:00;172500,00;172500,00;172325,00;172325,00;68965,00;2
WINM26;09/01/2026;17:30:00;172195,00;172195,00;172195,00;172195,00;34439,00;1
WINM26;09/01/2026;16:00:00;172500,00;172500,00;172500,00;172500,00;34500,00;1
WINM26;09/01/2026;15:00:00;172750,00;172750,00;172750,00;172750,00;34550,00;1
WINM26;09/01/2026;14:00:00;173000,00;173000,00;173000,00;173000,00;34600,00;1
WINM26;09/01/2026;12:00:00;173000,00;173000,00;173000,00;173000,00;34600,00;1
WINM26;09/01/2026;11:30:00;172750,00;172750,00;172750,00;172750,00;34550,00;1
WINM26;09/01/2026;10:30:00;171905,00;172700,00;171905,00;172700,00;137802,00;4
WINM26;09/01/2026;10:00:00;172000,00;172000,00;172000,00;172000,00;34400,00;1
WINM26;09/01/2026;09:30:00;171400,00;171650,00;171400,00;171650,00;102910,00;3
WINM26;09/01/2026;09:00:00;172250,00;172250,00;171445,00;171445,00;68739,00;2
WINM26;08/01/2026;18:00:00;171745,00;171745,00;171745,00;171745,00;34349,00;1
WINM26;08/01/2026;17:30:00;171600,00;171600,00;171600,00;171600,00;34320,00;1
WINM26;08/01/2026;11:30:00;171750,00;171750,00;171500,00;171500,00;171643,00;5
WINM26;08/01/2026;11:00:00;171100,00;171100,00;171000,00;171000,00;68420,00;2
WINM26;08/01/2026;10:30:00;171500,00;171500,00;171000,00;171000,00;137020,00;4
WINM26;08/01/2026;09:30:00;170840,00;170840,00;170840,00;170840,00;34168,00;1
WINM26;08/01/2026;09:00:00;170770,00;171060,00;170770,00;171060,00;136790,00;4
WINM26;07/01/2026;18:00:00;170900,00;170900,00;170870,00;170870,00;68354,00;2
WINM26;07/01/2026;17:30:00;171150,00;171150,00;170900,00;171000,00;205260,00;6
WINM26;07/01/2026;17:00:00;171150,00;171150,00;171150,00;171150,00;68460,00;2
WINM26;07/01/2026;16:30:00;171150,00;171150,00;171150,00;171150,00;34230,00;1
WINM26;07/01/2026;13:00:00;171150,00;171150,00;171150,00;171150,00;34230,00;1
WINM26;07/01/2026;12:30:00;171200,00;171200,00;171200,00;171200,00;34240,00;1
WINM26;07/01/2026;12:00:00;171000,00;171000,00;171000,00;171000,00;68400,00;2
WINM26;07/01/2026;11:00:00;171500,00;171500,00;171370,00;171370,00;445640,00;13
WINM26;07/01/2026;10:30:00;171750,00;171750,00;171750,00;171750,00;34350,00;1
WINM26;07/01/2026;10:00:00;172000,00;172000,00;172000,00;172000,00;34400,00;1
WINM26;07/01/2026;09:30:00;172500,00;172500,00;172500,00;172500,00;34500,00;1
WINM26;06/01/2026;15:30:00;172750,00;172750,00;172750,00;172750,00;34550,00;1
WINM26;06/01/2026;14:30:00;173000,00;173000,00;173000,00;173000,00;34600,00;1
WINM26;06/01/2026;14:00:00;173000,00;173000,00;173000,00;173000,00;34600,00;1
WINM26;06/01/2026;13:00:00;172750,00;172750,00;172745,00;172745,00;69099,00;2
WINM26;06/01/2026;12:30:00;172750,00;172750,00;172750,00;172750,00;34550,00;1
WINM26;06/01/2026;12:00:00;172800,00;172850,00;172800,00;172850,00;69130,00;2
WINM26;06/01/2026;11:30:00;173000,00;173000,00;173000,00;173000,00;34600,00;1
WINM26;06/01/2026;11:00:00;173220,00;173250,00;172750,00;172750,00;103844,00;3
WINM26;06/01/2026;10:30:00;172990,00;173000,00;172990,00;173000,00;103798,00;3
WINM26;06/01/2026;10:00:00;172250,00;172500,00;172250,00;172500,00;68950,00;2
WINM26;06/01/2026;09:30:00;171990,00;172090,00;171885,00;172090,00;137593,00;4
WINM26;06/01/2026;09:00:00;171435,00;172000,00;171435,00;172000,00;308785,00;9
WINM26;05/01/2026;17:00:00;170990,00;170990,00;170800,00;170800,00;205016,00;6
WINM26;05/01/2026;16:30:00;171090,00;171090,00;171090,00;171090,00;34218,00;1
WINM26;05/01/2026;16:00:00;171200,00;171200,00;171200,00;171200,00;34240,00;1
WINM26;05/01/2026;15:30:00;171020,00;171020,00;171020,00;171020,00;205224,00;6
WINM26;05/01/2026;14:30:00;171000,00;171000,00;171000,00;171000,00;34200,00;1
WINM26;05/01/2026;13:00:00;170570,00;170570,00;170370,00;170370,00;102282,00;3
WINM26;05/01/2026;12:30:00;170300,00;170625,00;170300,00;170625,00;68185,00;2
WINM26;05/01/2026;12:00:00;170255,00;170500,00;170255,00;170500,00;102251,00;3
WINM26;02/01/2026;17:30:00;169610,00;169610,00;169500,00;169500,00;881950,00;26
WINM26;02/01/2026;16:30:00;169700,00;169700,00;169700,00;169700,00;33940,00;1
WINM26;02/01/2026;16:00:00;169750,00;169750,00;169750,00;169750,00;33950,00;1
WINM26;02/01/2026;15:00:00;169400,00;169455,00;169400,00;169455,00;711491,00;21
WINM26;02/01/2026;14:00:00;169500,00;169500,00;169500,00;169500,00;101700,00;3
WINM26;02/01/2026;12:30:00;170000,00;170000,00;170000,00;170000,00;34000,00;1
WINM26;02/01/2026;12:00:00;170000,00;170000,00;170000,00;170000,00;34000,00;1
WINM26;02/01/2026;11:30:00;170180,00;170180,00;170180,00;170180,00;34036,00;1
WINM26;02/01/2026;10:30:00;170925,00;170925,00;170440,00;170440,00;170736,00;5
WINM26;02/01/2026;10:00:00;171550,00;171550,00;171050,00;171050,00;205554,00;6
WINM26;02/01/2026;09:30:00;171030,00;171365,00;171030,00;171365,00;68479,00;2
WINM26;02/01/2026;09:00:00;171000,00;171000,00;171000,00;171000,00;34200,00;1
