WINM26;14/05/2026;18:20:00;180595,00;180720,00;180575,00;180675,00;1257595307,00;34803
WINM26;14/05/2026;18:15:00;180595,00;180625,00;180515,00;180585,00;1031027011,00;28550
WINM26;14/05/2026;18:10:00;180585,00;180635,00;180565,00;180590,00;602954056,00;16694
WINM26;14/05/2026;18:05:00;180525,00;180640,00;180510,00;180585,00;1152506126,00;31911
WINM26;14/05/2026;18:00:00;180645,00;180645,00;180510,00;180530,00;1039598222,00;28787
WINM26;14/05/2026;17:55:00;180655,00;180670,00;180605,00;180635,00;828002163,00;22919
WINM26;14/05/2026;17:50:00;180580,00;180705,00;180545,00;180655,00;1798539376,00;49782
WINM26;14/05/2026;17:45:00;180590,00;180600,00;180550,00;180580,00;1210643901,00;33522
WINM26;14/05/2026;17:40:00;180725,00;180730,00;180585,00;180590,00;2023682630,00;56010
WINM26;14/05/2026;17:35:00;180710,00;180735,00;180700,00;180725,00;777804077,00;21520
WINM26;14/05/2026;17:30:00;180690,00;180735,00;180685,00;180705,00;813864578,00;22519
WINM26;14/05/2026;17:25:00;180630,00;180745,00;180620,00;180685,00;1790487988,00;49547
WINM26;14/05/2026;17:20:00;180610,00;180660,00;180600,00;180625,00;893228364,00;24725
WINM26;14/05/2026;17:15:00;180615,00;180670,00;180585,00;180610,00;1604738587,00;44423
WINM26;14/05/2026;17:10:00;180480,00;180650,00;180475,00;180615,00;2313032963,00;64044
WINM26;14/05/2026;17:05:00;180410,00;180550,00;180400,00;180480,00;2386063521,00;66106
WINM26;14/05/2026;17:00:00;180485,00;180500,00;180385,00;180410,00;2549390165,00;70643
WINM26;14/05/2026;16:55:00;180490,00;180500,00;180395,00;180490,00;3017972284,00;83622
WINM26;14/05/2026;16:50:00;180525,00;180530,00;180410,00;180490,00;3197168707,00;88580
WINM26;14/05/2026;16:45:00;180490,00;180535,00;180450,00;180520,00;1952172488,00;54077
WINM26;14/05/2026;16:40:00;180480,00;180545,00;180435,00;180495,00;2947600108,00;81660
WINM26;14/05/2026;16:35:00;180455,00;180560,00;180375,00;180485,00;4314796507,00;119540
WINM26;14/05/2026;16:30:00;180485,00;180600,00;180440,00;180455,00;3502193629,00;96995
WINM26;14/05/2026;16:25:00;180550,00;180580,00;180460,00;180485,00;4187825889,00;116002
WINM26;14/05/2026;16:20:00;180715,00;180755,00;180530,00;180545,00;4684463975,00;129664
WINM26;14/05/2026;16:15:00;180675,00;180815,00;180640,00;180715,00;4507022247,00;124690
WINM26;14/05/2026;16:10:00;180600,00;180690,00;180515,00;180675,00;3722362042,00;103055
WINM26;14/05/2026;16:05:00;180635,00;180675,00;180565,00;180600,00;2971098287,00;82245
WINM26;14/05/2026;16:00:00;180555,00;180710,00;180530,00;180630,00;5808733332,00;160788
WINM26;14/05/2026;15:55:00;180485,00;180565,00;180480,00;180550,00;2244449315,00;62165
WINM26;14/05/2026;15:50:00;180520,00;180600,00;180455,00;180485,00;3806382343,00;105425
WINM26;14/05/2026;15:45:00;180470,00;180615,00;180435,00;180520,00;4481892934,00;124134
WINM26;14/05/2026;15:40:00;180620,00;180675,00;180470,00;180475,00;4098599113,00;113479
WINM26;14/05/2026;15:35:00;180710,00;180720,00;180505,00;180620,00;6557666224,00;181547
WINM26;14/05/2026;15:30:00;180840,00;180870,00;180675,00;180715,00;4727018149,00;130740
WINM26;14/05/2026;15:25:00;180930,00;180930,00;180755,00;180845,00;5458401910,00;150915
WINM26;14/05/2026;15:20:00;181050,00;181060,00;180905,00;180930,00;3675676906,00;101553
WINM26;14/05/2026;15:15:00;181020,00;181105,00;180955,00;181050,00;3881968207,00;107205
WINM26;14/05/2026;15:10:00;181050,00;181055,00;180950,00;181015,00;2695973073,00;74476
WINM26;14/05/2026;15:05:00;180950,00;181075,00;180880,00;181045,00;4406449157,00;121720
WINM26;14/05/2026;15:00:00;181120,00;181135,00;180905,00;180950,00;7200837328,00;198891
WINM26;14/05/2026;14:55:00;181350,00;181365,00;181095,00;181125,00;5538072588,00;152798
WINM26;14/05/2026;14:50:00;181460,00;181485,00;181320,00;181355,00;3755290541,00;103513
WINM26;14/05/2026;14:45:00;181415,00;181550,00;181400,00;181460,00;4149003227,00;114305
WINM26;14/05/2026;14:40:00;181450,00;181465,00;181380,00;181420,00;2865031189,00;78962
WINM26;14/05/2026;14:35:00;181380,00;181500,00;181340,00;181455,00;4013116054,00;110606
WINM26;14/05/2026;14:30:00;181200,00;181420,00;181180,00;181380,00;4676488095,00;128970
WINM26;14/05/2026;14:25:00;181215,00;181235,00;181145,00;181195,00;2858486901,00;78881
WINM26;14/05/2026;14:20:00;181230,00;181280,00;181125,00;181220,00;5772595726,00;159282
WINM26;14/05/2026;14:15:00;181345,00;181440,00;181220,00;181230,00;4885234709,00;134691
WINM26;14/05/2026;14:10:00;181405,00;181485,00;181340,00;181345,00;4230310152,00;116599
WINM26;14/05/2026;14:05:00;181115,00;181465,00;181105,00;181410,00;7136415233,00;196802
WINM26;14/05/2026;14:00:00;181025,00;181135,00;181000,00;181115,00;2922423491,00;80695
WINM26;14/05/2026;13:55:00;180990,00;181065,00;180950,00;181020,00;2838478123,00;78412
WINM26;14/05/2026;13:50:00;181015,00;181110,00;180975,00;180990,00;2978878557,00;82273
WINM26;14/05/2026;13:45:00;181065,00;181110,00;180965,00;181015,00;3836884280,00;105965
WINM26;14/05/2026;13:40:00;180815,00;181155,00;180815,00;181065,00;7134814953,00;197071
WINM26;14/05/2026;13:35:00;180780,00;180865,00;180725,00;180815,00;4391267881,00;121447
WINM26;14/05/2026;13:30:00;180850,00;180920,00;180770,00;180780,00;4266964236,00;117966
WINM26;14/05/2026;13:25:00;180960,00;180985,00;180795,00;180855,00;6026807657,00;166580
WINM26;14/05/2026;13:20:00;181150,00;181170,00;180950,00;180965,00;4023064461,00;111087
WINM26;14/05/2026;13:15:00;181120,00;181220,00;181070,00;181155,00;3740571521,00;103244
WINM26;14/05/2026;13:10:00;181090,00;181165,00;181075,00;181120,00;2500223194,00;69024
WINM26;14/05/2026;13:05:00;181100,00;181135,00;181045,00;181090,00;2209125634,00;60996
WINM26;14/05/2026;13:00:00;181070,00;181145,00;180960,00;181100,00;4516220325,00;124726
WINM26;14/05/2026;12:55:00;181070,00;181165,00;181035,00;181070,00;4159034715,00;114833
WINM26;14/05/2026;12:50:00;181120,00;181150,00;181020,00;181075,00;2927146049,00;80819
WINM26;14/05/2026;12:45:00;180985,00;181170,00;180945,00;181115,00;4293835607,00;118561
WINM26;14/05/2026;12:40:00;180955,00;181015,00;180890,00;180985,00;3424617218,00;94625
WINM26;14/05/2026;12:35:00;180890,00;180985,00;180860,00;180955,00;3904749886,00;107915
WINM26;14/05/2026;12:30:00;180980,00;181075,00;180885,00;180890,00;4949018217,00;136741
WINM26;14/05/2026;12:25:00;181120,00;181150,00;180970,00;180980,00;3660796665,00;101083
WINM26;14/05/2026;12:20:00;181075,00;181160,00;181025,00;181115,00;3990836751,00;110187
WINM26;14/05/2026;12:15:00;181065,00;181120,00;180960,00;181075,00;4924474229,00;135994
WINM26;14/05/2026;12:10:00;180995,00;181185,00;180955,00;181065,00;6704736977,00;185135
WINM26;14/05/2026;12:05:00;180900,00;181025,00;180870,00;181000,00;4040334850,00;111646
WINM26;14/05/2026;12:00:00;180965,00;181095,00;180845,00;180905,00;5586584820,00;154348
WINM26;14/05/2026;11:55:00;180780,00;181080,00;180745,00;180960,00;7432624533,00;205366
WINM26;14/05/2026;11:50:00;180795,00;180910,00;180730,00;180780,00;5186815042,00;143431
WINM26;14/05/2026;11:45:00;180840,00;180935,00;180630,00;180795,00;6640861204,00;183680
WINM26;14/05/2026;11:40:00;180890,00;180965,00;180665,00;180845,00;7841920167,00;216873
WINM26;14/05/2026;11:35:00;181010,00;181075,00;180820,00;180890,00;7050692065,00;194832
WINM26;14/05/2026;11:30:00;180805,00;181110,00;180755,00;181010,00;1,050525947E10;290280
WINM26;14/05/2026;11:25:00;180720,00;180880,00;180595,00;180810,00;7158683837,00;198046
WINM26;14/05/2026;11:20:00;180765,00;180900,00;180625,00;180725,00;7213513661,00;199530
WINM26;14/05/2026;11:15:00;180810,00;180920,00;180585,00;180765,00;7522314373,00;208108
WINM26;14/05/2026;11:10:00;180750,00;180950,00;180665,00;180810,00;1,052794907E10;291110
WINM26;14/05/2026;11:05:00;180460,00;180855,00;180425,00;180745,00;1,084574145E10;300212
WINM26;14/05/2026;11:00:00;180105,00;180620,00;180035,00;180460,00;1,109857725E10;307672
WINM26;14/05/2026;10:55:00;180375,00;180410,00;179950,00;180105,00;8794470448,00;244086
WINM26;14/05/2026;10:50:00;180115,00;180475,00;179880,00;180370,00;1,169102203E10;324424
WINM26;14/05/2026;10:45:00;180360,00;180480,00;179705,00;180115,00;1,536667226E10;426809
WINM26;14/05/2026;10:40:00;180415,00;180485,00;180230,00;180360,00;7724734671,00;214135
WINM26;14/05/2026;10:35:00;180095,00;180520,00;180065,00;180415,00;1,489135424E10;412864
WINM26;14/05/2026;10:30:00;180360,00;180405,00;179925,00;180090,00;1,531063299E10;424943
WINM26;14/05/2026;10:25:00;180630,00;180730,00;180200,00;180355,00;9849379876,00;272938
WINM26;14/05/2026;10:20:00;180435,00;180690,00;180390,00;180630,00;7999243026,00;221526
WINM26;14/05/2026;10:15:00;180560,00;180815,00;180195,00;180435,00;1,352414205E10;374566
WINM26;14/05/2026;10:10:00;180735,00;180750,00;180485,00;180560,00;6773270081,00;187516
WINM26;14/05/2026;10:05:00;180860,00;180860,00;180495,00;180740,00;1,11716355E10;309183
WINM26;14/05/2026;10:00:00;180675,00;180865,00;180475,00;180860,00;1,335447912E10;369594
WINM26;14/05/2026;09:55:00;180480,00;180740,00;180415,00;180680,00;6246300779,00;172965
WINM26;14/05/2026;09:50:00;180610,00;180650,00;180385,00;180480,00;6769592359,00;187521
WINM26;14/05/2026;09:45:00;180495,00;180785,00;180465,00;180615,00;8366799248,00;231581
WINM26;14/05/2026;09:40:00;180440,00;180590,00;180405,00;180495,00;5104685702,00;141405
WINM26;14/05/2026;09:35:00;180540,00;180550,00;180355,00;180435,00;7149698884,00;198101
WINM26;14/05/2026;09:30:00;180390,00;180645,00;180325,00;180540,00;7862310780,00;217772
WINM26;14/05/2026;09:25:00;180375,00;180480,00;180280,00;180390,00;3935340126,00;109084
WINM26;14/05/2026;09:20:00;180315,00;180520,00;180315,00;180375,00;7104653591,00;196878
WINM26;14/05/2026;09:15:00;180150,00;180390,00;180120,00;180315,00;8268898390,00;229351
WINM26;14/05/2026;09:10:00;180160,00;180340,00;180010,00;180145,00;9516944697,00;264072
WINM26;14/05/2026;09:05:00;180085,00;180235,00;179875,00;180160,00;1,256576122E10;348896
WINM26;14/05/2026;09:00:00;179055,00;180105,00;179055,00;180080,00;1,018243369E10;283561
WINM26;13/05/2026;18:20:00;179075,00;179150,00;179025,00;179105,00;1185669404,00;33102
WINM26;13/05/2026;18:15:00;179070,00;179095,00;178935,00;179075,00;1071945518,00;29938
WINM26;13/05/2026;18:10:00;179035,00;179080,00;178945,00;179070,00;938546229,00;26212
WINM26;13/05/2026;18:05:00;179200,00;179215,00;179000,00;179030,00;1423140259,00;39735
WINM26;13/05/2026;18:00:00;179225,00;179260,00;179180,00;179200,00;562074882,00;15681
WINM26;13/05/2026;17:55:00;179270,00;179290,00;179175,00;179230,00;1642933897,00;45837
WINM26;13/05/2026;17:50:00;179200,00;179330,00;179185,00;179265,00;1840802108,00;51344
WINM26;13/05/2026;17:45:00;179155,00;179230,00;179095,00;179200,00;1596863219,00;44565
WINM26;13/05/2026;17:40:00;179300,00;179325,00;179140,00;179155,00;1455651476,00;40609
WINM26;13/05/2026;17:35:00;179165,00;179350,00;179155,00;179300,00;1943704446,00;54214
WINM26;13/05/2026;17:30:00;179150,00;179220,00;179105,00;179170,00;1258102458,00;35112
WINM26;13/05/2026;17:25:00;179085,00;179235,00;179055,00;179155,00;1422807827,00;39712
WINM26;13/05/2026;17:20:00;179110,00;179145,00;179020,00;179080,00;1467566292,00;40974
WINM26;13/05/2026;17:15:00;179130,00;179200,00;178985,00;179105,00;2204796150,00;61554
WINM26;13/05/2026;17:10:00;179030,00;179190,00;178845,00;179135,00;4022128005,00;112347
WINM26;13/05/2026;17:05:00;179145,00;179290,00;179025,00;179035,00;3643774869,00;101679
WINM26;13/05/2026;17:00:00;179170,00;179190,00;178965,00;179145,00;4152656422,00;115964
WINM26;13/05/2026;16:55:00;179050,00;179185,00;179005,00;179170,00;3079227070,00;85953
WINM26;13/05/2026;16:50:00;179155,00;179195,00;179020,00;179045,00;4410324024,00;123119
WINM26;13/05/2026;16:45:00;179335,00;179390,00;179150,00;179155,00;4031067224,00;112431
WINM26;13/05/2026;16:40:00;179340,00;179410,00;179255,00;179340,00;3869695335,00;107891
WINM26;13/05/2026;16:35:00;178950,00;179390,00;178910,00;179340,00;5232446648,00;146025
WINM26;13/05/2026;16:30:00;179345,00;179375,00;178890,00;178950,00;6861047205,00;191550
WINM26;13/05/2026;16:25:00;179305,00;179360,00;179140,00;179340,00;4368229237,00;121861
WINM26;13/05/2026;16:20:00;179325,00;179370,00;179205,00;179305,00;3354109349,00;93542
WINM26;13/05/2026;16:15:00;179295,00;179440,00;179165,00;179325,00;4605118695,00;128431
WINM26;13/05/2026;16:10:00;179375,00;179420,00;179235,00;179290,00;3079030661,00;85852
WINM26;13/05/2026;16:05:00;179380,00;179500,00;179270,00;179380,00;4511727072,00;125757
WINM26;13/05/2026;16:00:00;179590,00;179670,00;179360,00;179380,00;4156409326,00;115767
WINM26;13/05/2026;15:55:00;179650,00;179745,00;179475,00;179595,00;4825825019,00;134341
WINM26;13/05/2026;15:50:00;179150,00;179760,00;179110,00;179650,00;7163483955,00;199612
WINM26;13/05/2026;15:45:00;179415,00;179555,00;178790,00;179150,00;1,005217935E10;280449
WINM26;13/05/2026;15:40:00;179820,00;180020,00;179315,00;179415,00;9212380568,00;256320
WINM26;13/05/2026;15:35:00;179585,00;179890,00;179505,00;179825,00;7233749381,00;201300
WINM26;13/05/2026;15:30:00;179860,00;179935,00;179555,00;179585,00;6945133738,00;193177
WINM26;13/05/2026;15:25:00;179875,00;180080,00;179655,00;179860,00;9569874784,00;266019
WINM26;13/05/2026;15:20:00;180030,00;180285,00;179795,00;179870,00;7992994710,00;222003
WINM26;13/05/2026;15:15:00;180335,00;180495,00;179755,00;180030,00;1,193301832E10;331364
WINM26;13/05/2026;15:10:00;180505,00;180705,00;180195,00;180330,00;8478624939,00;234898
WINM26;13/05/2026;15:05:00;180565,00;180725,00;180405,00;180500,00;8959808354,00;248108
WINM26;13/05/2026;15:00:00;180575,00;180860,00;180105,00;180560,00;2,183003924E10;604695
WINM26;13/05/2026;14:55:00;181580,00;181620,00;180385,00;180575,00;1,895768192E10;523588
WINM26;13/05/2026;14:50:00;181645,00;181690,00;181535,00;181575,00;4707824054,00;129611
WINM26;13/05/2026;14:45:00;181760,00;181785,00;181640,00;181645,00;3173711412,00;87329
WINM26;13/05/2026;14:40:00;181765,00;181800,00;181705,00;181765,00;2988861459,00;82224
WINM26;13/05/2026;14:35:00;181690,00;181850,00;181645,00;181765,00;4975356155,00;136876
WINM26;13/05/2026;14:30:00;181820,00;181845,00;181570,00;181685,00;8519870651,00;234484
WINM26;13/05/2026;14:25:00;181955,00;182010,00;181795,00;181825,00;4552749277,00;125138
WINM26;13/05/2026;14:20:00;181925,00;181985,00;181870,00;181950,00;3394234132,00;93284
WINM26;13/05/2026;14:15:00;181765,00;181935,00;181715,00;181925,00;5244392463,00;144204
WINM26;13/05/2026;14:10:00;181805,00;181815,00;181635,00;181760,00;5669677716,00;155993
WINM26;13/05/2026;14:05:00;181835,00;181860,00;181715,00;181805,00;5915882339,00;162701
WINM26;13/05/2026;14:00:00;182105,00;182125,00;181800,00;181835,00;7954622843,00;218583
WINM26;13/05/2026;13:55:00;182300,00;182325,00;182080,00;182105,00;6673328552,00;183138
WINM26;13/05/2026;13:50:00;182340,00;182380,00;182270,00;182300,00;3703138326,00;101555
WINM26;13/05/2026;13:45:00;182475,00;182500,00;182320,00;182340,00;4893937332,00;134162
WINM26;13/05/2026;13:40:00;182600,00;182605,00;182450,00;182475,00;3397440518,00;93078
WINM26;13/05/2026;13:35:00;182575,00;182640,00;182555,00;182600,00;1953347928,00;53491
WINM26;13/05/2026;13:30:00;182575,00;182670,00;182540,00;182580,00;3840558222,00;105161
WINM26;13/05/2026;13:25:00;182615,00;182675,00;182535,00;182575,00;4094246528,00;112104
WINM26;13/05/2026;13:20:00;182480,00;182740,00;182420,00;182610,00;6681574994,00;182978
WINM26;13/05/2026;13:15:00;182455,00;182580,00;182440,00;182480,00;3828832821,00;104896
WINM26;13/05/2026;13:10:00;182480,00;182520,00;182400,00;182460,00;3971478897,00;108833
WINM26;13/05/2026;13:05:00;182590,00;182650,00;182470,00;182480,00;3580507929,00;98067
WINM26;13/05/2026;13:00:00;182465,00;182670,00;182415,00;182585,00;5839920549,00;159939
WINM26;13/05/2026;12:55:00;182450,00;182540,00;182430,00;182465,00;2621913620,00;71841
WINM26;13/05/2026;12:50:00;182365,00;182490,00;182330,00;182450,00;3383006767,00;92730
WINM26;13/05/2026;12:45:00;182395,00;182410,00;182305,00;182360,00;3637229060,00;99729
WINM26;13/05/2026;12:40:00;182465,00;182540,00;182390,00;182400,00;3695508881,00;101261
WINM26;13/05/2026;12:35:00;182470,00;182495,00;182355,00;182465,00;4317669699,00;118335
WINM26;13/05/2026;12:30:00;182460,00;182510,00;182380,00;182475,00;3407589968,00;93381
WINM26;13/05/2026;12:25:00;182385,00;182500,00;182345,00;182460,00;3453785557,00;94670
WINM26;13/05/2026;12:20:00;182195,00;182445,00;182155,00;182390,00;6264647966,00;171794
WINM26;13/05/2026;12:15:00;182285,00;182325,00;182175,00;182200,00;3969499113,00;108902
WINM26;13/05/2026;12:10:00;182455,00;182470,00;182200,00;182285,00;7591518472,00;208212
WINM26;13/05/2026;12:05:00;182490,00;182560,00;182440,00;182460,00;3649607329,00;99993
WINM26;13/05/2026;12:00:00;182350,00;182530,00;182335,00;182490,00;5350287605,00;146623
WINM26;13/05/2026;11:55:00;182410,00;182450,00;182295,00;182350,00;4005306590,00;109809
WINM26;13/05/2026;11:50:00;182385,00;182485,00;182325,00;182410,00;3471190734,00;95149
WINM26;13/05/2026;11:45:00;182345,00;182445,00;182315,00;182390,00;3556625677,00;97506
WINM26;13/05/2026;11:40:00;182380,00;182475,00;182235,00;182340,00;5569695190,00;152715
WINM26;13/05/2026;11:35:00;182340,00;182495,00;182295,00;182385,00;5220624820,00;143122
WINM26;13/05/2026;11:30:00;182445,00;182520,00;182240,00;182340,00;6941478686,00;190325
WINM26;13/05/2026;11:25:00;182475,00;182505,00;182290,00;182450,00;7738602144,00;212124
WINM26;13/05/2026;11:20:00;182145,00;182565,00;182115,00;182470,00;1,00964656E10;276823
WINM26;13/05/2026;11:15:00;182330,00;182435,00;182125,00;182150,00;7195156839,00;197360
WINM26;13/05/2026;11:10:00;182340,00;182400,00;182220,00;182330,00;7257330790,00;199039
WINM26;13/05/2026;11:05:00;182075,00;182415,00;181970,00;182340,00;9024675405,00;247670
WINM26;13/05/2026;11:00:00;181950,00;182220,00;181805,00;182075,00;1,262057821E10;346690
WINM26;13/05/2026;10:55:00;181900,00;182150,00;181855,00;181955,00;8634812623,00;237204
WINM26;13/05/2026;10:50:00;181640,00;181970,00;181630,00;181895,00;9602438144,00;264080
WINM26;13/05/2026;10:45:00;181225,00;181695,00;181120,00;181635,00;1,284931017E10;354029
WINM26;13/05/2026;10:40:00;180995,00;181225,00;180825,00;181225,00;1,272040844E10;351373
WINM26;13/05/2026;10:35:00;181255,00;181380,00;180870,00;180995,00;1,710053593E10;472082
WINM26;13/05/2026;10:30:00;181700,00;181745,00;181115,00;181260,00;1,87679175E10;517255
WINM26;13/05/2026;10:25:00;182210,00;182245,00;181655,00;181695,00;1,196592317E10;328888
WINM26;13/05/2026;10:20:00;181890,00;182285,00;181865,00;182205,00;1,1630976E10;319341
WINM26;13/05/2026;10:15:00;182295,00;182305,00;181825,00;181895,00;1,586314118E10;435654
WINM26;13/05/2026;10:10:00;182170,00;182440,00;182110,00;182295,00;8583115055,00;235382
WINM26;13/05/2026;10:05:00;182190,00;182270,00;182115,00;182165,00;5165613796,00;141770
WINM26;13/05/2026;10:00:00;182075,00;182285,00;181950,00;182185,00;1,029254031E10;282539
WINM26;13/05/2026;09:55:00;181915,00;182180,00;181890,00;182075,00;7021790444,00;192852
WINM26;13/05/2026;09:50:00;181870,00;181980,00;181810,00;181920,00;5759146478,00;158307
WINM26;13/05/2026;09:45:00;181900,00;182015,00;181845,00;181865,00;5270154298,00;144833
WINM26;13/05/2026;09:40:00;181830,00;181935,00;181790,00;181895,00;5753675642,00;158177
WINM26;13/05/2026;09:35:00;181765,00;181845,00;181670,00;181830,00;4818088589,00;132544
WINM26;13/05/2026;09:30:00;181925,00;181940,00;181560,00;181765,00;1,083518888E10;298132
WINM26;13/05/2026;09:25:00;181970,00;182045,00;181905,00;181920,00;3674687842,00;100972
WINM26;13/05/2026;09:20:00;182290,00;182315,00;181870,00;181965,00;1,252639241E10;344021
WINM26;13/05/2026;09:15:00;182290,00;182360,00;182210,00;182290,00;4226857113,00;115934
WINM26;13/05/2026;09:10:00;182195,00;182380,00;182185,00;182295,00;6379821221,00;174998
WINM26;13/05/2026;09:05:00;181790,00;182245,00;181735,00;182195,00;1,028025138E10;282402
WINM26;13/05/2026;09:00:00;182750,00;182900,00;181755,00;181790,00;1,442474414E10;395653
WINM26;12/05/2026;18:20:00;182745,00;182820,00;182700,00;182770,00;1305878093,00;35725
WINM26;12/05/2026;18:15:00;182905,00;182905,00;182735,00;182745,00;1241672856,00;33962
WINM26;12/05/2026;18:10:00;182935,00;182950,00;182875,00;182905,00;911060851,00;24904
WINM26;12/05/2026;18:05:00;182925,00;182955,00;182865,00;182940,00;972628527,00;26587
WINM26;12/05/2026;18:00:00;182855,00;182960,00;182845,00;182920,00;1120763076,00;30637
WINM26;12/05/2026;17:55:00;182840,00;182875,00;182830,00;182855,00;771047624,00;21084
WINM26;12/05/2026;17:50:00;182820,00;182850,00;182815,00;182840,00;432548711,00;11829
WINM26;12/05/2026;17:45:00;182840,00;182850,00;182805,00;182820,00;802688603,00;21952
WINM26;12/05/2026;17:40:00;182815,00;182880,00;182810,00;182840,00;960580169,00;26267
WINM26;12/05/2026;17:35:00;182755,00;182845,00;182740,00;182810,00;1264940065,00;34600
WINM26;12/05/2026;17:30:00;182775,00;182800,00;182735,00;182750,00;976212988,00;26707
WINM26;12/05/2026;17:25:00;182780,00;182805,00;182725,00;182770,00;1268826849,00;34712
WINM26;12/05/2026;17:20:00;182755,00;182830,00;182725,00;182785,00;1514625951,00;41434
WINM26;12/05/2026;17:15:00;182700,00;182780,00;182685,00;182755,00;1904595045,00;52112
WINM26;12/05/2026;17:10:00;182655,00;182720,00;182650,00;182695,00;1972534264,00;53985
WINM26;12/05/2026;17:05:00;182690,00;182710,00;182585,00;182655,00;2913859263,00;79777
WINM26;12/05/2026;17:00:00;182775,00;182780,00;182640,00;182700,00;3621128087,00;99101
WINM26;12/05/2026;16:55:00;182885,00;182925,00;182745,00;182775,00;3717033073,00;101656
WINM26;12/05/2026;16:50:00;182785,00;182955,00;182735,00;182885,00;5138600787,00;140523
WINM26;12/05/2026;16:45:00;182815,00;182855,00;182765,00;182785,00;2548223172,00;69697
WINM26;12/05/2026;16:40:00;182790,00;182870,00;182760,00;182820,00;3221166679,00;88101
WINM26;12/05/2026;16:35:00;182945,00;182975,00;182760,00;182790,00;4377407130,00;119700
WINM26;12/05/2026;16:30:00;182905,00;182985,00;182840,00;182940,00;4135134922,00;113035
WINM26;12/05/2026;16:25:00;182910,00;183020,00;182880,00;182910,00;3992865988,00;109120
WINM26;12/05/2026;16:20:00;183140,00;183145,00;182885,00;182910,00;5315050072,00;145235
WINM26;12/05/2026;16:15:00;183060,00;183185,00;183020,00;183140,00;6504162025,00;177597
WINM26;12/05/2026;16:10:00;182865,00;183070,00;182845,00;183060,00;5140863495,00;140508
WINM26;12/05/2026;16:05:00;182810,00;182875,00;182750,00;182865,00;3224580029,00;88195
WINM26;12/05/2026;16:00:00;182665,00;182900,00;182660,00;182805,00;5957231475,00;162945
WINM26;12/05/2026;15:55:00;182685,00;182745,00;182610,00;182670,00;3634881098,00;99488
WINM26;12/05/2026;15:50:00;182610,00;182715,00;182580,00;182680,00;3049912588,00;83484
WINM26;12/05/2026;15:45:00;182695,00;182700,00;182570,00;182610,00;3492570741,00;95631
WINM26;12/05/2026;15:40:00;182700,00;182730,00;182610,00;182695,00;3828121257,00;104783
WINM26;12/05/2026;15:35:00;182890,00;182895,00;182685,00;182695,00;5152401890,00;140958
WINM26;12/05/2026;15:30:00;182715,00;182965,00;182685,00;182895,00;6234644720,00;170481
WINM26;12/05/2026;15:25:00;182585,00;182845,00;182585,00;182710,00;6430850502,00;175959
WINM26;12/05/2026;15:20:00;182525,00;182635,00;182510,00;182585,00;4409357983,00;120749
WINM26;12/05/2026;15:15:00;182295,00;182545,00;182295,00;182520,00;5076689502,00;139140
WINM26;12/05/2026;15:10:00;182235,00;182330,00;182170,00;182295,00;3647189594,00;100059
WINM26;12/05/2026;15:05:00;182260,00;182310,00;182170,00;182235,00;3352981736,00;92000
WINM26;12/05/2026;15:00:00;182350,00;182410,00;182195,00;182255,00;5115859269,00;140316
WINM26;12/05/2026;14:55:00;182315,00;182435,00;182280,00;182350,00;3716606354,00;101904
WINM26;12/05/2026;14:50:00;182390,00;182420,00;182280,00;182315,00;3635570339,00;99689
WINM26;12/05/2026;14:45:00;182505,00;182540,00;182380,00;182395,00;4283954925,00;117402
WINM26;12/05/2026;14:40:00;182665,00;182710,00;182500,00;182505,00;4033797292,00;110459
WINM26;12/05/2026;14:35:00;182655,00;182710,00;182610,00;182665,00;2607686345,00;71382
WINM26;12/05/2026;14:30:00;182635,00;182730,00;182575,00;182655,00;4147269078,00;113535
WINM26;12/05/2026;14:25:00;182565,00;182765,00;182495,00;182640,00;5687205965,00;155700
WINM26;12/05/2026;14:20:00;182590,00;182775,00;182525,00;182565,00;7208314761,00;197333
WINM26;12/05/2026;14:15:00;182450,00;182610,00;182440,00;182590,00;3338793952,00;91465
WINM26;12/05/2026;14:10:00;182450,00;182490,00;182380,00;182450,00;2946539220,00;80755
WINM26;12/05/2026;14:05:00;182555,00;182625,00;182440,00;182450,00;4080281325,00;111770
WINM26;12/05/2026;14:00:00;182330,00;182595,00;182305,00;182555,00;4890691736,00;134012
WINM26;12/05/2026;13:55:00;182225,00;182440,00;182160,00;182330,00;5774098510,00;158353
WINM26;12/05/2026;13:50:00;182265,00;182300,00;182160,00;182235,00;4096766021,00;112405
WINM26;12/05/2026;13:45:00;182450,00;182490,00;182240,00;182260,00;4585988687,00;125754
WINM26;12/05/2026;13:40:00;182520,00;182560,00;182350,00;182455,00;4007527799,00;109831
WINM26;12/05/2026;13:35:00;182440,00;182550,00;182435,00;182520,00;2720193185,00;74524
WINM26;12/05/2026;13:30:00;182455,00;182485,00;182370,00;182435,00;3552494532,00;97372
WINM26;12/05/2026;13:25:00;182465,00;182485,00;182375,00;182455,00;3221790134,00;88300
WINM26;12/05/2026;13:20:00;182470,00;182550,00;182425,00;182470,00;2868657551,00;78598
WINM26;12/05/2026;13:15:00;182475,00;182600,00;182450,00;182475,00;4031901261,00;110445
WINM26;12/05/2026;13:10:00;182390,00;182510,00;182345,00;182475,00;3078715798,00;84387
WINM26;12/05/2026;13:05:00;182445,00;182455,00;182355,00;182390,00;2969219509,00;81392
WINM26;12/05/2026;13:00:00;182445,00;182510,00;182235,00;182440,00;6823000730,00;187051
WINM26;12/05/2026;12:55:00;182470,00;182555,00;182410,00;182445,00;4114958578,00;112751
WINM26;12/05/2026;12:50:00;182510,00;182580,00;182460,00;182465,00;4607569783,00;126222
WINM26;12/05/2026;12:45:00;182340,00;182520,00;182300,00;182510,00;3828524488,00;104953
WINM26;12/05/2026;12:40:00;182260,00;182380,00;182220,00;182340,00;3001890663,00;82334
WINM26;12/05/2026;12:35:00;182355,00;182395,00;182240,00;182255,00;3434969905,00;94208
WINM26;12/05/2026;12:30:00;182240,00;182435,00;182200,00;182355,00;5612095781,00;153884
WINM26;12/05/2026;12:25:00;182225,00;182300,00;182170,00;182245,00;4142359105,00;113656
WINM26;12/05/2026;12:20:00;182340,00;182355,00;182145,00;182220,00;6618504364,00;181586
WINM26;12/05/2026;12:15:00;182530,00;182530,00;182295,00;182335,00;7194101088,00;197219
WINM26;12/05/2026;12:10:00;182830,00;182850,00;182485,00;182525,00;7006873304,00;191853
WINM26;12/05/2026;12:05:00;182710,00;182880,00;182640,00;182830,00;6480364006,00;177273
WINM26;12/05/2026;12:00:00;182480,00;182755,00;182465,00;182710,00;6192985541,00;169578
WINM26;12/05/2026;11:55:00;182435,00;182510,00;182385,00;182480,00;4151224588,00;113764
WINM26;12/05/2026;11:50:00;182405,00;182515,00;182205,00;182440,00;9093238350,00;249311
WINM26;12/05/2026;11:45:00;182625,00;182715,00;182385,00;182400,00;8900473707,00;243761
WINM26;12/05/2026;11:40:00;182665,00;182800,00;182605,00;182630,00;6807657751,00;186303
WINM26;12/05/2026;11:35:00;182410,00;182680,00;182340,00;182660,00;7818205832,00;214171
WINM26;12/05/2026;11:30:00;182580,00;182625,00;182290,00;182415,00;1,084739678E10;297331
WINM26;12/05/2026;11:25:00;182920,00;182970,00;182510,00;182580,00;9455715806,00;258785
WINM26;12/05/2026;11:20:00;182790,00;182940,00;182635,00;182920,00;1,078874783E10;295120
WINM26;12/05/2026;11:15:00;183155,00;183180,00;182780,00;182790,00;1,318505067E10;360238
WINM26;12/05/2026;11:10:00;183505,00;183530,00;183145,00;183155,00;1,020662296E10;278350
WINM26;12/05/2026;11:05:00;183460,00;183570,00;183325,00;183505,00;8069731729,00;219938
WINM26;12/05/2026;11:00:00;183470,00;183645,00;183310,00;183460,00;9391054007,00;255881
WINM26;12/05/2026;10:55:00;183550,00;183700,00;183435,00;183470,00;8304329507,00;226192
WINM26;12/05/2026;10:50:00;183670,00;184000,00;183505,00;183550,00;1,153188393E10;313794
WINM26;12/05/2026;10:45:00;183740,00;183930,00;183515,00;183670,00;1,212269593E10;329974
WINM26;12/05/2026;10:40:00;183870,00;184090,00;183605,00;183740,00;1,366412276E10;371599
WINM26;12/05/2026;10:35:00;183490,00;183980,00;183385,00;183865,00;1,669679364E10;454336
WINM26;12/05/2026;10:30:00;183090,00;183580,00;182945,00;183485,00;1,478334149E10;403240
WINM26;12/05/2026;10:25:00;183120,00;183165,00;182835,00;183085,00;1,006934614E10;275097
WINM26;12/05/2026;10:20:00;182720,00;183315,00;182580,00;183125,00;1,70595296E10;466071
WINM26;12/05/2026;10:15:00;183010,00;183045,00;182520,00;182720,00;1,656917963E10;453325
WINM26;12/05/2026;10:10:00;183295,00;183555,00;183000,00;183010,00;1,344743598E10;366893
WINM26;12/05/2026;10:05:00;183360,00;183570,00;183210,00;183295,00;1,069215502E10;291557
WINM26;12/05/2026;10:00:00;183540,00;183645,00;183145,00;183360,00;1,654423807E10;451060
WINM26;12/05/2026;09:55:00;183585,00;183615,00;183355,00;183545,00;8001140727,00;218036
WINM26;12/05/2026;09:50:00;183545,00;183735,00;183420,00;183580,00;9667398734,00;263312
WINM26;12/05/2026;09:45:00;183710,00;183735,00;183455,00;183550,00;9555476146,00;260234
WINM26;12/05/2026;09:40:00;183535,00;183870,00;183495,00;183715,00;9187893087,00;250040
WINM26;12/05/2026;09:35:00;183405,00;183585,00;183400,00;183535,00;5887934235,00;160423
WINM26;12/05/2026;09:30:00;183410,00;183545,00;183115,00;183405,00;1,17090259E10;319350
WINM26;12/05/2026;09:25:00;183305,00;183465,00;183240,00;183410,00;4620572860,00;126010
WINM26;12/05/2026;09:20:00;183575,00;183590,00;183220,00;183310,00;8382129763,00;228559
WINM26;12/05/2026;09:15:00;183540,00;183645,00;183505,00;183575,00;4654684618,00;126774
WINM26;12/05/2026;09:10:00;183565,00;183690,00;183440,00;183540,00;6477640801,00;176431
WINM26;12/05/2026;09:05:00;183365,00;183665,00;183265,00;183565,00;7910477430,00;215588
WINM26;12/05/2026;09:00:00;183800,00;183935,00;183195,00;183365,00;1,363579789E10;371364
WINM26;11/05/2026;18:20:00;184780,00;184965,00;184600,00;184600,00;1854227076,00;50180
WINM26;11/05/2026;18:15:00;184570,00;184830,00;184525,00;184795,00;1948716009,00;52763
WINM26;11/05/2026;18:10:00;184430,00;184585,00;184430,00;184565,00;2030375098,00;55013
WINM26;11/05/2026;18:05:00;184350,00;184450,00;184310,00;184430,00;1310259619,00;35532
WINM26;11/05/2026;18:00:00;184365,00;184395,00;184345,00;184355,00;555203258,00;15057
WINM26;11/05/2026;17:55:00;184300,00;184400,00;184290,00;184365,00;1566341664,00;42482
WINM26;11/05/2026;17:50:00;184235,00;184320,00;184210,00;184295,00;1249656344,00;33907
WINM26;11/05/2026;17:45:00;184225,00;184255,00;184205,00;184230,00;590974111,00;16039
WINM26;11/05/2026;17:40:00;184235,00;184270,00;184190,00;184225,00;1290826683,00;35034
WINM26;11/05/2026;17:35:00;184265,00;184285,00;184235,00;184235,00;596954402,00;16199
WINM26;11/05/2026;17:30:00;184280,00;184285,00;184230,00;184265,00;919009998,00;24938
WINM26;11/05/2026;17:25:00;184290,00;184300,00;184225,00;184275,00;1000182075,00;27139
WINM26;11/05/2026;17:20:00;184295,00;184315,00;184255,00;184285,00;889895756,00;24145
WINM26;11/05/2026;17:15:00;184295,00;184320,00;184255,00;184295,00;1206471320,00;32733
WINM26;11/05/2026;17:10:00;184290,00;184360,00;184165,00;184290,00;3579072110,00;97114
WINM26;11/05/2026;17:05:00;184345,00;184380,00;184250,00;184280,00;2769870174,00;75140
WINM26;11/05/2026;17:00:00;184370,00;184450,00;184315,00;184350,00;3326224757,00;90198
WINM26;11/05/2026;16:55:00;184335,00;184420,00;184300,00;184365,00;3631758192,00;98499
WINM26;11/05/2026;16:50:00;184270,00;184365,00;184220,00;184330,00;4015909445,00;108949
WINM26;11/05/2026;16:45:00;184230,00;184330,00;184175,00;184265,00;4754773580,00;129028
WINM26;11/05/2026;16:40:00;184205,00;184260,00;184085,00;184235,00;4482175301,00;121678
WINM26;11/05/2026;16:35:00;184220,00;184245,00;184085,00;184205,00;4193038926,00;113831
WINM26;11/05/2026;16:30:00;183985,00;184225,00;183980,00;184220,00;5288714168,00;143620
WINM26;11/05/2026;16:25:00;184025,00;184060,00;183970,00;183990,00;2561062782,00;69588
WINM26;11/05/2026;16:20:00;184105,00;184120,00;183940,00;184030,00;5422144304,00;147333
WINM26;11/05/2026;16:15:00;184140,00;184240,00;184080,00;184100,00;4230419201,00;114852
WINM26;11/05/2026;16:10:00;184330,00;184345,00;184100,00;184145,00;5943325198,00;161334
WINM26;11/05/2026;16:05:00;184380,00;184415,00;184315,00;184335,00;2789531187,00;75652
WINM26;11/05/2026;16:00:00;184450,00;184475,00;184360,00;184385,00;4109620917,00;111422
WINM26;11/05/2026;15:55:00;184550,00;184600,00;184440,00;184445,00;3664601051,00;99307
WINM26;11/05/2026;15:50:00;184525,00;184625,00;184500,00;184555,00;3034766587,00;82218
WINM26;11/05/2026;15:45:00;184645,00;184650,00;184515,00;184530,00;3529495570,00;95606
WINM26;11/05/2026;15:40:00;184515,00;184675,00;184505,00;184645,00;3366576143,00;91190
WINM26;11/05/2026;15:35:00;184565,00;184575,00;184455,00;184520,00;3918275282,00;106179
WINM26;11/05/2026;15:30:00;184365,00;184650,00;184315,00;184560,00;6454963282,00;174904
WINM26;11/05/2026;15:25:00;184375,00;184400,00;184315,00;184360,00;2118543201,00;57457
WINM26;11/05/2026;15:20:00;184310,00;184430,00;184215,00;184370,00;4929317687,00;133702
WINM26;11/05/2026;15:15:00;184320,00;184360,00;184270,00;184310,00;2266128659,00;61475
WINM26;11/05/2026;15:10:00;184305,00;184340,00;184205,00;184320,00;3821316405,00;103686
WINM26;11/05/2026;15:05:00;184375,00;184415,00;184280,00;184300,00;3525975628,00;95640
WINM26;11/05/2026;15:00:00;184400,00;184560,00;184365,00;184375,00;5552925255,00;150521
WINM26;11/05/2026;14:55:00;184250,00;184435,00;184240,00;184395,00;3696259651,00;100249
WINM26;11/05/2026;14:50:00;184265,00;184350,00;184235,00;184245,00;3244079332,00;88015
WINM26;11/05/2026;14:45:00;184415,00;184415,00;184180,00;184265,00;6256108364,00;169740
WINM26;11/05/2026;14:40:00;184455,00;184485,00;184370,00;184415,00;2997553295,00;81269
WINM26;11/05/2026;14:35:00;184495,00;184505,00;184395,00;184450,00;2684629972,00;72775
WINM26;11/05/2026;14:30:00;184415,00;184520,00;184400,00;184490,00;2866310957,00;77689
WINM26;11/05/2026;14:25:00;184450,00;184485,00;184360,00;184420,00;3172160308,00;86000
WINM26;11/05/2026;14:20:00;184350,00;184470,00;184305,00;184445,00;3816593742,00;103489
WINM26;11/05/2026;14:15:00;184395,00;184405,00;184290,00;184350,00;3105245620,00;84224
WINM26;11/05/2026;14:10:00;184475,00;184475,00;184285,00;184395,00;7037560905,00;190853
WINM26;11/05/2026;14:05:00;184470,00;184610,00;184450,00;184470,00;4833295821,00;130969
WINM26;11/05/2026;14:00:00;184490,00;184495,00;184340,00;184465,00;5058427752,00;137142
WINM26;11/05/2026;13:55:00;184525,00;184575,00;184455,00;184495,00;3764842866,00;102022
WINM26;11/05/2026;13:50:00;184475,00;184570,00;184375,00;184525,00;4785243961,00;129703
WINM26;11/05/2026;13:45:00;184325,00;184545,00;184290,00;184470,00;6711072828,00;181929
WINM26;11/05/2026;13:40:00;184115,00;184340,00;184100,00;184320,00;7346015685,00;199392
WINM26;11/05/2026;13:35:00;184165,00;184195,00;184040,00;184120,00;4399387563,00;119471
WINM26;11/05/2026;13:30:00;184160,00;184175,00;184070,00;184165,00;4796442114,00;130252
WINM26;11/05/2026;13:25:00;184445,00;184455,00;184130,00;184160,00;6218155830,00;168715
WINM26;11/05/2026;13:20:00;184365,00;184485,00;184330,00;184450,00;3172734953,00;86026
WINM26;11/05/2026;13:15:00;184420,00;184500,00;184310,00;184365,00;6149244678,00;166742
WINM26;11/05/2026;13:10:00;184525,00;184540,00;184385,00;184420,00;3433751130,00;93084
WINM26;11/05/2026;13:05:00;184510,00;184545,00;184435,00;184525,00;2935611286,00;79556
WINM26;11/05/2026;13:00:00;184655,00;184660,00;184460,00;184510,00;4786550332,00;129683
WINM26;11/05/2026;12:55:00;184710,00;184725,00;184630,00;184655,00;1943128940,00;52613
WINM26;11/05/2026;12:50:00;184735,00;184785,00;184600,00;184710,00;4758019683,00;128802
WINM26;11/05/2026;12:45:00;184685,00;184740,00;184525,00;184735,00;7051625601,00;190979
WINM26;11/05/2026;12:40:00;184820,00;184845,00;184625,00;184685,00;4369219383,00;118262
WINM26;11/05/2026;12:35:00;184670,00;184835,00;184645,00;184820,00;4157120158,00;112513
WINM26;11/05/2026;12:30:00;184690,00;184720,00;184615,00;184665,00;3175803345,00;85987
WINM26;11/05/2026;12:25:00;184765,00;184765,00;184615,00;184685,00;5178232873,00;140194
WINM26;11/05/2026;12:20:00;184805,00;184825,00;184690,00;184765,00;3575917638,00;96772
WINM26;11/05/2026;12:15:00;184810,00;184875,00;184705,00;184805,00;4536641548,00;122747
WINM26;11/05/2026;12:10:00;184935,00;184970,00;184750,00;184810,00;6360095498,00;172024
WINM26;11/05/2026;12:05:00;184700,00;185055,00;184660,00;184940,00;7945768679,00;214909
WINM26;11/05/2026;12:00:00;184965,00;184970,00;184640,00;184700,00;9692298670,00;262262
WINM26;11/05/2026;11:55:00;185245,00;185255,00;184875,00;184965,00;7414216769,00;200363
WINM26;11/05/2026;11:50:00;185085,00;185255,00;185005,00;185245,00;6895488373,00;186259
WINM26;11/05/2026;11:45:00;185270,00;185325,00;185040,00;185090,00;8399606398,00;226797
WINM26;11/05/2026;11:40:00;185090,00;185440,00;185090,00;185275,00;1,197201077E10;323023
WINM26;11/05/2026;11:35:00;185050,00;185130,00;184920,00;185090,00;6598440719,00;178308
WINM26;11/05/2026;11:30:00;184975,00;185205,00;184885,00;185050,00;1,229175009E10;332125
WINM26;11/05/2026;11:25:00;185010,00;185045,00;184840,00;184975,00;8628919416,00;233298
WINM26;11/05/2026;11:20:00;185190,00;185205,00;184920,00;185015,00;7130030012,00;192660
WINM26;11/05/2026;11:15:00;185075,00;185240,00;184900,00;185195,00;9938413053,00;268522
WINM26;11/05/2026;11:10:00;185045,00;185155,00;184935,00;185080,00;7744735541,00;209258
WINM26;11/05/2026;11:05:00;185430,00;185485,00;184965,00;185040,00;1,364044464E10;368282
WINM26;11/05/2026;11:00:00;185650,00;185755,00;185380,00;185425,00;1,20622047E10;325043
WINM26;11/05/2026;10:55:00;185685,00;185740,00;185460,00;185655,00;1,141458645E10;307518
WINM26;11/05/2026;10:50:00;185965,00;185970,00;185625,00;185680,00;1,376705762E10;370526
WINM26;11/05/2026;10:45:00;186250,00;186355,00;185820,00;185965,00;1,472116508E10;395456
WINM26;11/05/2026;10:40:00;186695,00;186820,00;186215,00;186255,00;1,333784682E10;357669
WINM26;11/05/2026;10:35:00;186555,00;186890,00;186525,00;186700,00;1,391545255E10;372585
WINM26;11/05/2026;10:30:00;186465,00;186750,00;186275,00;186555,00;1,749734941E10;469024
WINM26;11/05/2026;10:25:00;186395,00;186530,00;186275,00;186465,00;9596970229,00;257445
WINM26;11/05/2026;10:20:00;186895,00;186955,00;186390,00;186400,00;1,556029264E10;416683
WINM26;11/05/2026;10:15:00;186320,00;186940,00;186240,00;186900,00;1,569219096E10;420628
WINM26;11/05/2026;10:10:00;185905,00;186380,00;185850,00;186315,00;1,384512468E10;371803
WINM26;11/05/2026;10:05:00;185880,00;186045,00;185835,00;185905,00;8404919798,00;226012
WINM26;11/05/2026;10:00:00;185920,00;186045,00;185635,00;185880,00;1,537700081E10;413729
WINM26;11/05/2026;09:55:00;185890,00;185950,00;185790,00;185920,00;5007550173,00;134706
WINM26;11/05/2026;09:50:00;185890,00;185980,00;185720,00;185885,00;7239095790,00;194759
WINM26;11/05/2026;09:45:00;186005,00;186155,00;185755,00;185895,00;9490403393,00;255187
WINM26;11/05/2026;09:40:00;186150,00;186175,00;185960,00;186000,00;5486029742,00;147408
WINM26;11/05/2026;09:35:00;186070,00;186190,00;185955,00;186155,00;6080839723,00;163412
WINM26;11/05/2026;09:30:00;186220,00;186250,00;185850,00;186070,00;1,143862743E10;307382
WINM26;11/05/2026;09:25:00;186125,00;186265,00;185970,00;186220,00;9697151644,00;260519
WINM26;11/05/2026;09:20:00;185905,00;186185,00;185740,00;186125,00;9885797588,00;265808
WINM26;11/05/2026;09:15:00;185915,00;186030,00;185815,00;185910,00;7763211677,00;208774
WINM26;11/05/2026;09:10:00;185860,00;185990,00;185840,00;185915,00;4449202814,00;119657
WINM26;11/05/2026;09:05:00;185915,00;186010,00;185670,00;185855,00;1,074718606E10;289149
WINM26;11/05/2026;09:00:00;187400,00;187400,00;185825,00;185915,00;1,411683101E10;378694
WINM26;08/05/2026;18:20:00;187095,00;187190,00;186960,00;187190,00;674977757,00;18039
WINM26;08/05/2026;18:15:00;187055,00;187110,00;186965,00;187095,00;899184781,00;24039
WINM26;08/05/2026;18:10:00;186975,00;187080,00;186920,00;187060,00;1311788717,00;35075
WINM26;08/05/2026;18:05:00;186915,00;187090,00;186855,00;186975,00;1428224701,00;38195
WINM26;08/05/2026;18:00:00;187000,00;187105,00;186880,00;186915,00;1560028589,00;41716
WINM26;08/05/2026;17:55:00;187030,00;187130,00;186960,00;186995,00;2002682098,00;53538
WINM26;08/05/2026;17:50:00;186930,00;187055,00;186870,00;187030,00;1751312056,00;46841
WINM26;08/05/2026;17:45:00;186800,00;186975,00;186795,00;186930,00;1867225477,00;49951
WINM26;08/05/2026;17:40:00;186840,00;186875,00;186780,00;186805,00;1066395111,00;28540
WINM26;08/05/2026;17:35:00;186770,00;186880,00;186760,00;186845,00;1903328208,00;50937
WINM26;08/05/2026;17:30:00;186815,00;186835,00;186715,00;186770,00;1646670703,00;44086
WINM26;08/05/2026;17:25:00;186825,00;186850,00;186790,00;186815,00;1046577994,00;28010
WINM26;08/05/2026;17:20:00;186815,00;186885,00;186805,00;186830,00;1844290361,00;49354
WINM26;08/05/2026;17:15:00;186750,00;186820,00;186710,00;186815,00;1839785983,00;49255
WINM26;08/05/2026;17:10:00;186705,00;186800,00;186685,00;186750,00;2211661700,00;59211
WINM26;08/05/2026;17:05:00;186740,00;186755,00;186635,00;186700,00;2202515193,00;58989
WINM26;08/05/2026;17:00:00;186925,00;186950,00;186710,00;186735,00;3506624637,00;93857
WINM26;08/05/2026;16:55:00;186860,00;186950,00;186820,00;186925,00;3714568567,00;99378
WINM26;08/05/2026;16:50:00;186825,00;186975,00;186800,00;186855,00;4234463466,00;113286
WINM26;08/05/2026;16:45:00;186770,00;186845,00;186745,00;186825,00;2087637221,00;55881
WINM26;08/05/2026;16:40:00;186815,00;186855,00;186750,00;186770,00;2602241463,00;69654
WINM26;08/05/2026;16:35:00;186800,00;186880,00;186760,00;186810,00;2828606862,00;75702
WINM26;08/05/2026;16:30:00;186895,00;186900,00;186700,00;186800,00;5030452758,00;134652
WINM26;08/05/2026;16:25:00;187020,00;187025,00;186885,00;186895,00;2881028936,00;77049
WINM26;08/05/2026;16:20:00;187005,00;187075,00;186990,00;187020,00;2145549447,00;57357
WINM26;08/05/2026;16:15:00;186970,00;187065,00;186950,00;187005,00;2485655325,00;66458
WINM26;08/05/2026;16:10:00;187070,00;187085,00;186950,00;186970,00;3724463869,00;99575
WINM26;08/05/2026;16:05:00;187215,00;187265,00;187065,00;187070,00;4025457001,00;107536
WINM26;08/05/2026;16:00:00;187180,00;187305,00;187170,00;187210,00;3430559760,00;91608
WINM26;08/05/2026;15:55:00;187165,00;187200,00;187080,00;187175,00;3468278578,00;92665
WINM26;08/05/2026;15:50:00;187280,00;187360,00;187135,00;187160,00;4050970231,00;108170
WINM26;08/05/2026;15:45:00;187315,00;187345,00;187220,00;187280,00;2953404796,00;78849
WINM26;08/05/2026;15:40:00;187395,00;187405,00;187310,00;187310,00;2134077177,00;56953
WINM26;08/05/2026;15:35:00;187425,00;187485,00;187295,00;187395,00;4862369807,00;129743
WINM26;08/05/2026;15:30:00;187190,00;187435,00;187185,00;187420,00;5334350289,00;142380
WINM26;08/05/2026;15:25:00;187175,00;187225,00;187140,00;187190,00;2035619060,00;54376
WINM26;08/05/2026;15:20:00;187155,00;187255,00;187080,00;187175,00;4170229817,00;111408
WINM26;08/05/2026;15:15:00;187215,00;187270,00;187150,00;187160,00;2234402128,00;59676
WINM26;08/05/2026;15:10:00;187245,00;187295,00;187200,00;187210,00;2128046236,00;56826
WINM26;08/05/2026;15:05:00;187210,00;187295,00;187180,00;187250,00;2624317961,00;70076
WINM26;08/05/2026;15:00:00;187085,00;187300,00;187005,00;187210,00;7884063004,00;210604
WINM26;08/05/2026;14:55:00;187145,00;187170,00;187075,00;187080,00;2985277082,00;79766
WINM26;08/05/2026;14:50:00;187145,00;187205,00;187120,00;187150,00;3192262537,00;85279
WINM26;08/05/2026;14:45:00;187085,00;187175,00;187040,00;187140,00;3436782587,00;91840
WINM26;08/05/2026;14:40:00;186965,00;187110,00;186895,00;187090,00;4463471668,00;119335
WINM26;08/05/2026;14:35:00;187100,00;187110,00;186890,00;186965,00;4635573422,00;123962
WINM26;08/05/2026;14:30:00;187170,00;187180,00;187025,00;187100,00;4335826171,00;115877
WINM26;08/05/2026;14:25:00;187195,00;187250,00;187150,00;187165,00;2120937998,00;56647
WINM26;08/05/2026;14:20:00;187155,00;187285,00;187155,00;187200,00;3332695977,00;89002
WINM26;08/05/2026;14:15:00;187080,00;187245,00;187080,00;187160,00;3565026306,00;95232
WINM26;08/05/2026;14:10:00;187165,00;187195,00;187040,00;187085,00;3147504439,00;84113
WINM26;08/05/2026;14:05:00;187275,00;187320,00;187115,00;187170,00;3465499953,00;92555
WINM26;08/05/2026;14:00:00;187145,00;187290,00;187105,00;187275,00;3658851860,00;97715
WINM26;08/05/2026;13:55:00;187395,00;187400,00;187135,00;187140,00;4650759482,00;124189
WINM26;08/05/2026;13:50:00;187365,00;187455,00;187325,00;187395,00;3108368074,00;82939
WINM26;08/05/2026;13:45:00;187275,00;187430,00;187230,00;187365,00;3985940814,00;106381
WINM26;08/05/2026;13:40:00;187315,00;187340,00;187240,00;187270,00;2123526423,00;56691
WINM26;08/05/2026;13:35:00;187255,00;187390,00;187205,00;187310,00;2932065830,00;78265
WINM26;08/05/2026;13:30:00;187350,00;187360,00;187190,00;187255,00;3301357469,00;88140
WINM26;08/05/2026;13:25:00;187345,00;187420,00;187305,00;187355,00;2957450199,00;78924
WINM26;08/05/2026;13:20:00;187150,00;187370,00;187100,00;187340,00;3985280021,00;106410
WINM26;08/05/2026;13:15:00;187245,00;187320,00;187100,00;187150,00;3657731684,00;97693
WINM26;08/05/2026;13:10:00;187350,00;187385,00;187225,00;187245,00;2774943829,00;74076
WINM26;08/05/2026;13:05:00;187440,00;187490,00;187285,00;187350,00;4807681618,00;128282
WINM26;08/05/2026;13:00:00;187100,00;187515,00;187090,00;187435,00;5871555252,00;156723
WINM26;08/05/2026;12:55:00;187080,00;187165,00;187005,00;187105,00;3924214989,00;104881
WINM26;08/05/2026;12:50:00;187195,00;187220,00;187055,00;187080,00;2730990842,00;72972
WINM26;08/05/2026;12:45:00;187115,00;187290,00;187095,00;187195,00;3817828889,00;101971
WINM26;08/05/2026;12:40:00;187255,00;187295,00;187035,00;187120,00;5086081835,00;135875
WINM26;08/05/2026;12:35:00;187365,00;187425,00;187235,00;187255,00;3443317010,00;91896
WINM26;08/05/2026;12:30:00;187365,00;187390,00;187185,00;187370,00;4819149049,00;128652
WINM26;08/05/2026;12:25:00;187170,00;187405,00;187155,00;187360,00;4557836979,00;121668
WINM26;08/05/2026;12:20:00;187255,00;187300,00;187100,00;187170,00;5653289444,00;150997
WINM26;08/05/2026;12:15:00;187280,00;187390,00;187200,00;187250,00;5189933640,00;138559
WINM26;08/05/2026;12:10:00;187500,00;187500,00;187245,00;187285,00;7095583252,00;189357
WINM26;08/05/2026;12:05:00;187300,00;187580,00;187205,00;187500,00;8020859844,00;214008
WINM26;08/05/2026;12:00:00;187590,00;187650,00;187295,00;187300,00;5690067112,00;151752
WINM26;08/05/2026;11:55:00;187540,00;187715,00;187440,00;187590,00;6408980897,00;170836
WINM26;08/05/2026;11:50:00;187745,00;187960,00;187500,00;187540,00;8117089965,00;216151
WINM26;08/05/2026;11:45:00;187970,00;188000,00;187690,00;187750,00;7520836125,00;200196
WINM26;08/05/2026;11:40:00;187740,00;188065,00;187710,00;187970,00;7800553639,00;207571
WINM26;08/05/2026;11:35:00;187440,00;187775,00;187340,00;187735,00;8064576917,00;215000
WINM26;08/05/2026;11:30:00;187560,00;187795,00;187410,00;187440,00;8690974102,00;231616
WINM26;08/05/2026;11:25:00;187365,00;187930,00;187365,00;187565,00;1,176147112E10;313354
WINM26;08/05/2026;11:20:00;187465,00;187505,00;187290,00;187365,00;6153374134,00;164194
WINM26;08/05/2026;11:15:00;187225,00;187575,00;187160,00;187465,00;8762202250,00;233784
WINM26;08/05/2026;11:10:00;187170,00;187305,00;187035,00;187225,00;7869133570,00;210195
WINM26;08/05/2026;11:05:00;187325,00;187345,00;187080,00;187170,00;1,02558799E10;273919
WINM26;08/05/2026;11:00:00;187595,00;187625,00;187210,00;187320,00;1,099111569E10;293332
WINM26;08/05/2026;10:55:00;187670,00;187830,00;187470,00;187595,00;9659107865,00;257382
WINM26;08/05/2026;10:50:00;187845,00;188080,00;187610,00;187670,00;9821145174,00;261393
WINM26;08/05/2026;10:45:00;187875,00;188000,00;187710,00;187845,00;9918752930,00;263988
WINM26;08/05/2026;10:40:00;188110,00;188255,00;187770,00;187880,00;1,473218179E10;391718
WINM26;08/05/2026;10:35:00;187610,00;188195,00;187555,00;188110,00;1,479917902E10;393765
WINM26;08/05/2026;10:30:00;187865,00;187955,00;187410,00;187610,00;1,611582609E10;429361
WINM26;08/05/2026;10:25:00;187695,00;187930,00;187615,00;187865,00;9449684056,00;251643
WINM26;08/05/2026;10:20:00;188025,00;188045,00;187690,00;187695,00;8510133199,00;226526
WINM26;08/05/2026;10:15:00;187815,00;188090,00;187685,00;188025,00;1,224062953E10;325675
WINM26;08/05/2026;10:10:00;187710,00;188015,00;187475,00;187815,00;1,755368869E10;467436
WINM26;08/05/2026;10:05:00;187345,00;187735,00;187210,00;187705,00;1,32762182E10;354167
WINM26;08/05/2026;10:00:00;187730,00;187740,00;187270,00;187340,00;1,505309786E10;401564
WINM26;08/05/2026;09:55:00;187730,00;187850,00;187550,00;187730,00;1,003894539E10;267407
WINM26;08/05/2026;09:50:00;187490,00;187740,00;187460,00;187725,00;9317841361,00;248338
WINM26;08/05/2026;09:45:00;187485,00;187535,00;187350,00;187490,00;5554599110,00;148168
WINM26;08/05/2026;09:40:00;187445,00;187585,00;187350,00;187490,00;6475407248,00;172708
WINM26;08/05/2026;09:35:00;187270,00;187615,00;187240,00;187445,00;1,30750727E10;348769
WINM26;08/05/2026;09:30:00;186920,00;187330,00;186520,00;187265,00;1,387102408E10;370822
WINM26;08/05/2026;09:25:00;186725,00;187035,00;186635,00;186910,00;7661984359,00;205031
WINM26;08/05/2026;09:20:00;186830,00;186970,00;186710,00;186725,00;9020031723,00;241397
WINM26;08/05/2026;09:15:00;186720,00;186860,00;186570,00;186835,00;7672465468,00;205460
WINM26;08/05/2026;09:10:00;186390,00;186745,00;186360,00;186715,00;1,176966178E10;315408
WINM26;08/05/2026;09:05:00;186010,00;186400,00;185900,00;186395,00;9516362856,00;255547
WINM26;08/05/2026;09:00:00;186000,00;186225,00;185800,00;186010,00;1,154773326E10;310441
WINM26;07/05/2026;18:20:00;185295,00;185340,00;185180,00;185260,00;1829080894,00;49366
WINM26;07/05/2026;18:15:00;185335,00;185410,00;185295,00;185300,00;1236950347,00;33368
WINM26;07/05/2026;18:10:00;185395,00;185450,00;185285,00;185340,00;1491476749,00;40228
WINM26;07/05/2026;18:05:00;185445,00;185465,00;185375,00;185395,00;891155791,00;24031
WINM26;07/05/2026;18:00:00;185500,00;185525,00;185405,00;185445,00;1033748330,00;27870
WINM26;07/05/2026;17:55:00;185555,00;185565,00;185465,00;185495,00;1254639201,00;33814
WINM26;07/05/2026;17:50:00;185515,00;185560,00;185475,00;185555,00;797203448,00;21487
WINM26;07/05/2026;17:45:00;185560,00;185585,00;185460,00;185515,00;1641136596,00;44230
WINM26;07/05/2026;17:40:00;185430,00;185560,00;185415,00;185555,00;1794533475,00;48373
WINM26;07/05/2026;17:35:00;185620,00;185635,00;185360,00;185435,00;3532866176,00;95241
WINM26;07/05/2026;17:30:00;185550,00;185670,00;185450,00;185620,00;2915481736,00;78555
WINM26;07/05/2026;17:25:00;185525,00;185600,00;185515,00;185555,00;1529852710,00;41221
WINM26;07/05/2026;17:20:00;185645,00;185655,00;185510,00;185525,00;2252812475,00;60702
WINM26;07/05/2026;17:15:00;185690,00;185715,00;185610,00;185650,00;1768837414,00;47638
WINM26;07/05/2026;17:10:00;185755,00;185765,00;185660,00;185685,00;2061574503,00;55507
WINM26;07/05/2026;17:05:00;185765,00;185795,00;185725,00;185760,00;1665404745,00;44828
WINM26;07/05/2026;17:00:00;185605,00;185840,00;185570,00;185760,00;5735039805,00;154392
WINM26;07/05/2026;16:55:00;185535,00;185700,00;185470,00;185605,00;4787309226,00;128973
WINM26;07/05/2026;16:50:00;185735,00;185780,00;185385,00;185530,00;8712779818,00;234778
WINM26;07/05/2026;16:45:00;185875,00;185880,00;185725,00;185735,00;3724308111,00;100236
WINM26;07/05/2026;16:40:00;185920,00;185945,00;185825,00;185870,00;2637770824,00;70957
WINM26;07/05/2026;16:35:00;185900,00;185955,00;185835,00;185925,00;2936054163,00;78965
WINM26;07/05/2026;16:30:00;185850,00;185915,00;185825,00;185900,00;2767758762,00;74455
WINM26;07/05/2026;16:25:00;185865,00;185955,00;185745,00;185850,00;6250372784,00;168160
WINM26;07/05/2026;16:20:00;185965,00;186015,00;185855,00;185870,00;3299022684,00;88712
WINM26;07/05/2026;16:15:00;186015,00;186070,00;185850,00;185970,00;5224345939,00;140470
WINM26;07/05/2026;16:10:00;186025,00;186115,00;185995,00;186015,00;2882581803,00;77468
WINM26;07/05/2026;16:05:00;186035,00;186060,00;185955,00;186030,00;2684759440,00;72169
WINM26;07/05/2026;16:00:00;186060,00;186105,00;185970,00;186030,00;3421878968,00;91975
WINM26;07/05/2026;15:55:00;186005,00;186170,00;185990,00;186065,00;5223523683,00;140354
WINM26;07/05/2026;15:50:00;185945,00;186035,00;185855,00;186010,00;4335414376,00;116575
WINM26;07/05/2026;15:45:00;185930,00;186060,00;185815,00;185945,00;5606530294,00;150742
WINM26;07/05/2026;15:40:00;186105,00;186165,00;185815,00;185935,00;6857738256,00;184329
WINM26;07/05/2026;15:35:00;186225,00;186265,00;186010,00;186110,00;6954471099,00;186840
WINM26;07/05/2026;15:30:00;186175,00;186380,00;186170,00;186230,00;5735175063,00;153936
WINM26;07/05/2026;15:25:00;186150,00;186205,00;186110,00;186175,00;3084631841,00;82848
WINM26;07/05/2026;15:20:00;186005,00;186240,00;185955,00;186155,00;6104469352,00;163997
WINM26;07/05/2026;15:15:00;185945,00;186080,00;185930,00;186005,00;4465006288,00;120024
WINM26;07/05/2026;15:10:00;185925,00;185955,00;185860,00;185945,00;3282611152,00;88282
WINM26;07/05/2026;15:05:00;185950,00;186005,00;185895,00;185925,00;4327443528,00;116357
WINM26;07/05/2026;15:00:00;186145,00;186195,00;185935,00;185955,00;5563887235,00;149525
WINM26;07/05/2026;14:55:00;185985,00;186200,00;185970,00;186145,00;7543665500,00;202691
WINM26;07/05/2026;14:50:00;185890,00;185990,00;185840,00;185990,00;3929842737,00;105683
WINM26;07/05/2026;14:45:00;185895,00;185960,00;185835,00;185890,00;4471950631,00;120276
WINM26;07/05/2026;14:40:00;185820,00;185915,00;185810,00;185900,00;3899171297,00;104896
WINM26;07/05/2026;14:35:00;185785,00;185895,00;185680,00;185825,00;5349790702,00;143968
WINM26;07/05/2026;14:30:00;185685,00;185840,00;185555,00;185785,00;8347052013,00;224747
WINM26;07/05/2026;14:25:00;186265,00;186300,00;185430,00;185680,00;2,004283236E10;539320
WINM26;07/05/2026;14:20:00;186045,00;186295,00;186005,00;186260,00;5432510476,00;145899
WINM26;07/05/2026;14:15:00;186185,00;186200,00;186000,00;186045,00;6588248579,00;177004
WINM26;07/05/2026;14:10:00;186310,00;186330,00;186130,00;186190,00;5300097562,00;142316
WINM26;07/05/2026;14:05:00;186270,00;186440,00;186230,00;186315,00;6204713072,00;166484
WINM26;07/05/2026;14:00:00;186250,00;186285,00;186105,00;186270,00;6237864688,00;167510
WINM26;07/05/2026;13:55:00;186455,00;186470,00;186160,00;186250,00;8376657244,00;224830
WINM26;07/05/2026;13:50:00;186465,00;186485,00;186365,00;186450,00;3388236915,00;90875
WINM26;07/05/2026;13:45:00;186410,00;186545,00;186395,00;186465,00;4712971841,00;126368
WINM26;07/05/2026;13:40:00;186370,00;186475,00;186340,00;186415,00;4138685106,00;111012
WINM26;07/05/2026;13:35:00;186530,00;186545,00;186325,00;186375,00;5767152766,00;154681
WINM26;07/05/2026;13:30:00;186690,00;186730,00;186515,00;186525,00;4817219342,00;129082
WINM26;07/05/2026;13:25:00;186705,00;186765,00;186660,00;186690,00;3278858554,00;87805
WINM26;07/05/2026;13:20:00;186615,00;186735,00;186600,00;186705,00;3610908708,00;96714
WINM26;07/05/2026;13:15:00;186630,00;186685,00;186475,00;186620,00;5631923062,00;150920
WINM26;07/05/2026;13:10:00;186620,00;186690,00;186535,00;186625,00;4625425979,00;123926
WINM26;07/05/2026;13:05:00;186560,00;186640,00;186475,00;186625,00;4215403508,00;112975
WINM26;07/05/2026;13:00:00;186485,00;186615,00;186415,00;186565,00;5648625194,00;151416
WINM26;07/05/2026;12:55:00;186515,00;186540,00;186415,00;186490,00;3858127102,00;103449
WINM26;07/05/2026;12:50:00;186465,00;186560,00;186410,00;186520,00;4165728884,00;111692
WINM26;07/05/2026;12:45:00;186595,00;186605,00;186360,00;186465,00;7154749191,00;191837
WINM26;07/05/2026;12:40:00;186690,00;186780,00;186585,00;186595,00;4208580743,00;112722
WINM26;07/05/2026;12:35:00;186735,00;186765,00;186620,00;186695,00;3679832284,00;98553
WINM26;07/05/2026;12:30:00;186705,00;186780,00;186655,00;186730,00;4583990449,00;122748
WINM26;07/05/2026;12:25:00;186665,00;186755,00;186470,00;186705,00;9202179505,00;246537
WINM26;07/05/2026;12:20:00;186965,00;186970,00;186605,00;186665,00;9691794939,00;259475
WINM26;07/05/2026;12:15:00;187190,00;187220,00;186880,00;186960,00;7520281906,00;201024
WINM26;07/05/2026;12:10:00;187100,00;187230,00;187015,00;187190,00;5789614838,00;154707
WINM26;07/05/2026;12:05:00;186885,00;187185,00;186880,00;187105,00;8165426194,00;218239
WINM26;07/05/2026;12:00:00;186950,00;187040,00;186805,00;186890,00;6670776171,00;178467
WINM26;07/05/2026;11:55:00;186950,00;187045,00;186890,00;186950,00;6527734312,00;174562
WINM26;07/05/2026;11:50:00;186795,00;186965,00;186705,00;186950,00;7038800234,00;188340
WINM26;07/05/2026;11:45:00;186690,00;186815,00;186615,00;186790,00;5217575777,00;139717
WINM26;07/05/2026;11:40:00;186675,00;186735,00;186515,00;186695,00;7126636554,00;190926
WINM26;07/05/2026;11:35:00;186725,00;186830,00;186635,00;186670,00;5781446271,00;154806
WINM26;07/05/2026;11:30:00;186610,00;186835,00;186605,00;186725,00;7388279231,00;197829
WINM26;07/05/2026;11:25:00;186795,00;186825,00;186555,00;186610,00;6717119241,00;179893
WINM26;07/05/2026;11:20:00;186725,00;186835,00;186615,00;186795,00;9129997675,00;244467
WINM26;07/05/2026;11:15:00;186605,00;186775,00;186520,00;186725,00;9807481253,00;262738
WINM26;07/05/2026;11:10:00;186610,00;186745,00;186490,00;186610,00;7443653832,00;199443
WINM26;07/05/2026;11:05:00;186400,00;186725,00;186280,00;186615,00;1,188827253E10;318651
WINM26;07/05/2026;11:00:00;186585,00;186695,00;186320,00;186405,00;1,209847931E10;324365
WINM26;07/05/2026;10:55:00;186980,00;187050,00;186430,00;186590,00;1,390391213E10;372237
WINM26;07/05/2026;10:50:00;186995,00;187190,00;186875,00;186980,00;1,016989595E10;271860
WINM26;07/05/2026;10:45:00;187070,00;187255,00;186800,00;186990,00;1,767698726E10;472662
WINM26;07/05/2026;10:40:00;187325,00;187395,00;187000,00;187075,00;1,364981594E10;364629
WINM26;07/05/2026;10:35:00;187865,00;187930,00;187260,00;187320,00;1,623960342E10;432987
WINM26;07/05/2026;10:30:00;188260,00;188275,00;187730,00;187870,00;1,88937261E10;502671
WINM26;07/05/2026;10:25:00;188355,00;188480,00;188200,00;188265,00;1,026453275E10;272525
WINM26;07/05/2026;10:20:00;188840,00;188975,00;188315,00;188360,00;1,563442779E10;414436
WINM26;07/05/2026;10:15:00;188635,00;188855,00;188340,00;188840,00;1,580677421E10;419109
WINM26;07/05/2026;10:10:00;189050,00;189070,00;188440,00;188630,00;1,667636305E10;441870
WINM26;07/05/2026;10:05:00;189195,00;189210,00;188935,00;189055,00;1,010224636E10;267193
WINM26;07/05/2026;10:00:00;189625,00;189685,00;188825,00;189190,00;1,971795092E10;521100
WINM26;07/05/2026;09:55:00;189545,00;189700,00;189490,00;189625,00;6684910043,00;176307
WINM26;07/05/2026;09:50:00;189610,00;189675,00;189440,00;189545,00;8088365059,00;213360
WINM26;07/05/2026;09:45:00;189655,00;189680,00;189340,00;189610,00;1,149554375E10;303333
WINM26;07/05/2026;09:40:00;189720,00;189765,00;189525,00;189650,00;1,048991728E10;276575
WINM26;07/05/2026;09:35:00;189675,00;189795,00;189595,00;189715,00;9287993534,00;244811
WINM26;07/05/2026;09:30:00;189510,00;189690,00;189230,00;189670,00;1,191405311E10;314471
WINM26;07/05/2026;09:25:00;189390,00;189540,00;189255,00;189505,00;8792929352,00;232114
WINM26;07/05/2026;09:20:00;189385,00;189425,00;189200,00;189385,00;8538502073,00;225515
WINM26;07/05/2026;09:15:00;189510,00;189550,00;189325,00;189385,00;7599752107,00;200603
WINM26;07/05/2026;09:10:00;189475,00;189655,00;189425,00;189510,00;7520477900,00;198391
WINM26;07/05/2026;09:05:00;189995,00;190155,00;189460,00;189480,00;1,37999698E10;363584
WINM26;07/05/2026;09:00:00;190300,00;190575,00;189980,00;189990,00;9859856617,00;259051
WINM26;06/05/2026;18:20:00;190050,00;190080,00;190000,00;190000,00;1330360498,00;35007
WINM26;06/05/2026;18:15:00;190000,00;190065,00;189975,00;190050,00;699752238,00;18412
WINM26;06/05/2026;18:10:00;190005,00;190040,00;189965,00;190000,00;829200657,00;21821
WINM26;06/05/2026;18:05:00;190045,00;190065,00;189995,00;190000,00;655230849,00;17240
WINM26;06/05/2026;18:00:00;190000,00;190060,00;189955,00;190040,00;1026014114,00;27000
WINM26;06/05/2026;17:55:00;190040,00;190065,00;189990,00;190000,00;781389375,00;20560
WINM26;06/05/2026;17:50:00;189945,00;190085,00;189935,00;190035,00;1930625306,00;50798
WINM26;06/05/2026;17:45:00;189905,00;189970,00;189900,00;189945,00;1381438602,00;36366
WINM26;06/05/2026;17:40:00;189980,00;190020,00;189870,00;189905,00;1925941951,00;50700
WINM26;06/05/2026;17:35:00;190065,00;190100,00;189945,00;189985,00;2230390170,00;58690
WINM26;06/05/2026;17:30:00;190290,00;190310,00;190040,00;190060,00;4035942808,00;106134
WINM26;06/05/2026;17:25:00;190285,00;190340,00;190260,00;190285,00;1421594140,00;37351
WINM26;06/05/2026;17:20:00;190280,00;190310,00;190240,00;190285,00;1232800640,00;32395
WINM26;06/05/2026;17:15:00;190225,00;190295,00;190220,00;190275,00;1658795550,00;43591
WINM26;06/05/2026;17:10:00;190320,00;190330,00;190190,00;190225,00;3259950700,00;85676
WINM26;06/05/2026;17:05:00;190485,00;190525,00;190275,00;190320,00;3992120738,00;104842
WINM26;06/05/2026;17:00:00;190590,00;190660,00;190455,00;190485,00;4032184780,00;105822
WINM26;06/05/2026;16:55:00;190595,00;190745,00;190570,00;190590,00;5893337818,00;154556
WINM26;06/05/2026;16:50:00;190545,00;190645,00;190540,00;190595,00;3256257669,00;85425
WINM26;06/05/2026;16:45:00;190480,00;190620,00;190440,00;190545,00;4576883937,00;120103
WINM26;06/05/2026;16:40:00;190550,00;190595,00;190435,00;190480,00;4378513728,00;114915
WINM26;06/05/2026;16:35:00;190615,00;190660,00;190530,00;190550,00;2986454042,00;78345
WINM26;06/05/2026;16:30:00;190720,00;190725,00;190590,00;190615,00;4439407751,00;116431
WINM26;06/05/2026;16:25:00;190880,00;190925,00;190685,00;190720,00;4212241237,00;110381
WINM26;06/05/2026;16:20:00;190905,00;190980,00;190835,00;190880,00;3384536567,00;88643
WINM26;06/05/2026;16:15:00;190950,00;191010,00;190825,00;190900,00;5645131109,00;147842
WINM26;06/05/2026;16:10:00;190945,00;191005,00;190880,00;190950,00;4695250381,00;122953
WINM26;06/05/2026;16:05:00;190875,00;190975,00;190825,00;190945,00;4501748622,00;117910
WINM26;06/05/2026;16:00:00;190720,00;190930,00;190675,00;190870,00;5413135570,00;141838
WINM26;06/05/2026;15:55:00;190655,00;190740,00;190610,00;190715,00;3563460132,00;93438
WINM26;06/05/2026;15:50:00;190585,00;190670,00;190535,00;190650,00;3074470326,00;80650
WINM26;06/05/2026;15:45:00;190550,00;190625,00;190505,00;190580,00;3740574673,00;98142
WINM26;06/05/2026;15:40:00;190465,00;190595,00;190415,00;190550,00;4298573000,00;112813
WINM26;06/05/2026;15:35:00;190380,00;190495,00;190325,00;190465,00;3288845664,00;86354
WINM26;06/05/2026;15:30:00;190310,00;190385,00;190275,00;190380,00;2260250230,00;59376
WINM26;06/05/2026;15:25:00;190290,00;190345,00;190230,00;190310,00;3043670080,00;79979
WINM26;06/05/2026;15:20:00;190300,00;190385,00;190280,00;190290,00;2158397512,00;56700
WINM26;06/05/2026;15:15:00;190275,00;190370,00;190245,00;190300,00;2961513382,00;77810
WINM26;06/05/2026;15:10:00;190415,00;190430,00;190270,00;190280,00;3071335880,00;80683
WINM26;06/05/2026;15:05:00;190310,00;190450,00;190245,00;190420,00;3910916768,00;102737
WINM26;06/05/2026;15:00:00;190300,00;190450,00;190230,00;190305,00;5513812580,00;144847
WINM26;06/05/2026;14:55:00;190240,00;190395,00;190240,00;190305,00;4531192897,00;119044
WINM26;06/05/2026;14:50:00;190210,00;190295,00;190175,00;190240,00;3373163802,00;88656
WINM26;06/05/2026;14:45:00;190470,00;190535,00;190145,00;190215,00;7397019558,00;194333
WINM26;06/05/2026;14:40:00;190425,00;190485,00;190355,00;190465,00;2983423042,00;78337
WINM26;06/05/2026;14:35:00;190465,00;190495,00;190335,00;190420,00;4148514224,00;108935
WINM26;06/05/2026;14:30:00;190580,00;190600,00;190450,00;190465,00;3592915640,00;94297
WINM26;06/05/2026;14:25:00;190760,00;190765,00;190525,00;190580,00;4396790102,00;115313
WINM26;06/05/2026;14:20:00;190775,00;190875,00;190735,00;190760,00;2628869823,00;68889
WINM26;06/05/2026;14:15:00;190810,00;190850,00;190715,00;190770,00;3995706484,00;104717
WINM26;06/05/2026;14:10:00;190905,00;190950,00;190765,00;190810,00;4238770786,00;111043
WINM26;06/05/2026;14:05:00;190905,00;191010,00;190825,00;190900,00;5156548930,00;135048
WINM26;06/05/2026;14:00:00;190545,00;190910,00;190510,00;190910,00;5709685494,00;149700
WINM26;06/05/2026;13:55:00;190580,00;190775,00;190440,00;190540,00;8276535636,00;217116
WINM26;06/05/2026;13:50:00;190770,00;190795,00;190480,00;190580,00;5133942271,00;134671
WINM26;06/05/2026;13:45:00;190810,00;190845,00;190675,00;190770,00;4531586051,00;118780
WINM26;06/05/2026;13:40:00;191005,00;191045,00;190795,00;190810,00;5221383937,00;136736
WINM26;06/05/2026;13:35:00;190750,00;191020,00;190715,00;191010,00;4831842077,00;126588
WINM26;06/05/2026;13:30:00;190895,00;190900,00;190745,00;190750,00;3050318179,00;79929
WINM26;06/05/2026;13:25:00;190975,00;190980,00;190830,00;190900,00;4274404897,00;111955
WINM26;06/05/2026;13:20:00;191020,00;191080,00;190930,00;190975,00;3229478665,00;84540
WINM26;06/05/2026;13:15:00;190995,00;191115,00;190930,00;191020,00;4680014318,00;122500
WINM26;06/05/2026;13:10:00;190890,00;191070,00;190825,00;191000,00;4799152377,00;125664
WINM26;06/05/2026;13:05:00;190835,00;190900,00;190740,00;190890,00;3307161510,00;86659
WINM26;06/05/2026;13:00:00;190710,00;190890,00;190640,00;190830,00;4484475046,00;117540
WINM26;06/05/2026;12:55:00;190765,00;190910,00;190695,00;190710,00;3940376048,00;103250
WINM26;06/05/2026;12:50:00;190805,00;190875,00;190715,00;190760,00;3117396234,00;81691
WINM26;06/05/2026;12:45:00;190660,00;190850,00;190615,00;190805,00;4769699406,00;125035
WINM26;06/05/2026;12:40:00;190700,00;190740,00;190545,00;190660,00;5280002197,00;138487
WINM26;06/05/2026;12:35:00;190715,00;190800,00;190635,00;190695,00;3581277404,00;93893
WINM26;06/05/2026;12:30:00;190780,00;190860,00;190690,00;190715,00;4330638883,00;113508
WINM26;06/05/2026;12:25:00;190795,00;190915,00;190700,00;190780,00;4389595107,00;115018
WINM26;06/05/2026;12:20:00;190825,00;190940,00;190630,00;190795,00;6280521702,00;164599
WINM26;06/05/2026;12:15:00;190770,00;190865,00;190710,00;190830,00;5163967235,00;135333
WINM26;06/05/2026;12:10:00;190420,00;190830,00;190400,00;190770,00;8550715599,00;224284
WINM26;06/05/2026;12:05:00;190430,00;190485,00;190250,00;190420,00;6866570680,00;180355
WINM26;06/05/2026;12:00:00;190490,00;190580,00;190195,00;190430,00;8266388926,00;217107
WINM26;06/05/2026;11:55:00;190480,00;190680,00;190365,00;190485,00;7486436293,00;196466
WINM26;06/05/2026;11:50:00;190805,00;190870,00;190425,00;190485,00;7275622631,00;190800
WINM26;06/05/2026;11:45:00;190900,00;191130,00;190730,00;190800,00;1,129746108E10;295846
WINM26;06/05/2026;11:40:00;190440,00;190970,00;190430,00;190900,00;1,252223149E10;328343
WINM26;06/05/2026;11:35:00;190125,00;190515,00;190095,00;190440,00;1,06038757E10;278619
WINM26;06/05/2026;11:30:00;189750,00;190155,00;189650,00;190130,00;9920188201,00;261245
WINM26;06/05/2026;11:25:00;189710,00;190015,00;189670,00;189745,00;9143126347,00;240779
WINM26;06/05/2026;11:20:00;189845,00;189970,00;189635,00;189710,00;7463228917,00;196635
WINM26;06/05/2026;11:15:00;189905,00;190040,00;189685,00;189840,00;8873014680,00;233698
WINM26;06/05/2026;11:10:00;189945,00;190000,00;189705,00;189910,00;1,14203151E10;300779
WINM26;06/05/2026;11:05:00;189855,00;190055,00;189755,00;189945,00;1,139909435E10;300128
WINM26;06/05/2026;11:00:00;190195,00;190240,00;189770,00;189855,00;1,356049365E10;356823
WINM26;06/05/2026;10:55:00;190775,00;190780,00;190145,00;190200,00;1,349090189E10;354317
WINM26;06/05/2026;10:50:00;191050,00;191055,00;190520,00;190775,00;1,431428893E10;375249
WINM26;06/05/2026;10:45:00;191265,00;191340,00;190870,00;191050,00;1,316073552E10;344314
WINM26;06/05/2026;10:40:00;191220,00;191475,00;191145,00;191265,00;1,134008613E10;296370
WINM26;06/05/2026;10:35:00;190980,00;191365,00;190840,00;191225,00;1,378074711E10;360559
WINM26;06/05/2026;10:30:00;191470,00;191515,00;190890,00;190980,00;1,802855545E10;471521
WINM26;06/05/2026;10:25:00;191275,00;191530,00;191150,00;191470,00;1,171487811E10;306130
WINM26;06/05/2026;10:20:00;191060,00;191275,00;190900,00;191275,00;8999973891,00;235505
WINM26;06/05/2026;10:15:00;190815,00;191100,00;190600,00;191060,00;1,345182067E10;352327
WINM26;06/05/2026;10:10:00;190480,00;190885,00;190435,00;190815,00;1,157052939E10;303348
WINM26;06/05/2026;10:05:00;191160,00;191215,00;190350,00;190480,00;1,837634897E10;481755
WINM26;06/05/2026;10:00:00;191390,00;191395,00;191040,00;191155,00;1,399833388E10;366025
WINM26;06/05/2026;09:55:00;191530,00;191630,00;191345,00;191390,00;6810052346,00;177830
WINM26;06/05/2026;09:50:00;191835,00;191835,00;191470,00;191525,00;9602180782,00;250577
WINM26;06/05/2026;09:45:00;191900,00;191980,00;191750,00;191830,00;7816705020,00;203696
WINM26;06/05/2026;09:40:00;192105,00;192115,00;191730,00;191900,00;1,10719622E10;288529
WINM26;06/05/2026;09:35:00;192390,00;192460,00;192065,00;192110,00;9148711449,00;237948
WINM26;06/05/2026;09:30:00;192405,00;192560,00;192205,00;192395,00;1,208868743E10;314166
WINM26;06/05/2026;09:25:00;191935,00;192465,00;191880,00;192405,00;1,300701136E10;338312
WINM26;06/05/2026;09:20:00;191485,00;191985,00;191395,00;191935,00;1,32455411E10;345507
WINM26;06/05/2026;09:15:00;191395,00;191600,00;191150,00;191485,00;1,153639137E10;301435
WINM26;06/05/2026;09:10:00;191105,00;191700,00;191000,00;191400,00;1,326013214E10;346394
WINM26;06/05/2026;09:05:00;191455,00;191500,00;191085,00;191105,00;1,081344368E10;282692
WINM26;06/05/2026;09:00:00;191440,00;191535,00;191035,00;191450,00;1,343771706E10;351216
WINM26;05/05/2026;18:20:00;189430,00;189460,00;189345,00;189400,00;1325067054,00;34980
WINM26;05/05/2026;18:15:00;189445,00;189470,00;189395,00;189430,00;834292053,00;22021
WINM26;05/05/2026;18:10:00;189500,00;189540,00;189430,00;189440,00;902531588,00;23815
WINM26;05/05/2026;18:05:00;189555,00;189615,00;189470,00;189500,00;1253895592,00;33079
WINM26;05/05/2026;18:00:00;189465,00;189585,00;189435,00;189555,00;1412366534,00;37259
WINM26;05/05/2026;17:55:00;189405,00;189495,00;189400,00;189465,00;1397715080,00;36886
WINM26;05/05/2026;17:50:00;189405,00;189435,00;189385,00;189405,00;709611076,00;18732
WINM26;05/05/2026;17:45:00;189435,00;189470,00;189400,00;189405,00;930697372,00;24565
WINM26;05/05/2026;17:40:00;189465,00;189470,00;189420,00;189435,00;1239410777,00;32712
WINM26;05/05/2026;17:35:00;189575,00;189585,00;189440,00;189465,00;1782669294,00;47035
WINM26;05/05/2026;17:30:00;189575,00;189600,00;189535,00;189580,00;1076440595,00;28392
WINM26;05/05/2026;17:25:00;189560,00;189640,00;189545,00;189575,00;1632412106,00;43052
WINM26;05/05/2026;17:20:00;189590,00;189595,00;189520,00;189565,00;1423895225,00;37559
WINM26;05/05/2026;17:15:00;189620,00;189640,00;189565,00;189590,00;1513114621,00;39904
WINM26;05/05/2026;17:10:00;189570,00;189650,00;189545,00;189625,00;2270583993,00;59878
WINM26;05/05/2026;17:05:00;189385,00;189585,00;189385,00;189565,00;4152014683,00;109550
WINM26;05/05/2026;17:00:00;189360,00;189405,00;189340,00;189380,00;2368184349,00;62528
WINM26;05/05/2026;16:55:00;189360,00;189395,00;189300,00;189350,00;3261243738,00;86117
WINM26;05/05/2026;16:50:00;189495,00;189500,00;189355,00;189360,00;5026799871,00;132692
WINM26;05/05/2026;16:45:00;189530,00;189580,00;189440,00;189500,00;4340775184,00;114529
WINM26;05/05/2026;16:40:00;189655,00;189675,00;189515,00;189530,00;3128597329,00;82510
WINM26;05/05/2026;16:35:00;189695,00;189715,00;189615,00;189655,00;2538205924,00;66916
WINM26;05/05/2026;16:30:00;189690,00;189725,00;189645,00;189690,00;2763321575,00;72840
WINM26;05/05/2026;16:25:00;189550,00;189725,00;189550,00;189685,00;4162856237,00;109741
WINM26;05/05/2026;16:20:00;189600,00;189630,00;189545,00;189550,00;2391394420,00;63069
WINM26;05/05/2026;16:15:00;189590,00;189615,00;189515,00;189595,00;2399292201,00;63282
WINM26;05/05/2026;16:10:00;189650,00;189650,00;189530,00;189595,00;3646807704,00;96178
WINM26;05/05/2026;16:05:00;189670,00;189715,00;189620,00;189645,00;2074281918,00;54683
WINM26;05/05/2026;16:00:00;189655,00;189725,00;189595,00;189665,00;3660656239,00;96505
WINM26;05/05/2026;15:55:00;189695,00;189720,00;189615,00;189660,00;3048704403,00;80372
WINM26;05/05/2026;15:50:00;189630,00;189710,00;189620,00;189690,00;2592575330,00;68345
WINM26;05/05/2026;15:45:00;189595,00;189660,00;189575,00;189625,00;1984060351,00;52317
WINM26;05/05/2026;15:40:00;189580,00;189675,00;189520,00;189595,00;3543501431,00;93445
WINM26;05/05/2026;15:35:00;189605,00;189620,00;189470,00;189580,00;3945521950,00;104084
WINM26;05/05/2026;15:30:00;189620,00;189670,00;189570,00;189600,00;3339172054,00;88047
WINM26;05/05/2026;15:25:00;189585,00;189730,00;189545,00;189625,00;5834636938,00;153824
WINM26;05/05/2026;15:20:00;189505,00;189635,00;189505,00;189585,00;3465440133,00;91400
WINM26;05/05/2026;15:15:00;189505,00;189570,00;189410,00;189510,00;4481480457,00;118250
WINM26;05/05/2026;15:10:00;189395,00;189680,00;189390,00;189505,00;7479826964,00;197311
WINM26;05/05/2026;15:05:00;189345,00;189460,00;189340,00;189400,00;3712301693,00;97998
WINM26;05/05/2026;15:00:00;189315,00;189445,00;189275,00;189350,00;4483065988,00;118373
WINM26;05/05/2026;14:55:00;189370,00;189375,00;189275,00;189315,00;2766170193,00;73055
WINM26;05/05/2026;14:50:00;189365,00;189465,00;189310,00;189370,00;3503349880,00;92496
WINM26;05/05/2026;14:45:00;189320,00;189485,00;189225,00;189365,00;6594103023,00;174114
WINM26;05/05/2026;14:40:00;189105,00;189350,00;189090,00;189325,00;6709698615,00;177255
WINM26;05/05/2026;14:35:00;189115,00;189195,00;189040,00;189105,00;3609268301,00;95421
WINM26;05/05/2026;14:30:00;189185,00;189195,00;189060,00;189115,00;5302256730,00;140176
WINM26;05/05/2026;14:25:00;189250,00;189280,00;189150,00;189185,00;3815362895,00;100818
WINM26;05/05/2026;14:20:00;189365,00;189380,00;189220,00;189250,00;4746617520,00;125386
WINM26;05/05/2026;14:15:00;189390,00;189445,00;189330,00;189365,00;3095003715,00;81711
WINM26;05/05/2026;14:10:00;189335,00;189440,00;189245,00;189390,00;5316712313,00;140399
WINM26;05/05/2026;14:05:00;189430,00;189490,00;189305,00;189335,00;4356833458,00;115026
WINM26;05/05/2026;14:00:00;189370,00;189495,00;189280,00;189435,00;6549257068,00;172906
WINM26;05/05/2026;13:55:00;189575,00;189590,00;189320,00;189370,00;7297197605,00;192580
WINM26;05/05/2026;13:50:00;189745,00;189765,00;189555,00;189570,00;4344779854,00;114544
WINM26;05/05/2026;13:45:00;189730,00;189810,00;189640,00;189750,00;5020870587,00;132314
WINM26;05/05/2026;13:40:00;189960,00;190000,00;189700,00;189725,00;6213745343,00;163669
WINM26;05/05/2026;13:35:00;190065,00;190100,00;189935,00;189960,00;4136638715,00;108846
WINM26;05/05/2026;13:30:00;190125,00;190160,00;190045,00;190065,00;2991345631,00;78678
WINM26;05/05/2026;13:25:00;190160,00;190170,00;190030,00;190120,00;3614294676,00;95064
WINM26;05/05/2026;13:20:00;190195,00;190220,00;190105,00;190160,00;3075120316,00;80857
WINM26;05/05/2026;13:15:00;190180,00;190235,00;190145,00;190195,00;2400513746,00;63110
WINM26;05/05/2026;13:10:00;190205,00;190245,00;190160,00;190180,00;2459789420,00;64663
WINM26;05/05/2026;13:05:00;190155,00;190245,00;190150,00;190205,00;2507714215,00;65922
WINM26;05/05/2026;13:00:00;190155,00;190245,00;190125,00;190155,00;3705252932,00;97417
WINM26;05/05/2026;12:55:00;190115,00;190215,00;190110,00;190150,00;2885761305,00;75878
WINM26;05/05/2026;12:50:00;190140,00;190225,00;190075,00;190110,00;3774577676,00;99259
WINM26;05/05/2026;12:45:00;190115,00;190180,00;190070,00;190135,00;3363347334,00;88454
WINM26;05/05/2026;12:40:00;190075,00;190180,00;190020,00;190115,00;5537537164,00;145653
WINM26;05/05/2026;12:35:00;189845,00;190090,00;189820,00;190070,00;6558727774,00;172617
WINM26;05/05/2026;12:30:00;189830,00;189915,00;189795,00;189840,00;4682088640,00;123306
WINM26;05/05/2026;12:25:00;189735,00;189870,00;189680,00;189835,00;4173529335,00;109963
WINM26;05/05/2026;12:20:00;189575,00;189895,00;189500,00;189730,00;8964407641,00;236262
WINM26;05/05/2026;12:15:00;189345,00;189665,00;189340,00;189580,00;7792439190,00;205568
WINM26;05/05/2026;12:10:00;189095,00;189375,00;189065,00;189345,00;6032930244,00;159430
WINM26;05/05/2026;12:05:00;189425,00;189440,00;189075,00;189095,00;7580581541,00;200310
WINM26;05/05/2026;12:00:00;189340,00;189540,00;189340,00;189430,00;8518304666,00;224820
WINM26;05/05/2026;11:55:00;189295,00;189435,00;189255,00;189335,00;4379231397,00;115642
WINM26;05/05/2026;11:50:00;189345,00;189450,00;189275,00;189290,00;5369460288,00;141786
WINM26;05/05/2026;11:45:00;189345,00;189435,00;189210,00;189340,00;8496618095,00;224385
WINM26;05/05/2026;11:40:00;189015,00;189380,00;188950,00;189345,00;8986442287,00;237468
WINM26;05/05/2026;11:35:00;189235,00;189275,00;188835,00;189015,00;8281466933,00;219074
WINM26;05/05/2026;11:30:00;188970,00;189235,00;188800,00;189230,00;8658976539,00;229072
WINM26;05/05/2026;11:25:00;188935,00;189090,00;188825,00;188975,00;7913144621,00;209376
WINM26;05/05/2026;11:20:00;188715,00;189030,00;188600,00;188935,00;1,014807132E10;268726
WINM26;05/05/2026;11:15:00;188875,00;188975,00;188645,00;188710,00;1,190330777E10;315240
WINM26;05/05/2026;11:10:00;189215,00;189230,00;188800,00;188870,00;1,057286161E10;279719
WINM26;05/05/2026;11:05:00;189245,00;189340,00;189100,00;189210,00;7185428399,00;189876
WINM26;05/05/2026;11:00:00;189010,00;189310,00;188920,00;189245,00;8757447647,00;231461
WINM26;05/05/2026;10:55:00;188940,00;189145,00;188820,00;189010,00;9664565555,00;255710
WINM26;05/05/2026;10:50:00;189075,00;189285,00;188930,00;188940,00;9972048648,00;263600
WINM26;05/05/2026;10:45:00;188680,00;189250,00;188630,00;189080,00;1,259886336E10;333287
WINM26;05/05/2026;10:40:00;188385,00;188900,00;188290,00;188680,00;1,553391282E10;411811
WINM26;05/05/2026;10:35:00;188655,00;188715,00;188355,00;188380,00;1,285887204E10;341001
WINM26;05/05/2026;10:30:00;189185,00;189230,00;188395,00;188650,00;1,879907814E10;498042
WINM26;05/05/2026;10:25:00;189050,00;189350,00;189020,00;189185,00;9568787518,00;252853
WINM26;05/05/2026;10:20:00;189055,00;189180,00;188920,00;189050,00;1,13894148E10;301262
WINM26;05/05/2026;10:15:00;189180,00;189375,00;189010,00;189060,00;1,16757045E10;308561
WINM26;05/05/2026;10:10:00;188820,00;189335,00;188815,00;189185,00;1,690139425E10;446917
WINM26;05/05/2026;10:05:00;188275,00;189080,00;188260,00;188820,00;2,070743353E10;548547
WINM26;05/05/2026;10:00:00;188155,00;188490,00;188080,00;188280,00;1,296973148E10;344410
WINM26;05/05/2026;09:55:00;188115,00;188185,00;188065,00;188155,00;3707382490,00;98534
WINM26;05/05/2026;09:50:00;188120,00;188225,00;188095,00;188115,00;5036413972,00;133830
WINM26;05/05/2026;09:45:00;188290,00;188305,00;188040,00;188120,00;8330551680,00;221392
WINM26;05/05/2026;09:40:00;188315,00;188370,00;188255,00;188285,00;3873123877,00;102836
WINM26;05/05/2026;09:35:00;188325,00;188370,00;188240,00;188310,00;5661007268,00;150314
WINM26;05/05/2026;09:30:00;188710,00;188755,00;188260,00;188325,00;1,242292178E10;329499
WINM26;05/05/2026;09:25:00;188450,00;188730,00;188400,00;188710,00;1,000571806E10;265242
WINM26;05/05/2026;09:20:00;188430,00;188500,00;188270,00;188445,00;7468579982,00;198212
WINM26;05/05/2026;09:15:00;188250,00;188540,00;188215,00;188430,00;1,046239231E10;277704
WINM26;05/05/2026;09:10:00;188295,00;188390,00;188100,00;188250,00;1,0558133E10;280416
WINM26;05/05/2026;09:05:00;188780,00;188815,00;188210,00;188295,00;1,499209759E10;397645
WINM26;05/05/2026;09:00:00;189525,00;189600,00;188755,00;188775,00;1,008599888E10;266653
WINM26;04/05/2026;18:20:00;188505,00;188580,00;188495,00;188580,00;1460289031,00;38721
WINM26;04/05/2026;18:15:00;188500,00;188525,00;188425,00;188510,00;1027762512,00;27264
WINM26;04/05/2026;18:10:00;188455,00;188545,00;188440,00;188500,00;1275522508,00;33836
WINM26;04/05/2026;18:05:00;188455,00;188520,00;188420,00;188455,00;929136569,00;24649
WINM26;04/05/2026;18:00:00;188350,00;188485,00;188335,00;188460,00;1930031698,00;51212
WINM26;04/05/2026;17:55:00;188325,00;188390,00;188320,00;188355,00;1081807860,00;28717
WINM26;04/05/2026;17:50:00;188350,00;188375,00;188295,00;188330,00;1442301712,00;38291
WINM26;04/05/2026;17:45:00;188310,00;188380,00;188295,00;188355,00;1338743616,00;35540
WINM26;04/05/2026;17:40:00;188285,00;188330,00;188270,00;188305,00;739060263,00;19624
WINM26;04/05/2026;17:35:00;188280,00;188300,00;188265,00;188285,00;666030493,00;17687
WINM26;04/05/2026;17:30:00;188335,00;188350,00;188260,00;188280,00;1437012873,00;38158
WINM26;04/05/2026;17:25:00;188270,00;188350,00;188255,00;188335,00;1464380588,00;38882
WINM26;04/05/2026;17:20:00;188255,00;188285,00;188230,00;188265,00;1208042175,00;32085
WINM26;04/05/2026;17:15:00;188295,00;188320,00;188195,00;188250,00;2554930944,00;67855
WINM26;04/05/2026;17:10:00;188310,00;188340,00;188255,00;188295,00;2226613879,00;59125
WINM26;04/05/2026;17:05:00;188470,00;188485,00;188300,00;188310,00;3465710526,00;91986
WINM26;04/05/2026;17:00:00;188380,00;188470,00;188355,00;188465,00;2763156048,00;73322
WINM26;04/05/2026;16:55:00;188460,00;188495,00;188355,00;188380,00;4800621713,00;127388
WINM26;04/05/2026;16:50:00;188585,00;188585,00;188440,00;188460,00;4059131508,00;107665
WINM26;04/05/2026;16:45:00;188560,00;188645,00;188505,00;188585,00;3510922530,00;93088
WINM26;04/05/2026;16:40:00;188625,00;188650,00;188525,00;188565,00;3374421475,00;89473
WINM26;04/05/2026;16:35:00;188585,00;188740,00;188585,00;188625,00;3505191524,00;92892
WINM26;04/05/2026;16:30:00;188680,00;188690,00;188570,00;188590,00;3138217895,00;83192
WINM26;04/05/2026;16:25:00;188740,00;188790,00;188655,00;188685,00;3462227065,00;91726
WINM26;04/05/2026;16:20:00;188680,00;188740,00;188645,00;188740,00;2321270508,00;61509
WINM26;04/05/2026;16:15:00;188700,00;188730,00;188645,00;188675,00;1760229770,00;46646
WINM26;04/05/2026;16:10:00;188675,00;188720,00;188635,00;188705,00;2691962145,00;71338
WINM26;04/05/2026;16:05:00;188490,00;188770,00;188455,00;188675,00;7985659506,00;211646
WINM26;04/05/2026;16:00:00;188615,00;188640,00;188485,00;188490,00;3425280117,00;90828
WINM26;04/05/2026;15:55:00;188455,00;188630,00;188445,00;188620,00;3352839767,00;88907
WINM26;04/05/2026;15:50:00;188460,00;188540,00;188390,00;188460,00;4809370127,00;127589
WINM26;04/05/2026;15:45:00;188550,00;188550,00;188430,00;188460,00;3636736687,00;96477
WINM26;04/05/2026;15:40:00;188680,00;188705,00;188525,00;188550,00;3651810763,00;96807
WINM26;04/05/2026;15:35:00;188575,00;188705,00;188515,00;188685,00;3494101224,00;92625
WINM26;04/05/2026;15:30:00;188605,00;188650,00;188430,00;188570,00;6221033772,00;164984
WINM26;04/05/2026;15:25:00;188510,00;188625,00;188410,00;188605,00;4739268013,00;125703
WINM26;04/05/2026;15:20:00;188590,00;188635,00;188435,00;188510,00;4287288392,00;113700
WINM26;04/05/2026;15:15:00;188720,00;188740,00;188560,00;188585,00;4017476178,00;106478
WINM26;04/05/2026;15:10:00;188745,00;188775,00;188680,00;188720,00;2916634705,00;77271
WINM26;04/05/2026;15:05:00;188735,00;188815,00;188715,00;188745,00;3767660810,00;99797
WINM26;04/05/2026;15:00:00;188605,00;188745,00;188570,00;188735,00;3958171793,00;104905
WINM26;04/05/2026;14:55:00;188520,00;188660,00;188515,00;188610,00;2994040815,00;79375
WINM26;04/05/2026;14:50:00;188585,00;188625,00;188515,00;188520,00;2783548206,00;73808
WINM26;04/05/2026;14:45:00;188535,00;188595,00;188455,00;188580,00;3159940938,00;83803
WINM26;04/05/2026;14:40:00;188540,00;188555,00;188395,00;188540,00;4414476358,00;117110
WINM26;04/05/2026;14:35:00;188570,00;188610,00;188460,00;188540,00;4764102840,00;126347
WINM26;04/05/2026;14:30:00;188805,00;188805,00;188555,00;188575,00;5004074770,00;132608
WINM26;04/05/2026;14:25:00;188785,00;188850,00;188765,00;188800,00;2494989658,00;66071
WINM26;04/05/2026;14:20:00;188830,00;188885,00;188730,00;188785,00;3776299004,00;100000
WINM26;04/05/2026;14:15:00;188765,00;188895,00;188640,00;188825,00;6774457332,00;179426
WINM26;04/05/2026;14:10:00;188730,00;188825,00;188710,00;188760,00;3799025431,00;100625
WINM26;04/05/2026;14:05:00;188620,00;188740,00;188575,00;188725,00;3896302083,00;103258
WINM26;04/05/2026;14:00:00;188490,00;188650,00;188460,00;188625,00;5634940246,00;149420
WINM26;04/05/2026;13:55:00;188525,00;188545,00;188415,00;188485,00;3991037028,00;105878
WINM26;04/05/2026;13:50:00;188670,00;188685,00;188470,00;188530,00;5873750420,00;155756
WINM26;04/05/2026;13:45:00;188630,00;188710,00;188585,00;188675,00;3921619038,00;103942
WINM26;04/05/2026;13:40:00;188705,00;188755,00;188620,00;188635,00;3955181925,00;104802
WINM26;04/05/2026;13:35:00;188960,00;188975,00;188660,00;188710,00;7136031172,00;189012
WINM26;04/05/2026;13:30:00;188960,00;189065,00;188925,00;188965,00;4011583468,00;106131
WINM26;04/05/2026;13:25:00;189090,00;189115,00;188895,00;188955,00;3868422660,00;102345
WINM26;04/05/2026;13:20:00;189045,00;189160,00;189010,00;189090,00;3973283627,00;105060
WINM26;04/05/2026;13:15:00;188865,00;189175,00;188765,00;189050,00;8359073606,00;221178
WINM26;04/05/2026;13:10:00;188895,00;188955,00;188805,00;188860,00;4349320356,00;115139
WINM26;04/05/2026;13:05:00;189130,00;189140,00;188710,00;188890,00;1,056825665E10;279720
WINM26;04/05/2026;13:00:00;189025,00;189145,00;188915,00;189130,00;6309616385,00;166903
WINM26;04/05/2026;12:55:00;189035,00;189130,00;188960,00;189030,00;5972180656,00;157958
WINM26;04/05/2026;12:50:00;188875,00;189070,00;188760,00;189035,00;8970661283,00;237427
WINM26;04/05/2026;12:45:00;189120,00;189125,00;188825,00;188870,00;6861766546,00;181575
WINM26;04/05/2026;12:40:00;189115,00;189170,00;189020,00;189120,00;5052020253,00;133587
WINM26;04/05/2026;12:35:00;189090,00;189295,00;188965,00;189110,00;7809435735,00;206460
WINM26;04/05/2026;12:30:00;189235,00;189245,00;189010,00;189090,00;6073318986,00;160582
WINM26;04/05/2026;12:25:00;189115,00;189260,00;189065,00;189240,00;7332084493,00;193786
WINM26;04/05/2026;12:20:00;189450,00;189490,00;188975,00;189115,00;1,596769347E10;421990
WINM26;04/05/2026;12:15:00;189890,00;189975,00;189385,00;189455,00;9738315929,00;256637
WINM26;04/05/2026;12:10:00;189775,00;189925,00;189760,00;189890,00;5975368421,00;157371
WINM26;04/05/2026;12:05:00;189575,00;189850,00;189525,00;189775,00;7197930114,00;189734
WINM26;04/05/2026;12:00:00;189630,00;189650,00;189430,00;189580,00;8643683465,00;227999
WINM26;04/05/2026;11:55:00;189865,00;189895,00;189545,00;189630,00;1,00936746E10;266044
WINM26;04/05/2026;11:50:00;189925,00;190015,00;189805,00;189865,00;6926725381,00;182370
WINM26;04/05/2026;11:45:00;190260,00;190290,00;189925,00;189925,00;7224369696,00;190029
WINM26;04/05/2026;11:40:00;190375,00;190415,00;190230,00;190255,00;4909466990,00;128975
WINM26;04/05/2026;11:35:00;190250,00;190420,00;190075,00;190370,00;8188581739,00;215216
WINM26;04/05/2026;11:30:00;190205,00;190400,00;190155,00;190250,00;6744762387,00;177238
WINM26;04/05/2026;11:25:00;190365,00;190410,00;190130,00;190205,00;6615807726,00;173870
WINM26;04/05/2026;11:20:00;190240,00;190440,00;190165,00;190365,00;8482875075,00;222872
WINM26;04/05/2026;11:15:00;189950,00;190300,00;189870,00;190240,00;8627979413,00;226948
WINM26;04/05/2026;11:10:00;189930,00;190025,00;189845,00;189950,00;6618566708,00;174223
WINM26;04/05/2026;11:05:00;190095,00;190220,00;189835,00;189930,00;1,122779057E10;295427
WINM26;04/05/2026;11:00:00;189930,00;190110,00;189800,00;190095,00;1,10185308E10;290053
WINM26;04/05/2026;10:55:00;190065,00;190165,00;189900,00;189930,00;6424420409,00;169024
WINM26;04/05/2026;10:50:00;190495,00;190510,00;189920,00;190065,00;1,346796998E10;354135
WINM26;04/05/2026;10:45:00;190520,00;190700,00;190420,00;190500,00;1,192659231E10;312918
WINM26;04/05/2026;10:40:00;190425,00;190595,00;190320,00;190515,00;1,106333882E10;290432
WINM26;04/05/2026;10:35:00;189925,00;190465,00;189905,00;190435,00;1,274119183E10;334882
WINM26;04/05/2026;10:30:00;190040,00;190160,00;189685,00;189925,00;1,302874987E10;343066
WINM26;04/05/2026;10:25:00;190020,00;190080,00;189805,00;190045,00;7546909618,00;198669
WINM26;04/05/2026;10:20:00;189980,00;190125,00;189875,00;190025,00;6724971410,00;176977
WINM26;04/05/2026;10:15:00;190100,00;190160,00;189860,00;189980,00;1,271901094E10;334756
WINM26;04/05/2026;10:10:00;190315,00;190490,00;190050,00;190100,00;9621391501,00;252861
WINM26;04/05/2026;10:05:00;190180,00;190400,00;190050,00;190315,00;9145946222,00;240381
WINM26;04/05/2026;10:00:00;190280,00;190285,00;189850,00;190185,00;1,55544579E10;409109
WINM26;04/05/2026;09:55:00;190335,00;190445,00;190190,00;190285,00;6798782102,00;178614
WINM26;04/05/2026;09:50:00;190450,00;190520,00;190275,00;190340,00;7277044449,00;191087
WINM26;04/05/2026;09:45:00;190180,00;190480,00;190145,00;190455,00;8256848319,00;216891
WINM26;04/05/2026;09:40:00;190295,00;190340,00;190120,00;190185,00;6258125622,00;164501
WINM26;04/05/2026;09:35:00;190015,00;190385,00;189940,00;190295,00;1,120677643E10;294647
WINM26;04/05/2026;09:30:00;190380,00;190405,00;190015,00;190015,00;1,07264994E10;282011
WINM26;04/05/2026;09:25:00;190660,00;190690,00;190370,00;190380,00;8413278648,00;220806
WINM26;04/05/2026;09:20:00;190740,00;190870,00;190620,00;190660,00;8962599065,00;234923
WINM26;04/05/2026;09:15:00;190400,00;190750,00;190365,00;190740,00;1,185331101E10;311006
WINM26;04/05/2026;09:10:00;190305,00;190440,00;190245,00;190400,00;8678542641,00;227968
WINM26;04/05/2026;09:05:00;190055,00;190320,00;189930,00;190300,00;9450531101,00;248487
WINM26;04/05/2026;09:00:00;189490,00;190150,00;189490,00;190060,00;9544529679,00;251393
WINM26;30/04/2026;18:20:00;190050,00;190120,00;189960,00;189980,00;1475828624,00;38836
WINM26;30/04/2026;18:15:00;190060,00;190100,00;189995,00;190050,00;1014903558,00;26702
WINM26;30/04/2026;18:10:00;190155,00;190175,00;190030,00;190060,00;1476512176,00;38838
WINM26;30/04/2026;18:05:00;190170,00;190195,00;190130,00;190160,00;450984084,00;11858
WINM26;30/04/2026;18:00:00;190130,00;190215,00;190115,00;190165,00;795631780,00;20919
WINM26;30/04/2026;17:55:00;190195,00;190225,00;190115,00;190135,00;1196644110,00;31463
WINM26;30/04/2026;17:50:00;190160,00;190235,00;190115,00;190200,00;1254622855,00;32986
WINM26;30/04/2026;17:45:00;190140,00;190180,00;190100,00;190155,00;1061807183,00;27921
WINM26;30/04/2026;17:40:00;190160,00;190200,00;190100,00;190140,00;1453323843,00;38216
WINM26;30/04/2026;17:35:00;190210,00;190250,00;190135,00;190160,00;1577960686,00;41479
WINM26;30/04/2026;17:30:00;190220,00;190255,00;190100,00;190210,00;3167829894,00;83287
WINM26;30/04/2026;17:25:00;190400,00;190430,00;190190,00;190225,00;3031380233,00;79654
WINM26;30/04/2026;17:20:00;190470,00;190480,00;190390,00;190405,00;1292554308,00;33939
WINM26;30/04/2026;17:15:00;190440,00;190495,00;190420,00;190470,00;1978979668,00;51952
WINM26;30/04/2026;17:10:00;190435,00;190510,00;190405,00;190435,00;2525092301,00;66291
WINM26;30/04/2026;17:05:00;190550,00;190575,00;190360,00;190440,00;4335847941,00;113829
WINM26;30/04/2026;17:00:00;190720,00;190780,00;190535,00;190550,00;8368862835,00;219461
WINM26;30/04/2026;16:55:00;190890,00;190925,00;190710,00;190715,00;4770336801,00;124995
WINM26;30/04/2026;16:50:00;190905,00;190935,00;190790,00;190890,00;4867903358,00;127525
WINM26;30/04/2026;16:45:00;190880,00;190915,00;190810,00;190905,00;3678556607,00;96366
WINM26;30/04/2026;16:40:00;190940,00;190945,00;190815,00;190880,00;3615402113,00;94711
WINM26;30/04/2026;16:35:00;190905,00;190960,00;190835,00;190945,00;3312952718,00;86778
WINM26;30/04/2026;16:30:00;190965,00;191000,00;190875,00;190910,00;3524226125,00;92293
WINM26;30/04/2026;16:25:00;191000,00;191035,00;190940,00;190965,00;3290080265,00;86131
WINM26;30/04/2026;16:20:00;190950,00;191025,00;190925,00;191000,00;2860468339,00;74890
WINM26;30/04/2026;16:15:00;190955,00;190995,00;190920,00;190945,00;2737941592,00;71691
WINM26;30/04/2026;16:10:00;190920,00;191005,00;190905,00;190955,00;4321447189,00;113158
WINM26;30/04/2026;16:05:00;190770,00;190930,00;190760,00;190925,00;4817225911,00;126198
WINM26;30/04/2026;16:00:00;190685,00;190805,00;190670,00;190770,00;3472697549,00;91025
WINM26;30/04/2026;15:55:00;190715,00;190755,00;190670,00;190690,00;2984864272,00;78257
WINM26;30/04/2026;15:50:00;190745,00;190775,00;190695,00;190715,00;3005247904,00;78781
WINM26;30/04/2026;15:45:00;190665,00;190775,00;190665,00;190750,00;4385716342,00;114974
WINM26;30/04/2026;15:40:00;190650,00;190695,00;190615,00;190665,00;3058490445,00;80207
WINM26;30/04/2026;15:35:00;190590,00;190670,00;190575,00;190650,00;3279672288,00;86021
WINM26;30/04/2026;15:30:00;190515,00;190600,00;190485,00;190585,00;3373289483,00;88517
WINM26;30/04/2026;15:25:00;190580,00;190605,00;190495,00;190515,00;2359669550,00;61916
WINM26;30/04/2026;15:20:00;190555,00;190625,00;190525,00;190575,00;3128588688,00;82081
WINM26;30/04/2026;15:15:00;190490,00;190585,00;190480,00;190560,00;2485053624,00;65212
WINM26;30/04/2026;15:10:00;190535,00;190565,00;190465,00;190490,00;2226170433,00;58428
WINM26;30/04/2026;15:05:00;190525,00;190565,00;190475,00;190535,00;2551985831,00;66973
WINM26;30/04/2026;15:00:00;190370,00;190550,00;190360,00;190530,00;4727403878,00;124090
WINM26;30/04/2026;14:55:00;190395,00;190420,00;190315,00;190365,00;2759756773,00;72485
WINM26;30/04/2026;14:50:00;190390,00;190495,00;190380,00;190395,00;2931949234,00;76979
WINM26;30/04/2026;14:45:00;190440,00;190510,00;190365,00;190390,00;2904613531,00;76262
WINM26;30/04/2026;14:40:00;190485,00;190525,00;190430,00;190435,00;2790801606,00;73261
WINM26;30/04/2026;14:35:00;190470,00;190535,00;190395,00;190480,00;4389769672,00;115236
WINM26;30/04/2026;14:30:00;190300,00;190495,00;190295,00;190475,00;7880484459,00;206956
WINM26;30/04/2026;14:25:00;190310,00;190320,00;190190,00;190300,00;3309177823,00;86969
WINM26;30/04/2026;14:20:00;190295,00;190355,00;190255,00;190310,00;2986990119,00;78475
WINM26;30/04/2026;14:15:00;190280,00;190330,00;190190,00;190290,00;3381117623,00;88860
WINM26;30/04/2026;14:10:00;190290,00;190375,00;190255,00;190285,00;2608310638,00;68530
WINM26;30/04/2026;14:05:00;190275,00;190340,00;190240,00;190285,00;2325469478,00;61103
WINM26;30/04/2026;14:00:00;190130,00;190385,00;190120,00;190275,00;5239242955,00;137670
WINM26;30/04/2026;13:55:00;190180,00;190230,00;190055,00;190130,00;4001770095,00;105231
WINM26;30/04/2026;13:50:00;190255,00;190310,00;190130,00;190180,00;4281935447,00;112544
WINM26;30/04/2026;13:45:00;190145,00;190265,00;190040,00;190250,00;5203714926,00;136840
WINM26;30/04/2026;13:40:00;190240,00;190260,00;190145,00;190150,00;3280384781,00;86234
WINM26;30/04/2026;13:35:00;190230,00;190325,00;190185,00;190240,00;3847582352,00;101113
WINM26;30/04/2026;13:30:00;190055,00;190260,00;190055,00;190225,00;4284058934,00;112630
WINM26;30/04/2026;13:25:00;189955,00;190115,00;189870,00;190060,00;4632730801,00;121931
WINM26;30/04/2026;13:20:00;190050,00;190075,00;189930,00;189960,00;3023870329,00;79576
WINM26;30/04/2026;13:15:00;190085,00;190100,00;189995,00;190050,00;2672292693,00;70307
WINM26;30/04/2026;13:10:00;190215,00;190240,00;190055,00;190085,00;2840371640,00;74696
WINM26;30/04/2026;13:05:00;190220,00;190280,00;190155,00;190220,00;2900860592,00;76253
WINM26;30/04/2026;13:00:00;190185,00;190245,00;190105,00;190215,00;3824709414,00;100556
WINM26;30/04/2026;12:55:00;190145,00;190265,00;190135,00;190180,00;2825401709,00;74271
WINM26;30/04/2026;12:50:00;190090,00;190195,00;190075,00;190145,00;2819385922,00;74139
WINM26;30/04/2026;12:45:00;190135,00;190150,00;190030,00;190085,00;2944037036,00;77439
WINM26;30/04/2026;12:40:00;190080,00;190175,00;189980,00;190140,00;3844934468,00;101142
WINM26;30/04/2026;12:35:00;190170,00;190205,00;190035,00;190080,00;3859789785,00;101510
WINM26;30/04/2026;12:30:00;190140,00;190280,00;190120,00;190170,00;4410829301,00;115950
WINM26;30/04/2026;12:25:00;190220,00;190350,00;190135,00;190140,00;5999570844,00;157668
WINM26;30/04/2026;12:20:00;190080,00;190250,00;190020,00;190220,00;4441574078,00;116804
WINM26;30/04/2026;12:15:00;190100,00;190120,00;189940,00;190080,00;4871610764,00;128187
WINM26;30/04/2026;12:10:00;190030,00;190170,00;189955,00;190105,00;6874120081,00;180827
WINM26;30/04/2026;12:05:00;189930,00;190075,00;189805,00;190035,00;6968647915,00;183463
WINM26;30/04/2026;12:00:00;190010,00;190085,00;189925,00;189935,00;5882345655,00;154803
WINM26;30/04/2026;11:55:00;190125,00;190140,00;189970,00;190010,00;6099266731,00;160454
WINM26;30/04/2026;11:50:00;190200,00;190310,00;190125,00;190125,00;6691303878,00;175884
WINM26;30/04/2026;11:45:00;189985,00;190310,00;189970,00;190195,00;9634525521,00;253325
WINM26;30/04/2026;11:40:00;189720,00;189990,00;189640,00;189980,00;8121884453,00;213977
WINM26;30/04/2026;11:35:00;189990,00;189995,00;189600,00;189725,00;8247446319,00;217286
WINM26;30/04/2026;11:30:00;190080,00;190185,00;189880,00;189990,00;9648636563,00;253871
WINM26;30/04/2026;11:25:00;190075,00;190260,00;190035,00;190085,00;1,007997728E10;265060
WINM26;30/04/2026;11:20:00;189755,00;190100,00;189675,00;190075,00;8724493912,00;229714
WINM26;30/04/2026;11:15:00;189545,00;189815,00;189490,00;189750,00;8081188134,00;212989
WINM26;30/04/2026;11:10:00;189550,00;189685,00;189395,00;189545,00;7602428027,00;200546
WINM26;30/04/2026;11:05:00;189560,00;189795,00;189315,00;189550,00;1,158196114E10;305494
WINM26;30/04/2026;11:00:00;189860,00;189920,00;189520,00;189565,00;1,060612383E10;279530
WINM26;30/04/2026;10:55:00;189900,00;189990,00;189830,00;189865,00;7088172504,00;186622
WINM26;30/04/2026;10:50:00;189670,00;189980,00;189650,00;189905,00;1,355322705E10;357001
WINM26;30/04/2026;10:45:00;189450,00;189710,00;189350,00;189675,00;9501243791,00;250642
WINM26;30/04/2026;10:40:00;189430,00;189630,00;189240,00;189450,00;9423981605,00;248727
WINM26;30/04/2026;10:35:00;189480,00;189665,00;189350,00;189430,00;1,142989738E10;301538
WINM26;30/04/2026;10:30:00;189530,00;189715,00;189290,00;189480,00;1,791371697E10;472673
WINM26;30/04/2026;10:25:00;189285,00;189550,00;189260,00;189530,00;8246317107,00;217698
WINM26;30/04/2026;10:20:00;189335,00;189435,00;189190,00;189285,00;1,173692983E10;309974
WINM26;30/04/2026;10:15:00;189100,00;189340,00;189005,00;189335,00;9845504316,00;260227
WINM26;30/04/2026;10:10:00;189055,00;189140,00;188925,00;189100,00;6592686336,00;174383
WINM26;30/04/2026;10:05:00;188930,00;189150,00;188810,00;189060,00;1,071582963E10;283467
WINM26;30/04/2026;10:00:00;188905,00;189085,00;188905,00;188930,00;8065316604,00;213370
WINM26;30/04/2026;09:55:00;189100,00;189220,00;188840,00;188910,00;7332682517,00;193961
WINM26;30/04/2026;09:50:00;188995,00;189225,00;188985,00;189095,00;6974559335,00;184386
WINM26;30/04/2026;09:45:00;188700,00;189135,00;188680,00;188995,00;8618717711,00;228044
WINM26;30/04/2026;09:40:00;188905,00;188935,00;188650,00;188700,00;5713561627,00;151336
WINM26;30/04/2026;09:35:00;188675,00;188970,00;188625,00;188900,00;9218542122,00;244114
WINM26;30/04/2026;09:30:00;189005,00;189195,00;188660,00;188670,00;9731258316,00;257604
WINM26;30/04/2026;09:25:00;188985,00;189045,00;188940,00;189000,00;2426491637,00;64193
WINM26;30/04/2026;09:20:00;188920,00;189000,00;188840,00;188990,00;3929206266,00;103979
WINM26;30/04/2026;09:15:00;188965,00;189065,00;188815,00;188915,00;4997629710,00;132271
WINM26;30/04/2026;09:10:00;188975,00;189085,00;188845,00;188960,00;7049363188,00;186533
WINM26;30/04/2026;09:05:00;188820,00;189080,00;188750,00;188975,00;9956015456,00;263479
WINM26;30/04/2026;09:00:00;188500,00;188840,00;188305,00;188820,00;1,078752733E10;286035
WINM26;29/04/2026;18:20:00;187045,00;187080,00;186865,00;186900,00;1753830113,00;46909
WINM26;29/04/2026;18:15:00;187005,00;187060,00;186940,00;187055,00;1420439885,00;37979
WINM26;29/04/2026;18:10:00;187065,00;187130,00;187000,00;187010,00;1287388018,00;34409
WINM26;29/04/2026;18:05:00;187145,00;187190,00;187020,00;187065,00;1222418760,00;32664
WINM26;29/04/2026;18:00:00;187255,00;187265,00;187070,00;187145,00;1717336177,00;45881
WINM26;29/04/2026;17:55:00;187295,00;187320,00;187215,00;187260,00;1192664288,00;31842
WINM26;29/04/2026;17:50:00;187285,00;187320,00;187245,00;187290,00;1123888309,00;30005
WINM26;29/04/2026;17:45:00;187340,00;187360,00;187270,00;187285,00;1237546906,00;33035
WINM26;29/04/2026;17:40:00;187260,00;187375,00;187255,00;187340,00;1940264182,00;51787
WINM26;29/04/2026;17:35:00;187390,00;187415,00;187200,00;187260,00;3431008374,00;91599
WINM26;29/04/2026;17:30:00;187500,00;187545,00;187360,00;187395,00;2660450371,00;70969
WINM26;29/04/2026;17:25:00;187470,00;187530,00;187440,00;187500,00;1520629794,00;40553
WINM26;29/04/2026;17:20:00;187510,00;187520,00;187415,00;187470,00;1939045497,00;51716
WINM26;29/04/2026;17:15:00;187460,00;187525,00;187355,00;187515,00;3644028093,00;97205
WINM26;29/04/2026;17:10:00;187685,00;187705,00;187400,00;187465,00;4945166172,00;131841
WINM26;29/04/2026;17:05:00;187810,00;187905,00;187660,00;187685,00;4796363662,00;127703
WINM26;29/04/2026;17:00:00;187725,00;187835,00;187650,00;187805,00;6225436156,00;165792
WINM26;29/04/2026;16:55:00;187665,00;187745,00;187605,00;187720,00;3765761489,00;100321
WINM26;29/04/2026;16:50:00;187630,00;187680,00;187495,00;187660,00;6924191811,00;184549
WINM26;29/04/2026;16:45:00;187775,00;187845,00;187615,00;187635,00;5143304522,00;136978
WINM26;29/04/2026;16:40:00;187835,00;187855,00;187745,00;187770,00;3061854313,00;81525
WINM26;29/04/2026;16:35:00;187810,00;187870,00;187740,00;187840,00;3648146150,00;97128
WINM26;29/04/2026;16:30:00;188100,00;188105,00;187675,00;187810,00;9629894437,00;256332
WINM26;29/04/2026;16:25:00;188150,00;188200,00;188090,00;188100,00;3171595169,00;84286
WINM26;29/04/2026;16:20:00;188195,00;188210,00;188060,00;188145,00;3601671437,00;95728
WINM26;29/04/2026;16:15:00;188240,00;188265,00;188120,00;188190,00;3638823366,00;96682
WINM26;29/04/2026;16:10:00;188130,00;188255,00;188050,00;188240,00;3961830087,00;105286
WINM26;29/04/2026;16:05:00;188105,00;188165,00;188015,00;188135,00;4290543517,00;114063
WINM26;29/04/2026;16:00:00;188205,00;188250,00;188075,00;188110,00;3561183182,00;94640
WINM26;29/04/2026;15:55:00;188080,00;188265,00;188060,00;188210,00;5345453279,00;142020
WINM26;29/04/2026;15:50:00;187995,00;188205,00;187975,00;188080,00;6022105343,00;160074
WINM26;29/04/2026;15:45:00;187945,00;188035,00;187880,00;187990,00;6218810392,00;165427
WINM26;29/04/2026;15:40:00;188245,00;188245,00;187925,00;187945,00;6804714295,00;180899
WINM26;29/04/2026;15:35:00;188165,00;188470,00;188045,00;188245,00;1,193771854E10;317084
WINM26;29/04/2026;15:30:00;188360,00;188365,00;188120,00;188170,00;7525686344,00;199932
WINM26;29/04/2026;15:25:00;188415,00;188455,00;188295,00;188360,00;3348773559,00;88890
WINM26;29/04/2026;15:20:00;188450,00;188530,00;188345,00;188415,00;4464734664,00;118472
WINM26;29/04/2026;15:15:00;188295,00;188515,00;188285,00;188450,00;4944759642,00;131213
WINM26;29/04/2026;15:10:00;188320,00;188390,00;188215,00;188300,00;5168224065,00;137230
WINM26;29/04/2026;15:05:00;188485,00;188535,00;188245,00;188315,00;7005717877,00;185945
WINM26;29/04/2026;15:00:00;188775,00;188805,00;188375,00;188480,00;7119485898,00;188776
WINM26;29/04/2026;14:55:00;188765,00;188810,00;188715,00;188775,00;1671677967,00;44281
WINM26;29/04/2026;14:50:00;188770,00;188840,00;188690,00;188760,00;3377836373,00;89474
WINM26;29/04/2026;14:45:00;188670,00;188860,00;188630,00;188770,00;5151552575,00;136468
WINM26;29/04/2026;14:40:00;188590,00;188685,00;188540,00;188670,00;3534331534,00;93697
WINM26;29/04/2026;14:35:00;188775,00;188800,00;188510,00;188585,00;6845307904,00;181425
WINM26;29/04/2026;14:30:00;188815,00;188930,00;188755,00;188775,00;4512631909,00;119483
WINM26;29/04/2026;14:25:00;188820,00;188825,00;188755,00;188815,00;2143093336,00;56761
WINM26;29/04/2026;14:20:00;188885,00;188950,00;188755,00;188815,00;4883768121,00;129309
WINM26;29/04/2026;14:15:00;188850,00;188910,00;188785,00;188890,00;2945100284,00;77972
WINM26;29/04/2026;14:10:00;188875,00;188875,00;188775,00;188850,00;2284147284,00;60484
WINM26;29/04/2026;14:05:00;188845,00;188905,00;188790,00;188870,00;2561928877,00;67832
WINM26;29/04/2026;14:00:00;188870,00;188945,00;188800,00;188840,00;3950140241,00;104573
WINM26;29/04/2026;13:55:00;188880,00;188915,00;188790,00;188870,00;2821164539,00;74696
WINM26;29/04/2026;13:50:00;188890,00;188925,00;188815,00;188885,00;2454294561,00;64973
WINM26;29/04/2026;13:45:00;188865,00;188930,00;188835,00;188890,00;2355294397,00;62348
WINM26;29/04/2026;13:40:00;188925,00;188960,00;188755,00;188865,00;5304023081,00;140427
WINM26;29/04/2026;13:35:00;188845,00;188940,00;188795,00;188925,00;3718414969,00;98441
WINM26;29/04/2026;13:30:00;188965,00;188975,00;188770,00;188850,00;8052528205,00;213191
WINM26;29/04/2026;13:25:00;189010,00;189055,00;188960,00;188970,00;2325250837,00;61514
WINM26;29/04/2026;13:20:00;188965,00;189050,00;188950,00;189010,00;2484124779,00;65714
WINM26;29/04/2026;13:15:00;189000,00;189080,00;188950,00;188965,00;2902311462,00;76772
WINM26;29/04/2026;13:10:00;189065,00;189125,00;188980,00;189005,00;3439958279,00;90986
WINM26;29/04/2026;13:05:00;189010,00;189155,00;188970,00;189060,00;5832230567,00;154236
WINM26;29/04/2026;13:00:00;188925,00;189050,00;188840,00;189010,00;5395792973,00;142774
WINM26;29/04/2026;12:55:00;188815,00;188950,00;188740,00;188925,00;6747829646,00;178658
WINM26;29/04/2026;12:50:00;189175,00;189240,00;188685,00;188810,00;1,585664572E10;419616
WINM26;29/04/2026;12:45:00;189250,00;189325,00;189160,00;189180,00;5023341078,00;132721
WINM26;29/04/2026;12:40:00;189245,00;189265,00;189160,00;189250,00;3845728696,00;101623
WINM26;29/04/2026;12:35:00;189415,00;189430,00;189120,00;189240,00;8770844388,00;231720
WINM26;29/04/2026;12:30:00;189475,00;189510,00;189330,00;189420,00;5435400590,00;143484
WINM26;29/04/2026;12:25:00;189475,00;189550,00;189375,00;189475,00;5172504355,00;136506
WINM26;29/04/2026;12:20:00;189590,00;189635,00;189450,00;189475,00;4826986215,00;127332
WINM26;29/04/2026;12:15:00;189445,00;189645,00;189430,00;189590,00;6105537468,00;161038
WINM26;29/04/2026;12:10:00;189575,00;189615,00;189360,00;189445,00;7482225468,00;197452
WINM26;29/04/2026;12:05:00;189710,00;189810,00;189555,00;189575,00;5956338686,00;156997
WINM26;29/04/2026;12:00:00;189930,00;189985,00;189600,00;189710,00;1,026149232E10;270374
WINM26;29/04/2026;11:55:00;189820,00;189940,00;189785,00;189930,00;6677953764,00;175853
WINM26;29/04/2026;11:50:00;189595,00;189840,00;189555,00;189820,00;5980640975,00;157618
WINM26;29/04/2026;11:45:00;189655,00;189690,00;189545,00;189590,00;4921428259,00;129779
WINM26;29/04/2026;11:40:00;189670,00;189775,00;189580,00;189650,00;5917707601,00;155995
WINM26;29/04/2026;11:35:00;189565,00;189710,00;189505,00;189675,00;4484149036,00;118247
WINM26;29/04/2026;11:30:00;189610,00;189640,00;189460,00;189565,00;7367815290,00;194358
WINM26;29/04/2026;11:25:00;189620,00;189710,00;189560,00;189610,00;5600139695,00;147664
WINM26;29/04/2026;11:20:00;189735,00;189855,00;189585,00;189615,00;8858335815,00;233475
WINM26;29/04/2026;11:15:00;189630,00;189745,00;189530,00;189735,00;6158754841,00;162376
WINM26;29/04/2026;11:10:00;189520,00;189670,00;189470,00;189635,00;7308718694,00;192751
WINM26;29/04/2026;11:05:00;189520,00;189610,00;189345,00;189515,00;8647710972,00;228184
WINM26;29/04/2026;11:00:00;189560,00;189590,00;189300,00;189515,00;1,156871441E10;305364
WINM26;29/04/2026;10:55:00;189730,00;189780,00;189480,00;189555,00;9317994280,00;245706
WINM26;29/04/2026;10:50:00;189635,00;189795,00;189555,00;189730,00;9894704953,00;260819
WINM26;29/04/2026;10:45:00;189830,00;189880,00;189530,00;189635,00;1,298279371E10;342222
WINM26;29/04/2026;10:40:00;190380,00;190390,00;189830,00;189835,00;1,294348799E10;340427
WINM26;29/04/2026;10:35:00;190105,00;190445,00;190075,00;190385,00;1,172623976E10;308137
WINM26;29/04/2026;10:30:00;190325,00;190415,00;190055,00;190105,00;1,39327129E10;366268
WINM26;29/04/2026;10:25:00;190440,00;190470,00;190275,00;190320,00;6976302693,00;183220
WINM26;29/04/2026;10:20:00;190315,00;190475,00;190235,00;190440,00;1,11835739E10;293767
WINM26;29/04/2026;10:15:00;190725,00;190730,00;190295,00;190315,00;1,026316867E10;269395
WINM26;29/04/2026;10:10:00;190575,00;190740,00;190345,00;190725,00;1,37236818E10;360199
WINM26;29/04/2026;10:05:00;190640,00;190715,00;190450,00;190575,00;1,071334476E10;281082
WINM26;29/04/2026;10:00:00;190705,00;190800,00;190555,00;190640,00;1,095755623E10;287359
WINM26;29/04/2026;09:55:00;190720,00;190785,00;190645,00;190705,00;5058286761,00;132612
WINM26;29/04/2026;09:50:00;190845,00;190920,00;190640,00;190715,00;7926914837,00;207768
WINM26;29/04/2026;09:45:00;190980,00;190990,00;190725,00;190840,00;9070592955,00;237665
WINM26;29/04/2026;09:40:00;191000,00;191125,00;190910,00;190985,00;7813946812,00;204552
WINM26;29/04/2026;09:35:00;191250,00;191290,00;190935,00;191000,00;7303024143,00;191086
WINM26;29/04/2026;09:30:00;191235,00;191280,00;191115,00;191255,00;4619622174,00;120805
WINM26;29/04/2026;09:25:00;191205,00;191325,00;191170,00;191235,00;3968941257,00;103765
WINM26;29/04/2026;09:20:00;191270,00;191350,00;190960,00;191200,00;9671843886,00;252990
WINM26;29/04/2026;09:15:00;191075,00;191350,00;191050,00;191265,00;9309062639,00;243406
WINM26;29/04/2026;09:10:00;191125,00;191165,00;190975,00;191070,00;4962206342,00;129843
WINM26;29/04/2026;09:05:00;191060,00;191260,00;190955,00;191130,00;8499672393,00;222362
WINM26;29/04/2026;09:00:00;191670,00;191695,00;190985,00;191060,00;9669665141,00;252658
WINM26;28/04/2026;18:20:00;191725,00;191890,00;191645,00;191890,00;2217765401,00;57818
WINM26;28/04/2026;18:15:00;191790,00;191850,00;191715,00;191730,00;1784486240,00;46520
WINM26;28/04/2026;18:10:00;191900,00;191910,00;191770,00;191790,00;1415789690,00;36902
WINM26;28/04/2026;18:05:00;191915,00;191940,00;191890,00;191900,00;580192587,00;15116
WINM26;28/04/2026;18:00:00;191895,00;191925,00;191845,00;191910,00;975931025,00;25430
WINM26;28/04/2026;17:55:00;191895,00;191945,00;191875,00;191895,00;1290928090,00;33634
WINM26;28/04/2026;17:50:00;191895,00;191910,00;191870,00;191890,00;783648503,00;20419
WINM26;28/04/2026;17:45:00;191850,00;191915,00;191845,00;191895,00;1258544204,00;32794
WINM26;28/04/2026;17:40:00;191855,00;191875,00;191830,00;191855,00;922404229,00;24039
WINM26;28/04/2026;17:35:00;191850,00;191880,00;191810,00;191850,00;1328183654,00;34616
WINM26;28/04/2026;17:30:00;191870,00;191880,00;191820,00;191845,00;1380391213,00;35976
WINM26;28/04/2026;17:25:00;191825,00;191915,00;191805,00;191870,00;2204823010,00;57458
WINM26;28/04/2026;17:20:00;191850,00;191855,00;191805,00;191825,00;1776899903,00;46314
WINM26;28/04/2026;17:15:00;191925,00;191945,00;191845,00;191850,00;1682608754,00;43842
WINM26;28/04/2026;17:10:00;191915,00;191960,00;191885,00;191925,00;1709089724,00;44526
WINM26;28/04/2026;17:05:00;191835,00;191930,00;191815,00;191915,00;2415882133,00;62953
WINM26;28/04/2026;17:00:00;191825,00;191845,00;191765,00;191835,00;2748324532,00;71642
WINM26;28/04/2026;16:55:00;191930,00;191930,00;191795,00;191820,00;4305133070,00;112204
WINM26;28/04/2026;16:50:00;191990,00;192005,00;191885,00;191925,00;3583311821,00;93349
WINM26;28/04/2026;16:45:00;191925,00;192005,00;191880,00;191990,00;3208972179,00;83588
WINM26;28/04/2026;16:40:00;191925,00;191940,00;191890,00;191920,00;2183579815,00;56890
WINM26;28/04/2026;16:35:00;191770,00;191950,00;191740,00;191920,00;4057593789,00;105750
WINM26;28/04/2026;16:30:00;191810,00;191815,00;191735,00;191775,00;3110745680,00;81104
WINM26;28/04/2026;16:25:00;191805,00;191850,00;191770,00;191805,00;2442996528,00;63683
WINM26;28/04/2026;16:20:00;191760,00;191860,00;191725,00;191800,00;3404252049,00;88744
WINM26;28/04/2026;16:15:00;191720,00;191790,00;191685,00;191765,00;2184270914,00;56958
WINM26;28/04/2026;16:10:00;191695,00;191750,00;191675,00;191720,00;2795629812,00;72912
WINM26;28/04/2026;16:05:00;191770,00;191905,00;191670,00;191695,00;5415453157,00;141175
WINM26;28/04/2026;16:00:00;191800,00;191840,00;191750,00;191770,00;3109563593,00;81066
WINM26;28/04/2026;15:55:00;191910,00;191910,00;191780,00;191800,00;3190372496,00;83144
WINM26;28/04/2026;15:50:00;191930,00;191980,00;191885,00;191905,00;2357110659,00;61405
WINM26;28/04/2026;15:45:00;191995,00;192030,00;191905,00;191930,00;2724660435,00;70968
WINM26;28/04/2026;15:40:00;191985,00;192020,00;191945,00;192000,00;1925602161,00;50150
WINM26;28/04/2026;15:35:00;191990,00;192040,00;191925,00;191990,00;4033931480,00;105063
WINM26;28/04/2026;15:30:00;192085,00;192125,00;191985,00;191990,00;3868196920,00;100705
WINM26;28/04/2026;15:25:00;192050,00;192130,00;192010,00;192090,00;3746945897,00;97543
WINM26;28/04/2026;15:20:00;191970,00;192135,00;191960,00;192050,00;6150251098,00;160125
WINM26;28/04/2026;15:15:00;191795,00;191990,00;191785,00;191970,00;5457319205,00;142194
WINM26;28/04/2026;15:10:00;191855,00;191880,00;191745,00;191795,00;4922523269,00;128326
WINM26;28/04/2026;15:05:00;191975,00;191995,00;191815,00;191855,00;6036486035,00;157294
WINM26;28/04/2026;15:00:00;192070,00;192180,00;191965,00;191975,00;5254693346,00;136785
WINM26;28/04/2026;14:55:00;192170,00;192240,00;192050,00;192070,00;4537213855,00;118072
WINM26;28/04/2026;14:50:00;192160,00;192225,00;192140,00;192170,00;2392385372,00;62243
WINM26;28/04/2026;14:45:00;192135,00;192230,00;192085,00;192160,00;3964772104,00;103168
WINM26;28/04/2026;14:40:00;192185,00;192280,00;192125,00;192140,00;3996285082,00;103964
WINM26;28/04/2026;14:35:00;192060,00;192310,00;192045,00;192185,00;9078400918,00;236192
WINM26;28/04/2026;14:30:00;191995,00;192070,00;191955,00;192055,00;3395440351,00;88414
WINM26;28/04/2026;14:25:00;191845,00;192085,00;191830,00;191990,00;5353745427,00;139439
WINM26;28/04/2026;14:20:00;191820,00;191880,00;191735,00;191845,00;4074181410,00;106211
WINM26;28/04/2026;14:15:00;191880,00;191890,00;191775,00;191820,00;3355485074,00;87462
WINM26;28/04/2026;14:10:00;191900,00;191940,00;191830,00;191885,00;3083966079,00;80362
WINM26;28/04/2026;14:05:00;191935,00;191945,00;191840,00;191900,00;3281550864,00;85507
WINM26;28/04/2026;14:00:00;191990,00;192035,00;191905,00;191930,00;3554772157,00;92589
WINM26;28/04/2026;13:55:00;192000,00;192095,00;191955,00;191990,00;4423150722,00;115173
WINM26;28/04/2026;13:50:00;191795,00;192045,00;191780,00;192000,00;7566914570,00;197138
WINM26;28/04/2026;13:45:00;191685,00;191820,00;191670,00;191795,00;3917933094,00;102160
WINM26;28/04/2026;13:40:00;191705,00;191740,00;191655,00;191690,00;2338185195,00;60987
WINM26;28/04/2026;13:35:00;191710,00;191780,00;191675,00;191710,00;3398597772,00;88637
WINM26;28/04/2026;13:30:00;191805,00;191850,00;191695,00;191715,00;3410772242,00;88931
WINM26;28/04/2026;13:25:00;191830,00;191890,00;191760,00;191805,00;3181413849,00;82923
WINM26;28/04/2026;13:20:00;191690,00;191860,00;191670,00;191830,00;4366104911,00;113837
WINM26;28/04/2026;13:15:00;191705,00;191730,00;191635,00;191695,00;3041460048,00;79336
WINM26;28/04/2026;13:10:00;191750,00;191785,00;191670,00;191700,00;3776731295,00;98499
WINM26;28/04/2026;13:05:00;191795,00;191840,00;191740,00;191755,00;3117117845,00;81264
WINM26;28/04/2026;13:00:00;191820,00;191875,00;191760,00;191795,00;4199317052,00;109468
WINM26;28/04/2026;12:55:00;191830,00;191845,00;191755,00;191815,00;3557171869,00;92728
WINM26;28/04/2026;12:50:00;191650,00;191860,00;191650,00;191825,00;4398197279,00;114690
WINM26;28/04/2026;12:45:00;191730,00;191785,00;191595,00;191655,00;5408662301,00;141077
WINM26;28/04/2026;12:40:00;191700,00;191775,00;191640,00;191735,00;4695966154,00;122486
WINM26;28/04/2026;12:35:00;191560,00;191760,00;191525,00;191695,00;5210829089,00;135937
WINM26;28/04/2026;12:30:00;191615,00;191640,00;191495,00;191560,00;4488057665,00;117138
WINM26;28/04/2026;12:25:00;191585,00;191725,00;191560,00;191610,00;6107015063,00;159341
WINM26;28/04/2026;12:20:00;191525,00;191605,00;191450,00;191580,00;4273018578,00;111546
WINM26;28/04/2026;12:15:00;191430,00;191585,00;191355,00;191525,00;6735526267,00;175870
WINM26;28/04/2026;12:10:00;191230,00;191480,00;191210,00;191430,00;6041176784,00;157837
WINM26;28/04/2026;12:05:00;191375,00;191430,00;191120,00;191230,00;7460007136,00;195023
WINM26;28/04/2026;12:00:00;191080,00;191515,00;191065,00;191375,00;1,208563864E10;315847
WINM26;28/04/2026;11:55:00;190825,00;191095,00;190745,00;191085,00;1,157189598E10;303042
WINM26;28/04/2026;11:50:00;190925,00;190930,00;190640,00;190820,00;9433801536,00;247242
WINM26;28/04/2026;11:45:00;190950,00;191175,00;190825,00;190920,00;9323776798,00;244076
WINM26;28/04/2026;11:40:00;190945,00;191015,00;190775,00;190950,00;8849351854,00;231793
WINM26;28/04/2026;11:35:00;191255,00;191270,00;190880,00;190945,00;1,08052097E10;282750
WINM26;28/04/2026;11:30:00;191145,00;191540,00;191115,00;191255,00;1,12234304E10;293293
WINM26;28/04/2026;11:25:00;191370,00;191380,00;190985,00;191140,00;1,237950534E10;323789
WINM26;28/04/2026;11:20:00;191690,00;191730,00;191345,00;191365,00;8096427266,00;211369
WINM26;28/04/2026;11:15:00;191710,00;191790,00;191470,00;191690,00;9328082281,00;243374
WINM26;28/04/2026;11:10:00;191555,00;191770,00;191520,00;191710,00;6209581301,00;162005
WINM26;28/04/2026;11:05:00;191485,00;191620,00;191450,00;191555,00;6725029220,00;175549
WINM26;28/04/2026;11:00:00;191445,00;191590,00;191350,00;191490,00;9191043833,00;240004
WINM26;28/04/2026;10:55:00;191530,00;191685,00;191345,00;191450,00;8481493186,00;221435
WINM26;28/04/2026;10:50:00;191550,00;191600,00;191375,00;191525,00;8613106512,00;224903
WINM26;28/04/2026;10:45:00;191750,00;191915,00;191525,00;191550,00;1,333402401E10;347734
WINM26;28/04/2026;10:40:00;191455,00;191890,00;191265,00;191750,00;1,863893357E10;486416
WINM26;28/04/2026;10:35:00;191095,00;191485,00;191005,00;191455,00;1,306320538E10;341587
WINM26;28/04/2026;10:30:00;190890,00;191245,00;190690,00;191090,00;1,543111893E10;404018
WINM26;28/04/2026;10:25:00;190615,00;191030,00;190550,00;190895,00;1,158344688E10;303588
WINM26;28/04/2026;10:20:00;190730,00;190840,00;190580,00;190615,00;9627938365,00;252425
WINM26;28/04/2026;10:15:00;190760,00;190955,00;190675,00;190730,00;1,126607966E10;295238
WINM26;28/04/2026;10:10:00;191030,00;191070,00;190715,00;190765,00;1,262609464E10;330705
WINM26;28/04/2026;10:05:00;191090,00;191135,00;190880,00;191025,00;1,399052275E10;366200
WINM26;28/04/2026;10:00:00;191455,00;191460,00;191075,00;191095,00;8257951536,00;215857
WINM26;28/04/2026;09:55:00;191340,00;191475,00;191285,00;191455,00;6824153799,00;178282
WINM26;28/04/2026;09:50:00;191570,00;191745,00;191260,00;191335,00;1,144846275E10;298877
WINM26;28/04/2026;09:45:00;191400,00;191625,00;191355,00;191570,00;7749892653,00;202328
WINM26;28/04/2026;09:40:00;191365,00;191495,00;191275,00;191395,00;6743566167,00;176171
WINM26;28/04/2026;09:35:00;191265,00;191415,00;191220,00;191360,00;6391989165,00;167053
WINM26;28/04/2026;09:30:00;191440,00;191460,00;191210,00;191265,00;7837466475,00;204823
WINM26;28/04/2026;09:25:00;191370,00;191440,00;191250,00;191435,00;8865740228,00;231676
WINM26;28/04/2026;09:20:00;191500,00;191745,00;191350,00;191365,00;1,210556429E10;316008
WINM26;28/04/2026;09:15:00;191495,00;191660,00;191430,00;191500,00;6697828605,00;174833
WINM26;28/04/2026;09:10:00;191470,00;191615,00;191400,00;191495,00;6641060430,00;173372
WINM26;28/04/2026;09:05:00;191625,00;191720,00;191300,00;191475,00;1,310133718E10;342083
WINM26;28/04/2026;09:00:00;192075,00;192195,00;191615,00;191625,00;1,061432996E10;276480
WINM26;27/04/2026;18:20:00;192700,00;192775,00;192600,00;192755,00;1766761151,00;45834
WINM26;27/04/2026;18:15:00;192780,00;192790,00;192690,00;192705,00;1487020842,00;38576
WINM26;27/04/2026;18:10:00;192785,00;192825,00;192760,00;192780,00;845193647,00;21919
WINM26;27/04/2026;18:05:00;192820,00;192845,00;192755,00;192780,00;878640040,00;22786
WINM26;27/04/2026;18:00:00;192790,00;192835,00;192790,00;192820,00;415902981,00;10785
WINM26;27/04/2026;17:55:00;192815,00;192840,00;192770,00;192790,00;964713620,00;25017
WINM26;27/04/2026;17:50:00;192885,00;192895,00;192745,00;192815,00;1960291174,00;50837
WINM26;27/04/2026;17:45:00;192855,00;192895,00;192825,00;192890,00;1274479692,00;33041
WINM26;27/04/2026;17:40:00;192830,00;192870,00;192830,00;192850,00;763081041,00;19784
WINM26;27/04/2026;17:35:00;192930,00;192970,00;192825,00;192830,00;2311036002,00;59906
WINM26;27/04/2026;17:30:00;192920,00;192975,00;192910,00;192925,00;1166463507,00;30228
WINM26;27/04/2026;17:25:00;192900,00;192955,00;192895,00;192915,00;790584713,00;20490
WINM26;27/04/2026;17:20:00;192895,00;192940,00;192885,00;192895,00;1128048101,00;29238
WINM26;27/04/2026;17:15:00;192925,00;192975,00;192890,00;192900,00;1544031977,00;40014
WINM26;27/04/2026;17:10:00;192950,00;193015,00;192820,00;192925,00;3592501401,00;93102
WINM26;27/04/2026;17:05:00;192935,00;192960,00;192900,00;192950,00;1349928711,00;34985
WINM26;27/04/2026;17:00:00;192970,00;193025,00;192860,00;192935,00;4889778217,00;126716
WINM26;27/04/2026;16:55:00;193020,00;193035,00;192930,00;192965,00;3547606168,00;91915
WINM26;27/04/2026;16:50:00;193075,00;193085,00;192990,00;193020,00;2493643184,00;64596
WINM26;27/04/2026;16:45:00;193055,00;193110,00;192955,00;193070,00;3866579152,00;100153
WINM26;27/04/2026;16:40:00;193115,00;193165,00;193010,00;193050,00;3858684032,00;99923
WINM26;27/04/2026;16:35:00;193030,00;193135,00;192980,00;193115,00;4591960994,00;118926
WINM26;27/04/2026;16:30:00;193275,00;193280,00;193000,00;193030,00;6438033999,00;166682
WINM26;27/04/2026;16:25:00;193325,00;193355,00;193210,00;193280,00;4217273714,00;109103
WINM26;27/04/2026;16:20:00;193400,00;193420,00;193280,00;193325,00;2775962375,00;71787
WINM26;27/04/2026;16:15:00;193295,00;193410,00;193270,00;193405,00;2913941440,00;75363
WINM26;27/04/2026;16:10:00;193340,00;193370,00;193255,00;193295,00;3668179442,00;94874
WINM26;27/04/2026;16:05:00;193325,00;193450,00;193315,00;193340,00;3463254484,00;89542
WINM26;27/04/2026;16:00:00;193360,00;193385,00;193275,00;193330,00;3713365187,00;96036
WINM26;27/04/2026;15:55:00;193370,00;193430,00;193310,00;193360,00;3512431455,00;90818
WINM26;27/04/2026;15:50:00;193610,00;193625,00;193345,00;193370,00;5213002497,00;134719
WINM26;27/04/2026;15:45:00;193495,00;193645,00;193475,00;193610,00;3346282019,00;86436
WINM26;27/04/2026;15:40:00;193615,00;193635,00;193440,00;193495,00;3726088210,00;96265
WINM26;27/04/2026;15:35:00;193540,00;193650,00;193490,00;193610,00;3910459590,00;101008
WINM26;27/04/2026;15:30:00;193685,00;193700,00;193505,00;193535,00;4568826860,00;118001
WINM26;27/04/2026;15:25:00;193680,00;193760,00;193660,00;193685,00;3572049264,00;92199
WINM26;27/04/2026;15:20:00;193630,00;193690,00;193580,00;193675,00;2664493019,00;68798
WINM26;27/04/2026;15:15:00;193580,00;193670,00;193560,00;193635,00;2535235648,00;65471
WINM26;27/04/2026;15:10:00;193615,00;193635,00;193575,00;193580,00;1334613621,00;34468
WINM26;27/04/2026;15:05:00;193595,00;193650,00;193535,00;193610,00;2659856171,00;68698
WINM26;27/04/2026;15:00:00;193595,00;193650,00;193505,00;193590,00;4227270368,00;109188
WINM26;27/04/2026;14:55:00;193480,00;193625,00;193480,00;193595,00;3489882495,00;90147
WINM26;27/04/2026;14:50:00;193440,00;193535,00;193435,00;193485,00;3206746996,00;82868
WINM26;27/04/2026;14:45:00;193490,00;193500,00;193370,00;193445,00;3015298268,00;77945
WINM26;27/04/2026;14:40:00;193500,00;193525,00;193425,00;193490,00;2724208306,00;70401
WINM26;27/04/2026;14:35:00;193595,00;193620,00;193445,00;193500,00;5373057140,00;138818
WINM26;27/04/2026;14:30:00;193520,00;193715,00;193505,00;193595,00;6923637842,00;178791
WINM26;27/04/2026;14:25:00;193285,00;193530,00;193265,00;193515,00;5532511453,00;143016
WINM26;27/04/2026;14:20:00;193210,00;193375,00;193170,00;193280,00;5950373849,00;153945
WINM26;27/04/2026;14:15:00;193185,00;193220,00;193085,00;193215,00;4981039866,00;128940
WINM26;27/04/2026;14:10:00;193205,00;193235,00;193150,00;193180,00;3320052624,00;85925
WINM26;27/04/2026;14:05:00;193350,00;193350,00;193140,00;193205,00;5862896711,00;151703
WINM26;27/04/2026;14:00:00;193370,00;193480,00;193325,00;193350,00;4078153523,00;105426
WINM26;27/04/2026;13:55:00;193315,00;193440,00;193250,00;193370,00;6138640118,00;158738
WINM26;27/04/2026;13:50:00;193525,00;193530,00;193270,00;193310,00;6632367000,00;171466
WINM26;27/04/2026;13:45:00;193510,00;193580,00;193485,00;193530,00;3021720228,00;78068
WINM26;27/04/2026;13:40:00;193530,00;193600,00;193475,00;193505,00;4405812375,00;113826
WINM26;27/04/2026;13:35:00;193745,00;193750,00;193520,00;193530,00;4022764545,00;103879
WINM26;27/04/2026;13:30:00;193765,00;193805,00;193700,00;193740,00;2521934820,00;65082
WINM26;27/04/2026;13:25:00;193640,00;193815,00;193605,00;193770,00;4057577766,00;104718
WINM26;27/04/2026;13:20:00;193655,00;193725,00;193625,00;193635,00;2112933898,00;54547
WINM26;27/04/2026;13:15:00;193675,00;193750,00;193610,00;193655,00;3338360158,00;86184
WINM26;27/04/2026;13:10:00;193740,00;193760,00;193630,00;193680,00;3455359283,00;89197
WINM26;27/04/2026;13:05:00;193720,00;193825,00;193705,00;193745,00;3102775989,00;80065
WINM26;27/04/2026;13:00:00;193815,00;193820,00;193645,00;193715,00;4167889344,00;107582
WINM26;27/04/2026;12:55:00;193720,00;193835,00;193680,00;193815,00;3815176085,00;98452
WINM26;27/04/2026;12:50:00;193605,00;193745,00;193565,00;193715,00;3908162948,00;100908
WINM26;27/04/2026;12:45:00;193755,00;193850,00;193595,00;193600,00;6585901100,00;169975
WINM26;27/04/2026;12:40:00;193675,00;193795,00;193625,00;193760,00;5047278011,00;130263
WINM26;27/04/2026;12:35:00;193425,00;193715,00;193415,00;193680,00;5195167979,00;134173
WINM26;27/04/2026;12:30:00;193520,00;193595,00;193390,00;193425,00;4333950187,00;111996
WINM26;27/04/2026;12:25:00;193485,00;193540,00;193375,00;193520,00;4623624678,00;119490
WINM26;27/04/2026;12:20:00;193620,00;193675,00;193335,00;193490,00;9148522233,00;236426
WINM26;27/04/2026;12:15:00;193530,00;193650,00;193510,00;193615,00;5086598747,00;131379
WINM26;27/04/2026;12:10:00;193460,00;193575,00;193450,00;193535,00;3606446048,00;93187
WINM26;27/04/2026;12:05:00;193460,00;193580,00;193410,00;193465,00;5347895345,00;138195
WINM26;27/04/2026;12:00:00;193520,00;193630,00;193400,00;193460,00;7336431824,00;189570
WINM26;27/04/2026;11:55:00;193690,00;193695,00;193440,00;193515,00;1,007855282E10;260387
WINM26;27/04/2026;11:50:00;193745,00;193775,00;193620,00;193690,00;6744226659,00;174089
WINM26;27/04/2026;11:45:00;194075,00;194085,00;193670,00;193750,00;9879132706,00;254818
WINM26;27/04/2026;11:40:00;194355,00;194420,00;193980,00;194080,00;9044487545,00;232916
WINM26;27/04/2026;11:35:00;194265,00;194430,00;194190,00;194360,00;6885947431,00;177187
WINM26;27/04/2026;11:30:00;194425,00;194440,00;194170,00;194270,00;7591220398,00;195370
WINM26;27/04/2026;11:25:00;194530,00;194565,00;194360,00;194425,00;4722377862,00;121425
WINM26;27/04/2026;11:20:00;194360,00;194550,00;194320,00;194530,00;5567099765,00;143163
WINM26;27/04/2026;11:15:00;194430,00;194480,00;194255,00;194355,00;7306438003,00;187962
WINM26;27/04/2026;11:10:00;194505,00;194685,00;194325,00;194430,00;7866481388,00;202226
WINM26;27/04/2026;11:05:00;194520,00;194725,00;194420,00;194505,00;9570820251,00;245948
WINM26;27/04/2026;11:00:00;194435,00;194605,00;194215,00;194520,00;1,023152742E10;263142
WINM26;27/04/2026;10:55:00;194565,00;194660,00;194395,00;194435,00;9123890729,00;234529
WINM26;27/04/2026;10:50:00;193960,00;194570,00;193835,00;194565,00;1,440520418E10;371003
WINM26;27/04/2026;10:45:00;194360,00;194465,00;193935,00;193960,00;1,277011926E10;328788
WINM26;27/04/2026;10:40:00;194090,00;194605,00;194015,00;194365,00;1,52198548E10;391486
WINM26;27/04/2026;10:35:00;194130,00;194300,00;193925,00;194085,00;1,618629126E10;416968
WINM26;27/04/2026;10:30:00;194385,00;194615,00;194105,00;194125,00;2,011522878E10;517618
WINM26;27/04/2026;10:25:00;194355,00;194560,00;194330,00;194385,00;6680940304,00;171804
WINM26;27/04/2026;10:20:00;194445,00;194565,00;194280,00;194360,00;7847644163,00;201841
WINM26;27/04/2026;10:15:00;194225,00;194540,00;194220,00;194450,00;1,10911157E10;285263
WINM26;27/04/2026;10:10:00;194650,00;194735,00;194200,00;194225,00;1,320184927E10;339509
WINM26;27/04/2026;10:05:00;194650,00;194800,00;194480,00;194655,00;1,142838202E10;293570
WINM26;27/04/2026;10:00:00;194485,00;194680,00;194340,00;194650,00;1,157226358E10;297473
WINM26;27/04/2026;09:55:00;194605,00;194655,00;194395,00;194485,00;6177687105,00;158800
WINM26;27/04/2026;09:50:00;194635,00;194690,00;194510,00;194610,00;4322337220,00;111053
WINM26;27/04/2026;09:45:00;194560,00;194775,00;194555,00;194635,00;6341180236,00;162874
WINM26;27/04/2026;09:40:00;194795,00;194865,00;194535,00;194560,00;8051189847,00;206780
WINM26;27/04/2026;09:35:00;194600,00;194920,00;194580,00;194800,00;9625770423,00;247114
WINM26;27/04/2026;09:30:00;194385,00;194665,00;194350,00;194600,00;8981491255,00;230857
WINM26;27/04/2026;09:25:00;194420,00;194475,00;194315,00;194380,00;6287757435,00;161733
WINM26;27/04/2026;09:20:00;194620,00;194630,00;194365,00;194420,00;5996383260,00;154177
WINM26;27/04/2026;09:15:00;194740,00;194785,00;194460,00;194615,00;7117119559,00;182866
WINM26;27/04/2026;09:10:00;194550,00;194795,00;194520,00;194740,00;7732582087,00;198616
WINM26;27/04/2026;09:05:00;194960,00;195040,00;194510,00;194550,00;8409041357,00;215888
WINM26;27/04/2026;09:00:00;194760,00;195245,00;194520,00;194960,00;1,5138899E10;388353
WINM26;24/04/2026;18:20:00;194475,00;194485,00;194320,00;194355,00;1466277714,00;37718
WINM26;24/04/2026;18:15:00;194400,00;194565,00;194385,00;194485,00;1647777563,00;42363
WINM26;24/04/2026;18:10:00;194390,00;194435,00;194370,00;194400,00;846642692,00;21776
WINM26;24/04/2026;18:05:00;194365,00;194415,00;194350,00;194395,00;575473677,00;14803
WINM26;24/04/2026;18:00:00;194345,00;194410,00;194345,00;194365,00;480261455,00;12354
WINM26;24/04/2026;17:55:00;194370,00;194415,00;194335,00;194350,00;1001476972,00;25762
WINM26;24/04/2026;17:50:00;194360,00;194420,00;194350,00;194365,00;926607928,00;23835
WINM26;24/04/2026;17:45:00;194385,00;194390,00;194335,00;194360,00;730478265,00;18792
WINM26;24/04/2026;17:40:00;194375,00;194405,00;194330,00;194390,00;1046005239,00;26908
WINM26;24/04/2026;17:35:00;194345,00;194440,00;194325,00;194375,00;1949040948,00;50135
WINM26;24/04/2026;17:30:00;194230,00;194380,00;194225,00;194340,00;2363934110,00;60830
WINM26;24/04/2026;17:25:00;194235,00;194245,00;194190,00;194235,00;1074165004,00;27654
WINM26;24/04/2026;17:20:00;194240,00;194255,00;194180,00;194230,00;1410526202,00;36312
WINM26;24/04/2026;17:15:00;194315,00;194390,00;194225,00;194240,00;3094584910,00;79628
WINM26;24/04/2026;17:10:00;194225,00;194325,00;194195,00;194315,00;2570295284,00;66158
WINM26;24/04/2026;17:05:00;194230,00;194255,00;194160,00;194225,00;2019732395,00;51996
WINM26;24/04/2026;17:00:00;194160,00;194295,00;194110,00;194230,00;3964518411,00;102074
WINM26;24/04/2026;16:55:00;193995,00;194185,00;193990,00;194165,00;4129077438,00;106368
WINM26;24/04/2026;16:50:00;194105,00;194140,00;193925,00;193995,00;4224803465,00;108882
WINM26;24/04/2026;16:45:00;194110,00;194135,00;194045,00;194105,00;2662235459,00;68583
WINM26;24/04/2026;16:40:00;193960,00;194145,00;193950,00;194110,00;4343406520,00;111908
WINM26;24/04/2026;16:35:00;193980,00;193995,00;193910,00;193965,00;2590150008,00;66774
WINM26;24/04/2026;16:30:00;193960,00;194020,00;193950,00;193975,00;3103845968,00;80003
WINM26;24/04/2026;16:25:00;193910,00;193980,00;193845,00;193960,00;3200910117,00;82534
WINM26;24/04/2026;16:20:00;193930,00;193970,00;193905,00;193910,00;2376857325,00;61279
WINM26;24/04/2026;16:15:00;193940,00;194005,00;193865,00;193925,00;3810768948,00;98255
WINM26;24/04/2026;16:10:00;194000,00;194050,00;193910,00;193940,00;3077357908,00;79320
WINM26;24/04/2026;16:05:00;194175,00;194195,00;193970,00;193995,00;5261208771,00;135555
WINM26;24/04/2026;16:00:00;194195,00;194295,00;194160,00;194175,00;4400526637,00;113282
WINM26;24/04/2026;15:55:00;194095,00;194240,00;194090,00;194195,00;3051972154,00;78585
WINM26;24/04/2026;15:50:00;194070,00;194170,00;194045,00;194100,00;2699523425,00;69535
WINM26;24/04/2026;15:45:00;194060,00;194155,00;194025,00;194075,00;3035881680,00;78207
WINM26;24/04/2026;15:40:00;193945,00;194140,00;193900,00;194060,00;5596255941,00;144200
WINM26;24/04/2026;15:35:00;193965,00;193990,00;193890,00;193950,00;2459825332,00;63416
WINM26;24/04/2026;15:30:00;193785,00;194020,00;193780,00;193970,00;5259940113,00;135623
WINM26;24/04/2026;15:25:00;193695,00;193795,00;193665,00;193785,00;3287929521,00;84850
WINM26;24/04/2026;15:20:00;193675,00;193730,00;193630,00;193700,00;3041735709,00;78526
WINM26;24/04/2026;15:15:00;193745,00;193805,00;193660,00;193675,00;4548786487,00;117409
WINM26;24/04/2026;15:10:00;193875,00;193895,00;193720,00;193745,00;3595843548,00;92774
WINM26;24/04/2026;15:05:00;193925,00;193925,00;193825,00;193875,00;2862373176,00;73818
WINM26;24/04/2026;15:00:00;193855,00;194000,00;193795,00;193925,00;4497099598,00;115969
WINM26;24/04/2026;14:55:00;193970,00;193995,00;193845,00;193860,00;3899164909,00;100531
WINM26;24/04/2026;14:50:00;193890,00;194065,00;193845,00;193965,00;5029942617,00;129675
WINM26;24/04/2026;14:45:00;193830,00;193955,00;193800,00;193885,00;4262827635,00;109933
WINM26;24/04/2026;14:40:00;193715,00;193900,00;193710,00;193835,00;4766166855,00;122953
WINM26;24/04/2026;14:35:00;193700,00;193815,00;193685,00;193715,00;3237516960,00;83553
WINM26;24/04/2026;14:30:00;193720,00;193740,00;193635,00;193705,00;3244825654,00;83762
WINM26;24/04/2026;14:25:00;193675,00;193780,00;193665,00;193720,00;2944876610,00;76004
WINM26;24/04/2026;14:20:00;193650,00;193710,00;193570,00;193675,00;3274575587,00;84552
WINM26;24/04/2026;14:15:00;193560,00;193700,00;193485,00;193645,00;4298108886,00;111012
WINM26;24/04/2026;14:10:00;193590,00;193635,00;193525,00;193560,00;2681010192,00;69250
WINM26;24/04/2026;14:05:00;193685,00;193735,00;193575,00;193595,00;3255570510,00;84059
WINM26;24/04/2026;14:00:00;193690,00;193760,00;193630,00;193685,00;4227193191,00;109122
WINM26;24/04/2026;13:55:00;193675,00;193740,00;193580,00;193690,00;3812566670,00;98436
WINM26;24/04/2026;13:50:00;193575,00;193700,00;193575,00;193670,00;3029643495,00;78223
WINM26;24/04/2026;13:45:00;193515,00;193665,00;193515,00;193575,00;3699991180,00;95559
WINM26;24/04/2026;13:40:00;193545,00;193585,00;193430,00;193515,00;4695036530,00;121312
WINM26;24/04/2026;13:35:00;193565,00;193605,00;193510,00;193545,00;2755591809,00;71184
WINM26;24/04/2026;13:30:00;193650,00;193710,00;193530,00;193565,00;3837433419,00;99099
WINM26;24/04/2026;13:25:00;193565,00;193660,00;193535,00;193655,00;3231375240,00;83456
WINM26;24/04/2026;13:20:00;193565,00;193710,00;193550,00;193560,00;4385315650,00;113232
WINM26;24/04/2026;13:15:00;193645,00;193660,00;193500,00;193565,00;4758837978,00;122919
WINM26;24/04/2026;13:10:00;193815,00;193840,00;193610,00;193645,00;4512271241,00;116458
WINM26;24/04/2026;13:05:00;193995,00;194060,00;193750,00;193820,00;5283257427,00;136255
WINM26;24/04/2026;13:00:00;194045,00;194065,00;193880,00;193995,00;5003740219,00;128984
WINM26;24/04/2026;12:55:00;194180,00;194185,00;194015,00;194045,00;3755686272,00;96756
WINM26;24/04/2026;12:50:00;194050,00;194230,00;193955,00;194175,00;6217507868,00;160169
WINM26;24/04/2026;12:45:00;194075,00;194250,00;193980,00;194050,00;1,179295216E10;303761
WINM26;24/04/2026;12:40:00;193755,00;194190,00;193665,00;194075,00;7972203447,00;205564
WINM26;24/04/2026;12:35:00;193680,00;193775,00;193645,00;193760,00;3165706161,00;81712
WINM26;24/04/2026;12:30:00;193820,00;193855,00;193635,00;193675,00;4226363088,00;109072
WINM26;24/04/2026;12:25:00;193820,00;193855,00;193705,00;193815,00;3904784405,00;100755
WINM26;24/04/2026;12:20:00;193720,00;193875,00;193665,00;193820,00;4341412779,00;112010
WINM26;24/04/2026;12:15:00;193710,00;193810,00;193585,00;193715,00;5427120514,00;140091
WINM26;24/04/2026;12:10:00;193585,00;193820,00;193555,00;193705,00;5969868647,00;154097
WINM26;24/04/2026;12:05:00;193875,00;193875,00;193520,00;193580,00;6993172202,00;180545
WINM26;24/04/2026;12:00:00;193775,00;193920,00;193675,00;193870,00;7547482892,00;194714
WINM26;24/04/2026;11:55:00;193530,00;193795,00;193525,00;193775,00;7002271165,00;180802
WINM26;24/04/2026;11:50:00;193750,00;193760,00;193440,00;193530,00;8951361091,00;231219
WINM26;24/04/2026;11:45:00;193930,00;193990,00;193690,00;193745,00;7453166725,00;192252
WINM26;24/04/2026;11:40:00;193990,00;194150,00;193915,00;193935,00;6379658752,00;164388
WINM26;24/04/2026;11:35:00;194050,00;194075,00;193870,00;193990,00;7611003390,00;196192
WINM26;24/04/2026;11:30:00;194065,00;194165,00;193900,00;194045,00;8046713550,00;207377
WINM26;24/04/2026;11:25:00;194195,00;194225,00;193930,00;194070,00;8660351340,00;223133
WINM26;24/04/2026;11:20:00;194460,00;194500,00;194115,00;194190,00;8392854686,00;215983
WINM26;24/04/2026;11:15:00;194295,00;194545,00;194175,00;194480,00;9832833081,00;252967
WINM26;24/04/2026;11:10:00;194470,00;194550,00;194260,00;194295,00;8955595485,00;230334
WINM26;24/04/2026;11:05:00;194495,00;194640,00;194375,00;194465,00;9105864513,00;234090
WINM26;24/04/2026;11:00:00;194660,00;194675,00;194245,00;194500,00;1,336151777E10;343648
WINM26;24/04/2026;10:55:00;194410,00;194685,00;194355,00;194655,00;8124784324,00;208827
WINM26;24/04/2026;10:50:00;194390,00;194570,00;194220,00;194415,00;1,231811931E10;316838
WINM26;24/04/2026;10:45:00;194125,00;194465,00;193925,00;194385,00;1,218621591E10;313773
WINM26;24/04/2026;10:40:00;193820,00;194245,00;193705,00;194125,00;1,330193648E10;342794
WINM26;24/04/2026;10:35:00;193700,00;193830,00;193615,00;193820,00;9648124978,00;249032
WINM26;24/04/2026;10:30:00;194100,00;194150,00;193550,00;193705,00;1,798775837E10;464112
WINM26;24/04/2026;10:25:00;194195,00;194255,00;193970,00;194100,00;1,138011331E10;293160
WINM26;24/04/2026;10:20:00;194350,00;194475,00;194115,00;194200,00;1,203131417E10;309621
WINM26;24/04/2026;10:15:00;194765,00;194775,00;194160,00;194350,00;1,585339237E10;407649
WINM26;24/04/2026;10:10:00;194870,00;195025,00;194735,00;194765,00;1,172060282E10;300713
WINM26;24/04/2026;10:05:00;194780,00;194905,00;194650,00;194870,00;1,034995741E10;265672
WINM26;24/04/2026;10:00:00;194645,00;194920,00;194555,00;194775,00;1,230225687E10;315798
WINM26;24/04/2026;09:55:00;194400,00;194690,00;194390,00;194640,00;7096323249,00;182386
WINM26;24/04/2026;09:50:00;194285,00;194465,00;194135,00;194395,00;9930892023,00;255534
WINM26;24/04/2026;09:45:00;194600,00;194650,00;194220,00;194285,00;1,092353551E10;280948
WINM26;24/04/2026;09:40:00;194645,00;194690,00;194565,00;194605,00;4288643269,00;110178
WINM26;24/04/2026;09:35:00;194700,00;194705,00;194520,00;194650,00;8318786858,00;213732
WINM26;24/04/2026;09:30:00;194880,00;194890,00;194625,00;194695,00;6683012306,00;171600
WINM26;24/04/2026;09:25:00;194750,00;194940,00;194655,00;194880,00;8591924480,00;220527
WINM26;24/04/2026;09:20:00;194960,00;194975,00;194700,00;194750,00;8320776517,00;213561
WINM26;24/04/2026;09:15:00;195140,00;195160,00;194880,00;194960,00;8470648264,00;217169
WINM26;24/04/2026;09:10:00;195050,00;195305,00;194995,00;195140,00;7906081958,00;202584
WINM26;24/04/2026;09:05:00;195155,00;195275,00;194855,00;195050,00;1,275602405E10;326958
WINM26;24/04/2026;09:00:00;195330,00;195430,00;195145,00;195155,00;7066848773,00;180921
WINM26;23/04/2026;18:20:00;194660,00;194705,00;194520,00;194520,00;1532973960,00;39396
WINM26;23/04/2026;18:15:00;194675,00;194760,00;194600,00;194650,00;857949013,00;22034
WINM26;23/04/2026;18:10:00;194695,00;194725,00;194615,00;194675,00;1186706820,00;30481
WINM26;23/04/2026;18:05:00;194755,00;194820,00;194670,00;194695,00;1178181091,00;30247
WINM26;23/04/2026;18:00:00;194875,00;194875,00;194700,00;194745,00;1708098236,00;43848
WINM26;23/04/2026;17:55:00;194825,00;194955,00;194810,00;194870,00;1983356399,00;50884
WINM26;23/04/2026;17:50:00;194900,00;194915,00;194740,00;194825,00;1873638634,00;48086
WINM26;23/04/2026;17:45:00;194900,00;194915,00;194850,00;194900,00;951924288,00;24422
WINM26;23/04/2026;17:40:00;194920,00;194955,00;194850,00;194895,00;1353062255,00;34713
WINM26;23/04/2026;17:35:00;194885,00;194970,00;194865,00;194920,00;1121065357,00;28758
WINM26;23/04/2026;17:30:00;194910,00;194945,00;194845,00;194885,00;1506653106,00;38654
WINM26;23/04/2026;17:25:00;194995,00;195000,00;194860,00;194910,00;1954255083,00;50129
WINM26;23/04/2026;17:20:00;194960,00;195050,00;194925,00;194995,00;1599346727,00;41011
WINM26;23/04/2026;17:15:00;194945,00;194970,00;194880,00;194955,00;1780232445,00;45665
WINM26;23/04/2026;17:10:00;195030,00;195085,00;194925,00;194950,00;2359012001,00;60490
WINM26;23/04/2026;17:05:00;195050,00;195120,00;195005,00;195025,00;2018382833,00;51738
WINM26;23/04/2026;17:00:00;195155,00;195185,00;195035,00;195055,00;2839262898,00;72759
WINM26;23/04/2026;16:55:00;195205,00;195245,00;195150,00;195155,00;2767307319,00;70884
WINM26;23/04/2026;16:50:00;195125,00;195225,00;194905,00;195210,00;7082300753,00;181547
WINM26;23/04/2026;16:45:00;195070,00;195155,00;195035,00;195120,00;3036189111,00;77813
WINM26;23/04/2026;16:40:00;195120,00;195270,00;195055,00;195065,00;4225990695,00;108275
WINM26;23/04/2026;16:35:00;195180,00;195185,00;194960,00;195120,00;5881201608,00;150744
WINM26;23/04/2026;16:30:00;195285,00;195410,00;195155,00;195180,00;4112280074,00;105282
WINM26;23/04/2026;16:25:00;195205,00;195325,00;195170,00;195285,00;3018069143,00;77282
WINM26;23/04/2026;16:20:00;195375,00;195385,00;195200,00;195210,00;3403989491,00;87158
WINM26;23/04/2026;16:15:00;195330,00;195470,00;195315,00;195370,00;3312257992,00;84758
WINM26;23/04/2026;16:10:00;195360,00;195395,00;195225,00;195325,00;3792583700,00;97093
WINM26;23/04/2026;16:05:00;195285,00;195505,00;195235,00;195355,00;6106571452,00;156268
WINM26;23/04/2026;16:00:00;195570,00;195620,00;195265,00;195285,00;8083670348,00;206806
WINM26;23/04/2026;15:55:00;195680,00;195715,00;195460,00;195575,00;4559602849,00;116562
WINM26;23/04/2026;15:50:00;195550,00;195730,00;195510,00;195685,00;3634379544,00;92887
WINM26;23/04/2026;15:45:00;195695,00;195700,00;195485,00;195545,00;3627519480,00;92731
WINM26;23/04/2026;15:40:00;195575,00;195735,00;195475,00;195695,00;6364507167,00;162703
WINM26;23/04/2026;15:35:00;195780,00;195830,00;195560,00;195570,00;5213801323,00;133203
WINM26;23/04/2026;15:30:00;195755,00;195930,00;195705,00;195780,00;5889907261,00;150375
WINM26;23/04/2026;15:25:00;195710,00;195785,00;195595,00;195760,00;3228853533,00;82503
WINM26;23/04/2026;15:20:00;195685,00;195740,00;195545,00;195705,00;4760506661,00;121655
WINM26;23/04/2026;15:15:00;195710,00;195750,00;195585,00;195685,00;4506923961,00;115164
WINM26;23/04/2026;15:10:00;195665,00;195845,00;195575,00;195710,00;9030130437,00;230708
WINM26;23/04/2026;15:05:00;195795,00;195840,00;195625,00;195665,00;6138835506,00;156816
WINM26;23/04/2026;15:00:00;195515,00;195825,00;195425,00;195800,00;9853244934,00;251824
WINM26;23/04/2026;14:55:00;195035,00;195570,00;194990,00;195515,00;1,042244458E10;266756
WINM26;23/04/2026;14:50:00;194675,00;195285,00;194570,00;195035,00;1,797620833E10;460992
WINM26;23/04/2026;14:45:00;194720,00;194840,00;194425,00;194675,00;1,511201524E10;388224
WINM26;23/04/2026;14:40:00;195050,00;195060,00;194605,00;194715,00;1,437759966E10;368996
WINM26;23/04/2026;14:35:00;195465,00;195520,00;194980,00;195055,00;1,082340407E10;277207
WINM26;23/04/2026;14:30:00;195160,00;195485,00;195115,00;195465,00;7962957300,00;203846
WINM26;23/04/2026;14:25:00;195100,00;195425,00;195065,00;195160,00;8024514028,00;205519
WINM26;23/04/2026;14:20:00;195175,00;195335,00;195010,00;195100,00;9595090838,00;245824
WINM26;23/04/2026;14:15:00;195415,00;195455,00;195060,00;195180,00;1,244101735E10;318585
WINM26;23/04/2026;14:10:00;195475,00;195675,00;195345,00;195415,00;1,16394222E10;297691
WINM26;23/04/2026;14:05:00;195895,00;195940,00;195440,00;195470,00;1,186683759E10;303135
WINM26;23/04/2026;14:00:00;196200,00;196250,00;195825,00;195890,00;1,296224319E10;330666
WINM26;23/04/2026;13:55:00;196275,00;196290,00;196105,00;196200,00;4336534856,00;110513
WINM26;23/04/2026;13:50:00;196235,00;196315,00;196135,00;196275,00;3826792295,00;97505
WINM26;23/04/2026;13:45:00;196385,00;196400,00;196160,00;196235,00;5989613387,00;152585
WINM26;23/04/2026;13:40:00;196135,00;196420,00;196080,00;196385,00;6700588553,00;170709
WINM26;23/04/2026;13:35:00;196050,00;196205,00;196040,00;196130,00;6408265118,00;163376
WINM26;23/04/2026;13:30:00;195880,00;196075,00;195830,00;196055,00;6005341677,00;153232
WINM26;23/04/2026;13:25:00;195885,00;195995,00;195860,00;195880,00;4842037156,00;123567
WINM26;23/04/2026;13:20:00;195755,00;195920,00;195735,00;195890,00;4648957362,00;118703
WINM26;23/04/2026;13:15:00;195605,00;195785,00;195605,00;195750,00;4220485083,00;107829
WINM26;23/04/2026;13:10:00;195570,00;195670,00;195525,00;195605,00;3765199019,00;96246
WINM26;23/04/2026;13:05:00;195575,00;195615,00;195420,00;195565,00;5925687382,00;151541
WINM26;23/04/2026;13:00:00;195740,00;195780,00;195530,00;195575,00;5577877863,00;142556
WINM26;23/04/2026;12:55:00;195690,00;195875,00;195675,00;195740,00;4676097853,00;119421
WINM26;23/04/2026;12:50:00;195845,00;195860,00;195655,00;195690,00;3983854050,00;101763
WINM26;23/04/2026;12:45:00;195910,00;195925,00;195640,00;195840,00;7890244850,00;201515
WINM26;23/04/2026;12:40:00;195985,00;196080,00;195900,00;195915,00;4715520964,00;120297
WINM26;23/04/2026;12:35:00;196135,00;196195,00;195985,00;195985,00;4538222011,00;115714
WINM26;23/04/2026;12:30:00;196240,00;196285,00;196085,00;196130,00;4639342831,00;118235
WINM26;23/04/2026;12:25:00;196060,00;196310,00;196050,00;196240,00;6195211016,00;157888
WINM26;23/04/2026;12:20:00;196030,00;196090,00;195910,00;196065,00;5795441722,00;147849
WINM26;23/04/2026;12:15:00;195895,00;196170,00;195805,00;196025,00;8061776135,00;205659
WINM26;23/04/2026;12:10:00;195735,00;195960,00;195735,00;195895,00;4405122620,00;112460
WINM26;23/04/2026;12:05:00;195685,00;195885,00;195660,00;195735,00;6430696877,00;164248
WINM26;23/04/2026;12:00:00;195980,00;196010,00;195680,00;195685,00;8332715446,00;212729
WINM26;23/04/2026;11:55:00;196090,00;196145,00;195965,00;195975,00;4724603021,00;120491
WINM26;23/04/2026;11:50:00;196235,00;196240,00;196030,00;196085,00;4729459689,00;120574
WINM26;23/04/2026;11:45:00;195965,00;196260,00;195930,00;196235,00;8367976913,00;213377
WINM26;23/04/2026;11:40:00;196140,00;196275,00;195950,00;195970,00;7323525879,00;186719
WINM26;23/04/2026;11:35:00;196265,00;196335,00;196095,00;196145,00;6793475680,00;173104
WINM26;23/04/2026;11:30:00;196355,00;196480,00;196195,00;196265,00;8051866415,00;205049
WINM26;23/04/2026;11:25:00;196270,00;196420,00;196225,00;196355,00;7431371914,00;189256
WINM26;23/04/2026;11:20:00;196030,00;196295,00;195875,00;196270,00;9511108345,00;242545
WINM26;23/04/2026;11:15:00;196110,00;196370,00;195950,00;196030,00;1,129264569E10;287809
WINM26;23/04/2026;11:10:00;196040,00;196255,00;196035,00;196115,00;7832217768,00;199635
WINM26;23/04/2026;11:05:00;195950,00;196070,00;195800,00;196040,00;8123774002,00;207291
WINM26;23/04/2026;11:00:00;196160,00;196185,00;195780,00;195945,00;1,236805252E10;315607
WINM26;23/04/2026;10:55:00;196400,00;196405,00;196045,00;196160,00;1,188988698E10;302992
WINM26;23/04/2026;10:50:00;196335,00;196780,00;196330,00;196395,00;1,449082342E10;368613
WINM26;23/04/2026;10:45:00;196175,00;196415,00;195620,00;196335,00;1,764054813E10;449996
WINM26;23/04/2026;10:40:00;196245,00;196340,00;195930,00;196175,00;1,44243644E10;367727
WINM26;23/04/2026;10:35:00;196590,00;196735,00;196220,00;196240,00;1,493455644E10;380050
WINM26;23/04/2026;10:30:00;196710,00;197040,00;196570,00;196590,00;1,618306576E10;411136
WINM26;23/04/2026;10:25:00;196680,00;196885,00;196670,00;196710,00;7210492721,00;183205
WINM26;23/04/2026;10:20:00;196860,00;196875,00;196625,00;196675,00;9270959573,00;235628
WINM26;23/04/2026;10:15:00;196475,00;196865,00;196460,00;196855,00;1,120552783E10;284828
WINM26;23/04/2026;10:10:00;196540,00;196730,00;196405,00;196475,00;1,356847725E10;345115
WINM26;23/04/2026;10:05:00;196390,00;196560,00;196285,00;196540,00;6088753858,00;155013
WINM26;23/04/2026;10:00:00;196385,00;196560,00;196310,00;196390,00;8582949596,00;218474
WINM26;23/04/2026;09:55:00;196355,00;196455,00;196300,00;196385,00;4970693269,00;126558
WINM26;23/04/2026;09:50:00;196325,00;196480,00;196225,00;196355,00;7095353664,00;180673
WINM26;23/04/2026;09:45:00;196400,00;196470,00;196165,00;196320,00;1,015772107E10;258715
WINM26;23/04/2026;09:40:00;196535,00;196630,00;196400,00;196400,00;6061056318,00;154204
WINM26;23/04/2026;09:35:00;196505,00;196610,00;196390,00;196540,00;8151023493,00;207377
WINM26;23/04/2026;09:30:00;196475,00;196570,00;196335,00;196510,00;7421645523,00;188884
WINM26;23/04/2026;09:25:00;196255,00;196550,00;196235,00;196470,00;6737085481,00;171488
WINM26;23/04/2026;09:20:00;196360,00;196395,00;196140,00;196260,00;8276375006,00;210866
WINM26;23/04/2026;09:15:00;196500,00;196555,00;196335,00;196355,00;6493249596,00;165258
WINM26;23/04/2026;09:10:00;196365,00;196610,00;196335,00;196505,00;7519040673,00;191345
WINM26;23/04/2026;09:05:00;196170,00;196515,00;196095,00;196370,00;1,041403328E10;265189
WINM26;23/04/2026;09:00:00;196275,00;196385,00;195965,00;196175,00;8766149835,00;223389
WINM26;22/04/2026;18:20:00;196315,00;196360,00;196120,00;196135,00;2067050979,00;52678
WINM26;22/04/2026;18:15:00;196370,00;196385,00;196260,00;196310,00;1553120323,00;39555
WINM26;22/04/2026;18:10:00;196375,00;196490,00;196330,00;196365,00;1922172545,00;48930
WINM26;22/04/2026;18:05:00;196345,00;196410,00;196315,00;196375,00;1062569670,00;27055
WINM26;22/04/2026;18:00:00;196490,00;196515,00;196295,00;196350,00;2417128007,00;61532
WINM26;22/04/2026;17:55:00;196510,00;196560,00;196480,00;196490,00;1524820293,00;38795
WINM26;22/04/2026;17:50:00;196610,00;196620,00;196430,00;196505,00;1914754466,00;48717
WINM26;22/04/2026;17:45:00;196625,00;196635,00;196580,00;196610,00;888263983,00;22590
WINM26;22/04/2026;17:40:00;196640,00;196655,00;196610,00;196625,00;610192929,00;15516
WINM26;22/04/2026;17:35:00;196640,00;196665,00;196570,00;196640,00;1338012894,00;34024
WINM26;22/04/2026;17:30:00;196625,00;196665,00;196590,00;196640,00;1073834270,00;27306
WINM26;22/04/2026;17:25:00;196625,00;196645,00;196585,00;196625,00;1049060232,00;26678
WINM26;22/04/2026;17:20:00;196640,00;196640,00;196580,00;196625,00;863489572,00;21959
WINM26;22/04/2026;17:15:00;196600,00;196660,00;196550,00;196635,00;2016552145,00;51286
WINM26;22/04/2026;17:10:00;196625,00;196705,00;196590,00;196605,00;2369486496,00;60248
WINM26;22/04/2026;17:05:00;196645,00;196700,00;196565,00;196625,00;3226781671,00;82049
WINM26;22/04/2026;17:00:00;196605,00;196665,00;196545,00;196640,00;3742099325,00;95167
WINM26;22/04/2026;16:55:00;196615,00;196680,00;196580,00;196605,00;3051410484,00;77594
WINM26;22/04/2026;16:50:00;196665,00;196765,00;196600,00;196625,00;5368277237,00;136473
WINM26;22/04/2026;16:45:00;196490,00;196670,00;196485,00;196660,00;3211343325,00;81682
WINM26;22/04/2026;16:40:00;196555,00;196565,00;196440,00;196490,00;2573069234,00;65476
WINM26;22/04/2026;16:35:00;196535,00;196590,00;196435,00;196550,00;3750741787,00;95429
WINM26;22/04/2026;16:30:00;196550,00;196580,00;196425,00;196530,00;3945044022,00;100385
WINM26;22/04/2026;16:25:00;196615,00;196660,00;196470,00;196550,00;4090288471,00;104047
WINM26;22/04/2026;16:20:00;196665,00;196710,00;196575,00;196620,00;3979196929,00;101185
WINM26;22/04/2026;16:15:00;196485,00;196720,00;196465,00;196665,00;4896328905,00;124513
WINM26;22/04/2026;16:10:00;196540,00;196575,00;196440,00;196485,00;3220137268,00;81937
WINM26;22/04/2026;16:05:00;196490,00;196570,00;196455,00;196545,00;3794257348,00;96538
WINM26;22/04/2026;16:00:00;196690,00;196705,00;196365,00;196490,00;9514205944,00;242110
WINM26;22/04/2026;15:55:00;196670,00;196710,00;196600,00;196690,00;3534267580,00;89858
WINM26;22/04/2026;15:50:00;196610,00;196690,00;196590,00;196670,00;2883182239,00;73305
WINM26;22/04/2026;15:45:00;196765,00;196770,00;196575,00;196615,00;3964300428,00;100803
WINM26;22/04/2026;15:40:00;196740,00;196790,00;196675,00;196765,00;2142777860,00;54459
WINM26;22/04/2026;15:35:00;196670,00;196800,00;196670,00;196740,00;2589891971,00;65819
WINM26;22/04/2026;15:30:00;196735,00;196785,00;196665,00;196670,00;2672456843,00;67922
WINM26;22/04/2026;15:25:00;196795,00;196840,00;196690,00;196735,00;3638547366,00;92460
WINM26;22/04/2026;15:20:00;196810,00;196810,00;196705,00;196795,00;3223659522,00;81920
WINM26;22/04/2026;15:15:00;196890,00;196930,00;196770,00;196810,00;3605549933,00;91588
WINM26;22/04/2026;15:10:00;196840,00;196960,00;196800,00;196890,00;3300509222,00;83821
WINM26;22/04/2026;15:05:00;196860,00;196925,00;196785,00;196840,00;3417458600,00;86804
WINM26;22/04/2026;15:00:00;196735,00;196900,00;196665,00;196860,00;3678814422,00;93465
WINM26;22/04/2026;14:55:00;196775,00;196825,00;196685,00;196740,00;3413646740,00;86749
WINM26;22/04/2026;14:50:00;196825,00;196940,00;196730,00;196770,00;4696052722,00;119288
WINM26;22/04/2026;14:45:00;196690,00;196825,00;196645,00;196825,00;4278195267,00;108726
WINM26;22/04/2026;14:40:00;196715,00;196740,00;196580,00;196690,00;5224444900,00;132824
WINM26;22/04/2026;14:35:00;196825,00;196870,00;196705,00;196720,00;3749851262,00;95276
WINM26;22/04/2026;14:30:00;196985,00;197065,00;196780,00;196820,00;5285609953,00;134198
WINM26;22/04/2026;14:25:00;196865,00;197015,00;196845,00;196985,00;3394350370,00;86178
WINM26;22/04/2026;14:20:00;196855,00;196945,00;196790,00;196870,00;4391040068,00;111524
WINM26;22/04/2026;14:15:00;196955,00;197040,00;196765,00;196855,00;4955472119,00;125834
WINM26;22/04/2026;14:10:00;196865,00;197025,00;196865,00;196955,00;5542844030,00;140711
WINM26;22/04/2026;14:05:00;196755,00;196900,00;196750,00;196870,00;3420743347,00;86894
WINM26;22/04/2026;14:00:00;196745,00;196890,00;196665,00;196750,00;5239364002,00;133132
WINM26;22/04/2026;13:55:00;196775,00;196820,00;196660,00;196745,00;4088769798,00;103915
WINM26;22/04/2026;13:50:00;196875,00;196890,00;196745,00;196775,00;4280633715,00;108742
WINM26;22/04/2026;13:45:00;196720,00;196940,00;196690,00;196875,00;4550652664,00;115610
WINM26;22/04/2026;13:40:00;196740,00;196955,00;196710,00;196725,00;6681060103,00;169709
WINM26;22/04/2026;13:35:00;196630,00;196810,00;196580,00;196745,00;5223383155,00;132772
WINM26;22/04/2026;13:30:00;196865,00;196865,00;196540,00;196630,00;8729055854,00;221910
WINM26;22/04/2026;13:25:00;196940,00;197015,00;196750,00;196865,00;6196887423,00;157374
WINM26;22/04/2026;13:20:00;197005,00;197085,00;196910,00;196940,00;4366019406,00;110811
WINM26;22/04/2026;13:15:00;197155,00;197220,00;196905,00;197005,00;5861289594,00;148728
WINM26;22/04/2026;13:10:00;197335,00;197360,00;197075,00;197160,00;4999192512,00;126756
WINM26;22/04/2026;13:05:00;197370,00;197445,00;197265,00;197335,00;3372984295,00;85458
WINM26;22/04/2026;13:00:00;197410,00;197510,00;197255,00;197370,00;6406725452,00;162290
WINM26;22/04/2026;12:55:00;197455,00;197530,00;197345,00;197410,00;4491057232,00;113736
WINM26;22/04/2026;12:50:00;197405,00;197480,00;197335,00;197450,00;4533166395,00;114805
WINM26;22/04/2026;12:45:00;197115,00;197415,00;197065,00;197405,00;5430565205,00;137647
WINM26;22/04/2026;12:40:00;197075,00;197195,00;196990,00;197115,00;5516357227,00;139944
WINM26;22/04/2026;12:35:00;197115,00;197195,00;197015,00;197075,00;4288068364,00;108776
WINM26;22/04/2026;12:30:00;197230,00;197290,00;197065,00;197115,00;4498237607,00;114067
WINM26;22/04/2026;12:25:00;197270,00;197355,00;197155,00;197230,00;4338959396,00;109994
WINM26;22/04/2026;12:20:00;197260,00;197355,00;197160,00;197270,00;3911152037,00;99140
WINM26;22/04/2026;12:15:00;197270,00;197320,00;197150,00;197255,00;4038590534,00;102380
WINM26;22/04/2026;12:10:00;197220,00;197310,00;197155,00;197270,00;4101583086,00;103974
WINM26;22/04/2026;12:05:00;197260,00;197380,00;197145,00;197220,00;6655995978,00;168715
WINM26;22/04/2026;12:00:00;197465,00;197495,00;197180,00;197260,00;7153950954,00;181295
WINM26;22/04/2026;11:55:00;197185,00;197490,00;197175,00;197470,00;6566171132,00;166369
WINM26;22/04/2026;11:50:00;197455,00;197510,00;197020,00;197185,00;9221215115,00;233789
WINM26;22/04/2026;11:45:00;197195,00;197505,00;197180,00;197460,00;8422777159,00;213391
WINM26;22/04/2026;11:40:00;197370,00;197525,00;197125,00;197195,00;8684185178,00;220021
WINM26;22/04/2026;11:35:00;197660,00;197710,00;197300,00;197365,00;1,063582614E10;269315
WINM26;22/04/2026;11:30:00;197945,00;198120,00;197555,00;197660,00;1,189749977E10;300742
WINM26;22/04/2026;11:25:00;197900,00;198025,00;197805,00;197940,00;8656481113,00;218681
WINM26;22/04/2026;11:20:00;197900,00;197925,00;197605,00;197895,00;1,13751718E10;287617
WINM26;22/04/2026;11:15:00;198280,00;198295,00;197860,00;197905,00;1,188998212E10;300117
WINM26;22/04/2026;11:10:00;198230,00;198430,00;198160,00;198280,00;8075290420,00;203626
WINM26;22/04/2026;11:05:00;198585,00;198645,00;198195,00;198225,00;9831004999,00;247761
WINM26;22/04/2026;11:00:00;198615,00;198865,00;198500,00;198590,00;9569484768,00;240872
WINM26;22/04/2026;10:55:00;198710,00;198760,00;198430,00;198610,00;9348626581,00;235377
WINM26;22/04/2026;10:50:00;198920,00;198990,00;198610,00;198710,00;1,153690468E10;290187
WINM26;22/04/2026;10:45:00;198485,00;198960,00;198460,00;198915,00;1,507222195E10;379235
WINM26;22/04/2026;10:40:00;198160,00;198505,00;198000,00;198485,00;1,41045997E10;355775
WINM26;22/04/2026;10:35:00;198915,00;199000,00;198070,00;198155,00;1,804153378E10;454612
WINM26;22/04/2026;10:30:00;199340,00;199365,00;198760,00;198915,00;1,386648168E10;348417
WINM26;22/04/2026;10:25:00;199450,00;199460,00;199110,00;199335,00;8201962658,00;205790
WINM26;22/04/2026;10:20:00;199495,00;199740,00;199425,00;199445,00;1,076204255E10;269625
WINM26;22/04/2026;10:15:00;199160,00;199540,00;199110,00;199495,00;1,110644679E10;278591
WINM26;22/04/2026;10:10:00;199350,00;199395,00;199095,00;199155,00;1,060863745E10;266216
WINM26;22/04/2026;10:05:00;199250,00;199765,00;199220,00;199345,00;2,120360124E10;531448
WINM26;22/04/2026;10:00:00;198950,00;199265,00;198855,00;199250,00;1,350622818E10;339281
WINM26;22/04/2026;09:55:00;198910,00;199080,00;198830,00;198950,00;6771798247,00;170189
WINM26;22/04/2026;09:50:00;198825,00;198940,00;198780,00;198905,00;5249370914,00;131978
WINM26;22/04/2026;09:45:00;198915,00;199000,00;198705,00;198825,00;7723437240,00;194162
WINM26;22/04/2026;09:40:00;198740,00;198950,00;198685,00;198920,00;7520593165,00;189092
WINM26;22/04/2026;09:35:00;198665,00;198780,00;198600,00;198740,00;7144133591,00;179770
WINM26;22/04/2026;09:30:00;199155,00;199165,00;198590,00;198670,00;1,443555634E10;362998
WINM26;22/04/2026;09:25:00;199635,00;199820,00;199115,00;199155,00;1,655550876E10;414759
WINM26;22/04/2026;09:20:00;199045,00;199640,00;198995,00;199635,00;1,457464517E10;365645
WINM26;22/04/2026;09:15:00;198880,00;199055,00;198720,00;199045,00;1,229953185E10;309204
WINM26;22/04/2026;09:10:00;199485,00;199535,00;198825,00;198875,00;1,67968466E10;421684
WINM26;22/04/2026;09:05:00;199885,00;199895,00;199335,00;199485,00;1,372134715E10;343818
WINM26;22/04/2026;09:00:00;200550,00;200660,00;199715,00;199885,00;1,215999953E10;303535
WINM26;20/04/2026;18:20:00;200235,00;200430,00;200165,00;200430,00;1282000859,00;31993
WINM26;20/04/2026;18:15:00;200220,00;200290,00;200195,00;200235,00;781108947,00;19505
WINM26;20/04/2026;18:10:00;200170,00;200265,00;200145,00;200215,00;945383068,00;23610
WINM26;20/04/2026;18:05:00;200175,00;200185,00;200130,00;200165,00;461296297,00;11523
WINM26;20/04/2026;18:00:00;200135,00;200185,00;200115,00;200180,00;657466805,00;16423
WINM26;20/04/2026;17:55:00;200120,00;200150,00;200120,00;200135,00;441977985,00;11042
WINM26;20/04/2026;17:50:00;200115,00;200155,00;200105,00;200125,00;602992182,00;15065
WINM26;20/04/2026;17:45:00;200120,00;200150,00;200060,00;200115,00;1605272030,00;40111
WINM26;20/04/2026;17:40:00;200180,00;200200,00;200105,00;200120,00;1106768733,00;27649
WINM26;20/04/2026;17:35:00;200140,00;200200,00;200135,00;200175,00;1318946806,00;32945
WINM26;20/04/2026;17:30:00;200085,00;200155,00;200060,00;200145,00;1474693988,00;36847
WINM26;20/04/2026;17:25:00;200115,00;200120,00;200040,00;200080,00;1100593761,00;27505
WINM26;20/04/2026;17:20:00;200055,00;200130,00;200050,00;200115,00;1163965958,00;29086
WINM26;20/04/2026;17:15:00;200190,00;200195,00;200040,00;200050,00;2191364806,00;54757
WINM26;20/04/2026;17:10:00;200125,00;200215,00;200120,00;200195,00;1562939751,00;39040
WINM26;20/04/2026;17:05:00;200185,00;200205,00;200110,00;200125,00;1904170071,00;47569
WINM26;20/04/2026;17:00:00;200280,00;200305,00;200160,00;200180,00;3122675093,00;77981
WINM26;20/04/2026;16:55:00;200175,00;200300,00;200160,00;200280,00;4299483472,00;107360
WINM26;20/04/2026;16:50:00;200160,00;200205,00;200105,00;200170,00;3021366224,00;75473
WINM26;20/04/2026;16:45:00;200150,00;200165,00;200085,00;200160,00;2323576130,00;58051
WINM26;20/04/2026;16:40:00;200140,00;200180,00;200085,00;200150,00;2648756898,00;66178
WINM26;20/04/2026;16:35:00;199965,00;200165,00;199950,00;200145,00;3877536603,00;96897
WINM26;20/04/2026;16:30:00;200045,00;200085,00;199930,00;199970,00;3617855260,00;90445
WINM26;20/04/2026;16:25:00;200090,00;200100,00;200010,00;200045,00;2441730138,00;61026
WINM26;20/04/2026;16:20:00;200185,00;200190,00;200060,00;200095,00;3008022899,00;75153
WINM26;20/04/2026;16:15:00;200325,00;200345,00;200175,00;200185,00;3798078183,00;94831
WINM26;20/04/2026;16:10:00;200200,00;200340,00;200145,00;200325,00;4102468231,00;102438
WINM26;20/04/2026;16:05:00;200045,00;200205,00;200025,00;200200,00;3178219240,00;79404
WINM26;20/04/2026;16:00:00;200090,00;200150,00;200025,00;200045,00;3427833581,00;85658
WINM26;20/04/2026;15:55:00;200105,00;200125,00;200040,00;200095,00;1835957637,00;45883
WINM26;20/04/2026;15:50:00;200080,00;200130,00;200060,00;200105,00;1749308197,00;43712
WINM26;20/04/2026;15:45:00;200080,00;200100,00;200010,00;200085,00;2664881362,00;66602
WINM26;20/04/2026;15:40:00;200170,00;200185,00;200040,00;200080,00;3351564949,00;83741
WINM26;20/04/2026;15:35:00;200210,00;200275,00;200150,00;200170,00;2970860037,00;74196
WINM26;20/04/2026;15:30:00;200225,00;200275,00;200170,00;200215,00;2489472828,00;62169
WINM26;20/04/2026;15:25:00;200325,00;200365,00;200150,00;200220,00;3908458890,00;97584
WINM26;20/04/2026;15:20:00;200310,00;200385,00;200295,00;200330,00;2418167760,00;60353
WINM26;20/04/2026;15:15:00;200260,00;200380,00;200165,00;200305,00;3667878962,00;91568
WINM26;20/04/2026;15:10:00;200310,00;200340,00;200120,00;200255,00;5279965190,00;131855
WINM26;20/04/2026;15:05:00;200205,00;200385,00;200170,00;200310,00;5630047683,00;140547
WINM26;20/04/2026;15:00:00;200055,00;200225,00;200000,00;200210,00;5749840962,00;143659
WINM26;20/04/2026;14:55:00;200030,00;200110,00;200020,00;200055,00;4374969927,00;109338
WINM26;20/04/2026;14:50:00;199970,00;200035,00;199890,00;200025,00;3794949324,00;94895
WINM26;20/04/2026;14:45:00;200045,00;200055,00;199925,00;199970,00;2362506460,00;59066
WINM26;20/04/2026;14:40:00;199940,00;200060,00;199925,00;200040,00;3081475608,00;77040
WINM26;20/04/2026;14:35:00;199930,00;200055,00;199900,00;199940,00;5032743676,00;125829
WINM26;20/04/2026;14:30:00;200000,00;200035,00;199885,00;199935,00;5086524635,00;127194
WINM26;20/04/2026;14:25:00;200215,00;200230,00;199990,00;200000,00;4570096109,00;114205
WINM26;20/04/2026;14:20:00;200245,00;200270,00;200145,00;200215,00;3741477551,00;93442
WINM26;20/04/2026;14:15:00;200395,00;200415,00;200215,00;200240,00;3730333058,00;93112
WINM26;20/04/2026;14:10:00;200305,00;200450,00;200300,00;200390,00;2635705702,00;65767
WINM26;20/04/2026;14:05:00;200345,00;200435,00;200290,00;200310,00;2836007113,00;70775
WINM26;20/04/2026;14:00:00;200270,00;200455,00;200250,00;200340,00;4821106366,00;120320
WINM26;20/04/2026;13:55:00;200455,00;200465,00;200255,00;200275,00;4414452980,00;110184
WINM26;20/04/2026;13:50:00;200400,00;200480,00;200400,00;200455,00;2559581110,00;63848
WINM26;20/04/2026;13:45:00;200570,00;200595,00;200375,00;200405,00;3594031076,00;89637
WINM26;20/04/2026;13:40:00;200435,00;200595,00;200425,00;200570,00;4058306630,00;101186
WINM26;20/04/2026;13:35:00;200490,00;200545,00;200415,00;200435,00;3821594695,00;95309
WINM26;20/04/2026;13:30:00;200635,00;200685,00;200480,00;200490,00;4564248092,00;113779
WINM26;20/04/2026;13:25:00;200670,00;200725,00;200605,00;200640,00;2643298479,00;65864
WINM26;20/04/2026;13:20:00;200685,00;200760,00;200580,00;200675,00;3799046162,00;94661
WINM26;20/04/2026;13:15:00;200690,00;200725,00;200610,00;200685,00;2965513895,00;73891
WINM26;20/04/2026;13:10:00;200720,00;200735,00;200630,00;200695,00;2863670133,00;71350
WINM26;20/04/2026;13:05:00;200610,00;200785,00;200575,00;200725,00;4686226417,00;116737
WINM26;20/04/2026;13:00:00;200655,00;200695,00;200565,00;200615,00;2911431367,00;72562
WINM26;20/04/2026;12:55:00;200580,00;200740,00;200570,00;200655,00;4275199023,00;106525
WINM26;20/04/2026;12:50:00;200590,00;200610,00;200470,00;200575,00;3241507425,00;80822
WINM26;20/04/2026;12:45:00;200570,00;200625,00;200480,00;200595,00;3781121215,00;94267
WINM26;20/04/2026;12:40:00;200570,00;200705,00;200505,00;200575,00;5123041251,00;127688
WINM26;20/04/2026;12:35:00;200490,00;200625,00;200430,00;200570,00;4405481800,00;109845
WINM26;20/04/2026;12:30:00;200630,00;200630,00;200475,00;200485,00;4616819695,00;115102
WINM26;20/04/2026;12:25:00;200410,00;200660,00;200360,00;200625,00;5384946983,00;134298
WINM26;20/04/2026;12:20:00;200255,00;200515,00;200200,00;200410,00;7693028784,00;191995
WINM26;20/04/2026;12:15:00;200310,00;200385,00;200180,00;200260,00;5201836227,00;129867
WINM26;20/04/2026;12:10:00;200210,00;200370,00;200185,00;200305,00;6063023655,00;151370
WINM26;20/04/2026;12:05:00;200040,00;200275,00;200035,00;200215,00;5716062006,00;142776
WINM26;20/04/2026;12:00:00;200215,00;200310,00;199940,00;200040,00;7058950362,00;176383
WINM26;20/04/2026;11:55:00;200225,00;200240,00;199995,00;200210,00;6124612316,00;153030
WINM26;20/04/2026;11:50:00;200530,00;200575,00;199975,00;200220,00;1,443681795E10;360516
WINM26;20/04/2026;11:45:00;200500,00;200580,00;200360,00;200530,00;6811595262,00;169890
WINM26;20/04/2026;11:40:00;200185,00;200510,00;200135,00;200495,00;8657280073,00;216108
WINM26;20/04/2026;11:35:00;200395,00;200435,00;200165,00;200180,00;7915520667,00;197603
WINM26;20/04/2026;11:30:00;200145,00;200490,00;200105,00;200390,00;1,08608694E10;271111
WINM26;20/04/2026;11:25:00;199965,00;200155,00;199890,00;200145,00;7411389524,00;185276
WINM26;20/04/2026;11:20:00;199970,00;200055,00;199840,00;199970,00;7672825245,00;191873
WINM26;20/04/2026;11:15:00;199720,00;200045,00;199660,00;199975,00;9069942225,00;226946
WINM26;20/04/2026;11:10:00;199485,00;199755,00;199365,00;199720,00;8604234422,00;215575
WINM26;20/04/2026;11:05:00;199405,00;199590,00;199375,00;199490,00;9087168846,00;227754
WINM26;20/04/2026;11:00:00;199830,00;199835,00;199175,00;199405,00;1,426292594E10;357654
WINM26;20/04/2026;10:55:00;199905,00;200135,00;199735,00;199830,00;1,047169615E10;261892
WINM26;20/04/2026;10:50:00;199875,00;199980,00;199695,00;199900,00;9724604961,00;243320
WINM26;20/04/2026;10:45:00;200125,00;200140,00;199820,00;199875,00;1,194386103E10;298640
WINM26;20/04/2026;10:40:00;200120,00;200220,00;199965,00;200125,00;1,0227418E10;255574
WINM26;20/04/2026;10:35:00;200345,00;200550,00;200095,00;200120,00;1,09365421E10;272944
WINM26;20/04/2026;10:30:00;200675,00;200740,00;200210,00;200340,00;1,606743777E10;400712
WINM26;20/04/2026;10:25:00;200340,00;200745,00;200325,00;200675,00;1,091420879E10;272155
WINM26;20/04/2026;10:20:00;200325,00;200495,00;200165,00;200340,00;1,354016725E10;337882
WINM26;20/04/2026;10:15:00;200005,00;200395,00;199930,00;200330,00;1,208547202E10;301883
WINM26;20/04/2026;10:10:00;199870,00;200085,00;199830,00;200005,00;7788289167,00;194758
WINM26;20/04/2026;10:05:00;199640,00;200145,00;199630,00;199865,00;1,418970631E10;354928
WINM26;20/04/2026;10:00:00;200180,00;200185,00;199490,00;199640,00;1,455867794E10;364460
WINM26;20/04/2026;09:55:00;200070,00;200220,00;200060,00;200180,00;4945009058,00;123540
WINM26;20/04/2026;09:50:00;200065,00;200130,00;200000,00;200070,00;4496905603,00;112384
WINM26;20/04/2026;09:45:00;200025,00;200185,00;200015,00;200070,00;5813770645,00;145274
WINM26;20/04/2026;09:40:00;199990,00;200115,00;199900,00;200030,00;6522883401,00;163055
WINM26;20/04/2026;09:35:00;199990,00;200080,00;199905,00;199985,00;5188911606,00;129730
WINM26;20/04/2026;09:30:00;199925,00;200075,00;199880,00;199995,00;6358338183,00;158968
WINM26;20/04/2026;09:25:00;200185,00;200210,00;199845,00;199925,00;8398678831,00;209958
WINM26;20/04/2026;09:20:00;200175,00;200300,00;200025,00;200185,00;8715251976,00;217704
WINM26;20/04/2026;09:15:00;200095,00;200225,00;200050,00;200175,00;7088903285,00;177095
WINM26;20/04/2026;09:10:00;199755,00;200100,00;199735,00;200090,00;9469845176,00;236809
WINM26;20/04/2026;09:05:00;199605,00;199890,00;199570,00;199760,00;7518876029,00;188204
WINM26;20/04/2026;09:00:00;199660,00;199835,00;199290,00;199605,00;1,42253065E10;356407
WINM26;17/04/2026;18:20:00;199640,00;199675,00;199500,00;199650,00;1896364102,00;47498
WINM26;17/04/2026;18:15:00;199735,00;199825,00;199635,00;199640,00;1258505857,00;31504
WINM26;17/04/2026;18:10:00;199900,00;199935,00;199705,00;199740,00;1620113805,00;40537
WINM26;17/04/2026;18:05:00;199865,00;199925,00;199820,00;199905,00;727773371,00;18205
WINM26;17/04/2026;18:00:00;199910,00;199960,00;199815,00;199870,00;1223157576,00;30596
WINM26;17/04/2026;17:55:00;199905,00;199950,00;199880,00;199910,00;942078461,00;23562
WINM26;17/04/2026;17:50:00;199915,00;199960,00;199885,00;199910,00;820557460,00;20522
WINM26;17/04/2026;17:45:00;199940,00;199960,00;199855,00;199915,00;1618302911,00;40474
WINM26;17/04/2026;17:40:00;200020,00;200035,00;199920,00;199940,00;1480961956,00;37032
WINM26;17/04/2026;17:35:00;199980,00;200025,00;199955,00;200020,00;1040158820,00;26005
WINM26;17/04/2026;17:30:00;199915,00;199985,00;199890,00;199975,00;1379909462,00;34508
WINM26;17/04/2026;17:25:00;199955,00;199975,00;199875,00;199915,00;1580339950,00;39525
WINM26;17/04/2026;17:20:00;200030,00;200065,00;199855,00;199950,00;3104408078,00;77625
WINM26;17/04/2026;17:15:00;200110,00;200135,00;200000,00;200030,00;2218727660,00;55452
WINM26;17/04/2026;17:10:00;200035,00;200125,00;200005,00;200115,00;2873935366,00;71824
WINM26;17/04/2026;17:05:00;199780,00;200220,00;199745,00;200040,00;7819866025,00;195465
WINM26;17/04/2026;17:00:00;199605,00;199810,00;199600,00;199775,00;3914903188,00;98001
WINM26;17/04/2026;16:55:00;199695,00;199725,00;199580,00;199605,00;3801918132,00;95226
WINM26;17/04/2026;16:50:00;199665,00;199750,00;199625,00;199695,00;3588918256,00;89861
WINM26;17/04/2026;16:45:00;199730,00;199740,00;199620,00;199670,00;4545107045,00;113816
WINM26;17/04/2026;16:40:00;199740,00;199815,00;199665,00;199725,00;3396771522,00;85029
WINM26;17/04/2026;16:35:00;199875,00;199925,00;199665,00;199740,00;6101516015,00;152708
WINM26;17/04/2026;16:30:00;199855,00;199975,00;199840,00;199875,00;3118288014,00;77994
WINM26;17/04/2026;16:25:00;199870,00;199925,00;199850,00;199855,00;1929031031,00;48253
WINM26;17/04/2026;16:20:00;199925,00;199985,00;199840,00;199875,00;3872176988,00;96842
WINM26;17/04/2026;16:15:00;199805,00;199940,00;199800,00;199930,00;3125952686,00;78198
WINM26;17/04/2026;16:10:00;199875,00;199940,00;199775,00;199810,00;3466148118,00;86721
WINM26;17/04/2026;16:05:00;199865,00;199910,00;199815,00;199870,00;2849158705,00;71279
WINM26;17/04/2026;16:00:00;199765,00;199960,00;199640,00;199870,00;7455820871,00;186560
WINM26;17/04/2026;15:55:00;199455,00;199780,00;199370,00;199770,00;7889839722,00;197678
WINM26;17/04/2026;15:50:00;199915,00;199920,00;199345,00;199455,00;1,063185849E10;266309
WINM26;17/04/2026;15:45:00;200095,00;200105,00;199835,00;199915,00;6183673929,00;154648
WINM26;17/04/2026;15:40:00;200165,00;200215,00;200015,00;200095,00;4753538302,00;118777
WINM26;17/04/2026;15:35:00;200265,00;200275,00;200105,00;200165,00;3434497314,00;85791
WINM26;17/04/2026;15:30:00;200245,00;200295,00;200215,00;200260,00;2450055169,00;61173
WINM26;17/04/2026;15:25:00;200210,00;200275,00;200180,00;200240,00;2690482333,00;67187
WINM26;17/04/2026;15:20:00;200210,00;200295,00;200180,00;200210,00;3459493973,00;86385
WINM26;17/04/2026;15:15:00;200155,00;200260,00;200095,00;200210,00;4094856157,00;102269
WINM26;17/04/2026;15:10:00;200270,00;200285,00;200105,00;200155,00;5327572669,00;133066
WINM26;17/04/2026;15:05:00;200375,00;200390,00;200245,00;200270,00;3968492531,00;99048
WINM26;17/04/2026;15:00:00;200485,00;200505,00;200335,00;200375,00;4077780101,00;101736
WINM26;17/04/2026;14:55:00;200520,00;200525,00;200415,00;200485,00;2823628455,00;70426
WINM26;17/04/2026;14:50:00;200475,00;200580,00;200450,00;200520,00;3006323965,00;74962
WINM26;17/04/2026;14:45:00;200465,00;200525,00;200425,00;200475,00;3078442525,00;76777
WINM26;17/04/2026;14:40:00;200395,00;200500,00;200365,00;200465,00;2899305066,00;72326
WINM26;17/04/2026;14:35:00;200395,00;200425,00;200300,00;200395,00;3203289260,00;79935
WINM26;17/04/2026;14:30:00;200420,00;200495,00;200345,00;200395,00;3625740113,00;90455
WINM26;17/04/2026;14:25:00;200335,00;200480,00;200235,00;200420,00;6790600466,00;169451
WINM26;17/04/2026;14:20:00;200470,00;200620,00;200225,00;200335,00;9934746036,00;247842
WINM26;17/04/2026;14:15:00;200445,00;200595,00;200425,00;200475,00;5257300987,00;131097
WINM26;17/04/2026;14:10:00;200310,00;200485,00;200245,00;200445,00;4496665145,00;112212
WINM26;17/04/2026;14:05:00;200480,00;200495,00;200115,00;200315,00;7927545048,00;197886
WINM26;17/04/2026;14:00:00;200485,00;200520,00;200410,00;200480,00;3322622769,00;82873
WINM26;17/04/2026;13:55:00;200375,00;200510,00;200360,00;200490,00;2697307498,00;67287
WINM26;17/04/2026;13:50:00;200380,00;200500,00;200290,00;200375,00;4607484813,00;114966
WINM26;17/04/2026;13:45:00;200295,00;200415,00;200245,00;200380,00;4090653087,00;102103
WINM26;17/04/2026;13:40:00;200455,00;200470,00;200220,00;200290,00;4650397372,00;116080
WINM26;17/04/2026;13:35:00;200445,00;200530,00;200415,00;200450,00;3617431359,00;90226
WINM26;17/04/2026;13:30:00;200465,00;200590,00;200445,00;200445,00;3584892123,00;89397
WINM26;17/04/2026;13:25:00;200465,00;200515,00;200330,00;200465,00;4268202724,00;106485
WINM26;17/04/2026;13:20:00;200405,00;200530,00;200375,00;200465,00;4279007261,00;106727
WINM26;17/04/2026;13:15:00;200305,00;200410,00;200290,00;200410,00;3961861239,00;98872
WINM26;17/04/2026;13:10:00;200280,00;200340,00;200200,00;200310,00;3141371697,00;78427
WINM26;17/04/2026;13:05:00;200115,00;200320,00;200100,00;200285,00;3735282887,00;93279
WINM26;17/04/2026;13:00:00;200265,00;200275,00;200075,00;200115,00;4590565971,00;114676
WINM26;17/04/2026;12:55:00;200220,00;200280,00;200165,00;200270,00;2675401633,00;66810
WINM26;17/04/2026;12:50:00;200305,00;200315,00;200190,00;200225,00;3384210321,00;84501
WINM26;17/04/2026;12:45:00;200175,00;200450,00;200165,00;200305,00;6318623944,00;157710
WINM26;17/04/2026;12:40:00;200345,00;200355,00;200135,00;200175,00;5076552267,00;126766
WINM26;17/04/2026;12:35:00;200525,00;200525,00;200165,00;200345,00;5792675440,00;144584
WINM26;17/04/2026;12:30:00;200365,00;200550,00;200310,00;200525,00;6007056664,00;149842
WINM26;17/04/2026;12:25:00;200445,00;200450,00;200245,00;200360,00;5456472682,00;136181
WINM26;17/04/2026;12:20:00;200225,00;200475,00;200215,00;200445,00;6009738320,00;149977
WINM26;17/04/2026;12:15:00;200195,00;200415,00;200055,00;200230,00;7611703712,00;190059
WINM26;17/04/2026;12:10:00;200205,00;200280,00;199895,00;200200,00;7581047622,00;189439
WINM26;17/04/2026;12:05:00;200020,00;200220,00;199915,00;200200,00;5944471808,00;148582
WINM26;17/04/2026;12:00:00;200130,00;200255,00;199780,00;200025,00;1,150827896E10;287608
WINM26;17/04/2026;11:55:00;199905,00;200185,00;199820,00;200130,00;8761765722,00;219014
WINM26;17/04/2026;11:50:00;200495,00;200505,00;199565,00;199905,00;2,021964359E10;505654
WINM26;17/04/2026;11:45:00;200700,00;200770,00;200405,00;200495,00;9489993931,00;236567
WINM26;17/04/2026;11:40:00;200385,00;200735,00;200310,00;200700,00;1,178336284E10;293822
WINM26;17/04/2026;11:35:00;200770,00;200775,00;200355,00;200385,00;1,296553304E10;323293
WINM26;17/04/2026;11:30:00;200950,00;200970,00;200705,00;200770,00;9648931728,00;240241
WINM26;17/04/2026;11:25:00;201325,00;201350,00;200915,00;200950,00;8890234027,00;220989
WINM26;17/04/2026;11:20:00;201040,00;201370,00;200870,00;201325,00;1,056852453E10;262780
WINM26;17/04/2026;11:15:00;201160,00;201205,00;200980,00;201035,00;9850199700,00;244929
WINM26;17/04/2026;11:10:00;201515,00;201645,00;201145,00;201160,00;9655320363,00;239719
WINM26;17/04/2026;11:05:00;201420,00;201645,00;201315,00;201515,00;9006051110,00;223499
WINM26;17/04/2026;11:00:00;201745,00;201765,00;201390,00;201420,00;8140435040,00;201943
WINM26;17/04/2026;10:55:00;201795,00;201865,00;201600,00;201745,00;8280253733,00;205250
WINM26;17/04/2026;10:50:00;201545,00;201940,00;201425,00;201795,00;1,254871186E10;311035
WINM26;17/04/2026;10:45:00;201560,00;201675,00;201270,00;201550,00;1,400225063E10;347511
WINM26;17/04/2026;10:40:00;201530,00;201820,00;201405,00;201560,00;1,418499499E10;351787
WINM26;17/04/2026;10:35:00;201715,00;201840,00;201400,00;201525,00;1,379899423E10;342188
WINM26;17/04/2026;10:30:00;201975,00;202005,00;201615,00;201715,00;1,559530535E10;386462
WINM26;17/04/2026;10:25:00;202305,00;202310,00;201835,00;201980,00;1,7241476E10;426648
WINM26;17/04/2026;10:20:00;202495,00;202625,00;202300,00;202305,00;1,142009695E10;282029
WINM26;17/04/2026;10:15:00;202815,00;202850,00;202385,00;202495,00;1,58345992E10;390800
WINM26;17/04/2026;10:10:00;203280,00;203310,00;202725,00;202810,00;1,328653877E10;327244
WINM26;17/04/2026;10:05:00;203005,00;203470,00;202885,00;203280,00;1,533932869E10;377458
WINM26;17/04/2026;10:00:00;202960,00;203140,00;202805,00;203005,00;1,184434032E10;291766
WINM26;17/04/2026;09:55:00;202825,00;203195,00;202775,00;202955,00;1,170779559E10;288376
WINM26;17/04/2026;09:50:00;202950,00;203000,00;202620,00;202820,00;1,390692176E10;342910
WINM26;17/04/2026;09:45:00;202015,00;202995,00;201920,00;202955,00;2,087643295E10;515539
WINM26;17/04/2026;09:40:00;202000,00;202130,00;201945,00;202010,00;6600934925,00;163370
WINM26;17/04/2026;09:35:00;201745,00;202105,00;201715,00;202000,00;9841071059,00;243629
WINM26;17/04/2026;09:30:00;201935,00;201945,00;201645,00;201745,00;8647189799,00;214269
WINM26;17/04/2026;09:25:00;201730,00;201990,00;201685,00;201935,00;1,041527325E10;257967
WINM26;17/04/2026;09:20:00;201430,00;201775,00;201420,00;201730,00;1,141267653E10;283051
WINM26;17/04/2026;09:15:00;201480,00;201575,00;201335,00;201435,00;6365694825,00;158001
WINM26;17/04/2026;09:10:00;201460,00;201525,00;201165,00;201480,00;9313871987,00;231289
WINM26;17/04/2026;09:05:00;201355,00;201550,00;201295,00;201460,00;8431662723,00;209298
WINM26;17/04/2026;09:00:00;201525,00;201720,00;201260,00;201355,00;8457772101,00;209888
WINM26;16/04/2026;18:20:00;200815,00;200845,00;200705,00;200750,00;1653350854,00;41175
WINM26;16/04/2026;18:15:00;200920,00;200945,00;200810,00;200815,00;981147260,00;24420
WINM26;16/04/2026;18:10:00;200920,00;200970,00;200910,00;200925,00;662570682,00;16487
WINM26;16/04/2026;18:05:00;200885,00;200955,00;200870,00;200920,00;637185583,00;15857
WINM26;16/04/2026;18:00:00;200925,00;200930,00;200835,00;200885,00;988077666,00;24593
WINM26;16/04/2026;17:55:00;200940,00;200990,00;200910,00;200930,00;985499171,00;24521
WINM26;16/04/2026;17:50:00;200950,00;200975,00;200910,00;200945,00;876530709,00;21811
WINM26;16/04/2026;17:45:00;200935,00;200975,00;200910,00;200950,00;964366390,00;23996
WINM26;16/04/2026;17:40:00;200910,00;200965,00;200905,00;200930,00;1253115517,00;31182
WINM26;16/04/2026;17:35:00;200900,00;200925,00;200870,00;200915,00;1061966483,00;26430
WINM26;16/04/2026;17:30:00;200880,00;200915,00;200855,00;200900,00;1109111631,00;27605
WINM26;16/04/2026;17:25:00;200930,00;200935,00;200820,00;200880,00;2621673276,00;65257
WINM26;16/04/2026;17:20:00;200960,00;200975,00;200910,00;200935,00;1325852317,00;32991
WINM26;16/04/2026;17:15:00;200970,00;201005,00;200935,00;200965,00;1427053992,00;35505
WINM26;16/04/2026;17:10:00;201100,00;201105,00;200950,00;200970,00;2265941590,00;56366
WINM26;16/04/2026;17:05:00;200995,00;201140,00;200960,00;201095,00;2944779234,00;73230
WINM26;16/04/2026;17:00:00;200930,00;201025,00;200900,00;201000,00;2308638003,00;57440
WINM26;16/04/2026;16:55:00;200900,00;200990,00;200895,00;200930,00;2317527104,00;57666
WINM26;16/04/2026;16:50:00;200940,00;201005,00;200885,00;200900,00;3678667337,00;91534
WINM26;16/04/2026;16:45:00;200915,00;200965,00;200855,00;200940,00;2543409061,00;63293
WINM26;16/04/2026;16:40:00;200885,00;201025,00;200855,00;200915,00;4177803657,00;103954
WINM26;16/04/2026;16:35:00;200825,00;200915,00;200805,00;200885,00;2523743230,00;62822
WINM26;16/04/2026;16:30:00;200865,00;200920,00;200785,00;200830,00;3248801703,00;80879
WINM26;16/04/2026;16:25:00;200930,00;200945,00;200845,00;200860,00;2925190707,00;72807
WINM26;16/04/2026;16:20:00;200925,00;200965,00;200880,00;200930,00;3150342381,00;78397
WINM26;16/04/2026;16:15:00;200725,00;200940,00;200715,00;200930,00;4518241518,00;112487
WINM26;16/04/2026;16:10:00;200790,00;200845,00;200650,00;200725,00;4535491829,00;112967
WINM26;16/04/2026;16:05:00;200705,00;200815,00;200685,00;200790,00;3062355312,00;76266
WINM26;16/04/2026;16:00:00;200660,00;200745,00;200640,00;200700,00;3664003288,00;91282
WINM26;16/04/2026;15:55:00;200670,00;200695,00;200535,00;200660,00;5246127875,00;130750
WINM26;16/04/2026;15:50:00;200765,00;200770,00;200650,00;200665,00;3234438824,00;80576
WINM26;16/04/2026;15:45:00;200760,00;200795,00;200695,00;200770,00;2835688894,00;70627
WINM26;16/04/2026;15:40:00;200850,00;200885,00;200665,00;200760,00;4855875160,00;120930
WINM26;16/04/2026;15:35:00;200915,00;200965,00;200800,00;200850,00;4175432413,00;103926
WINM26;16/04/2026;15:30:00;200870,00;200940,00;200825,00;200920,00;3232411828,00;80453
WINM26;16/04/2026;15:25:00;200865,00;200900,00;200820,00;200870,00;2884885129,00;71811
WINM26;16/04/2026;15:20:00;200955,00;201040,00;200840,00;200865,00;4683369386,00;116540
WINM26;16/04/2026;15:15:00;200925,00;201010,00;200880,00;200960,00;3377836609,00;84045
WINM26;16/04/2026;15:10:00;200800,00;200950,00;200760,00;200920,00;4434181265,00;110375
WINM26;16/04/2026;15:05:00;200930,00;201075,00;200775,00;200795,00;6968732759,00;173400
WINM26;16/04/2026;15:00:00;200760,00;200960,00;200680,00;200930,00;6921685419,00;172331
WINM26;16/04/2026;14:55:00;200910,00;200925,00;200600,00;200765,00;8796049274,00;219069
WINM26;16/04/2026;14:50:00;200970,00;201000,00;200870,00;200910,00;3871687007,00;96338
WINM26;16/04/2026;14:45:00;200905,00;200970,00;200790,00;200965,00;3831114916,00;95361
WINM26;16/04/2026;14:40:00;200840,00;200940,00;200810,00;200910,00;2861043860,00;71216
WINM26;16/04/2026;14:35:00;200915,00;200920,00;200770,00;200845,00;3607712234,00;89813
WINM26;16/04/2026;14:30:00;200870,00;200980,00;200845,00;200915,00;3019347960,00;75139
WINM26;16/04/2026;14:25:00;200920,00;200960,00;200825,00;200875,00;2977184715,00;74096
WINM26;16/04/2026;14:20:00;200870,00;200940,00;200820,00;200925,00;3169665615,00;78891
WINM26;16/04/2026;14:15:00;200855,00;200950,00;200775,00;200870,00;4765270719,00;118620
WINM26;16/04/2026;14:10:00;201120,00;201135,00;200825,00;200855,00;4943551769,00;122996
WINM26;16/04/2026;14:05:00;201140,00;201165,00;200950,00;201115,00;5007600377,00;124546
WINM26;16/04/2026;14:00:00;201140,00;201175,00;201085,00;201140,00;2377236466,00;59099
WINM26;16/04/2026;13:55:00;201140,00;201200,00;201120,00;201140,00;2073761344,00;51545
WINM26;16/04/2026;13:50:00;201085,00;201210,00;201070,00;201140,00;3803805937,00;94558
WINM26;16/04/2026;13:45:00;201130,00;201175,00;201065,00;201085,00;3168557303,00;78771
WINM26;16/04/2026;13:40:00;201260,00;201265,00;201080,00;201125,00;3969811747,00;98673
WINM26;16/04/2026;13:35:00;201150,00;201280,00;201095,00;201255,00;5049815384,00;125501
WINM26;16/04/2026;13:30:00;201360,00;201385,00;200885,00;201150,00;1,172227796E10;291397
WINM26;16/04/2026;13:25:00;201390,00;201460,00;201350,00;201365,00;3273675203,00;81269
WINM26;16/04/2026;13:20:00;201580,00;201590,00;201360,00;201385,00;4881531071,00;121157
WINM26;16/04/2026;13:15:00;201575,00;201655,00;201495,00;201585,00;4470451832,00;110885
WINM26;16/04/2026;13:10:00;201490,00;201600,00;201470,00;201575,00;2854146743,00;70814
WINM26;16/04/2026;13:05:00;201540,00;201550,00;201430,00;201490,00;3608497237,00;89545
WINM26;16/04/2026;13:00:00;201485,00;201590,00;201380,00;201540,00;5942700044,00;147465
WINM26;16/04/2026;12:55:00;201265,00;201560,00;201240,00;201480,00;6267888393,00;155579
WINM26;16/04/2026;12:50:00;201170,00;201325,00;201155,00;201265,00;3779004926,00;93890
WINM26;16/04/2026;12:45:00;201100,00;201185,00;201070,00;201170,00;2965264918,00;73713
WINM26;16/04/2026;12:40:00;201185,00;201230,00;201025,00;201105,00;4976100527,00;123705
WINM26;16/04/2026;12:35:00;201080,00;201360,00;201010,00;201185,00;1,11126595E10;276146
WINM26;16/04/2026;12:30:00;201150,00;201235,00;201040,00;201080,00;4658104606,00;115803
WINM26;16/04/2026;12:25:00;201200,00;201280,00;201120,00;201145,00;4299660511,00;106845
WINM26;16/04/2026;12:20:00;201080,00;201300,00;201060,00;201200,00;5389936374,00;133943
WINM26;16/04/2026;12:15:00;201160,00;201295,00;201005,00;201080,00;7287334972,00;181130
WINM26;16/04/2026;12:10:00;201200,00;201330,00;201130,00;201165,00;6438015028,00;159958
WINM26;16/04/2026;12:05:00;201005,00;201290,00;200955,00;201200,00;8326646123,00;206984
WINM26;16/04/2026;12:00:00;200800,00;201120,00;200785,00;201005,00;7252857352,00;180451
WINM26;16/04/2026;11:55:00;201030,00;201050,00;200655,00;200805,00;9234326263,00;229936
WINM26;16/04/2026;11:50:00;201050,00;201080,00;200880,00;201035,00;5877833605,00;146231
WINM26;16/04/2026;11:45:00;200825,00;201100,00;200745,00;201050,00;1,033258261E10;257106
WINM26;16/04/2026;11:40:00;200685,00;200880,00;200645,00;200825,00;7045327386,00;175454
WINM26;16/04/2026;11:35:00;200835,00;200855,00;200640,00;200680,00;7592171278,00;189106
WINM26;16/04/2026;11:30:00;200860,00;200945,00;200670,00;200840,00;9963730897,00;248098
WINM26;16/04/2026;11:25:00;200930,00;200960,00;200765,00;200865,00;6698879557,00;166758
WINM26;16/04/2026;11:20:00;201020,00;201135,00;200805,00;200935,00;1,214525368E10;302172
WINM26;16/04/2026;11:15:00;201500,00;201540,00;200990,00;201025,00;1,321986199E10;328435
WINM26;16/04/2026;11:10:00;201570,00;201770,00;201460,00;201500,00;9261772308,00;229662
WINM26;16/04/2026;11:05:00;201495,00;201660,00;201390,00;201570,00;7559656853,00;187546
WINM26;16/04/2026;11:00:00;201545,00;201645,00;201400,00;201500,00;9059539531,00;224783
WINM26;16/04/2026;10:55:00;201655,00;201695,00;201360,00;201545,00;1,246617883E10;309299
WINM26;16/04/2026;10:50:00;202135,00;202255,00;201500,00;201650,00;1,692085898E10;419064
WINM26;16/04/2026;10:45:00;201655,00;202190,00;201550,00;202135,00;1,534578632E10;380176
WINM26;16/04/2026;10:40:00;202190,00;202225,00;201540,00;201660,00;1,680195776E10;416294
WINM26;16/04/2026;10:35:00;202280,00;202400,00;202055,00;202190,00;1,215612116E10;300550
WINM26;16/04/2026;10:30:00;202500,00;202525,00;201965,00;202275,00;1,886099163E10;466395
WINM26;16/04/2026;10:25:00;202590,00;202740,00;202485,00;202495,00;7713132747,00;190362
WINM26;16/04/2026;10:20:00;202575,00;202770,00;202520,00;202590,00;9095769523,00;224428
WINM26;16/04/2026;10:15:00;202650,00;202790,00;202510,00;202575,00;1,045594253E10;257982
WINM26;16/04/2026;10:10:00;202385,00;202665,00;202280,00;202655,00;1,134137647E10;280070
WINM26;16/04/2026;10:05:00;202485,00;202585,00;202240,00;202380,00;1,155869075E10;285571
WINM26;16/04/2026;10:00:00;202785,00;202835,00;202345,00;202480,00;1,559978578E10;384999
WINM26;16/04/2026;09:55:00;202945,00;202975,00;202730,00;202785,00;9685657887,00;238726
WINM26;16/04/2026;09:50:00;202685,00;202960,00;202675,00;202945,00;1,015931273E10;250444
WINM26;16/04/2026;09:45:00;202680,00;202760,00;202540,00;202690,00;9032878620,00;222846
WINM26;16/04/2026;09:40:00;202285,00;202685,00;202230,00;202680,00;9160498470,00;226221
WINM26;16/04/2026;09:35:00;202485,00;202575,00;202235,00;202280,00;1,058954665E10;261551
WINM26;16/04/2026;09:30:00;202255,00;202515,00;202110,00;202490,00;8449991702,00;208840
WINM26;16/04/2026;09:25:00;202090,00;202315,00;202055,00;202255,00;6888178105,00;170345
WINM26;16/04/2026;09:20:00;202395,00;202415,00;202085,00;202090,00;7218570852,00;178449
WINM26;16/04/2026;09:15:00;202140,00;202400,00;202005,00;202395,00;1,050452687E10;259741
WINM26;16/04/2026;09:10:00;202565,00;202570,00;202090,00;202145,00;9581637366,00;236845
WINM26;16/04/2026;09:05:00;202260,00;202650,00;202200,00;202565,00;1,188979552E10;293648
WINM26;16/04/2026;09:00:00;202065,00;202485,00;202025,00;202260,00;9032837950,00;223302
WINM26;15/04/2026;18:20:00;201820,00;201885,00;201720,00;201720,00;1373325295,00;34034
WINM26;15/04/2026;18:15:00;201870,00;201915,00;201815,00;201820,00;946781726,00;23452
WINM26;15/04/2026;18:10:00;201875,00;201930,00;201845,00;201870,00;749972698,00;18574
WINM26;15/04/2026;18:05:00;201825,00;201900,00;201810,00;201875,00;680251980,00;16850
WINM26;15/04/2026;18:00:00;201820,00;201870,00;201745,00;201825,00;996547178,00;24689
WINM26;15/04/2026;17:55:00;201925,00;201935,00;201725,00;201815,00;1896385303,00;46977
WINM26;15/04/2026;17:50:00;201895,00;201935,00;201870,00;201925,00;649192017,00;16077
WINM26;15/04/2026;17:45:00;201915,00;201940,00;201815,00;201890,00;1700118846,00;42107
WINM26;15/04/2026;17:40:00;201900,00;201935,00;201885,00;201915,00;823604855,00;20395
WINM26;15/04/2026;17:35:00;201920,00;201985,00;201795,00;201895,00;2917998527,00;72265
WINM26;15/04/2026;17:30:00;201830,00;201940,00;201815,00;201920,00;2959602757,00;73299
WINM26;15/04/2026;17:25:00;201900,00;201900,00;201715,00;201830,00;3346235221,00;82913
WINM26;15/04/2026;17:20:00;201900,00;201920,00;201855,00;201895,00;816356156,00;20218
WINM26;15/04/2026;17:15:00;201895,00;201940,00;201855,00;201900,00;1349826314,00;33428
WINM26;15/04/2026;17:10:00;201950,00;201955,00;201825,00;201895,00;1732515870,00;42907
WINM26;15/04/2026;17:05:00;201930,00;202000,00;201890,00;201945,00;2815897658,00;69718
WINM26;15/04/2026;17:00:00;201810,00;201965,00;201795,00;201925,00;4114242197,00;101890
WINM26;15/04/2026;16:55:00;201785,00;201900,00;201765,00;201810,00;3296835029,00;81673
WINM26;15/04/2026;16:50:00;201775,00;201865,00;201720,00;201785,00;4452070533,00;110310
WINM26;15/04/2026;16:45:00;201770,00;201820,00;201705,00;201770,00;3047433294,00;75521
WINM26;15/04/2026;16:40:00;201740,00;201800,00;201605,00;201770,00;5367111632,00;133052
WINM26;15/04/2026;16:35:00;201865,00;201905,00;201725,00;201745,00;3787534080,00;93850
WINM26;15/04/2026;16:30:00;201925,00;201975,00;201820,00;201860,00;4167116379,00;103201
WINM26;15/04/2026;16:25:00;202040,00;202095,00;201875,00;201930,00;4236595590,00;104889
WINM26;15/04/2026;16:20:00;202200,00;202215,00;202025,00;202035,00;3048672845,00;75425
WINM26;15/04/2026;16:15:00;201940,00;202195,00;201915,00;202195,00;4673230524,00;115636
WINM26;15/04/2026;16:10:00;202105,00;202165,00;201935,00;201940,00;5121654717,00;126738
WINM26;15/04/2026;16:05:00;202245,00;202295,00;202090,00;202100,00;3659096583,00;90487
WINM26;15/04/2026;16:00:00;202275,00;202320,00;202210,00;202240,00;3178565111,00;78579
WINM26;15/04/2026;15:55:00;202300,00;202315,00;202210,00;202275,00;3520139740,00;87023
WINM26;15/04/2026;15:50:00;202260,00;202500,00;202260,00;202300,00;6365849044,00;157276
WINM26;15/04/2026;15:45:00;202330,00;202375,00;202215,00;202265,00;3932084129,00;97184
WINM26;15/04/2026;15:40:00;202185,00;202335,00;202115,00;202325,00;5274480210,00;130405
WINM26;15/04/2026;15:35:00;202085,00;202240,00;202075,00;202185,00;5321835030,00;131620
WINM26;15/04/2026;15:30:00;202005,00;202085,00;201955,00;202085,00;3483649702,00;86222
WINM26;15/04/2026;15:25:00;201960,00;202025,00;201920,00;202005,00;2362295396,00;58479
WINM26;15/04/2026;15:20:00;201915,00;201985,00;201880,00;201960,00;2498986122,00;61874
WINM26;15/04/2026;15:15:00;201920,00;201960,00;201815,00;201915,00;4846757704,00;120038
WINM26;15/04/2026;15:10:00;201955,00;202100,00;201890,00;201920,00;6080183264,00;150498
WINM26;15/04/2026;15:05:00;201620,00;201980,00;201610,00;201955,00;6209510545,00;153827
WINM26;15/04/2026;15:00:00;201670,00;201795,00;201475,00;201620,00;8737423004,00;216675
WINM26;15/04/2026;14:55:00;201625,00;201750,00;201625,00;201670,00;4418719457,00;109536
WINM26;15/04/2026;14:50:00;201475,00;201660,00;201470,00;201630,00;3322448661,00;82418
WINM26;15/04/2026;14:45:00;201615,00;201635,00;201350,00;201475,00;5535986708,00;137391
WINM26;15/04/2026;14:40:00;201555,00;201645,00;201440,00;201610,00;4305947781,00;106828
WINM26;15/04/2026;14:35:00;201540,00;201615,00;201460,00;201555,00;3269984303,00;81129
WINM26;15/04/2026;14:30:00;201600,00;201630,00;201480,00;201535,00;3742562693,00;92850
WINM26;15/04/2026;14:25:00;201650,00;201675,00;201595,00;201600,00;2633860474,00;65312
WINM26;15/04/2026;14:20:00;201535,00;201685,00;201515,00;201645,00;2784108188,00;69051
WINM26;15/04/2026;14:15:00;201535,00;201610,00;201500,00;201535,00;2628584002,00;65206
WINM26;15/04/2026;14:10:00;201570,00;201600,00;201410,00;201535,00;4328627177,00;107410
WINM26;15/04/2026;14:05:00;201505,00;201630,00;201460,00;201570,00;3320017922,00;82359
WINM26;15/04/2026;14:00:00;201450,00;201595,00;201420,00;201500,00;5184865003,00;128643
WINM26;15/04/2026;13:55:00;201375,00;201465,00;201320,00;201445,00;3342344056,00;82978
WINM26;15/04/2026;13:50:00;201410,00;201500,00;201260,00;201380,00;5493783980,00;136409
WINM26;15/04/2026;13:45:00;201370,00;201485,00;201315,00;201410,00;4969191249,00;123375
WINM26;15/04/2026;13:40:00;201545,00;201545,00;201210,00;201375,00;8692251612,00;215855
WINM26;15/04/2026;13:35:00;201675,00;201695,00;201525,00;201545,00;2532524848,00;62807
WINM26;15/04/2026;13:30:00;201710,00;201770,00;201595,00;201675,00;3208826691,00;79555
WINM26;15/04/2026;13:25:00;201770,00;201795,00;201630,00;201710,00;3003518355,00;74449
WINM26;15/04/2026;13:20:00;201710,00;201800,00;201680,00;201775,00;2766077090,00;68553
WINM26;15/04/2026;13:15:00;201710,00;201750,00;201670,00;201700,00;1776647941,00;44040
WINM26;15/04/2026;13:10:00;201705,00;201735,00;201650,00;201715,00;2397789234,00;59442
WINM26;15/04/2026;13:05:00;201615,00;201750,00;201595,00;201710,00;2959569096,00;73372
WINM26;15/04/2026;13:00:00;201655,00;201765,00;201580,00;201620,00;4736065042,00;117421
WINM26;15/04/2026;12:55:00;201625,00;201700,00;201555,00;201655,00;3662217432,00;90817
WINM26;15/04/2026;12:50:00;201650,00;201710,00;201600,00;201625,00;2933805461,00;72742
WINM26;15/04/2026;12:45:00;201760,00;201805,00;201515,00;201645,00;4726778996,00;117197
WINM26;15/04/2026;12:40:00;201745,00;201825,00;201655,00;201765,00;4484168263,00;111136
WINM26;15/04/2026;12:35:00;201720,00;201775,00;201640,00;201745,00;4573425455,00;113369
WINM26;15/04/2026;12:30:00;201970,00;202000,00;201710,00;201715,00;6103252584,00;151203
WINM26;15/04/2026;12:25:00;202095,00;202195,00;201915,00;201965,00;5084027986,00;125806
WINM26;15/04/2026;12:20:00;202045,00;202130,00;202025,00;202100,00;2530545891,00;62612
WINM26;15/04/2026;12:15:00;202100,00;202145,00;202025,00;202040,00;3082421868,00;76266
WINM26;15/04/2026;12:10:00;201945,00;202175,00;201935,00;202095,00;7231077970,00;178936
WINM26;15/04/2026;12:05:00;201830,00;201955,00;201745,00;201940,00;4836147402,00;119795
WINM26;15/04/2026;12:00:00;201900,00;201975,00;201740,00;201830,00;5643638747,00;139811
WINM26;15/04/2026;11:55:00;201920,00;201990,00;201845,00;201900,00;2972617086,00;73608
WINM26;15/04/2026;11:50:00;201950,00;202015,00;201815,00;201920,00;4473498889,00;110769
WINM26;15/04/2026;11:45:00;201855,00;201995,00;201820,00;201950,00;4144572139,00;102639
WINM26;15/04/2026;11:40:00;201775,00;201995,00;201750,00;201860,00;6336845855,00;156932
WINM26;15/04/2026;11:35:00;201810,00;202045,00;201685,00;201780,00;9667209790,00;239431
WINM26;15/04/2026;11:30:00;201895,00;201900,00;201635,00;201815,00;8629851869,00;213868
WINM26;15/04/2026;11:25:00;202045,00;202125,00;201750,00;201895,00;7041898584,00;174365
WINM26;15/04/2026;11:20:00;201975,00;202180,00;201875,00;202045,00;9699685038,00;240088
WINM26;15/04/2026;11:15:00;202430,00;202465,00;201800,00;201970,00;1,237560848E10;306201
WINM26;15/04/2026;11:10:00;202470,00;202540,00;202400,00;202430,00;4291368876,00;105978
WINM26;15/04/2026;11:05:00;202530,00;202625,00;202385,00;202470,00;6781578872,00;167434
WINM26;15/04/2026;11:00:00;202635,00;202770,00;202465,00;202530,00;8327688708,00;205506
WINM26;15/04/2026;10:55:00;202390,00;202725,00;202265,00;202630,00;9680934904,00;239021
WINM26;15/04/2026;10:50:00;202445,00;202575,00;202235,00;202385,00;1,060923061E10;262093
WINM26;15/04/2026;10:45:00;202560,00;202700,00;202415,00;202445,00;9227228744,00;227747
WINM26;15/04/2026;10:40:00;203080,00;203095,00;202485,00;202560,00;1,461162244E10;360240
WINM26;15/04/2026;10:35:00;203315,00;203435,00;202980,00;203080,00;1,296497696E10;319053
WINM26;15/04/2026;10:30:00;203230,00;203495,00;203050,00;203315,00;1,770223365E10;435354
WINM26;15/04/2026;10:25:00;202695,00;203295,00;202590,00;203230,00;1,797700928E10;442861
WINM26;15/04/2026;10:20:00;202305,00;202770,00;202285,00;202695,00;1,049410409E10;259065
WINM26;15/04/2026;10:15:00;202315,00;202645,00;202215,00;202305,00;1,312139725E10;324096
WINM26;15/04/2026;10:10:00;202260,00;202360,00;202100,00;202310,00;7778545056,00;192305
WINM26;15/04/2026;10:05:00;201975,00;202440,00;201960,00;202260,00;1,286635418E10;318050
WINM26;15/04/2026;10:00:00;202235,00;202260,00;201870,00;201980,00;1,113870853E10;275673
WINM26;15/04/2026;09:55:00;202180,00;202360,00;202160,00;202235,00;5856318841,00;144759
WINM26;15/04/2026;09:50:00;202180,00;202420,00;202150,00;202175,00;9913776767,00;245045
WINM26;15/04/2026;09:45:00;202145,00;202230,00;202030,00;202175,00;5330382414,00;131862
WINM26;15/04/2026;09:40:00;202085,00;202185,00;201990,00;202140,00;4286687469,00;106059
WINM26;15/04/2026;09:35:00;202100,00;202245,00;201985,00;202090,00;7386927356,00;182739
WINM26;15/04/2026;09:30:00;201920,00;202300,00;201905,00;202105,00;7815089024,00;193341
WINM26;15/04/2026;09:25:00;202155,00;202280,00;201860,00;201920,00;7978604783,00;197422
WINM26;15/04/2026;09:20:00;202215,00;202315,00;202075,00;202155,00;7431386574,00;183793
WINM26;15/04/2026;09:15:00;202205,00;202380,00;202100,00;202210,00;7972329302,00;197083
WINM26;15/04/2026;09:10:00;202125,00;202345,00;202010,00;202205,00;8511463137,00;210490
WINM26;15/04/2026;09:05:00;202370,00;202460,00;202040,00;202125,00;9846493830,00;243382
WINM26;15/04/2026;09:00:00;202885,00;203005,00;202230,00;202370,00;9178183201,00;226478
WINM26;14/04/2026;18:20:00;202820,00;202870,00;202705,00;202710,00;62781901,00;1548
WINM26;14/04/2026;18:15:00;202985,00;203000,00;202800,00;202800,00;47519635,00;1171
WINM26;14/04/2026;18:10:00;202910,00;203050,00;202900,00;202980,00;36985685,00;911
WINM26;14/04/2026;18:05:00;202885,00;202920,00;202875,00;202915,00;15258205,00;376
WINM26;14/04/2026;18:00:00;202945,00;202960,00;202840,00;202880,00;75759197,00;1867
WINM26;14/04/2026;17:55:00;202995,00;202995,00;202875,00;202945,00;322594687,00;7948
WINM26;14/04/2026;17:50:00;202980,00;203035,00;202965,00;202990,00;275549654,00;6787
WINM26;14/04/2026;17:45:00;202975,00;203000,00;202915,00;202985,00;315172547,00;7764
WINM26;14/04/2026;17:40:00;202995,00;203045,00;202945,00;202970,00;67475017,00;1662
WINM26;14/04/2026;17:35:00;202900,00;203000,00;202885,00;202995,00;90564072,00;2231
WINM26;14/04/2026;17:30:00;203070,00;203090,00;202830,00;202895,00;294985653,00;7268
WINM26;14/04/2026;17:25:00;203090,00;203100,00;203035,00;203070,00;62058306,00;1528
WINM26;14/04/2026;17:20:00;203130,00;203170,00;203075,00;203095,00;68450921,00;1685
WINM26;14/04/2026;17:15:00;203075,00;203180,00;203060,00;203140,00;129597572,00;3190
WINM26;14/04/2026;17:10:00;203140,00;203140,00;203030,00;203080,00;147183941,00;3624
WINM26;14/04/2026;17:05:00;203110,00;203195,00;202990,00;203135,00;342714666,00;8437
WINM26;14/04/2026;17:00:00;203280,00;203320,00;203100,00;203105,00;286677829,00;7054
WINM26;14/04/2026;16:55:00;203225,00;203325,00;203185,00;203285,00;190890564,00;4696
WINM26;14/04/2026;16:50:00;203240,00;203330,00;203220,00;203220,00;195278924,00;4803
WINM26;14/04/2026;16:45:00;203255,00;203305,00;203175,00;203240,00;344453507,00;8474
WINM26;14/04/2026;16:40:00;203190,00;203270,00;203160,00;203255,00;145225077,00;3573
WINM26;14/04/2026;16:35:00;203140,00;203215,00;203100,00;203185,00;201015522,00;4947
WINM26;14/04/2026;16:30:00;203270,00;203355,00;203135,00;203145,00;223104885,00;5488
WINM26;14/04/2026;16:25:00;203295,00;203385,00;203260,00;203270,00;246585798,00;6064
WINM26;14/04/2026;16:20:00;203325,00;203400,00;203235,00;203290,00;251544560,00;6186
WINM26;14/04/2026;16:15:00;203090,00;203350,00;203090,00;203315,00;208031119,00;5118
WINM26;14/04/2026;16:10:00;203215,00;203275,00;203080,00;203085,00;152233715,00;3746
WINM26;14/04/2026;16:05:00;203265,00;203280,00;203150,00;203210,00;170773970,00;4202
WINM26;14/04/2026;16:00:00;202965,00;203290,00;202960,00;203265,00;391142562,00;9626
WINM26;14/04/2026;15:55:00;202955,00;203025,00;202940,00;202955,00;103072647,00;2539
WINM26;14/04/2026;15:50:00;202870,00;202985,00;202820,00;202955,00;222864745,00;5491
WINM26;14/04/2026;15:45:00;202875,00;202895,00;202795,00;202885,00;145360105,00;3583
WINM26;14/04/2026;15:40:00;202990,00;203040,00;202830,00;202875,00;160824195,00;3963
WINM26;14/04/2026;15:35:00;202915,00;203070,00;202910,00;203005,00;187010883,00;4606
WINM26;14/04/2026;15:30:00;202870,00;203000,00;202860,00;202910,00;122049411,00;3007
WINM26;14/04/2026;15:25:00;202770,00;202945,00;202715,00;202870,00;277375749,00;6837
WINM26;14/04/2026;15:20:00;203090,00;203120,00;202745,00;202765,00;247865175,00;6107
WINM26;14/04/2026;15:15:00;203165,00;203190,00;203020,00;203080,00;99522500,00;2450
WINM26;14/04/2026;15:10:00;203175,00;203195,00;203090,00;203170,00;100756659,00;2480
WINM26;14/04/2026;15:05:00;203140,00;203200,00;203075,00;203180,00;198387446,00;4883
WINM26;14/04/2026;15:00:00;203030,00;203175,00;203010,00;203145,00;229518857,00;5650
WINM26;14/04/2026;14:55:00;203090,00;203110,00;202925,00;203020,00;281679538,00;6938
WINM26;14/04/2026;14:50:00;203200,00;203215,00;203085,00;203095,00;118482432,00;2916
WINM26;14/04/2026;14:45:00;203095,00;203220,00;203070,00;203190,00;140536804,00;3459
WINM26;14/04/2026;14:40:00;203100,00;203115,00;202985,00;203090,00;202197589,00;4979
WINM26;14/04/2026;14:35:00;203140,00;203175,00;203085,00;203100,00;98233496,00;2418
WINM26;14/04/2026;14:30:00;203130,00;203205,00;203090,00;203140,00;191621045,00;4716
WINM26;14/04/2026;14:25:00;203325,00;203380,00;203110,00;203120,00;330900362,00;8140
WINM26;14/04/2026;14:20:00;203330,00;203410,00;203310,00;203315,00;229998036,00;5655
WINM26;14/04/2026;14:15:00;203195,00;203380,00;203045,00;203320,00;447185420,00;11002
WINM26;14/04/2026;14:10:00;203210,00;203270,00;203175,00;203200,00;199644440,00;4912
WINM26;14/04/2026;14:05:00;203130,00;203300,00;203110,00;203205,00;300055512,00;7383
WINM26;14/04/2026;14:00:00;202995,00;203160,00;202995,00;203135,00;250572287,00;6169
WINM26;14/04/2026;13:55:00;202845,00;203065,00;202760,00;202995,00;285178961,00;7026
WINM26;14/04/2026;13:50:00;202860,00;202905,00;202820,00;202845,00;95915023,00;2364
WINM26;14/04/2026;13:45:00;202855,00;202880,00;202785,00;202850,00;114963463,00;2834
WINM26;14/04/2026;13:40:00;202860,00;202925,00;202825,00;202855,00;139908203,00;3448
WINM26;14/04/2026;13:35:00;202815,00;202885,00;202700,00;202855,00;180855031,00;4459
WINM26;14/04/2026;13:30:00;202930,00;202935,00;202770,00;202810,00;175422601,00;4324
WINM26;14/04/2026;13:25:00;202760,00;202980,00;202755,00;202925,00;325482803,00;8021
WINM26;14/04/2026;13:20:00;202735,00;202780,00;202695,00;202765,00;156600815,00;3862
WINM26;14/04/2026;13:15:00;202865,00;202875,00;202715,00;202730,00;193577428,00;4773
WINM26;14/04/2026;13:10:00;203045,00;203060,00;202830,00;202860,00;204855478,00;5048
WINM26;14/04/2026;13:05:00;203060,00;203115,00;202980,00;203045,00;180424100,00;4443
WINM26;14/04/2026;13:00:00;202815,00;203080,00;202775,00;203060,00;313674062,00;7727
WINM26;14/04/2026;12:55:00;202795,00;202860,00;202770,00;202810,00;153817662,00;3792
WINM26;14/04/2026;12:50:00;202775,00;202885,00;202760,00;202800,00;263110557,00;6486
WINM26;14/04/2026;12:45:00;203010,00;203020,00;202725,00;202765,00;301942675,00;7443
WINM26;14/04/2026;12:40:00;203045,00;203125,00;203000,00;203000,00;159032978,00;3916
WINM26;14/04/2026;12:35:00;203200,00;203255,00;202985,00;203040,00;284423216,00;7002
WINM26;14/04/2026;12:30:00;203060,00;203230,00;203030,00;203205,00;177225161,00;4362
WINM26;14/04/2026;12:25:00;203060,00;203210,00;203015,00;203055,00;290840813,00;7159
WINM26;14/04/2026;12:20:00;202775,00;203120,00;202765,00;203060,00;425370496,00;10478
WINM26;14/04/2026;12:15:00;202725,00;202850,00;202665,00;202790,00;243214023,00;5998
WINM26;14/04/2026;12:10:00;202735,00;202825,00;202690,00;202720,00;230005341,00;5672
WINM26;14/04/2026;12:05:00;202920,00;202935,00;202725,00;202730,00;301696188,00;7438
WINM26;14/04/2026;12:00:00;203070,00;203075,00;202785,00;202920,00;436108464,00;10746
WINM26;14/04/2026;11:55:00;203155,00;203230,00;203075,00;203080,00;222519981,00;5477
WINM26;14/04/2026;11:50:00;203340,00;203340,00;203080,00;203150,00;274978087,00;6767
WINM26;14/04/2026;11:45:00;203285,00;203420,00;203240,00;203335,00;196752450,00;4838
WINM26;14/04/2026;11:40:00;203145,00;203320,00;203120,00;203290,00;212446761,00;5227
WINM26;14/04/2026;11:35:00;203405,00;203500,00;203135,00;203135,00;317191275,00;7799
WINM26;14/04/2026;11:30:00;203250,00;203440,00;203060,00;203410,00;367552470,00;9044
WINM26;14/04/2026;11:25:00;203175,00;203295,00;203110,00;203250,00;226326160,00;5569
WINM26;14/04/2026;11:20:00;203275,00;203315,00;203110,00;203180,00;415239836,00;10217
WINM26;14/04/2026;11:15:00;203520,00;203535,00;203260,00;203280,00;348048401,00;8556
WINM26;14/04/2026;11:10:00;203640,00;203720,00;203455,00;203520,00;286737170,00;7042
WINM26;14/04/2026;11:05:00;203620,00;203720,00;203375,00;203640,00;483523602,00;11877
WINM26;14/04/2026;11:00:00;203545,00;203795,00;203545,00;203620,00;538942639,00;13230
WINM26;14/04/2026;10:55:00;203470,00;203645,00;203405,00;203540,00;430263333,00;10570
WINM26;14/04/2026;10:50:00;203115,00;203500,00;202985,00;203465,00;514763717,00;12663
WINM26;14/04/2026;10:45:00;203415,00;203455,00;203075,00;203105,00;505392073,00;12430
WINM26;14/04/2026;10:40:00;203235,00;203495,00;203230,00;203415,00;473211091,00;11633
WINM26;14/04/2026;10:35:00;202860,00;203370,00;202840,00;203230,00;632503675,00;15569
WINM26;14/04/2026;10:30:00;203075,00;203220,00;202760,00;202860,00;621302831,00;15306
WINM26;14/04/2026;10:25:00;202755,00;203130,00;202695,00;203075,00;448161404,00;11043
WINM26;14/04/2026;10:20:00;202980,00;203015,00;202610,00;202775,00;438059750,00;10801
WINM26;14/04/2026;10:15:00;202900,00;203180,00;202715,00;202980,00;571658942,00;14082
WINM26;14/04/2026;10:10:00;202730,00;202985,00;202665,00;202900,00;483397101,00;11915
WINM26;14/04/2026;10:05:00;202650,00;202780,00;202385,00;202735,00;552880578,00;13649
WINM26;14/04/2026;10:00:00;202930,00;203045,00;202485,00;202655,00;997134117,00;24594
WINM26;14/04/2026;09:55:00;202680,00;202930,00;202660,00;202930,00;440978552,00;10872
WINM26;14/04/2026;09:50:00;202905,00;203005,00;202610,00;202680,00;428448070,00;10563
WINM26;14/04/2026;09:45:00;202750,00;202970,00;202665,00;202910,00;430941155,00;10622
WINM26;14/04/2026;09:40:00;202645,00;202985,00;202640,00;202745,00;584304914,00;14403
WINM26;14/04/2026;09:35:00;202435,00;202695,00;202430,00;202645,00;322825564,00;7968
WINM26;14/04/2026;09:30:00;202625,00;202760,00;202390,00;202440,00;457404709,00;11292
WINM26;14/04/2026;09:25:00;202415,00;202650,00;202400,00;202615,00;244969544,00;6047
WINM26;14/04/2026;09:20:00;202585,00;202660,00;202335,00;202425,00;323028196,00;7978
WINM26;14/04/2026;09:15:00;202540,00;202680,00;202480,00;202595,00;273056543,00;6740
WINM26;14/04/2026;09:10:00;202770,00;202810,00;202430,00;202540,00;299651988,00;7395
WINM26;14/04/2026;09:05:00;203075,00;203110,00;202660,00;202760,00;387199379,00;9542
WINM26;14/04/2026;09:00:00;202750,00;203390,00;202750,00;203085,00;279219054,00;6871
WINM26;13/04/2026;18:20:00;202160,00;202285,00;202150,00;202150,00;4529235,00;112
WINM26;13/04/2026;18:15:00;202330,00;202380,00;202150,00;202170,00;16996131,00;420
WINM26;13/04/2026;18:10:00;202420,00;202435,00;202320,00;202345,00;5949750,00;147
WINM26;13/04/2026;18:05:00;202390,00;202425,00;202300,00;202385,00;5746917,00;142
WINM26;13/04/2026;18:00:00;202410,00;202450,00;202370,00;202385,00;3845750,00;95
WINM26;13/04/2026;17:55:00;202355,00;202405,00;202330,00;202385,00;30070001,00;743
WINM26;13/04/2026;17:50:00;202385,00;202400,00;202265,00;202355,00;34559268,00;854
WINM26;13/04/2026;17:45:00;202390,00;202410,00;202350,00;202370,00;17970542,00;444
WINM26;13/04/2026;17:40:00;202415,00;202455,00;202355,00;202410,00;58860147,00;1454
WINM26;13/04/2026;17:35:00;202300,00;202445,00;202295,00;202415,00;23638785,00;584
WINM26;13/04/2026;17:30:00;202200,00;202340,00;202190,00;202295,00;13795005,00;341
WINM26;13/04/2026;17:25:00;202260,00;202335,00;202200,00;202200,00;24392660,00;603
WINM26;13/04/2026;17:20:00;202240,00;202290,00;202220,00;202250,00;14036251,00;347
WINM26;13/04/2026;17:15:00;202375,00;202400,00;202220,00;202245,00;38762079,00;958
WINM26;13/04/2026;17:10:00;202305,00;202395,00;202290,00;202390,00;43708081,00;1080
WINM26;13/04/2026;17:05:00;202395,00;202445,00;202270,00;202295,00;61230678,00;1513
WINM26;13/04/2026;17:00:00;202545,00;202605,00;202385,00;202385,00;86623858,00;2139
WINM26;13/04/2026;16:55:00;202605,00;202660,00;202495,00;202540,00;145105354,00;3582
WINM26;13/04/2026;16:50:00;202430,00;202635,00;202430,00;202605,00;92570523,00;2285
WINM26;13/04/2026;16:45:00;202550,00;202550,00;202395,00;202430,00;80539435,00;1989
WINM26;13/04/2026;16:40:00;202555,00;202605,00;202490,00;202550,00;101154436,00;2497
WINM26;13/04/2026;16:35:00;202610,00;202660,00;202515,00;202560,00;61748358,00;1524
WINM26;13/04/2026;16:30:00;202575,00;202670,00;202505,00;202615,00;144575320,00;3568
WINM26;13/04/2026;16:25:00;202550,00;202605,00;202520,00;202575,00;48411193,00;1195
WINM26;13/04/2026;16:20:00;202460,00;202605,00;202440,00;202550,00;75341043,00;1860
WINM26;13/04/2026;16:15:00;202350,00;202480,00;202315,00;202460,00;41047178,00;1014
WINM26;13/04/2026;16:10:00;202310,00;202410,00;202290,00;202350,00;37434056,00;925
WINM26;13/04/2026;16:05:00;202380,00;202415,00;202255,00;202320,00;42690067,00;1055
WINM26;13/04/2026;16:00:00;202420,00;202490,00;202370,00;202385,00;47086454,00;1163
WINM26;13/04/2026;15:55:00;202485,00;202530,00;202400,00;202410,00;65436327,00;1616
WINM26;13/04/2026;15:50:00;202380,00;202550,00;202370,00;202490,00;118769201,00;2933
WINM26;13/04/2026;15:45:00;202240,00;202415,00;202230,00;202380,00;83322810,00;2059
WINM26;13/04/2026;15:40:00;202200,00;202265,00;202160,00;202245,00;41412498,00;1024
WINM26;13/04/2026;15:35:00;202180,00;202255,00;202135,00;202200,00;63165367,00;1562
WINM26;13/04/2026;15:30:00;202195,00;202220,00;202065,00;202185,00;95138294,00;2353
WINM26;13/04/2026;15:25:00;202130,00;202235,00;202095,00;202205,00;178344111,00;4411
WINM26;13/04/2026;15:20:00;202330,00;202360,00;202135,00;202140,00;109289822,00;2702
WINM26;13/04/2026;15:15:00;202495,00;202495,00;202295,00;202325,00;93292809,00;2305
WINM26;13/04/2026;15:10:00;202360,00;202565,00;202355,00;202495,00;111187750,00;2746
WINM26;13/04/2026;15:05:00;202470,00;202525,00;202365,00;202370,00;88148816,00;2177
WINM26;13/04/2026;15:00:00;202390,00;202550,00;202320,00;202475,00;159323989,00;3935
WINM26;13/04/2026;14:55:00;202345,00;202425,00;202305,00;202385,00;38490668,00;951
WINM26;13/04/2026;14:50:00;202385,00;202390,00;202255,00;202340,00;98693177,00;2439
WINM26;13/04/2026;14:45:00;202375,00;202395,00;202250,00;202385,00;50301179,00;1243
WINM26;13/04/2026;14:40:00;202365,00;202455,00;202355,00;202375,00;41694801,00;1030
WINM26;13/04/2026;14:35:00;202295,00;202450,00;202250,00;202370,00;97869136,00;2418
WINM26;13/04/2026;14:30:00;202225,00;202365,00;202175,00;202300,00;103485362,00;2558
WINM26;13/04/2026;14:25:00;202070,00;202260,00;202000,00;202220,00;76117536,00;1883
WINM26;13/04/2026;14:20:00;201970,00;202130,00;201905,00;202075,00;72522007,00;1795
WINM26;13/04/2026;14:15:00;201840,00;202120,00;201775,00;201985,00;91847377,00;2274
WINM26;13/04/2026;14:10:00;201705,00;201900,00;201650,00;201850,00;61141741,00;1515
WINM26;13/04/2026;14:05:00;201680,00;201715,00;201555,00;201695,00;39441248,00;978
WINM26;13/04/2026;14:00:00;201605,00;201735,00;201590,00;201685,00;33195094,00;823
WINM26;13/04/2026;13:55:00;201475,00;201615,00;201310,00;201595,00;77530506,00;1924
WINM26;13/04/2026;13:50:00;201680,00;201845,00;201425,00;201465,00;97397113,00;2415
WINM26;13/04/2026;13:45:00;201630,00;201810,00;201590,00;201685,00;100529424,00;2492
WINM26;13/04/2026;13:40:00;201630,00;201820,00;201565,00;201625,00;100525851,00;2492
WINM26;13/04/2026;13:35:00;201495,00;201790,00;201480,00;201625,00;114671136,00;2843
WINM26;13/04/2026;13:30:00;201485,00;201620,00;201385,00;201505,00;107485789,00;2667
WINM26;13/04/2026;13:25:00;201505,00;201595,00;201415,00;201480,00;48399985,00;1201
WINM26;13/04/2026;13:20:00;201420,00;201605,00;201340,00;201515,00;67618524,00;1678
WINM26;13/04/2026;13:15:00;201335,00;201485,00;201320,00;201420,00;55183696,00;1370
WINM26;13/04/2026;13:10:00;201310,00;201400,00;201225,00;201330,00;47670460,00;1184
WINM26;13/04/2026;13:05:00;201075,00;201480,00;201075,00;201305,00;125312624,00;3113
WINM26;13/04/2026;13:00:00;201015,00;201130,00;201005,00;201070,00;37199791,00;925
WINM26;13/04/2026;12:55:00;200970,00;201045,00;200945,00;201025,00;34289338,00;853
WINM26;13/04/2026;12:50:00;200980,00;201075,00;200925,00;200965,00;39517338,00;983
WINM26;13/04/2026;12:45:00;200950,00;201005,00;200925,00;200990,00;24758359,00;616
WINM26;13/04/2026;12:40:00;200925,00;201010,00;200885,00;200970,00;23430182,00;583
WINM26;13/04/2026;12:35:00;200810,00;201010,00;200750,00;200925,00;55320258,00;1377
WINM26;13/04/2026;12:30:00;200735,00;200815,00;200570,00;200805,00;96049860,00;2393
WINM26;13/04/2026;12:25:00;200800,00;200870,00;200740,00;200745,00;34219214,00;852
WINM26;13/04/2026;12:20:00;200745,00;200915,00;200725,00;200805,00;49606104,00;1235
WINM26;13/04/2026;12:15:00;200815,00;200875,00;200715,00;200745,00;50280781,00;1252
WINM26;13/04/2026;12:10:00;200880,00;200945,00;200760,00;200800,00;99738541,00;2483
WINM26;13/04/2026;12:05:00;200850,00;200975,00;200770,00;200875,00;39650600,00;987
WINM26;13/04/2026;12:00:00;201075,00;201085,00;200775,00;200830,00;85226608,00;2121
WINM26;13/04/2026;11:55:00;201110,00;201205,00;201005,00;201075,00;45084313,00;1121
WINM26;13/04/2026;11:50:00;200965,00;201180,00;200950,00;201105,00;48898198,00;1216
WINM26;13/04/2026;11:45:00;201215,00;201260,00;200935,00;200960,00;55538782,00;1381
WINM26;13/04/2026;11:40:00;201155,00;201245,00;201130,00;201215,00;37502003,00;932
WINM26;13/04/2026;11:35:00;201305,00;201335,00;201070,00;201155,00;53115795,00;1320
WINM26;13/04/2026;11:30:00;201230,00;201365,00;201080,00;201320,00;74421362,00;1849
WINM26;13/04/2026;11:25:00;201170,00;201225,00;201065,00;201225,00;110584427,00;2749
WINM26;13/04/2026;11:20:00;201165,00;201260,00;200910,00;201160,00;129704717,00;3225
WINM26;13/04/2026;11:15:00;201180,00;201210,00;200935,00;201170,00;60883421,00;1514
WINM26;13/04/2026;11:10:00;201225,00;201240,00;200935,00;201185,00;85175200,00;2118
WINM26;13/04/2026;11:05:00;201030,00;201235,00;200960,00;201235,00;85034999,00;2114
WINM26;13/04/2026;11:00:00;201105,00;201345,00;200905,00;201035,00;84025521,00;2089
WINM26;13/04/2026;10:55:00;201015,00;201160,00;200895,00;201120,00;71198344,00;1771
WINM26;13/04/2026;10:50:00;201105,00;201430,00;200875,00;201015,00;229686293,00;5708
WINM26;13/04/2026;10:45:00;200935,00;201210,00;200635,00;201120,00;169880978,00;4228
WINM26;13/04/2026;10:40:00;201010,00;201185,00;200860,00;200935,00;101024027,00;2513
WINM26;13/04/2026;10:35:00;201285,00;201415,00;200985,00;201015,00;120853672,00;3004
WINM26;13/04/2026;10:30:00;201550,00;201595,00;201220,00;201285,00;198867593,00;4937
WINM26;13/04/2026;10:25:00;201185,00;201565,00;201095,00;201545,00;110939462,00;2755
WINM26;13/04/2026;10:20:00;201135,00;201270,00;201045,00;201190,00;79894614,00;1986
WINM26;13/04/2026;10:15:00;201125,00;201200,00;200990,00;201130,00;71308022,00;1773
WINM26;13/04/2026;10:10:00;201000,00;201215,00;200960,00;201130,00;88931846,00;2211
WINM26;13/04/2026;10:05:00;201220,00;201255,00;200825,00;201005,00;120999445,00;3010
WINM26;13/04/2026;10:00:00;200945,00;201275,00;200880,00;201235,00;156913201,00;3902
WINM26;13/04/2026;09:55:00;200870,00;200970,00;200830,00;200940,00;39901593,00;993
WINM26;13/04/2026;09:50:00;200975,00;201015,00;200820,00;200860,00;84629983,00;2106
WINM26;13/04/2026;09:45:00;200655,00;201015,00;200640,00;200975,00;102811768,00;2559
WINM26;13/04/2026;09:40:00;200685,00;200760,00;200625,00;200655,00;63216357,00;1575
WINM26;13/04/2026;09:35:00;200775,00;200795,00;200655,00;200690,00;88518238,00;2205
WINM26;13/04/2026;09:30:00;200865,00;200925,00;200715,00;200775,00;179715605,00;4475
WINM26;13/04/2026;09:25:00;201140,00;201200,00;200750,00;200860,00;219589821,00;5465
WINM26;13/04/2026;09:20:00;201320,00;201385,00;201035,00;201140,00;126674515,00;3148
WINM26;13/04/2026;09:15:00;201205,00;201390,00;201125,00;201315,00;142601542,00;3543
WINM26;13/04/2026;09:10:00;200925,00;201230,00;200915,00;201215,00;85266081,00;2120
WINM26;13/04/2026;09:05:00;200660,00;200935,00;200645,00;200930,00;151253436,00;3767
WINM26;13/04/2026;09:00:00;201415,00;201445,00;200500,00;200670,00;236408440,00;5884
WINM26;10/04/2026;18:20:00;202350,00;202550,00;202295,00;202550,00;29926316,00;739
WINM26;10/04/2026;18:15:00;202180,00;202375,00;202180,00;202350,00;59603871,00;1473
WINM26;10/04/2026;18:10:00;202115,00;202180,00;202095,00;202150,00;12451090,00;308
WINM26;10/04/2026;18:05:00;202025,00;202155,00;202025,00;202115,00;7679818,00;190
WINM26;10/04/2026;18:00:00;202075,00;202210,00;201950,00;201985,00;9214511,00;228
WINM26;10/04/2026;17:55:00;202035,00;202050,00;201970,00;202050,00;5696384,00;141
WINM26;10/04/2026;17:50:00;202070,00;202090,00;202000,00;202050,00;4485315,00;111
WINM26;10/04/2026;17:45:00;202040,00;202110,00;201955,00;202075,00;9778728,00;242
WINM26;10/04/2026;17:40:00;202000,00;202055,00;201980,00;202040,00;5050686,00;125
WINM26;10/04/2026;17:35:00;202015,00;202060,00;201970,00;202015,00;20684818,00;512
WINM26;10/04/2026;17:30:00;201955,00;202050,00;201955,00;201995,00;12806708,00;317
WINM26;10/04/2026;17:25:00;201885,00;201995,00;201885,00;201935,00;5654515,00;140
WINM26;10/04/2026;17:20:00;201845,00;201920,00;201840,00;201895,00;5249369,00;130
WINM26;10/04/2026;17:15:00;201805,00;201880,00;201800,00;201825,00;3390923,00;84
WINM26;10/04/2026;17:10:00;201805,00;201845,00;201760,00;201805,00;4802758,00;119
WINM26;10/04/2026;17:05:00;201630,00;201865,00;201630,00;201800,00;5730476,00;142
WINM26;10/04/2026;17:00:00;201790,00;201795,00;201625,00;201650,00;5566081,00;138
WINM26;10/04/2026;16:55:00;201785,00;201825,00;201730,00;201770,00;13640069,00;338
WINM26;10/04/2026;16:50:00;201690,00;201850,00;201685,00;201775,00;13034905,00;323
WINM26;10/04/2026;16:45:00;201845,00;201865,00;201665,00;201695,00;11541000,00;286
WINM26;10/04/2026;16:40:00;201650,00;201850,00;201600,00;201850,00;21501039,00;533
WINM26;10/04/2026;16:35:00;201645,00;201750,00;201605,00;201645,00;8551349,00;212
WINM26;10/04/2026;16:30:00;201490,00;201690,00;201485,00;201645,00;34274750,00;850
WINM26;10/04/2026;16:25:00;201585,00;201595,00;201470,00;201485,00;11365194,00;282
WINM26;10/04/2026;16:20:00;201595,00;201605,00;201445,00;201585,00;16525073,00;410
WINM26;10/04/2026;16:15:00;201550,00;201640,00;201550,00;201600,00;9918400,00;246
WINM26;10/04/2026;16:10:00;201470,00;201580,00;201435,00;201540,00;19869561,00;493
WINM26;10/04/2026;16:05:00;201460,00;201530,00;201440,00;201470,00;11847006,00;294
WINM26;10/04/2026;16:00:00;201390,00;201490,00;201390,00;201450,00;16477963,00;409
WINM26;10/04/2026;15:55:00;201425,00;201435,00;201320,00;201395,00;15949768,00;396
WINM26;10/04/2026;15:50:00;201470,00;201495,00;201405,00;201425,00;15147610,00;376
WINM26;10/04/2026;15:45:00;201465,00;201490,00;201370,00;201450,00;14220740,00;353
WINM26;10/04/2026;15:40:00;201645,00;201650,00;201400,00;201465,00;20913823,00;519
WINM26;10/04/2026;15:35:00;201705,00;201780,00;201560,00;201635,00;20368292,00;505
WINM26;10/04/2026;15:30:00;201510,00;201750,00;201500,00;201715,00;25811495,00;640
WINM26;10/04/2026;15:25:00;201450,00;201570,00;201385,00;201515,00;27843952,00;691
WINM26;10/04/2026;15:20:00;201225,00;201545,00;201220,00;201455,00;40080753,00;995
WINM26;10/04/2026;15:15:00;201040,00;201225,00;200925,00;201225,00;21349502,00;531
WINM26;10/04/2026;15:10:00;200995,00;201060,00;200955,00;201030,00;16643378,00;414
WINM26;10/04/2026;15:05:00;201050,00;201085,00;200870,00;200980,00;32200722,00;801
WINM26;10/04/2026;15:00:00;201155,00;201205,00;201045,00;201050,00;21600191,00;537
WINM26;10/04/2026;14:55:00;201100,00;201190,00;201075,00;201155,00;14964495,00;372
WINM26;10/04/2026;14:50:00;201095,00;201150,00;201040,00;201110,00;20792948,00;517
WINM26;10/04/2026;14:45:00;201000,00;201130,00;200985,00;201100,00;16446601,00;409
WINM26;10/04/2026;14:40:00;200985,00;201020,00;200875,00;200995,00;22346622,00;556
WINM26;10/04/2026;14:35:00;200925,00;200995,00;200875,00;200985,00;18042961,00;449
WINM26;10/04/2026;14:30:00;200820,00;200945,00;200785,00;200915,00;20208944,00;503
WINM26;10/04/2026;14:25:00;200915,00;201010,00;200805,00;200805,00;19208517,00;478
WINM26;10/04/2026;14:20:00;200910,00;200995,00;200870,00;200910,00;14667260,00;365
WINM26;10/04/2026;14:15:00;200930,00;201025,00;200895,00;200915,00;16518505,00;411
WINM26;10/04/2026;14:10:00;200930,00;201000,00;200845,00;200930,00;13100471,00;326
WINM26;10/04/2026;14:05:00;200855,00;200950,00;200780,00;200930,00;14583838,00;363
WINM26;10/04/2026;14:00:00;201105,00;201105,00;200780,00;200850,00;19122140,00;476
WINM26;10/04/2026;13:55:00;201010,00;201145,00;201000,00;201100,00;16165207,00;402
WINM26;10/04/2026;13:50:00;200900,00;201075,00;200875,00;201030,00;13424416,00;334
WINM26;10/04/2026;13:45:00;200895,00;200970,00;200845,00;200895,00;15429692,00;384
WINM26;10/04/2026;13:40:00;201030,00;201035,00;200825,00;200900,00;26840766,00;668
WINM26;10/04/2026;13:35:00;201025,00;201095,00;200950,00;201030,00;12905781,00;321
WINM26;10/04/2026;13:30:00;200975,00;201110,00;200935,00;201015,00;18855851,00;469
WINM26;10/04/2026;13:25:00;201140,00;201140,00;200975,00;200980,00;22275802,00;554
WINM26;10/04/2026;13:20:00;201150,00;201160,00;201000,00;201145,00;14357541,00;357
WINM26;10/04/2026;13:15:00;201210,00;201340,00;201120,00;201140,00;19598754,00;487
WINM26;10/04/2026;13:10:00;201015,00;201235,00;201015,00;201210,00;19108434,00;475
WINM26;10/04/2026;13:05:00;201025,00;201035,00;200945,00;201005,00;13587585,00;338
WINM26;10/04/2026;13:00:00;201000,00;201040,00;200880,00;201030,00;24876741,00;619
WINM26;10/04/2026;12:55:00;201170,00;201215,00;200860,00;200990,00;36104827,00;898
WINM26;10/04/2026;12:50:00;201260,00;201320,00;201155,00;201175,00;21812258,00;542
WINM26;10/04/2026;12:45:00;201535,00;201620,00;201225,00;201270,00;46360941,00;1151
WINM26;10/04/2026;12:40:00;201590,00;201620,00;201450,00;201545,00;21968132,00;545
WINM26;10/04/2026;12:35:00;201635,00;201710,00;201465,00;201580,00;26166836,00;649
WINM26;10/04/2026;12:30:00;201665,00;201805,00;201580,00;201635,00;44011301,00;1091
WINM26;10/04/2026;12:25:00;201735,00;201745,00;201560,00;201655,00;23714709,00;588
WINM26;10/04/2026;12:20:00;201485,00;201800,00;201470,00;201745,00;30896379,00;766
WINM26;10/04/2026;12:15:00;201505,00;201650,00;201360,00;201475,00;40302965,00;1000
WINM26;10/04/2026;12:10:00;201365,00;201580,00;201330,00;201500,00;29653511,00;736
WINM26;10/04/2026;12:05:00;201170,00;201380,00;201020,00;201365,00;25306556,00;629
WINM26;10/04/2026;12:00:00;201315,00;201350,00;201065,00;201165,00;59826157,00;1487
WINM26;10/04/2026;11:55:00;201305,00;201480,00;201255,00;201325,00;33023421,00;820
WINM26;10/04/2026;11:50:00;201345,00;201490,00;201225,00;201295,00;39545427,00;982
WINM26;10/04/2026;11:45:00;201425,00;201580,00;201335,00;201350,00;33728633,00;837
WINM26;10/04/2026;11:40:00;201765,00;201870,00;201355,00;201415,00;119957505,00;2975
WINM26;10/04/2026;11:35:00;201805,00;201880,00;201655,00;201770,00;43945184,00;1089
WINM26;10/04/2026;11:30:00;201950,00;202060,00;201745,00;201805,00;47810474,00;1184
WINM26;10/04/2026;11:25:00;202100,00;202100,00;201900,00;201945,00;36355202,00;900
WINM26;10/04/2026;11:20:00;201925,00;202125,00;201905,00;202110,00;51960662,00;1286
WINM26;10/04/2026;11:15:00;202035,00;202115,00;201905,00;201915,00;35551736,00;880
WINM26;10/04/2026;11:10:00;201720,00;202065,00;201605,00;202045,00;44126863,00;1093
WINM26;10/04/2026;11:05:00;201960,00;202020,00;201705,00;201730,00;42550088,00;1054
WINM26;10/04/2026;11:00:00;202060,00;202175,00;201835,00;201935,00;45572748,00;1128
WINM26;10/04/2026;10:55:00;201775,00;202100,00;201705,00;202065,00;62480684,00;1547
WINM26;10/04/2026;10:50:00;201430,00;201845,00;201420,00;201780,00;59648110,00;1479
WINM26;10/04/2026;10:45:00;201260,00;201575,00;201130,00;201450,00;59756363,00;1484
WINM26;10/04/2026;10:40:00;201220,00;201430,00;201005,00;201255,00;78566667,00;1952
WINM26;10/04/2026;10:35:00;200825,00;201265,00;200710,00;201220,00;67808519,00;1687
WINM26;10/04/2026;10:30:00;200915,00;201025,00;200535,00;200830,00;101320910,00;2523
WINM26;10/04/2026;10:25:00;200840,00;201025,00;200785,00;200915,00;72300143,00;1799
WINM26;10/04/2026;10:20:00;200730,00;200865,00;200645,00;200865,00;35733739,00;890
WINM26;10/04/2026;10:15:00;200565,00;200800,00;200435,00;200715,00;76339284,00;1903
WINM26;10/04/2026;10:10:00;201045,00;201045,00;200530,00;200565,00;53609924,00;1335
WINM26;10/04/2026;10:05:00;200935,00;201125,00;200820,00;201040,00;54274105,00;1350
WINM26;10/04/2026;10:00:00;200435,00;201000,00;200345,00;200930,00;91063648,00;2267
WINM26;10/04/2026;09:55:00;200245,00;200575,00;200175,00;200460,00;37523267,00;936
WINM26;10/04/2026;09:50:00;200315,00;200480,00;200195,00;200240,00;38548889,00;962
WINM26;10/04/2026;09:45:00;200125,00;200345,00;200090,00;200310,00;21785841,00;544
WINM26;10/04/2026;09:40:00;200390,00;200400,00;200060,00;200120,00;19818915,00;495
WINM26;10/04/2026;09:35:00;200255,00;200485,00;200160,00;200380,00;38338105,00;957
WINM26;10/04/2026;09:30:00;199770,00;200400,00;199770,00;200260,00;57447678,00;1435
WINM26;10/04/2026;09:25:00;199715,00;199845,00;199615,00;199735,00;41818587,00;1047
WINM26;10/04/2026;09:20:00;200055,00;200055,00;199645,00;199710,00;43647084,00;1092
WINM26;10/04/2026;09:15:00;199960,00;200200,00;199890,00;200055,00;55118749,00;1378
WINM26;10/04/2026;09:10:00;200065,00;200085,00;199850,00;199955,00;68104604,00;1703
WINM26;10/04/2026;09:05:00;200245,00;200315,00;199995,00;200025,00;51557606,00;1288
WINM26;10/04/2026;09:00:00;199965,00;200575,00;199855,00;200255,00;71223588,00;1778
WINM26;09/04/2026;18:20:00;200070,00;200165,00;200060,00;200165,00;4482390,00;112
WINM26;09/04/2026;18:15:00;200040,00;200085,00;199980,00;200040,00;17724308,00;443
WINM26;09/04/2026;18:10:00;200015,00;200045,00;200000,00;200045,00;1520072,00;38
WINM26;09/04/2026;18:05:00;200030,00;200185,00;199955,00;199980,00;21888950,00;547
WINM26;09/04/2026;18:00:00;200010,00;200080,00;199970,00;200030,00;13762299,00;344
WINM26;09/04/2026;17:55:00;200000,00;200030,00;199980,00;200015,00;12881043,00;322
WINM26;09/04/2026;17:50:00;199955,00;200060,00;199945,00;200040,00;17721720,00;443
WINM26;09/04/2026;17:45:00;199980,00;199985,00;199940,00;199950,00;4479155,00;112
WINM26;09/04/2026;17:40:00;199970,00;200000,00;199930,00;200000,00;2519662,00;63
WINM26;09/04/2026;17:35:00;200000,00;200010,00;199960,00;199960,00;3239966,00;81
WINM26;09/04/2026;17:30:00;199960,00;200055,00;199960,00;200005,00;2720400,00;68
WINM26;09/04/2026;17:25:00;199975,00;200000,00;199950,00;200000,00;1999777,00;50
WINM26;09/04/2026;17:20:00;199930,00;200045,00;199920,00;200025,00;12479394,00;312
WINM26;09/04/2026;17:15:00;199850,00;199930,00;199850,00;199900,00;2319110,00;58
WINM26;09/04/2026;17:10:00;199900,00;199910,00;199875,00;199895,00;879546,00;22
WINM26;09/04/2026;17:05:00;199800,00;199925,00;199760,00;199900,00;23862729,00;597
WINM26;09/04/2026;17:00:00;199835,00;199900,00;199775,00;199820,00;58662985,00;1468
WINM26;09/04/2026;16:55:00;199985,00;199985,00;199820,00;199830,00;4837265,00;121
WINM26;09/04/2026;16:50:00;199730,00;200000,00;199725,00;199990,00;5037010,00;126
WINM26;09/04/2026;16:45:00;199840,00;199870,00;199735,00;199735,00;5554663,00;139
WINM26;09/04/2026;16:40:00;199965,00;199965,00;199835,00;199855,00;6396266,00;160
WINM26;09/04/2026;16:35:00;199815,00;200005,00;199770,00;199960,00;7116127,00;178
WINM26;09/04/2026;16:30:00;199840,00;200075,00;199815,00;199820,00;11998621,00;300
WINM26;09/04/2026;16:25:00;199830,00;199880,00;199740,00;199835,00;5554854,00;139
WINM26;09/04/2026;16:20:00;199710,00;199865,00;199670,00;199840,00;6352870,00;159
WINM26;09/04/2026;16:15:00;199885,00;199885,00;199695,00;199705,00;12867087,00;322
WINM26;09/04/2026;16:10:00;199995,00;200000,00;199855,00;199875,00;10036994,00;251
WINM26;09/04/2026;16:05:00;199880,00;200000,00;199855,00;199995,00;8276877,00;207
WINM26;09/04/2026;16:00:00;199665,00;199890,00;199560,00;199880,00;14578575,00;365
WINM26;09/04/2026;15:55:00;199720,00;199730,00;199620,00;199660,00;5430829,00;136
WINM26;09/04/2026;15:50:00;199700,00;199830,00;199665,00;199675,00;10785516,00;270
WINM26;09/04/2026;15:45:00;199555,00;199700,00;199515,00;199700,00;7983736,00;200
WINM26;09/04/2026;15:40:00;199520,00;199565,00;199475,00;199545,00;5746372,00;144
WINM26;09/04/2026;15:35:00;199385,00;199545,00;199370,00;199525,00;8417019,00;211
WINM26;09/04/2026;15:30:00;199515,00;199515,00;199260,00;199375,00;10844502,00;272
WINM26;09/04/2026;15:25:00;199495,00;199575,00;199400,00;199500,00;8259049,00;207
WINM26;09/04/2026;15:20:00;199505,00;199550,00;199445,00;199480,00;10892826,00;273
WINM26;09/04/2026;15:15:00;199500,00;199625,00;199450,00;199500,00;6025691,00;151
WINM26;09/04/2026;15:10:00;199545,00;199560,00;199415,00;199490,00;7978997,00;200
WINM26;09/04/2026;15:05:00;199510,00;199650,00;199460,00;199530,00;10456353,00;262
WINM26;09/04/2026;15:00:00;199775,00;199775,00;199395,00;199475,00;20957101,00;525
WINM26;09/04/2026;14:55:00;199825,00;199850,00;199760,00;199760,00;6393411,00;160
WINM26;09/04/2026;14:50:00;199910,00;199910,00;199810,00;199830,00;5635821,00;141
WINM26;09/04/2026;14:45:00;199825,00;200000,00;199820,00;199920,00;7716906,00;193
WINM26;09/04/2026;14:40:00;199975,00;199980,00;199770,00;199805,00;10312323,00;258
WINM26;09/04/2026;14:35:00;199820,00;200065,00;199820,00;200000,00;11639165,00;291
WINM26;09/04/2026;14:30:00;199925,00;199945,00;199800,00;199825,00;8035188,00;201
WINM26;09/04/2026;14:25:00;199815,00;199985,00;199740,00;199930,00;20506078,00;513
WINM26;09/04/2026;14:20:00;199715,00;199860,00;199675,00;199825,00;18343201,00;459
WINM26;09/04/2026;14:15:00;199500,00;199770,00;199500,00;199690,00;9343399,00;234
WINM26;09/04/2026;14:10:00;199515,00;199585,00;199445,00;199520,00;11612387,00;291
WINM26;09/04/2026;14:05:00;199515,00;199535,00;199440,00;199515,00;6183991,00;155
WINM26;09/04/2026;14:00:00;199545,00;199570,00;199455,00;199505,00;6424684,00;161
WINM26;09/04/2026;13:55:00;199480,00;199535,00;199470,00;199485,00;3271873,00;82
WINM26;09/04/2026;13:50:00;199405,00;199625,00;199400,00;199485,00;10214573,00;256
WINM26;09/04/2026;13:45:00;199380,00;199435,00;199300,00;199410,00;4745077,00;119
WINM26;09/04/2026;13:40:00;199435,00;199455,00;199290,00;199420,00;10207238,00;256
WINM26;09/04/2026;13:35:00;199365,00;199480,00;199335,00;199445,00;3469797,00;87
WINM26;09/04/2026;13:30:00;199375,00;199430,00;199245,00;199375,00;9289494,00;233
WINM26;09/04/2026;13:25:00;199315,00;199455,00;199270,00;199385,00;5462413,00;137
WINM26;09/04/2026;13:20:00;199495,00;199495,00;199305,00;199380,00;4585477,00;115
WINM26;09/04/2026;13:15:00;199360,00;199535,00;199300,00;199525,00;4467363,00;112
WINM26;09/04/2026;13:10:00;199370,00;199475,00;199320,00;199365,00;6541145,00;164
WINM26;09/04/2026;13:05:00;199520,00;199560,00;199325,00;199340,00;15320118,00;384
WINM26;09/04/2026;13:00:00;199505,00;199670,00;199470,00;199545,00;25664083,00;643
WINM26;09/04/2026;12:55:00;199475,00;199545,00;199390,00;199495,00;18150268,00;455
WINM26;09/04/2026;12:50:00;199650,00;199720,00;199460,00;199475,00;18717565,00;469
WINM26;09/04/2026;12:45:00;199665,00;199835,00;199525,00;199660,00;11143543,00;279
WINM26;09/04/2026;12:40:00;199705,00;199845,00;199605,00;199655,00;14420296,00;361
WINM26;09/04/2026;12:35:00;199750,00;199900,00;199550,00;199665,00;35826193,00;897
WINM26;09/04/2026;12:30:00;199325,00;199970,00;199285,00;199750,00;61791882,00;1547
WINM26;09/04/2026;12:25:00;199345,00;199395,00;199195,00;199360,00;13114726,00;329
WINM26;09/04/2026;12:20:00;199345,00;199490,00;199240,00;199365,00;33335316,00;836
WINM26;09/04/2026;12:15:00;198825,00;199430,00;198825,00;199355,00;66799928,00;1677
WINM26;09/04/2026;12:10:00;198495,00;198855,00;198495,00;198790,00;8425011,00;212
WINM26;09/04/2026;12:05:00;198510,00;198535,00;198400,00;198525,00;4961870,00;125
WINM26;09/04/2026;12:00:00;198745,00;198745,00;198420,00;198525,00;10683782,00;269
WINM26;09/04/2026;11:55:00;198875,00;198970,00;198725,00;198745,00;10340481,00;260
WINM26;09/04/2026;11:50:00;198705,00;198920,00;198690,00;198855,00;25015102,00;629
WINM26;09/04/2026;11:45:00;198540,00;198775,00;198515,00;198700,00;26740719,00;673
WINM26;09/04/2026;11:40:00;198345,00;198520,00;198200,00;198460,00;18526845,00;467
WINM26;09/04/2026;11:35:00;198205,00;198360,00;198000,00;198350,00;20844292,00;526
WINM26;09/04/2026;11:30:00;198305,00;198330,00;198080,00;198200,00;54138667,00;1366
WINM26;09/04/2026;11:25:00;198420,00;198460,00;198205,00;198310,00;21335912,00;538
WINM26;09/04/2026;11:20:00;198340,00;198620,00;198225,00;198475,00;14401704,00;363
WINM26;09/04/2026;11:15:00;198750,00;198765,00;198250,00;198320,00;40356318,00;1017
WINM26;09/04/2026;11:10:00;198800,00;198925,00;198675,00;198740,00;15784238,00;397
WINM26;09/04/2026;11:05:00;198920,00;198985,00;198765,00;198800,00;13761076,00;346
WINM26;09/04/2026;11:00:00;198760,00;199005,00;198725,00;198935,00;20008545,00;503
WINM26;09/04/2026;10:55:00;198815,00;198855,00;198625,00;198765,00;10810983,00;272
WINM26;09/04/2026;10:50:00;199050,00;199050,00;198610,00;198810,00;18729540,00;471
WINM26;09/04/2026;10:45:00;198765,00;199170,00;198675,00;199100,00;31798004,00;799
WINM26;09/04/2026;10:40:00;198725,00;198980,00;198650,00;198765,00;39047282,00;982
WINM26;09/04/2026;10:35:00;198500,00;198740,00;198420,00;198720,00;53936217,00;1358
WINM26;09/04/2026;10:30:00;197995,00;198575,00;197955,00;198480,00;69395819,00;1749
WINM26;09/04/2026;10:25:00;197715,00;198075,00;197700,00;197990,00;13853367,00;350
WINM26;09/04/2026;10:20:00;197430,00;197950,00;197430,00;197745,00;15865180,00;401
WINM26;09/04/2026;10:15:00;197555,00;197685,00;197420,00;197455,00;7742530,00;196
WINM26;09/04/2026;10:10:00;197575,00;197785,00;197450,00;197495,00;15019407,00;380
WINM26;09/04/2026;10:05:00;198035,00;198080,00;197480,00;197490,00;30673301,00;775
WINM26;09/04/2026;10:00:00;197850,00;198100,00;197770,00;197960,00;26127097,00;660
WINM26;09/04/2026;09:55:00;197580,00;197890,00;197580,00;197835,00;48895984,00;1236
WINM26;09/04/2026;09:50:00;197630,00;197685,00;197470,00;197585,00;14857148,00;376
WINM26;09/04/2026;09:45:00;197385,00;197690,00;197340,00;197645,00;25085688,00;635
WINM26;09/04/2026;09:40:00;197325,00;197500,00;197105,00;197380,00;78766347,00;1996
WINM26;09/04/2026;09:35:00;197130,00;197425,00;197105,00;197300,00;4972914,00;126
WINM26;09/04/2026;09:30:00;197090,00;197310,00;197000,00;197080,00;22277883,00;565
WINM26;09/04/2026;09:25:00;197195,00;197290,00;196935,00;197075,00;52468604,00;1331
WINM26;09/04/2026;09:20:00;196975,00;197185,00;196970,00;197155,00;6976901,00;177
WINM26;09/04/2026;09:15:00;196705,00;196935,00;196680,00;196895,00;1299271,00;33
WINM26;09/04/2026;09:10:00;196830,00;196895,00;196600,00;196600,00;5156148,00;131
WINM26;09/04/2026;09:05:00;196875,00;197000,00;196800,00;196910,00;4883214,00;124
WINM26;09/04/2026;09:00:00;196195,00;197055,00;196165,00;196855,00;23556287,00;599
WINM26;08/04/2026;18:20:00;196800,00;196880,00;196600,00;196600,00;6336770,00;161
WINM26;08/04/2026;18:15:00;196930,00;196940,00;196810,00;196815,00;4015598,00;102
WINM26;08/04/2026;18:10:00;196950,00;196950,00;196905,00;196905,00;787735,00;20
WINM26;08/04/2026;18:05:00;196890,00;196970,00;196890,00;196930,00;196946,00;5
WINM26;08/04/2026;18:00:00;197000,00;197020,00;196800,00;196890,00;1063296,00;27
WINM26;08/04/2026;17:55:00;196855,00;197020,00;196855,00;197000,00;1812220,00;46
WINM26;08/04/2026;17:50:00;196875,00;196960,00;196835,00;196895,00;3150903,00;80
WINM26;08/04/2026;17:45:00;196890,00;196890,00;196760,00;196850,00;5314145,00;135
WINM26;08/04/2026;17:40:00;196890,00;196935,00;196850,00;196900,00;2835349,00;72
WINM26;08/04/2026;17:35:00;197040,00;197080,00;196900,00;196900,00;37465623,00;951
WINM26;08/04/2026;17:30:00;197070,00;197130,00;197040,00;197045,00;354737,00;9
WINM26;08/04/2026;17:25:00;197080,00;197100,00;197035,00;197045,00;1379531,00;35
WINM26;08/04/2026;17:20:00;197060,00;197150,00;197040,00;197100,00;2522903,00;64
WINM26;08/04/2026;17:15:00;196920,00;197070,00;196920,00;196975,00;2521710,00;64
WINM26;08/04/2026;17:10:00;196860,00;196950,00;196820,00;196935,00;8306950,00;211
WINM26;08/04/2026;17:05:00;196855,00;196920,00;196845,00;196850,00;708814,00;18
WINM26;08/04/2026;17:00:00;196910,00;196975,00;196870,00;196880,00;1614524,00;41
WINM26;08/04/2026;16:55:00;196855,00;197000,00;196855,00;196945,00;1496736,00;38
WINM26;08/04/2026;16:50:00;196880,00;196950,00;196855,00;196915,00;1732639,00;44
WINM26;08/04/2026;16:45:00;196920,00;196925,00;196800,00;196905,00;3346994,00;85
WINM26;08/04/2026;16:40:00;196975,00;196975,00;196830,00;196930,00;2165841,00;55
WINM26;08/04/2026;16:35:00;196800,00;197100,00;196800,00;196965,00;8547682,00;217
WINM26;08/04/2026;16:30:00;196715,00;196775,00;196685,00;196770,00;12159916,00;309
WINM26;08/04/2026;16:25:00;196700,00;196765,00;196575,00;196575,00;4168579,00;106
WINM26;08/04/2026;16:20:00;196680,00;196785,00;196625,00;196640,00;3501889,00;89
WINM26;08/04/2026;16:15:00;196565,00;196705,00;196535,00;196605,00;4994605,00;127
WINM26;08/04/2026;16:10:00;196400,00;196630,00;196395,00;196555,00;18942304,00;482
WINM26;08/04/2026;16:05:00;196350,00;196460,00;196350,00;196380,00;2081780,00;53
WINM26;08/04/2026;16:00:00;196295,00;196450,00;196145,00;196265,00;18449684,00;470
WINM26;08/04/2026;15:55:00;196370,00;196370,00;196260,00;196295,00;25755570,00;656
WINM26;08/04/2026;15:50:00;196405,00;196515,00;196390,00;196425,00;5146674,00;131
WINM26;08/04/2026;15:45:00;196525,00;196590,00;196375,00;196430,00;2671708,00;68
WINM26;08/04/2026;15:40:00;196445,00;196565,00;196350,00;196420,00;3457641,00;88
WINM26;08/04/2026;15:35:00;196815,00;196815,00;196455,00;196515,00;2988715,00;76
WINM26;08/04/2026;15:30:00;196720,00;196930,00;196720,00;196860,00;2479760,00;63
WINM26;08/04/2026;15:25:00;196700,00;196830,00;196670,00;196750,00;1770698,00;45
WINM26;08/04/2026;15:20:00;196620,00;196820,00;196605,00;196755,00;3147908,00;80
WINM26;08/04/2026;15:15:00;197090,00;197260,00;196520,00;196665,00;7521351,00;191
WINM26;08/04/2026;15:10:00;197110,00;197110,00;197040,00;197090,00;709449,00;18
WINM26;08/04/2026;15:05:00;197060,00;197200,00;197050,00;197130,00;1774335,00;45
WINM26;08/04/2026;15:00:00;196980,00;197085,00;196850,00;197060,00;2324249,00;59
WINM26;08/04/2026;14:55:00;197005,00;197015,00;196950,00;197005,00;2364018,00;60
WINM26;08/04/2026;14:50:00;196975,00;197055,00;196960,00;197010,00;5989014,00;152
WINM26;08/04/2026;14:45:00;197000,00;197000,00;196875,00;196915,00;2323889,00;59
WINM26;08/04/2026;14:40:00;197020,00;197095,00;196975,00;197025,00;1497438,00;38
WINM26;08/04/2026;14:35:00;197020,00;197140,00;196920,00;197025,00;6068506,00;154
WINM26;08/04/2026;14:30:00;196935,00;197030,00;196875,00;197030,00;3387371,00;86
WINM26;08/04/2026;14:25:00;196850,00;196980,00;196800,00;196970,00;4921942,00;125
WINM26;08/04/2026;14:20:00;196930,00;196990,00;196725,00;196815,00;17642448,00;448
WINM26;08/04/2026;14:15:00;197070,00;197070,00;196800,00;196890,00;7954137,00;202
WINM26;08/04/2026;14:10:00;197060,00;197160,00;197025,00;197065,00;24874071,00;631
WINM26;08/04/2026;14:05:00;197285,00;197295,00;197065,00;197065,00;59520134,00;1509
WINM26;08/04/2026;14:00:00;197210,00;197390,00;197185,00;197300,00;30339986,00;769
WINM26;08/04/2026;13:55:00;197130,00;197220,00;197120,00;197125,00;1419482,00;36
WINM26;08/04/2026;13:50:00;197010,00;197130,00;196955,00;197090,00;1970710,00;50
WINM26;08/04/2026;13:45:00;197020,00;197105,00;196975,00;196975,00;2955756,00;75
WINM26;08/04/2026;13:40:00;196820,00;197020,00;196800,00;197020,00;8075828,00;205
WINM26;08/04/2026;13:35:00;196665,00;196810,00;196630,00;196705,00;2242478,00;57
WINM26;08/04/2026;13:30:00;196460,00;196715,00;196410,00;196670,00;1572673,00;40
WINM26;08/04/2026;13:25:00;196425,00;196525,00;196400,00;196465,00;2318306,00;59
WINM26;08/04/2026;13:20:00;196450,00;196500,00;196330,00;196455,00;3653979,00;93
WINM26;08/04/2026;13:15:00;196470,00;196470,00;196370,00;196460,00;3103277,00;79
WINM26;08/04/2026;13:10:00;196525,00;196570,00;196465,00;196505,00;2083113,00;53
WINM26;08/04/2026;13:05:00;196575,00;196590,00;196535,00;196575,00;1572472,00;40
WINM26;08/04/2026;13:00:00;196685,00;196750,00;196400,00;196515,00;6526081,00;166
WINM26;08/04/2026;12:55:00;196630,00;196800,00;196630,00;196700,00;5036052,00;128
WINM26;08/04/2026;12:50:00;196625,00;196685,00;196565,00;196650,00;3224581,00;82
WINM26;08/04/2026;12:45:00;196515,00;196675,00;196515,00;196655,00;6724485,00;171
WINM26;08/04/2026;12:40:00;196570,00;196570,00;196425,00;196525,00;3458479,00;88
WINM26;08/04/2026;12:35:00;196395,00;196600,00;196315,00;196600,00;1886309,00;48
WINM26;08/04/2026;12:30:00;196380,00;196550,00;196365,00;196440,00;1807282,00;46
WINM26;08/04/2026;12:25:00;196605,00;196605,00;196320,00;196365,00;6090303,00;155
WINM26;08/04/2026;12:20:00;196500,00;196680,00;196500,00;196670,00;4325827,00;110
WINM26;08/04/2026;12:15:00;196520,00;196650,00;196395,00;196535,00;4873725,00;124
WINM26;08/04/2026;12:10:00;196265,00;196555,00;196160,00;196400,00;19439879,00;495
WINM26;08/04/2026;12:05:00;196245,00;196515,00;196215,00;196280,00;10682774,00;272
WINM26;08/04/2026;12:00:00;196060,00;196315,00;196040,00;196290,00;12828685,00;327
WINM26;08/04/2026;11:55:00;195940,00;196045,00;195610,00;195975,00;23882619,00;610
WINM26;08/04/2026;11:50:00;196160,00;196220,00;195790,00;195970,00;15283282,00;390
WINM26;08/04/2026;11:45:00;196080,00;196265,00;195915,00;196165,00;6429520,00;164
WINM26;08/04/2026;11:40:00;196100,00;196450,00;196045,00;196095,00;13189772,00;336
WINM26;08/04/2026;11:35:00;196000,00;196340,00;195920,00;196020,00;11181114,00;285
WINM26;08/04/2026;11:30:00;195925,00;196080,00;195705,00;195995,00;14262510,00;364
WINM26;08/04/2026;11:25:00;196080,00;196190,00;195835,00;195865,00;12347938,00;315
WINM26;08/04/2026;11:20:00;196005,00;196250,00;196005,00;196045,00;28166198,00;718
WINM26;08/04/2026;11:15:00;196200,00;196440,00;195975,00;196095,00;4670443,00;119
WINM26;08/04/2026;11:10:00;196280,00;196400,00;196140,00;196210,00;2434228,00;62
WINM26;08/04/2026;11:05:00;196445,00;196575,00;195880,00;196320,00;13420212,00;342
WINM26;08/04/2026;11:00:00;196265,00;196700,00;196220,00;196435,00;18431978,00;469
WINM26;08/04/2026;10:55:00;196225,00;196450,00;196120,00;196235,00;12287155,00;313
WINM26;08/04/2026;10:50:00;196755,00;196770,00;196145,00;196200,00;26503046,00;675
WINM26;08/04/2026;10:45:00;196455,00;197000,00;196300,00;196785,00;42424877,00;1079
WINM26;08/04/2026;10:40:00;196685,00;196745,00;196320,00;196480,00;26294742,00;669
WINM26;08/04/2026;10:35:00;197005,00;197160,00;196535,00;196685,00;49350425,00;1254
WINM26;08/04/2026;10:30:00;197730,00;197780,00;196950,00;197000,00;32438784,00;822
WINM26;08/04/2026;10:25:00;198325,00;198380,00;197600,00;197600,00;34747700,00;878
WINM26;08/04/2026;10:20:00;198110,00;198420,00;198020,00;198110,00;10069358,00;254
WINM26;08/04/2026;10:15:00;198740,00;198755,00;198130,00;198130,00;16465202,00;415
WINM26;08/04/2026;10:10:00;199270,00;199270,00;198425,00;198630,00;27008568,00;679
WINM26;08/04/2026;10:05:00;199195,00;199410,00;198950,00;199260,00;15703503,00;394
WINM26;08/04/2026;10:00:00;198765,00;199365,00;198660,00;199205,00;51143512,00;1284
WINM26;08/04/2026;09:55:00;198800,00;198915,00;198615,00;198800,00;22853217,00;575
WINM26;08/04/2026;09:50:00;198700,00;198925,00;198625,00;198850,00;20197369,00;508
WINM26;08/04/2026;09:45:00;198465,00;198720,00;198425,00;198720,00;17987757,00;453
WINM26;08/04/2026;09:40:00;198415,00;198510,00;198205,00;198465,00;13095594,00;330
WINM26;08/04/2026;09:35:00;198280,00;198455,00;198180,00;198405,00;17059626,00;430
WINM26;08/04/2026;09:30:00;198160,00;198350,00;197865,00;198275,00;15300757,00;386
WINM26;08/04/2026;09:25:00;197605,00;198260,00;197465,00;198190,00;15046570,00;380
WINM26;08/04/2026;09:20:00;197660,00;197840,00;197480,00;197580,00;7707472,00;195
WINM26;08/04/2026;09:15:00;197990,00;198030,00;197665,00;197665,00;8669488,00;219
WINM26;08/04/2026;09:10:00;197525,00;198145,00;197500,00;197980,00;11794399,00;298
WINM26;08/04/2026;09:05:00;198105,00;198110,00;197540,00;197540,00;140185523,00;3543
WINM26;08/04/2026;09:00:00;198125,00;198350,00;198125,00;198350,00;7885857,00;199
WINM26;07/04/2026;18:20:00;193360,00;193420,00;193260,00;193260,00;4136877,00;107
WINM26;07/04/2026;18:15:00;193315,00;193410,00;193250,00;193350,00;2088016,00;54
WINM26;07/04/2026;18:10:00;193190,00;193345,00;193110,00;193345,00;1545868,00;40
WINM26;07/04/2026;18:05:00;193095,00;193315,00;193095,00;193165,00;2280130,00;59
WINM26;07/04/2026;18:00:00;193175,00;193235,00;193035,00;193110,00;2124722,00;55
WINM26;07/04/2026;17:55:00;193120,00;193385,00;193060,00;193230,00;3980876,00;103
WINM26;07/04/2026;17:50:00;193070,00;193170,00;193060,00;193120,00;1351912,00;35
WINM26;07/04/2026;17:45:00;192930,00;193095,00;192920,00;193075,00;1042150,00;27
WINM26;07/04/2026;17:40:00;192970,00;193270,00;192900,00;193000,00;4866938,00;126
WINM26;07/04/2026;17:35:00;193030,00;193070,00;192915,00;193025,00;501842,00;13
WINM26;07/04/2026;17:30:00;192890,00;193080,00;192890,00;193060,00;1582542,00;41
WINM26;07/04/2026;17:25:00;192770,00;193030,00;192770,00;192940,00;3549348,00;92
WINM26;07/04/2026;17:20:00;192775,00;192795,00;192660,00;192775,00;1464725,00;38
WINM26;07/04/2026;17:15:00;193080,00;193175,00;192795,00;192820,00;3781488,00;98
WINM26;07/04/2026;17:10:00;192835,00;193110,00;192825,00;193090,00;7139924,00;185
WINM26;07/04/2026;17:05:00;192750,00;192885,00;192625,00;192885,00;4550313,00;118
WINM26;07/04/2026;17:00:00;192590,00;192955,00;192590,00;192770,00;8484020,00;220
WINM26;07/04/2026;16:55:00;192570,00;192735,00;192550,00;192620,00;3236356,00;84
WINM26;07/04/2026;16:50:00;192250,00;192725,00;192250,00;192520,00;12787327,00;332
WINM26;07/04/2026;16:45:00;191900,00;192480,00;191835,00;192155,00;33623767,00;874
WINM26;07/04/2026;16:40:00;191560,00;191915,00;191540,00;191915,00;2529817,00;66
WINM26;07/04/2026;16:35:00;191800,00;191800,00;191600,00;191635,00;1763701,00;46
WINM26;07/04/2026;16:30:00;191985,00;191985,00;191810,00;191935,00;268666,00;7
WINM26;07/04/2026;16:25:00;192000,00;192050,00;191875,00;191990,00;9639047,00;251
WINM26;07/04/2026;16:20:00;191995,00;192260,00;191910,00;191970,00;2458374,00;64
WINM26;07/04/2026;16:15:00;191465,00;192195,00;191410,00;192120,00;6290895,00;164
WINM26;07/04/2026;16:10:00;191260,00;191435,00;191260,00;191435,00;1033366,00;27
WINM26;07/04/2026;16:05:00;191245,00;191495,00;191115,00;191215,00;4821716,00;126
WINM26;07/04/2026;16:00:00;191400,00;191420,00;191275,00;191275,00;1033171,00;27
WINM26;07/04/2026;15:55:00;191355,00;191375,00;191150,00;191375,00;3327574,00;87
WINM26;07/04/2026;15:50:00;191605,00;191615,00;191370,00;191405,00;2412321,00;63
WINM26;07/04/2026;15:45:00;191610,00;191660,00;191525,00;191625,00;1264323,00;33
WINM26;07/04/2026;15:40:00;191735,00;191735,00;191560,00;191645,00;881484,00;23
WINM26;07/04/2026;15:35:00;191855,00;191880,00;191700,00;191700,00;1189185,00;31
WINM26;07/04/2026;15:30:00;191925,00;191950,00;191865,00;191910,00;1343285,00;35
WINM26;07/04/2026;15:25:00;191820,00;191925,00;191820,00;191925,00;2302373,00;60
WINM26;07/04/2026;15:20:00;191910,00;191940,00;191770,00;191770,00;1572949,00;41
WINM26;07/04/2026;15:15:00;191920,00;191985,00;191865,00;191985,00;345458,00;9
WINM26;07/04/2026;15:10:00;191920,00;191920,00;191920,00;191920,00;38384,00;1
WINM26;07/04/2026;15:05:00;191975,00;191975,00;191845,00;191845,00;191885,00;5
WINM26;07/04/2026;15:00:00;191960,00;192100,00;191940,00;192000,00;1574509,00;41
WINM26;07/04/2026;14:55:00;191950,00;191955,00;191825,00;191955,00;6869823,00;179
WINM26;07/04/2026;14:50:00;192000,00;192120,00;191985,00;191985,00;2611669,00;68
WINM26;07/04/2026;14:45:00;191925,00;192020,00;191920,00;192015,00;268777,00;7
WINM26;07/04/2026;14:40:00;192205,00;192275,00;191920,00;191920,00;5569862,00;145
WINM26;07/04/2026;14:35:00;192065,00;192450,00;192040,00;192225,00;13421732,00;349
WINM26;07/04/2026;14:30:00;191820,00;192050,00;191785,00;192050,00;2111566,00;55
WINM26;07/04/2026;14:25:00;191795,00;191870,00;191745,00;191770,00;652125,00;17
WINM26;07/04/2026;14:20:00;191880,00;191880,00;191700,00;191820,00;1035524,00;27
WINM26;07/04/2026;14:15:00;191975,00;191995,00;191820,00;191960,00;1765316,00;46
WINM26;07/04/2026;14:10:00;191920,00;192030,00;191890,00;192010,00;806074,00;21
WINM26;07/04/2026;14:05:00;192050,00;192085,00;191940,00;191940,00;499302,00;13
WINM26;07/04/2026;14:00:00;191725,00;192060,00;191685,00;191995,00;5104787,00;133
WINM26;07/04/2026;13:55:00;191815,00;191840,00;191725,00;191725,00;1802801,00;47
WINM26;07/04/2026;13:50:00;191880,00;192000,00;191820,00;191820,00;3416173,00;89
WINM26;07/04/2026;13:45:00;191740,00;191985,00;191715,00;191920,00;3453750,00;90
WINM26;07/04/2026;13:40:00;191695,00;191755,00;191650,00;191735,00;651839,00;17
WINM26;07/04/2026;13:35:00;191880,00;191880,00;191670,00;191670,00;2645642,00;69
WINM26;07/04/2026;13:30:00;191850,00;192000,00;191850,00;191885,00;2111206,00;55
WINM26;07/04/2026;13:25:00;191850,00;191960,00;191850,00;191900,00;2303094,00;60
WINM26;07/04/2026;13:20:00;191600,00;191910,00;191600,00;191800,00;2377609,00;62
WINM26;07/04/2026;13:15:00;191675,00;191820,00;191635,00;191635,00;460139,00;12
WINM26;07/04/2026;13:10:00;191570,00;191800,00;191560,00;191800,00;1610280,00;42
WINM26;07/04/2026;13:05:00;191655,00;191710,00;191505,00;191555,00;2031505,00;53
WINM26;07/04/2026;13:00:00;191480,00;191920,00;191475,00;191765,00;3909994,00;102
WINM26;07/04/2026;12:55:00;191365,00;191600,00;191340,00;191430,00;3791195,00;99
WINM26;07/04/2026;12:50:00;191310,00;191365,00;191260,00;191325,00;344388,00;9
WINM26;07/04/2026;12:45:00;191310,00;191400,00;191240,00;191240,00;2104490,00;55
WINM26;07/04/2026;12:40:00;191255,00;191335,00;191200,00;191310,00;918072,00;24
WINM26;07/04/2026;12:35:00;191420,00;191420,00;191250,00;191250,00;1262821,00;33
WINM26;07/04/2026;12:30:00;191405,00;191430,00;191395,00;191430,00;153131,00;4
WINM26;07/04/2026;12:25:00;191340,00;191485,00;191280,00;191345,00;2487469,00;65
WINM26;07/04/2026;12:20:00;191420,00;191455,00;191290,00;191305,00;880224,00;23
WINM26;07/04/2026;12:15:00;191170,00;191635,00;191170,00;191440,00;20700910,00;541
WINM26;07/04/2026;12:10:00;190735,00;191240,00;190735,00;191100,00;5347584,00;140
WINM26;07/04/2026;12:05:00;191185,00;191220,00;190690,00;190695,00;14358424,00;376
WINM26;07/04/2026;12:00:00;191340,00;191350,00;191195,00;191250,00;16142877,00;422
WINM26;07/04/2026;11:55:00;191575,00;191600,00;191340,00;191340,00;5781166,00;151
WINM26;07/04/2026;11:50:00;191660,00;191700,00;191500,00;191700,00;5899958,00;154
WINM26;07/04/2026;11:45:00;191685,00;192050,00;191625,00;191695,00;3031045,00;79
WINM26;07/04/2026;11:40:00;191765,00;191935,00;191670,00;191740,00;3759618,00;98
WINM26;07/04/2026;11:35:00;191850,00;191985,00;191690,00;191690,00;3798961,00;99
WINM26;07/04/2026;11:30:00;191500,00;191915,00;191325,00;191915,00;18895603,00;493
WINM26;07/04/2026;11:25:00;191120,00;191500,00;191120,00;191485,00;14197214,00;371
WINM26;07/04/2026;11:20:00;190800,00;191190,00;190800,00;191190,00;23107925,00;605
WINM26;07/04/2026;11:15:00;190635,00;190875,00;190600,00;190600,00;4578863,00;120
WINM26;07/04/2026;11:10:00;190580,00;190700,00;190505,00;190700,00;3431444,00;90
WINM26;07/04/2026;11:05:00;190600,00;190635,00;190310,00;190565,00;20871993,00;548
WINM26;07/04/2026;11:00:00;190680,00;190680,00;190505,00;190510,00;2668406,00;70
WINM26;07/04/2026;10:55:00;190965,00;190965,00;190610,00;190730,00;2402842,00;63
WINM26;07/04/2026;10:50:00;190725,00;191125,00;190500,00;190980,00;13665794,00;358
WINM26;07/04/2026;10:45:00;191180,00;191200,00;190550,00;190805,00;17329926,00;454
WINM26;07/04/2026;10:40:00;191385,00;191500,00;191195,00;191250,00;3789679,00;99
WINM26;07/04/2026;10:35:00;191825,00;192025,00;191395,00;191395,00;8515061,00;222
WINM26;07/04/2026;10:30:00;191875,00;192020,00;191695,00;191835,00;26750255,00;697
WINM26;07/04/2026;10:25:00;191640,00;191900,00;191600,00;191855,00;3145426,00;82
WINM26;07/04/2026;10:20:00;191720,00;191720,00;191350,00;191605,00;9079314,00;237
WINM26;07/04/2026;10:15:00;192070,00;192205,00;191750,00;191780,00;8026813,00;209
WINM26;07/04/2026;10:10:00;191650,00;192065,00;191640,00;192065,00;6293101,00;164
WINM26;07/04/2026;10:05:00;191700,00;191935,00;191600,00;191600,00;2800844,00;73
WINM26;07/04/2026;10:00:00;191640,00;192000,00;191435,00;191690,00;17180284,00;448
WINM26;07/04/2026;09:55:00;191470,00;191900,00;191340,00;191615,00;19550964,00;510
WINM26;07/04/2026;09:50:00;191225,00;191580,00;191195,00;191450,00;2143908,00;56
WINM26;07/04/2026;09:45:00;191415,00;191470,00;191160,00;191185,00;4629233,00;121
WINM26;07/04/2026;09:40:00;191700,00;191700,00;191350,00;191350,00;7276637,00;190
WINM26;07/04/2026;09:35:00;191500,00;191700,00;191320,00;191700,00;4137643,00;108
WINM26;07/04/2026;09:30:00;191410,00;191610,00;191200,00;191490,00;7232803,00;189
WINM26;07/04/2026;09:25:00;191640,00;191700,00;191355,00;191415,00;2527530,00;66
WINM26;07/04/2026;09:20:00;191660,00;191745,00;191475,00;191640,00;8276769,00;216
WINM26;07/04/2026;09:15:00;191720,00;191940,00;191505,00;191680,00;6632059,00;173
WINM26;07/04/2026;09:10:00;191950,00;192135,00;191650,00;191650,00;12736166,00;332
WINM26;07/04/2026;09:05:00;192650,00;192650,00;191815,00;191870,00;17073143,00;444
WINM26;07/04/2026;09:00:00;192095,00;192765,00;192000,00;192450,00;16956703,00;441
WINM26;06/04/2026;18:20:00;192780,00;192810,00;192730,00;192765,00;1734962,00;45
WINM26;06/04/2026;18:15:00;192855,00;192855,00;192805,00;192805,00;347100,00;9
WINM26;06/04/2026;18:10:00;192800,00;192930,00;192800,00;192930,00;308524,00;8
WINM26;06/04/2026;18:05:00;192760,00;192785,00;192720,00;192720,00;539663,00;14
WINM26;06/04/2026;18:00:00;192850,00;192850,00;192650,00;192650,00;1850533,00;48
WINM26;06/04/2026;17:55:00;192790,00;192815,00;192760,00;192760,00;963930,00;25
WINM26;06/04/2026;17:50:00;192725,00;192780,00;192700,00;192775,00;886661,00;23
WINM26;06/04/2026;17:45:00;192795,00;192795,00;192715,00;192735,00;2968585,00;77
WINM26;06/04/2026;17:40:00;192825,00;192835,00;192825,00;192835,00;77132,00;2
WINM26;06/04/2026;17:35:00;192875,00;192980,00;192850,00;192850,00;1890372,00;49
WINM26;06/04/2026;17:30:00;192875,00;192900,00;192850,00;192900,00;231450,00;6
WINM26;06/04/2026;17:25:00;192895,00;192940,00;192895,00;192940,00;270070,00;7
WINM26;06/04/2026;17:20:00;192900,00;192910,00;192875,00;192910,00;192895,00;5
WINM26;06/04/2026;17:15:00;192875,00;192875,00;192750,00;192770,00;964043,00;25
WINM26;06/04/2026;17:10:00;192965,00;192980,00;192965,00;192980,00;308764,00;8
WINM26;06/04/2026;17:05:00;192810,00;192850,00;192775,00;192850,00;694118,00;18
WINM26;06/04/2026;17:00:00;193000,00;193000,00;192825,00;192825,00;655820,00;17
WINM26;06/04/2026;16:55:00;192955,00;192980,00;192875,00;192980,00;1389074,00;36
WINM26;06/04/2026;16:50:00;193040,00;193100,00;192980,00;192980,00;695063,00;18
WINM26;06/04/2026;16:45:00;193000,00;193070,00;192945,00;192995,00;2509359,00;65
WINM26;06/04/2026;16:40:00;192905,00;192955,00;192810,00;192955,00;1234643,00;32
WINM26;06/04/2026;16:30:00;192775,00;192880,00;192775,00;192865,00;1118321,00;29
WINM26;06/04/2026;16:25:00;192760,00;192805,00;192750,00;192750,00;1619252,00;42
WINM26;06/04/2026;16:20:00;192720,00;192760,00;192720,00;192760,00;693920,00;18
WINM26;06/04/2026;16:15:00;192740,00;192740,00;192665,00;192675,00;1541625,00;40
WINM26;06/04/2026;16:10:00;192700,00;192750,00;192690,00;192745,00;1002156,00;26
WINM26;06/04/2026;16:05:00;192935,00;192985,00;192740,00;192790,00;4281946,00;111
WINM26;06/04/2026;16:00:00;192860,00;192940,00;192820,00;192905,00;1388651,00;36
WINM26;06/04/2026;15:55:00;192760,00;192895,00;192740,00;192880,00;2121415,00;55
WINM26;06/04/2026;15:50:00;192790,00;192815,00;192735,00;192780,00;1349506,00;35
WINM26;06/04/2026;15:45:00;192600,00;192795,00;192580,00;192795,00;3622550,00;94
WINM26;06/04/2026;15:40:00;192675,00;192685,00;192560,00;192585,00;1425278,00;37
WINM26;06/04/2026;15:35:00;192740,00;192830,00;192675,00;192675,00;3045239,00;79
WINM26;06/04/2026;15:30:00;192980,00;193050,00;192685,00;192685,00;5555516,00;144
WINM26;06/04/2026;15:25:00;192860,00;193000,00;192850,00;192905,00;1350476,00;35
WINM26;06/04/2026;15:20:00;192790,00;193000,00;192790,00;192940,00;578736,00;15
WINM26;06/04/2026;15:15:00;192830,00;192935,00;192790,00;192815,00;809977,00;21
WINM26;06/04/2026;15:10:00;192700,00;193005,00;192700,00;192730,00;2930618,00;76
WINM26;06/04/2026;15:05:00;192550,00;192720,00;192550,00;192700,00;2543022,00;66
WINM26;06/04/2026;15:00:00;192415,00;192550,00;192340,00;192545,00;3578851,00;93
WINM26;06/04/2026;14:55:00;192520,00;192565,00;192470,00;192565,00;1155187,00;30
WINM26;06/04/2026;14:50:00;192580,00;192600,00;192420,00;192495,00;1501462,00;39
WINM26;06/04/2026;14:45:00;192580,00;192645,00;192500,00;192515,00;1771665,00;46
WINM26;06/04/2026;14:40:00;192900,00;192900,00;192500,00;192535,00;41134999,00;1068
WINM26;06/04/2026;14:35:00;192800,00;192960,00;192800,00;192800,00;617139,00;16
WINM26;06/04/2026;14:30:00;192800,00;193000,00;192745,00;192820,00;2507787,00;65
WINM26;06/04/2026;14:25:00;192750,00;192940,00;192750,00;192855,00;1234435,00;32
WINM26;06/04/2026;14:20:00;192675,00;192860,00;192595,00;192860,00;3815375,00;99
WINM26;06/04/2026;14:15:00;192590,00;192700,00;192480,00;192650,00;1579387,00;41
WINM26;06/04/2026;14:10:00;192680,00;192700,00;192450,00;192575,00;2812027,00;73
WINM26;06/04/2026;14:05:00;192800,00;192840,00;192740,00;192760,00;2082087,00;54
WINM26;06/04/2026;14:00:00;192930,00;192930,00;192520,00;192800,00;5627899,00;146
WINM26;06/04/2026;13:55:00;192980,00;192980,00;192975,00;192975,00;424548,00;11
WINM26;06/04/2026;13:50:00;193155,00;193180,00;192975,00;193015,00;733640,00;19
WINM26;06/04/2026;13:45:00;193220,00;193220,00;193060,00;193120,00;2587629,00;67
WINM26;06/04/2026;13:40:00;193175,00;193320,00;193175,00;193320,00;2164221,00;56
WINM26;06/04/2026;13:35:00;193040,00;193100,00;193025,00;193040,00;347510,00;9
WINM26;06/04/2026;13:30:00;193005,00;193020,00;192870,00;193000,00;1234996,00;32
WINM26;06/04/2026;13:25:00;192935,00;193000,00;192925,00;193000,00;964815,00;25
WINM26;06/04/2026;13:20:00;193000,00;193000,00;192800,00;192880,00;1388862,00;36
WINM26;06/04/2026;13:15:00;193095,00;193140,00;193065,00;193065,00;1892238,00;49
WINM26;06/04/2026;13:10:00;193020,00;193160,00;193020,00;193110,00;965429,00;25
WINM26;06/04/2026;13:05:00;193200,00;193265,00;193060,00;193065,00;1004470,00;26
WINM26;06/04/2026;13:00:00;192950,00;193220,00;192950,00;193120,00;927034,00;24
WINM26;06/04/2026;12:55:00;192960,00;193080,00;192945,00;193080,00;501824,00;13
WINM26;06/04/2026;12:50:00;192920,00;193220,00;192880,00;192980,00;4750849,00;123
WINM26;06/04/2026;12:45:00;192965,00;193040,00;192880,00;192985,00;849027,00;22
WINM26;06/04/2026;12:40:00;192895,00;193115,00;192845,00;193020,00;4129466,00;107
WINM26;06/04/2026;12:35:00;192870,00;192875,00;192700,00;192870,00;1657647,00;43
WINM26;06/04/2026;12:30:00;192900,00;192975,00;192760,00;192800,00;1466163,00;38
WINM26;06/04/2026;12:25:00;192860,00;192920,00;192735,00;192920,00;2275348,00;59
WINM26;06/04/2026;12:20:00;192815,00;192860,00;192745,00;192860,00;2043481,00;53
WINM26;06/04/2026;12:15:00;192540,00;192900,00;192520,00;192810,00;4703394,00;122
WINM26;06/04/2026;12:10:00;192855,00;192855,00;192450,00;192565,00;6549339,00;170
WINM26;06/04/2026;12:05:00;192800,00;192995,00;192775,00;192995,00;3550296,00;92
WINM26;06/04/2026;12:00:00;192900,00;192980,00;192650,00;192870,00;4820290,00;125
WINM26;06/04/2026;11:55:00;192900,00;193065,00;192850,00;192900,00;1157497,00;30
WINM26;06/04/2026;11:50:00;193200,00;193200,00;192920,00;192920,00;2123301,00;55
WINM26;06/04/2026;11:45:00;193220,00;193220,00;193065,00;193070,00;6259506,00;162
WINM26;06/04/2026;11:40:00;193100,00;193420,00;193100,00;193300,00;2976438,00;77
WINM26;06/04/2026;11:35:00;193240,00;193310,00;192905,00;193030,00;4326002,00;112
WINM26;06/04/2026;11:30:00;193200,00;193325,00;193000,00;193250,00;6723130,00;174
WINM26;06/04/2026;11:25:00;193325,00;193500,00;192765,00;193115,00;18599825,00;482
WINM26;06/04/2026;11:20:00;193340,00;193450,00;193270,00;193320,00;2513567,00;65
WINM26;06/04/2026;11:15:00;193355,00;193390,00;193175,00;193295,00;1043798,00;27
WINM26;06/04/2026;11:10:00;193100,00;193350,00;193100,00;193350,00;2395813,00;62
WINM26;06/04/2026;11:05:00;193115,00;193420,00;192920,00;193120,00;19171762,00;496
WINM26;06/04/2026;11:00:00;193400,00;193810,00;193000,00;193100,00;20701530,00;535
WINM26;06/04/2026;10:55:00;193200,00;193615,00;193100,00;193510,00;9008908,00;233
WINM26;06/04/2026;10:50:00;193235,00;193570,00;193200,00;193255,00;42046288,00;1087
WINM26;06/04/2026;10:45:00;193605,00;193910,00;192200,00;192205,00;36072065,00;933
WINM26;06/04/2026;10:40:00;193450,00;193715,00;193320,00;193675,00;23572103,00;609
WINM26;06/04/2026;10:35:00;193370,00;193605,00;193000,00;193590,00;26786758,00;693
WINM26;06/04/2026;10:30:00;192845,00;193525,00;192845,00;193340,00;12752172,00;330
WINM26;06/04/2026;10:25:00;192465,00;192835,00;192465,00;192745,00;9136378,00;237
WINM26;06/04/2026;10:20:00;192585,00;192650,00;192325,00;192465,00;6621407,00;172
WINM26;06/04/2026;10:15:00;192805,00;192920,00;192525,00;192525,00;10638467,00;276
WINM26;06/04/2026;10:10:00;193195,00;193195,00;192830,00;192850,00;4904278,00;127
WINM26;06/04/2026;10:05:00;193095,00;193300,00;192940,00;193225,00;2433688,00;63
WINM26;06/04/2026;10:00:00;193285,00;193290,00;192875,00;193085,00;4517356,00;117
WINM26;06/04/2026;09:55:00;193400,00;193400,00;193250,00;193250,00;1933033,00;50
WINM26;06/04/2026;09:50:00;193320,00;193530,00;193185,00;193270,00;7853532,00;203
WINM26;06/04/2026;09:45:00;193320,00;193395,00;193255,00;193255,00;850713,00;22
WINM26;06/04/2026;09:40:00;193215,00;193410,00;193150,00;193250,00;2319625,00;60
WINM26;06/04/2026;09:35:00;193370,00;193405,00;193160,00;193210,00;2937553,00;76
WINM26;06/04/2026;09:30:00;193620,00;193620,00;193225,00;193305,00;5377300,00;139
WINM26;06/04/2026;09:25:00;193495,00;193660,00;193455,00;193640,00;14942902,00;386
WINM26;06/04/2026;09:20:00;193355,00;193490,00;193265,00;193440,00;6614089,00;171
WINM26;06/04/2026;09:15:00;193275,00;193515,00;193265,00;193400,00;21155432,00;547
WINM26;06/04/2026;09:10:00;193430,00;193515,00;193165,00;193320,00;9047545,00;234
WINM26;06/04/2026;09:05:00;193290,00;193800,00;193060,00;193455,00;20089024,00;519
WINM26;06/04/2026;09:00:00;192900,00;193340,00;192600,00;193290,00;18920953,00;490
WINM26;02/04/2026;18:20:00;192440,00;192500,00;192400,00;192400,00;2732873,00;71
WINM26;02/04/2026;18:15:00;192555,00;192580,00;192450,00;192455,00;2002494,00;52
WINM26;02/04/2026;18:10:00;192480,00;192555,00;192430,00;192520,00;2078839,00;54
WINM26;02/04/2026;18:05:00;192510,00;192555,00;192410,00;192410,00;2040759,00;53
WINM26;02/04/2026;18:00:00;192485,00;192515,00;192310,00;192495,00;7775230,00;202
WINM26;02/04/2026;17:55:00;192445,00;192445,00;192435,00;192435,00;423359,00;11
WINM26;02/04/2026;17:50:00;192435,00;192435,00;192375,00;192375,00;230882,00;6
WINM26;02/04/2026;17:45:00;192465,00;192485,00;192380,00;192380,00;3656556,00;95
WINM26;02/04/2026;17:40:00;192420,00;192430,00;192385,00;192425,00;692685,00;18
WINM26;02/04/2026;17:35:00;192490,00;192510,00;192460,00;192460,00;2733364,00;71
WINM26;02/04/2026;17:30:00;192480,00;192500,00;192435,00;192450,00;4388344,00;114
WINM26;02/04/2026;17:25:00;192575,00;192575,00;192370,00;192470,00;2886942,00;75
WINM26;02/04/2026;17:20:00;192600,00;192600,00;192470,00;192570,00;5044131,00;131
WINM26;02/04/2026;17:15:00;192675,00;192760,00;192620,00;192620,00;3506671,00;91
WINM26;02/04/2026;17:10:00;192500,00;192680,00;192500,00;192675,00;2812119,00;73
WINM26;02/04/2026;17:05:00;192595,00;192665,00;192400,00;192430,00;2772150,00;72
WINM26;02/04/2026;17:00:00;192630,00;192655,00;192490,00;192605,00;6932726,00;180
WINM26;02/04/2026;16:55:00;192510,00;192745,00;192510,00;192625,00;24967208,00;648
WINM26;02/04/2026;16:50:00;192485,00;192565,00;192445,00;192565,00;2387235,00;62
WINM26;02/04/2026;16:45:00;192525,00;192555,00;192365,00;192495,00;8313718,00;216
WINM26;02/04/2026;16:40:00;192745,00;192860,00;192530,00;192530,00;18194225,00;472
WINM26;02/04/2026;16:35:00;192680,00;192810,00;192665,00;192790,00;5473480,00;142
WINM26;02/04/2026;16:30:00;192650,00;192675,00;192610,00;192675,00;1810878,00;47
WINM26;02/04/2026;16:25:00;192580,00;192650,00;192520,00;192650,00;2426386,00;63
WINM26;02/04/2026;16:20:00;192600,00;192705,00;192440,00;192600,00;4890786,00;127
WINM26;02/04/2026;16:15:00;192555,00;192675,00;192475,00;192615,00;6239139,00;162
WINM26;02/04/2026;16:10:00;192365,00;192610,00;192360,00;192555,00;4659365,00;121
WINM26;02/04/2026;16:05:00;192350,00;192460,00;192300,00;192375,00;6772694,00;176
WINM26;02/04/2026;16:00:00;192415,00;192560,00;192290,00;192365,00;8620015,00;224
WINM26;02/04/2026;15:55:00;192535,00;192535,00;192330,00;192330,00;3579187,00;93
WINM26;02/04/2026;15:50:00;192335,00;192565,00;192295,00;192520,00;6965349,00;181
WINM26;02/04/2026;15:45:00;192085,00;192380,00;192080,00;192355,00;5882604,00;153
WINM26;02/04/2026;15:40:00;191940,00;192135,00;191940,00;192135,00;4685603,00;122
WINM26;02/04/2026;15:35:00;192020,00;192025,00;191880,00;191935,00;3954410,00;103
WINM26;02/04/2026;15:30:00;192050,00;192100,00;191940,00;192015,00;5799272,00;151
WINM26;02/04/2026;15:25:00;192085,00;192185,00;192050,00;192175,00;2151741,00;56
WINM26;02/04/2026;15:20:00;192110,00;192160,00;192100,00;192100,00;2113325,00;55
WINM26;02/04/2026;15:15:00;192290,00;192290,00;192060,00;192115,00;5841339,00;152
WINM26;02/04/2026;15:10:00;192265,00;192315,00;192225,00;192290,00;1538323,00;40
WINM26;02/04/2026;15:05:00;192200,00;192320,00;192130,00;192195,00;6766079,00;176
WINM26;02/04/2026;15:00:00;192120,00;192220,00;192120,00;192200,00;4727196,00;123
WINM26;02/04/2026;14:55:00;192020,00;192115,00;191900,00;192070,00;7681711,00;200
WINM26;02/04/2026;14:50:00;191820,00;192015,00;191820,00;191995,00;5066468,00;132
WINM26;02/04/2026;14:45:00;192235,00;192255,00;191800,00;191820,00;10596844,00;276
WINM26;02/04/2026;14:40:00;192240,00;192290,00;192195,00;192240,00;8651728,00;225
WINM26;02/04/2026;14:35:00;192210,00;192235,00;192120,00;192185,00;8571037,00;223
WINM26;02/04/2026;14:30:00;192445,00;192450,00;192200,00;192300,00;3345898,00;87
WINM26;02/04/2026;14:25:00;192530,00;192575,00;192480,00;192500,00;1193797,00;31
WINM26;02/04/2026;14:20:00;192405,00;192550,00;192345,00;192535,00;3656470,00;95
WINM26;02/04/2026;14:15:00;192475,00;192500,00;192300,00;192385,00;4886182,00;127
WINM26;02/04/2026;14:10:00;192475,00;192480,00;192215,00;192450,00;11117562,00;289
WINM26;02/04/2026;14:05:00;192390,00;192495,00;192300,00;192495,00;1424065,00;37
WINM26;02/04/2026;14:00:00;192200,00;192400,00;192100,00;192365,00;2499888,00;65
WINM26;02/04/2026;13:55:00;192400,00;192405,00;192250,00;192250,00;3961667,00;103
WINM26;02/04/2026;13:50:00;192455,00;192525,00;192335,00;192425,00;5042082,00;131
WINM26;02/04/2026;13:45:00;192575,00;192620,00;192360,00;192435,00;8622974,00;224
WINM26;02/04/2026;13:40:00;192390,00;192700,00;192380,00;192550,00;6582840,00;171
WINM26;02/04/2026;13:35:00;192455,00;192515,00;192295,00;192310,00;1615907,00;42
WINM26;02/04/2026;13:30:00;192085,00;192540,00;192020,00;192450,00;8153826,00;212
WINM26;02/04/2026;13:25:00;192085,00;192220,00;192070,00;192140,00;5725899,00;149
WINM26;02/04/2026;13:20:00;192300,00;192350,00;192090,00;192105,00;18147699,00;472
WINM26;02/04/2026;13:15:00;192730,00;192770,00;192300,00;192300,00;20289782,00;527
WINM26;02/04/2026;13:10:00;192835,00;192835,00;192680,00;192680,00;2351372,00;61
WINM26;02/04/2026;13:05:00;192715,00;192845,00;192630,00;192800,00;6745197,00;175
WINM26;02/04/2026;13:00:00;192890,00;192980,00;192680,00;192735,00;6170290,00;160
WINM26;02/04/2026;12:55:00;192865,00;192940,00;192835,00;192860,00;1928814,00;50
WINM26;02/04/2026;12:50:00;193100,00;193100,00;192870,00;192935,00;3666315,00;95
WINM26;02/04/2026;12:45:00;193415,00;193435,00;193090,00;193110,00;3555534,00;92
WINM26;02/04/2026;12:40:00;193435,00;193510,00;193190,00;193465,00;17975616,00;465
WINM26;02/04/2026;12:35:00;193365,00;193610,00;193365,00;193550,00;6733673,00;174
WINM26;02/04/2026;12:30:00;193475,00;193475,00;193310,00;193395,00;5297971,00;137
WINM26;02/04/2026;12:25:00;193220,00;193540,00;193015,00;193420,00;11442251,00;296
WINM26;02/04/2026;12:20:00;193770,00;193780,00;193155,00;193285,00;10910482,00;282
WINM26;02/04/2026;12:15:00;193490,00;194030,00;193470,00;193780,00;24417288,00;630
WINM26;02/04/2026;12:10:00;193200,00;193540,00;193150,00;193480,00;9631729,00;249
WINM26;02/04/2026;12:05:00;193000,00;193175,00;192920,00;193165,00;7335435,00;190
WINM26;02/04/2026;12:00:00;192800,00;192975,00;192680,00;192975,00;3469496,00;90
WINM26;02/04/2026;11:55:00;192935,00;193075,00;192775,00;192945,00;5441122,00;141
WINM26;02/04/2026;11:50:00;192605,00;193030,00;192465,00;192975,00;35688800,00;926
WINM26;02/04/2026;11:45:00;193400,00;193400,00;192540,00;192550,00;34446342,00;893
WINM26;02/04/2026;11:40:00;193465,00;193490,00;193145,00;193455,00;18635725,00;482
WINM26;02/04/2026;11:35:00;192350,00;193570,00;192280,00;193570,00;40740100,00;1055
WINM26;02/04/2026;11:30:00;191620,00;192350,00;191620,00;192350,00;14407132,00;375
WINM26;02/04/2026;11:25:00;191735,00;191755,00;191495,00;191605,00;4943333,00;129
WINM26;02/04/2026;11:20:00;191885,00;192010,00;191650,00;191735,00;9593419,00;250
WINM26;02/04/2026;11:15:00;191640,00;191905,00;191640,00;191865,00;4104753,00;107
WINM26;02/04/2026;11:10:00;191590,00;191835,00;191450,00;191620,00;4868609,00;127
WINM26;02/04/2026;11:05:00;191660,00;191800,00;191515,00;191635,00;8508339,00;222
WINM26;02/04/2026;11:00:00;191700,00;191800,00;191415,00;191635,00;6209601,00;162
WINM26;02/04/2026;10:55:00;191115,00;191750,00;191030,00;191545,00;13062732,00;341
WINM26;02/04/2026;10:50:00;190575,00;191245,00;190575,00;191120,00;16345105,00;428
WINM26;02/04/2026;10:45:00;190055,00;190620,00;190055,00;190550,00;7652711,00;201
WINM26;02/04/2026;10:40:00;189915,00;190200,00;189905,00;190105,00;1596172,00;42
WINM26;02/04/2026;10:35:00;190465,00;190465,00;189885,00;189885,00;6008258,00;158
WINM26;02/04/2026;10:30:00;190245,00;190560,00;190200,00;190510,00;5481623,00;144
WINM26;02/04/2026;10:25:00;189900,00;190505,00;189900,00;190210,00;18341244,00;482
WINM26;02/04/2026;10:20:00;189950,00;190100,00;189800,00;189840,00;5166049,00;136
WINM26;02/04/2026;10:15:00;189940,00;190160,00;189660,00;190035,00;5927120,00;156
WINM26;02/04/2026;10:10:00;189725,00;189940,00;189555,00;189940,00;4213448,00;111
WINM26;02/04/2026;10:05:00;189625,00;189920,00;189625,00;189690,00;6147012,00;162
WINM26;02/04/2026;10:00:00;189565,00;189720,00;189280,00;189720,00;24707033,00;652
WINM26;02/04/2026;09:55:00;189825,00;189860,00;189595,00;189710,00;9181595,00;242
WINM26;02/04/2026;09:50:00;190260,00;190380,00;189800,00;189840,00;24339507,00;640
WINM26;02/04/2026;09:45:00;190010,00;190280,00;189885,00;190280,00;11862256,00;312
WINM26;02/04/2026;09:40:00;189800,00;190055,00;189720,00;190035,00;9569768,00;252
WINM26;02/04/2026;09:35:00;189705,00;189795,00;189390,00;189765,00;13235479,00;349
WINM26;02/04/2026;09:30:00;189550,00;189740,00;189345,00;189715,00;17322547,00;457
WINM26;02/04/2026;09:25:00;189715,00;189715,00;189375,00;189470,00;6367808,00;168
WINM26;02/04/2026;09:20:00;189810,00;189925,00;189340,00;189830,00;17976420,00;474
WINM26;02/04/2026;09:15:00;189755,00;190080,00;189735,00;189765,00;20476054,00;539
WINM26;02/04/2026;09:10:00;189500,00;189855,00;189470,00;189735,00;28293379,00;746
WINM26;02/04/2026;09:05:00;190295,00;190400,00;189460,00;189535,00;41610120,00;1095
WINM26;02/04/2026;09:00:00;190100,00;190100,00;190100,00;190100,00;2015060,00;53
WINM26;01/04/2026;18:20:00;192605,00;192705,00;192585,00;192600,00;1425399,00;37
WINM26;01/04/2026;18:15:00;192855,00;192905,00;192660,00;192660,00;964048,00;25
WINM26;01/04/2026;18:10:00;192860,00;192905,00;192860,00;192905,00;154297,00;4
WINM26;01/04/2026;18:05:00;192740,00;192920,00;192740,00;192850,00;2662141,00;69
WINM26;01/04/2026;18:00:00;192735,00;192735,00;192705,00;192710,00;192718,00;5
WINM26;01/04/2026;17:55:00;192645,00;192690,00;192615,00;192615,00;732012,00;19
WINM26;01/04/2026;17:50:00;192710,00;192710,00;192710,00;192710,00;38542,00;1
WINM26;01/04/2026;17:45:00;192675,00;192795,00;192675,00;192795,00;1156413,00;30
WINM26;01/04/2026;17:40:00;192695,00;192770,00;192695,00;192750,00;1387739,00;36
WINM26;01/04/2026;17:30:00;192650,00;192690,00;192635,00;192675,00;1233063,00;32
WINM26;01/04/2026;17:25:00;192600,00;192645,00;192530,00;192600,00;2773629,00;72
WINM26;01/04/2026;17:20:00;192720,00;192740,00;192515,00;192545,00;4160991,00;108
WINM26;01/04/2026;17:15:00;192830,00;192830,00;192630,00;192745,00;2736099,00;71
WINM26;01/04/2026;17:10:00;192820,00;192830,00;192740,00;192830,00;192810,00;5
WINM26;01/04/2026;17:05:00;192695,00;192840,00;192670,00;192795,00;2582826,00;67
WINM26;01/04/2026;17:00:00;192800,00;192800,00;192715,00;192735,00;1156453,00;30
WINM26;01/04/2026;16:55:00;192680,00;192850,00;192600,00;192740,00;4046776,00;105
WINM26;01/04/2026;16:50:00;192895,00;192940,00;192695,00;192695,00;6555180,00;170
WINM26;01/04/2026;16:45:00;193095,00;193095,00;192885,00;192905,00;6908340,00;179
WINM26;01/04/2026;16:40:00;193235,00;193250,00;193085,00;193085,00;386391,00;10
WINM26;01/04/2026;16:35:00;193120,00;193245,00;193070,00;193180,00;4287694,00;111
WINM26;01/04/2026;16:30:00;193025,00;193230,00;193005,00;193130,00;4248844,00;110
WINM26;01/04/2026;16:25:00;192920,00;193115,00;192920,00;193035,00;3860025,00;100
WINM26;01/04/2026;16:20:00;192715,00;192820,00;192695,00;192820,00;655358,00;17
WINM26;01/04/2026;16:15:00;192675,00;192840,00;192675,00;192710,00;1619194,00;42
WINM26;01/04/2026;16:10:00;192535,00;192645,00;192530,00;192625,00;3043311,00;79
WINM26;01/04/2026;16:05:00;192505,00;192695,00;192475,00;192560,00;4660633,00;121
WINM26;01/04/2026;16:00:00;192505,00;192560,00;192325,00;192500,00;23327055,00;606
WINM26;01/04/2026;15:55:00;192590,00;192660,00;192530,00;192580,00;3505054,00;91
WINM26;01/04/2026;15:50:00;192595,00;192720,00;192575,00;192685,00;2466066,00;64
WINM26;01/04/2026;15:45:00;192845,00;192880,00;192505,00;192685,00;8245224,00;214
WINM26;01/04/2026;15:40:00;192645,00;193065,00;192645,00;192825,00;14497729,00;376
WINM26;01/04/2026;15:35:00;192620,00;192645,00;192395,00;192600,00;7739835,00;201
WINM26;01/04/2026;15:30:00;192625,00;192735,00;192535,00;192615,00;8667947,00;225
WINM26;01/04/2026;15:25:00;192595,00;192730,00;192520,00;192615,00;14524380,00;377
WINM26;01/04/2026;15:20:00;192635,00;192765,00;192495,00;192595,00;11367141,00;295
WINM26;01/04/2026;15:15:00;192795,00;192815,00;192550,00;192625,00;4817272,00;125
WINM26;01/04/2026;15:10:00;193030,00;193035,00;192790,00;192810,00;5092293,00;132
WINM26;01/04/2026;15:05:00;193150,00;193230,00;192950,00;193005,00;24788841,00;642
WINM26;01/04/2026;15:00:00;193455,00;193505,00;193090,00;193130,00;8002543,00;207
WINM26;01/04/2026;14:55:00;193680,00;193680,00;193390,00;193410,00;9287125,00;240
WINM26;01/04/2026;14:50:00;193630,00;193740,00;193595,00;193740,00;3292209,00;85
WINM26;01/04/2026;14:45:00;193625,00;193630,00;193570,00;193630,00;16804595,00;434
WINM26;01/04/2026;14:40:00;193695,00;193695,00;193570,00;193575,00;1200529,00;31
WINM26;01/04/2026;14:35:00;193745,00;193745,00;193530,00;193680,00;3059317,00;79
WINM26;01/04/2026;14:30:00;193760,00;193800,00;193700,00;193705,00;1550005,00;40
WINM26;01/04/2026;14:25:00;193785,00;193790,00;193710,00;193775,00;1201090,00;31
WINM26;01/04/2026;14:20:00;193875,00;193905,00;193735,00;193800,00;2092947,00;54
WINM26;01/04/2026;14:15:00;193970,00;193970,00;193790,00;193825,00;3644383,00;94
WINM26;01/04/2026;14:10:00;193935,00;194010,00;193925,00;193990,00;3413547,00;88
WINM26;01/04/2026;14:05:00;193885,00;194020,00;193865,00;193935,00;9076697,00;234
WINM26;01/04/2026;14:00:00;193760,00;193825,00;193670,00;193825,00;968567,00;25
WINM26;01/04/2026;13:55:00;193805,00;193900,00;193730,00;193745,00;5310338,00;137
WINM26;01/04/2026;13:50:00;193750,00;193765,00;193615,00;193765,00;3214923,00;83
WINM26;01/04/2026;13:45:00;193825,00;193830,00;193700,00;193700,00;2673847,00;69
WINM26;01/04/2026;13:40:00;193825,00;193885,00;193710,00;193820,00;3760033,00;97
WINM26;01/04/2026;13:35:00;193545,00;193840,00;193535,00;193785,00;10263733,00;265
WINM26;01/04/2026;13:30:00;193015,00;193545,00;193015,00;193545,00;18021812,00;466
WINM26;01/04/2026;13:25:00;193105,00;193180,00;193015,00;193020,00;4749256,00;123
WINM26;01/04/2026;13:20:00;193105,00;193215,00;193065,00;193185,00;3438818,00;89
WINM26;01/04/2026;13:15:00;193100,00;193140,00;193045,00;193075,00;1814965,00;47
WINM26;01/04/2026;13:10:00;193215,00;193215,00;193055,00;193075,00;3939883,00;102
WINM26;01/04/2026;13:05:00;193295,00;193305,00;193225,00;193290,00;347901,00;9
WINM26;01/04/2026;13:00:00;193355,00;193435,00;193205,00;193290,00;6842480,00;177
WINM26;01/04/2026;12:55:00;193390,00;193525,00;193315,00;193370,00;3211491,00;83
WINM26;01/04/2026;12:50:00;193255,00;193435,00;193220,00;193365,00;7772926,00;201
WINM26;01/04/2026;12:45:00;193420,00;193435,00;193190,00;193335,00;9547353,00;247
WINM26;01/04/2026;12:40:00;193185,00;193410,00;193060,00;193365,00;6262183,00;162
WINM26;01/04/2026;12:35:00;193065,00;193175,00;193060,00;193110,00;3205846,00;83
WINM26;01/04/2026;12:30:00;193040,00;193140,00;192960,00;193110,00;5288990,00;137
WINM26;01/04/2026;12:25:00;193340,00;193340,00;193025,00;193115,00;3245304,00;84
WINM26;01/04/2026;12:20:00;193590,00;193590,00;193310,00;193355,00;6770457,00;175
WINM26;01/04/2026;12:15:00;193410,00;193745,00;193385,00;193635,00;7937943,00;205
WINM26;01/04/2026;12:10:00;193580,00;193620,00;193305,00;193370,00;7352940,00;190
WINM26;01/04/2026;12:05:00;193535,00;193575,00;193370,00;193545,00;16445286,00;425
WINM26;01/04/2026;12:00:00;193270,00;193635,00;193270,00;193580,00;12033269,00;311
WINM26;01/04/2026;11:55:00;192960,00;193270,00;192905,00;193225,00;4132236,00;107
WINM26;01/04/2026;11:50:00;192880,00;193020,00;192770,00;192905,00;5092009,00;132
WINM26;01/04/2026;11:45:00;192645,00;192875,00;192490,00;192875,00;6397146,00;166
WINM26;01/04/2026;11:40:00;192410,00;192725,00;192275,00;192560,00;3388758,00;88
WINM26;01/04/2026;11:35:00;192190,00;192695,00;192020,00;192505,00;17444687,00;453
WINM26;01/04/2026;11:30:00;192385,00;192545,00;192115,00;192125,00;18508727,00;481
WINM26;01/04/2026;11:25:00;192255,00;192380,00;192050,00;192380,00;12800516,00;333
WINM26;01/04/2026;11:20:00;192600,00;192655,00;192180,00;192250,00;27333344,00;710
WINM26;01/04/2026;11:15:00;192520,00;192625,00;192365,00;192500,00;1963333,00;51
WINM26;01/04/2026;11:10:00;192735,00;192735,00;192370,00;192520,00;13554514,00;352
WINM26;01/04/2026;11:05:00;192705,00;192930,00;192535,00;192785,00;5936729,00;154
WINM26;01/04/2026;11:00:00;192880,00;192990,00;192520,00;192665,00;20773453,00;539
WINM26;01/04/2026;10:55:00;193000,00;193155,00;192905,00;192955,00;2277483,00;59
WINM26;01/04/2026;10:50:00;193035,00;193250,00;192970,00;193195,00;6800053,00;176
WINM26;01/04/2026;10:45:00;193075,00;193160,00;192910,00;193060,00;3165658,00;82
WINM26;01/04/2026;10:40:00;193480,00;193480,00;192900,00;193130,00;6373794,00;165
WINM26;01/04/2026;10:35:00;193240,00;193635,00;193225,00;193480,00;10675946,00;276
WINM26;01/04/2026;10:30:00;193270,00;193600,00;193235,00;193360,00;3945181,00;102
WINM26;01/04/2026;10:25:00;193100,00;193435,00;193095,00;193245,00;8736707,00;226
WINM26;01/04/2026;10:20:00;193075,00;193160,00;192785,00;193090,00;18297356,00;474
WINM26;01/04/2026;10:15:00;193315,00;193315,00;192870,00;193065,00;11892302,00;308
WINM26;01/04/2026;10:10:00;193255,00;193855,00;193255,00;193320,00;22385857,00;578
WINM26;01/04/2026;10:05:00;192740,00;193295,00;192705,00;193295,00;34486369,00;894
WINM26;01/04/2026;10:00:00;193225,00;193310,00;192730,00;192755,00;5248098,00;136
WINM26;01/04/2026;09:55:00;193080,00;193265,00;193005,00;193135,00;7996453,00;207
WINM26;01/04/2026;09:50:00;193300,00;193420,00;193095,00;193100,00;4985797,00;129
WINM26;01/04/2026;09:45:00;193845,00;194045,00;193180,00;193235,00;58494993,00;1510
WINM26;01/04/2026;09:40:00;193460,00;194110,00;193370,00;193825,00;30008880,00;774
WINM26;01/04/2026;09:35:00;193695,00;193735,00;193360,00;193490,00;7700478,00;199
WINM26;01/04/2026;09:30:00;193665,00;193700,00;193525,00;193695,00;5886063,00;152
WINM26;01/04/2026;09:25:00;193570,00;193640,00;193450,00;193640,00;3677651,00;95
WINM26;01/04/2026;09:20:00;193775,00;193865,00;193400,00;193620,00;6777267,00;175
WINM26;01/04/2026;09:15:00;193360,00;193745,00;193360,00;193600,00;10144585,00;262
WINM26;01/04/2026;09:10:00;193130,00;193400,00;193100,00;193200,00;10318543,00;267
WINM26;01/04/2026;09:05:00;193485,00;193560,00;193140,00;193230,00;107128720,00;2770
WINM26;01/04/2026;09:00:00;193900,00;194300,00;193265,00;193520,00;48061068,00;1241
WINM26;31/03/2026;18:20:00;192600,00;192990,00;192585,00;192790,00;9371284,00;243
WINM26;31/03/2026;18:15:00;192575,00;192655,00;192505,00;192640,00;1001402,00;26
WINM26;31/03/2026;18:10:00;192510,00;192630,00;192490,00;192630,00;1001260,00;26
WINM26;31/03/2026;18:05:00;192485,00;192485,00;192360,00;192400,00;500246,00;13
WINM26;31/03/2026;18:00:00;192435,00;192550,00;192245,00;192445,00;3463329,00;90
WINM26;31/03/2026;17:55:00;192720,00;192725,00;192440,00;192510,00;2117680,00;55
WINM26;31/03/2026;17:50:00;192575,00;192810,00;192540,00;192680,00;43617950,00;1132
WINM26;31/03/2026;17:45:00;192515,00;192515,00;192450,00;192450,00;346471,00;9
WINM26;31/03/2026;17:40:00;192515,00;192525,00;192475,00;192525,00;346492,00;9
WINM26;31/03/2026;17:35:00;192575,00;192615,00;192555,00;192615,00;731859,00;19
WINM26;31/03/2026;17:30:00;192515,00;192550,00;192440,00;192530,00;577470,00;15
WINM26;31/03/2026;17:25:00;192580,00;192590,00;192500,00;192570,00;1270627,00;33
WINM26;31/03/2026;17:20:00;192585,00;192660,00;192450,00;192595,00;4313703,00;112
WINM26;31/03/2026;17:15:00;192495,00;192625,00;192495,00;192530,00;2811540,00;73
WINM26;31/03/2026;17:10:00;192440,00;192550,00;192440,00;192500,00;2040447,00;53
WINM26;31/03/2026;17:05:00;192415,00;192430,00;192325,00;192410,00;307839,00;8
WINM26;31/03/2026;17:00:00;192540,00;192575,00;192300,00;192300,00;3426455,00;89
WINM26;31/03/2026;16:55:00;192400,00;192560,00;192295,00;192500,00;5773900,00;150
WINM26;31/03/2026;16:50:00;192355,00;192460,00;192175,00;192265,00;2231209,00;58
WINM26;31/03/2026;16:45:00;192175,00;192365,00;192130,00;192260,00;2884059,00;75
WINM26;31/03/2026;16:40:00;192170,00;192180,00;192050,00;192145,00;6723922,00;175
WINM26;31/03/2026;16:35:00;192150,00;192265,00;192150,00;192210,00;1845090,00;48
WINM26;31/03/2026;16:30:00;192035,00;192285,00;192035,00;192230,00;6034433,00;157
WINM26;31/03/2026;16:25:00;191920,00;192095,00;191890,00;192035,00;3840100,00;100
WINM26;31/03/2026;16:20:00;191915,00;191915,00;191775,00;191775,00;1150905,00;30
WINM26;31/03/2026;16:15:00;192130,00;192185,00;191825,00;191825,00;2764188,00;72
WINM26;31/03/2026;16:10:00;192085,00;192250,00;192060,00;192130,00;3920421,00;102
WINM26;31/03/2026;16:05:00;192270,00;192300,00;191970,00;192070,00;188739085,00;4910
WINM26;31/03/2026;16:00:00;192095,00;192275,00;192095,00;192175,00;422857,00;11
WINM26;31/03/2026;15:55:00;192110,00;192140,00;192085,00;192125,00;1344776,00;35
WINM26;31/03/2026;15:50:00;192155,00;192255,00;192070,00;192080,00;1306793,00;34
WINM26;31/03/2026;15:45:00;192235,00;192400,00;192030,00;192065,00;7074165,00;184
WINM26;31/03/2026;15:40:00;192085,00;192235,00;192085,00;192235,00;1037641,00;27
WINM26;31/03/2026;15:35:00;191850,00;192260,00;191835,00;192125,00;4380077,00;114
WINM26;31/03/2026;15:30:00;192100,00;192100,00;191860,00;191860,00;2188114,00;57
WINM26;31/03/2026;15:25:00;192040,00;192265,00;192000,00;192135,00;1959189,00;51
WINM26;31/03/2026;15:20:00;192270,00;192305,00;192040,00;192040,00;3306606,00;86
WINM26;31/03/2026;15:15:00;192255,00;192435,00;192255,00;192300,00;4385411,00;114
WINM26;31/03/2026;15:10:00;192205,00;192230,00;192080,00;192170,00;1883228,00;49
WINM26;31/03/2026;15:05:00;192000,00;192300,00;191950,00;192225,00;7839312,00;204
WINM26;31/03/2026;15:00:00;191685,00;192010,00;191685,00;192005,00;1611894,00;42
WINM26;31/03/2026;14:55:00;191830,00;191830,00;191595,00;191615,00;1418300,00;37
WINM26;31/03/2026;14:50:00;191875,00;191975,00;191780,00;191780,00;805728,00;21
WINM26;31/03/2026;14:45:00;191890,00;192000,00;191800,00;191800,00;460483,00;12
WINM26;31/03/2026;14:40:00;191950,00;192050,00;191830,00;191955,00;691068,00;18
WINM26;31/03/2026;14:35:00;192000,00;192085,00;191695,00;191930,00;3838016,00;100
WINM26;31/03/2026;14:30:00;191700,00;192000,00;191595,00;192000,00;1227454,00;32
WINM26;31/03/2026;14:25:00;191725,00;191755,00;191550,00;191550,00;1916889,00;50
WINM26;31/03/2026;14:20:00;192100,00;192100,00;191750,00;191750,00;4568872,00;119
WINM26;31/03/2026;14:15:00;192150,00;192335,00;192015,00;192140,00;4690612,00;122
WINM26;31/03/2026;14:10:00;191970,00;192260,00;191850,00;192195,00;4379103,00;114
WINM26;31/03/2026;14:05:00;192125,00;192175,00;191840,00;191910,00;7524873,00;196
WINM26;31/03/2026;14:00:00;191795,00;192290,00;191795,00;192185,00;9182594,00;239
WINM26;31/03/2026;13:55:00;191810,00;191850,00;191510,00;191735,00;1725404,00;45
WINM26;31/03/2026;13:50:00;191600,00;191935,00;191450,00;191730,00;6019695,00;157
WINM26;31/03/2026;13:45:00;191600,00;191850,00;191220,00;191630,00;45311731,00;1184
WINM26;31/03/2026;13:40:00;191330,00;192200,00;191320,00;191760,00;42462189,00;1107
WINM26;31/03/2026;13:35:00;190575,00;191325,00;190575,00;191325,00;25499093,00;668
WINM26;31/03/2026;13:30:00;190400,00;190600,00;190350,00;190575,00;761880,00;20
WINM26;31/03/2026;13:25:00;190550,00;190635,00;190450,00;190500,00;1600470,00;42
WINM26;31/03/2026;13:20:00;190325,00;190555,00;190200,00;190555,00;3732380,00;98
WINM26;31/03/2026;13:15:00;190260,00;190400,00;190200,00;190200,00;1902850,00;50
WINM26;31/03/2026;13:10:00;190195,00;190205,00;189935,00;190200,00;1330616,00;35
WINM26;31/03/2026;13:05:00;190295,00;190405,00;190200,00;190200,00;875529,00;23
WINM26;31/03/2026;13:00:00;189995,00;190420,00;189995,00;190295,00;1750520,00;46
WINM26;31/03/2026;12:55:00;190175,00;190175,00;189945,00;190040,00;2204146,00;58
WINM26;31/03/2026;12:50:00;190355,00;190520,00;190125,00;190125,00;3122140,00;82
WINM26;31/03/2026;12:45:00;189980,00;190420,00;189890,00;190410,00;2169489,00;57
WINM26;31/03/2026;12:40:00;190165,00;190165,00;189940,00;189940,00;1520213,00;40
WINM26;31/03/2026;12:35:00;190090,00;190275,00;190060,00;190245,00;1711459,00;45
WINM26;31/03/2026;12:30:00;189760,00;190000,00;189700,00;190000,00;1518509,00;40
WINM26;31/03/2026;12:25:00;190050,00;190205,00;189745,00;189810,00;3496281,00;92
WINM26;31/03/2026;12:20:00;190160,00;190160,00;189840,00;190110,00;6270641,00;165
WINM26;31/03/2026;12:15:00;190140,00;190330,00;190105,00;190180,00;1103289,00;29
WINM26;31/03/2026;12:10:00;190150,00;190315,00;190080,00;190265,00;2282361,00;60
WINM26;31/03/2026;12:05:00;189885,00;190265,00;189865,00;190085,00;3230996,00;85
WINM26;31/03/2026;12:00:00;189350,00;190020,00;189350,00;190005,00;8420702,00;222
WINM26;31/03/2026;11:55:00;189460,00;189485,00;189220,00;189325,00;6060857,00;160
WINM26;31/03/2026;11:50:00;189545,00;189695,00;189245,00;189505,00;2803354,00;74
WINM26;31/03/2026;11:45:00;189695,00;189895,00;189385,00;189490,00;6332884,00;167
WINM26;31/03/2026;11:40:00;190025,00;190200,00;189520,00;189590,00;15861401,00;418
WINM26;31/03/2026;11:35:00;190600,00;190600,00;189930,00;189950,00;21289226,00;560
WINM26;31/03/2026;11:30:00;190430,00;190845,00;190430,00;190625,00;5948020,00;156
WINM26;31/03/2026;11:25:00;190580,00;190580,00;190270,00;190295,00;2665192,00;70
WINM26;31/03/2026;11:20:00;190670,00;190670,00;190420,00;190625,00;4344424,00;114
WINM26;31/03/2026;11:15:00;190925,00;190990,00;190685,00;190725,00;5457176,00;143
WINM26;31/03/2026;11:10:00;191175,00;191320,00;190900,00;190930,00;7759427,00;203
WINM26;31/03/2026;11:05:00;191130,00;191210,00;191000,00;191155,00;5235115,00;137
WINM26;31/03/2026;11:00:00;191010,00;191275,00;190945,00;191155,00;5351776,00;140
WINM26;31/03/2026;10:55:00;191165,00;191215,00;190825,00;190985,00;8098761,00;212
WINM26;31/03/2026;10:50:00;190750,00;191265,00;190750,00;191235,00;11543827,00;302
WINM26;31/03/2026;10:45:00;190330,00;190710,00;190330,00;190650,00;10553413,00;277
WINM26;31/03/2026;10:40:00;190125,00;190655,00;190125,00;190270,00;14433351,00;379
WINM26;31/03/2026;10:35:00;190035,00;190180,00;189780,00;190180,00;5472543,00;144
WINM26;31/03/2026;10:30:00;190320,00;190385,00;189940,00;190095,00;4486621,00;118
WINM26;31/03/2026;10:25:00;190405,00;190565,00;190150,00;190255,00;4643635,00;122
WINM26;31/03/2026;10:20:00;191140,00;191185,00;190300,00;190405,00;10408523,00;273
WINM26;31/03/2026;10:15:00;190670,00;191270,00;190670,00;191180,00;9363477,00;245
WINM26;31/03/2026;10:10:00;190300,00;190835,00;190300,00;190615,00;6863241,00;180
WINM26;31/03/2026;10:05:00;189950,00;190340,00;189850,00;190340,00;9617304,00;253
WINM26;31/03/2026;10:00:00;190430,00;190500,00;189930,00;189975,00;8751952,00;230
WINM26;31/03/2026;09:55:00;190605,00;190630,00;190245,00;190315,00;4569458,00;120
WINM26;31/03/2026;09:50:00;190525,00;190745,00;190475,00;190555,00;4194550,00;110
WINM26;31/03/2026;09:45:00;190860,00;190870,00;190475,00;190535,00;4538650,00;119
WINM26;31/03/2026;09:40:00;190745,00;190885,00;190570,00;190870,00;4540101,00;119
WINM26;31/03/2026;09:35:00;190735,00;190815,00;190645,00;190745,00;2517861,00;66
WINM26;31/03/2026;09:30:00;190510,00;190715,00;190390,00;190675,00;4078080,00;107
WINM26;31/03/2026;09:25:00;190160,00;190620,00;190160,00;190510,00;5673950,00;149
WINM26;31/03/2026;09:20:00;190080,00;190370,00;190025,00;190100,00;6960469,00;183
WINM26;31/03/2026;09:15:00;189685,00;190275,00;189440,00;190120,00;10445611,00;275
WINM26;31/03/2026;09:10:00;189980,00;190050,00;189600,00;189685,00;4326520,00;114
WINM26;31/03/2026;09:05:00;189985,00;190155,00;189610,00;190050,00;11546867,00;304
WINM26;31/03/2026;09:00:00;188800,00;190050,00;188785,00;189890,00;9363224,00;247
WINM26;30/03/2026;18:20:00;187145,00;187215,00;187125,00;187125,00;1385036,00;37
WINM26;30/03/2026;18:15:00;187295,00;187335,00;187155,00;187235,00;2508921,00;67
WINM26;30/03/2026;18:10:00;187425,00;187425,00;187290,00;187290,00;2173274,00;58
WINM26;30/03/2026;18:05:00;187480,00;187495,00;187450,00;187450,00;749912,00;20
WINM26;30/03/2026;18:00:00;187410,00;187525,00;187385,00;187520,00;712210,00;19
WINM26;30/03/2026;17:55:00;187505,00;187520,00;187460,00;187520,00;412456,00;11
WINM26;30/03/2026;17:50:00;187440,00;187540,00;187440,00;187490,00;675009,00;18
WINM26;30/03/2026;17:45:00;187380,00;187460,00;187335,00;187390,00;3260310,00;87
WINM26;30/03/2026;17:40:00;187280,00;187370,00;187265,00;187370,00;786751,00;21
WINM26;30/03/2026;17:35:00;187310,00;187370,00;187285,00;187285,00;636890,00;17
WINM26;30/03/2026;17:30:00;187420,00;187420,00;187260,00;187270,00;1198908,00;32
WINM26;30/03/2026;17:25:00;187545,00;187545,00;187460,00;187495,00;337517,00;9
WINM26;30/03/2026;17:20:00;187520,00;187580,00;187485,00;187580,00;712633,00;19
WINM26;30/03/2026;17:15:00;187450,00;187520,00;187445,00;187480,00;1462226,00;39
WINM26;30/03/2026;17:10:00;187415,00;187675,00;187390,00;187390,00;5251292,00;140
WINM26;30/03/2026;17:05:00;187305,00;187420,00;187305,00;187365,00;1536486,00;41
WINM26;30/03/2026;17:00:00;187490,00;187490,00;187190,00;187280,00;1798307,00;48
WINM26;30/03/2026;16:55:00;187525,00;187550,00;187365,00;187505,00;2811759,00;75
WINM26;30/03/2026;16:50:00;187235,00;187490,00;187235,00;187435,00;1724342,00;46
WINM26;30/03/2026;16:45:00;187315,00;187330,00;187225,00;187265,00;1385755,00;37
WINM26;30/03/2026;16:40:00;187150,00;187375,00;187120,00;187320,00;1797819,00;48
WINM26;30/03/2026;16:35:00;187070,00;187305,00;187070,00;187135,00;3594039,00;96
WINM26;30/03/2026;16:30:00;186955,00;187065,00;186920,00;187065,00;1421076,00;38
WINM26;30/03/2026;16:25:00;186840,00;186895,00;186690,00;186895,00;1680943,00;45
WINM26;30/03/2026;16:20:00;186885,00;186975,00;186870,00;186870,00;672941,00;18
WINM26;30/03/2026;16:15:00;186920,00;187005,00;186850,00;186990,00;2505140,00;67
WINM26;30/03/2026;16:10:00;186960,00;186960,00;186730,00;186810,00;3923316,00;105
WINM26;30/03/2026;16:05:00;187160,00;187190,00;186960,00;186960,00;1832857,00;49
WINM26;30/03/2026;16:00:00;187155,00;187340,00;187155,00;187315,00;1235836,00;33
WINM26;30/03/2026;15:55:00;187135,00;187180,00;187025,00;187160,00;785820,00;21
WINM26;30/03/2026;15:50:00;187285,00;187285,00;187085,00;187110,00;1459827,00;39
WINM26;30/03/2026;15:45:00;187310,00;187400,00;187290,00;187360,00;2622543,00;70
WINM26;30/03/2026;15:40:00;187250,00;187320,00;187180,00;187305,00;1422991,00;38
WINM26;30/03/2026;15:35:00;187440,00;187490,00;187205,00;187225,00;3972204,00;106
WINM26;30/03/2026;15:30:00;187395,00;187470,00;187380,00;187380,00;749680,00;20
WINM26;30/03/2026;15:25:00;187465,00;187510,00;187330,00;187385,00;2173955,00;58
WINM26;30/03/2026;15:20:00;187665,00;187750,00;187450,00;187450,00;2101689,00;56
WINM26;30/03/2026;15:15:00;187520,00;187715,00;187505,00;187715,00;3713176,00;99
WINM26;30/03/2026;15:10:00;187495,00;187535,00;187375,00;187510,00;1799522,00;48
WINM26;30/03/2026;15:05:00;187605,00;187700,00;187490,00;187530,00;1050412,00;28
WINM26;30/03/2026;15:00:00;187555,00;187665,00;187550,00;187615,00;4465595,00;119
WINM26;30/03/2026;14:55:00;187615,00;187635,00;187500,00;187595,00;14630228,00;390
WINM26;30/03/2026;14:50:00;187785,00;187880,00;187680,00;187705,00;8187012,00;218
WINM26;30/03/2026;14:45:00;187715,00;188010,00;187710,00;187785,00;9468713,00;252
WINM26;30/03/2026;14:40:00;187615,00;187800,00;187560,00;187775,00;4205899,00;112
WINM26;30/03/2026;14:35:00;187350,00;187625,00;187255,00;187625,00;12748462,00;340
WINM26;30/03/2026;14:30:00;187610,00;187700,00;187280,00;187325,00;7982635,00;213
WINM26;30/03/2026;14:25:00;187580,00;187740,00;187515,00;187580,00;1088216,00;29
WINM26;30/03/2026;14:20:00;187770,00;187820,00;187525,00;187635,00;10477201,00;279
WINM26;30/03/2026;14:15:00;188075,00;188075,00;187770,00;187840,00;2517750,00;67
WINM26;30/03/2026;14:10:00;188475,00;188485,00;188025,00;188070,00;3913912,00;104
WINM26;30/03/2026;14:05:00;188300,00;188470,00;188295,00;188465,00;904514,00;24
WINM26;30/03/2026;14:00:00;188350,00;188440,00;188280,00;188335,00;941958,00;25
WINM26;30/03/2026;13:55:00;188325,00;188325,00;188190,00;188295,00;1581199,00;42
WINM26;30/03/2026;13:50:00;188355,00;188420,00;188325,00;188350,00;452079,00;12
WINM26;30/03/2026;13:45:00;188425,00;188485,00;188390,00;188390,00;640705,00;17
WINM26;30/03/2026;13:40:00;188515,00;188580,00;188400,00;188410,00;1432290,00;38
WINM26;30/03/2026;13:35:00;188310,00;188595,00;188295,00;188595,00;2976846,00;79
WINM26;30/03/2026;13:30:00;188435,00;188625,00;188320,00;188320,00;3468074,00;92
WINM26;30/03/2026;13:25:00;188710,00;188710,00;188405,00;188405,00;3318415,00;88
WINM26;30/03/2026;13:20:00;188755,00;188810,00;188655,00;188720,00;2981602,00;79
WINM26;30/03/2026;13:15:00;188780,00;188895,00;188695,00;188730,00;1094630,00;29
WINM26;30/03/2026;13:10:00;188800,00;188920,00;188790,00;188860,00;868755,00;23
WINM26;30/03/2026;13:05:00;188860,00;189035,00;188815,00;188840,00;1662434,00;44
WINM26;30/03/2026;13:00:00;189085,00;189085,00;188830,00;188890,00;2305287,00;61
WINM26;30/03/2026;12:55:00;189145,00;189145,00;189025,00;189075,00;680652,00;18
WINM26;30/03/2026;12:50:00;189155,00;189335,00;189145,00;189200,00;2346841,00;62
WINM26;30/03/2026;12:45:00;189255,00;189255,00;189115,00;189225,00;945968,00;25
WINM26;30/03/2026;12:40:00;189040,00;189285,00;189040,00;189260,00;13244765,00;350
WINM26;30/03/2026;12:35:00;189050,00;189130,00;188950,00;189040,00;2419427,00;64
WINM26;30/03/2026;12:30:00;188660,00;189005,00;188645,00;188975,00;2531153,00;67
WINM26;30/03/2026;12:25:00;188710,00;188855,00;188700,00;188720,00;1811787,00;48
WINM26;30/03/2026;12:20:00;188645,00;188710,00;188570,00;188685,00;1886512,00;50
WINM26;30/03/2026;12:15:00;188570,00;188695,00;188440,00;188650,00;1998941,00;53
WINM26;30/03/2026;12:10:00;188730,00;188820,00;188570,00;188570,00;2151526,00;57
WINM26;30/03/2026;12:05:00;189175,00;189210,00;188670,00;188695,00;4683788,00;124
WINM26;30/03/2026;12:00:00;188895,00;189250,00;188880,00;189200,00;10549679,00;279
WINM26;30/03/2026;11:55:00;188500,00;188980,00;188500,00;188935,00;2907345,00;77
WINM26;30/03/2026;11:50:00;188165,00;188540,00;188165,00;188445,00;4445962,00;118
WINM26;30/03/2026;11:45:00;187805,00;188460,00;187785,00;188305,00;6209601,00;165
WINM26;30/03/2026;11:40:00;188205,00;188285,00;187775,00;187810,00;5338042,00;142
WINM26;30/03/2026;11:35:00;188145,00;188290,00;187890,00;188125,00;6356633,00;169
WINM26;30/03/2026;11:30:00;187770,00;188125,00;187770,00;188050,00;3382271,00;90
WINM26;30/03/2026;11:25:00;187875,00;187875,00;187535,00;187670,00;3715990,00;99
WINM26;30/03/2026;11:20:00;187805,00;187900,00;187755,00;187900,00;3155446,00;84
WINM26;30/03/2026;11:15:00;188025,00;188025,00;187675,00;187825,00;2442656,00;65
WINM26;30/03/2026;11:10:00;187880,00;188215,00;187835,00;188025,00;8725325,00;232
WINM26;30/03/2026;11:05:00;188025,00;188075,00;187700,00;187840,00;12095932,00;322
WINM26;30/03/2026;11:00:00;187520,00;188150,00;187505,00;188015,00;6612693,00;176
WINM26;30/03/2026;10:55:00;187760,00;187760,00;187245,00;187470,00;39670434,00;1057
WINM26;30/03/2026;10:50:00;188240,00;188240,00;187730,00;187730,00;28732021,00;764
WINM26;30/03/2026;10:45:00;188540,00;188600,00;188200,00;188300,00;56479275,00;1498
WINM26;30/03/2026;10:40:00;188650,00;188650,00;188350,00;188615,00;8632811,00;229
WINM26;30/03/2026;10:35:00;188615,00;188710,00;188290,00;188690,00;18364632,00;487
WINM26;30/03/2026;10:30:00;188145,00;188820,00;188100,00;188585,00;26589120,00;705
WINM26;30/03/2026;10:25:00;188485,00;188580,00;188110,00;188170,00;4332894,00;115
WINM26;30/03/2026;10:20:00;188190,00;188525,00;187955,00;188525,00;6699785,00;178
WINM26;30/03/2026;10:15:00;188310,00;188315,00;188160,00;188160,00;3916192,00;104
WINM26;30/03/2026;10:10:00;188000,00;188340,00;187930,00;188240,00;8394581,00;223
WINM26;30/03/2026;10:05:00;188335,00;188430,00;187945,00;187980,00;17760304,00;472
WINM26;30/03/2026;10:00:00;188045,00;188550,00;188045,00;188350,00;8478578,00;225
WINM26;30/03/2026;09:55:00;187960,00;188000,00;187865,00;187990,00;3044229,00;81
WINM26;30/03/2026;09:50:00;187850,00;187970,00;187780,00;187945,00;2217594,00;59
WINM26;30/03/2026;09:45:00;188075,00;188075,00;187790,00;187870,00;3945799,00;105
WINM26;30/03/2026;09:40:00;187940,00;188100,00;187870,00;188030,00;2218075,00;59
WINM26;30/03/2026;09:35:00;187660,00;188000,00;187640,00;188000,00;4657656,00;124
WINM26;30/03/2026;09:30:00;187505,00;187695,00;187505,00;187650,00;3827704,00;102
WINM26;30/03/2026;09:25:00;187365,00;187500,00;187365,00;187430,00;2174674,00;58
WINM26;30/03/2026;09:20:00;187215,00;187450,00;187150,00;187385,00;11309196,00;302
WINM26;30/03/2026;09:15:00;186700,00;187285,00;186700,00;187215,00;10916407,00;292
WINM26;30/03/2026;09:10:00;186535,00;186750,00;186475,00;186665,00;2389047,00;64
WINM26;30/03/2026;09:05:00;185980,00;186675,00;185820,00;186600,00;6336683,00;170
WINM26;30/03/2026;09:00:00;186700,00;186800,00;185980,00;186100,00;16488692,00;442
WINM26;27/03/2026;18:20:00;185975,00;186130,00;185885,00;185885,00;2492166,00;67
WINM26;27/03/2026;18:15:00;186030,00;186065,00;185940,00;185940,00;1078685,00;29
WINM26;27/03/2026;18:10:00;186000,00;186130,00;186000,00;186105,00;409339,00;11
WINM26;27/03/2026;18:05:00;186130,00;186130,00;186055,00;186100,00;1265449,00;34
WINM26;27/03/2026;18:00:00;186190,00;186250,00;186190,00;186250,00;111737,00;3
WINM26;27/03/2026;17:55:00;186185,00;186215,00;186185,00;186215,00;186195,00;5
WINM26;27/03/2026;17:50:00;186185,00;186185,00;186180,00;186180,00;74473,00;2
WINM26;27/03/2026;17:45:00;186205,00;186205,00;186135,00;186135,00;111695,00;3
WINM26;27/03/2026;17:35:00;186045,00;186115,00;186045,00;186115,00;186090,00;5
WINM26;27/03/2026;17:30:00;186345,00;186360,00;186105,00;186125,00;335239,00;9
WINM26;27/03/2026;17:25:00;186305,00;186335,00;186250,00;186335,00;745294,00;20
WINM26;27/03/2026;17:20:00;186000,00;186250,00;185945,00;186250,00;744277,00;20
WINM26;27/03/2026;17:15:00;186240,00;186310,00;186240,00;186275,00;223520,00;6
WINM26;27/03/2026;17:10:00;186340,00;186340,00;186195,00;186195,00;521499,00;14
WINM26;27/03/2026;17:05:00;186400,00;186475,00;186330,00;186475,00;9058862,00;243
WINM26;27/03/2026;17:00:00;186290,00;186645,00;186165,00;186420,00;11109836,00;298
WINM26;27/03/2026;16:55:00;186200,00;186345,00;186200,00;186345,00;894190,00;24
WINM26;27/03/2026;16:50:00;186025,00;186165,00;185915,00;186165,00;1897843,00;51
WINM26;27/03/2026;16:45:00;186065,00;186065,00;185890,00;186040,00;2120365,00;57
WINM26;27/03/2026;16:40:00;186270,00;186270,00;186030,00;186110,00;1489115,00;40
WINM26;27/03/2026;16:35:00;186400,00;186425,00;186310,00;186365,00;559138,00;15
WINM26;27/03/2026;16:30:00;186355,00;186385,00;186265,00;186385,00;335409,00;9
WINM26;27/03/2026;16:25:00;186285,00;186330,00;186285,00;186330,00;260841,00;7
WINM26;27/03/2026;16:20:00;186280,00;186280,00;186170,00;186170,00;521468,00;14
WINM26;27/03/2026;16:15:00;186175,00;186395,00;186175,00;186395,00;819634,00;22
WINM26;27/03/2026;16:10:00;186110,00;186150,00;186075,00;186150,00;297805,00;8
WINM26;27/03/2026;16:05:00;186125,00;186125,00;186060,00;186080,00;409420,00;11
WINM26;27/03/2026;16:00:00;186360,00;186450,00;186150,00;186165,00;968433,00;26
WINM26;27/03/2026;15:55:00;186400,00;186400,00;186380,00;186380,00;596420,00;16
WINM26;27/03/2026;15:50:00;186300,00;186430,00;186290,00;186430,00;149062,00;4
WINM26;27/03/2026;15:45:00;186440,00;186495,00;186435,00;186435,00;522098,00;14
WINM26;27/03/2026;15:40:00;186500,00;186505,00;186400,00;186400,00;1678301,00;45
WINM26;27/03/2026;15:35:00;186300,00;186420,00;186300,00;186395,00;559137,00;15
WINM26;27/03/2026;15:30:00;186260,00;186260,00;186205,00;186205,00;74493,00;2
WINM26;27/03/2026;15:25:00;186225,00;186225,00;186170,00;186170,00;409665,00;11
WINM26;27/03/2026;15:20:00;186160,00;186215,00;186090,00;186215,00;521175,00;14
WINM26;27/03/2026;15:15:00;186250,00;186300,00;186115,00;186255,00;2718469,00;73
WINM26;27/03/2026;15:10:00;186310,00;186385,00;186170,00;186215,00;2942705,00;79
WINM26;27/03/2026;15:05:00;186400,00;186420,00;186310,00;186350,00;1639939,00;44
WINM26;27/03/2026;15:00:00;186450,00;186450,00;186450,00;186450,00;37290,00;1
WINM26;27/03/2026;14:55:00;186640,00;186640,00;186410,00;186475,00;1864635,00;50
WINM26;27/03/2026;14:50:00;186565,00;186605,00;186565,00;186605,00;223906,00;6
WINM26;27/03/2026;14:40:00;186735,00;186735,00;186500,00;186570,00;1828144,00;49
WINM26;27/03/2026;14:35:00;186620,00;186745,00;186620,00;186680,00;2351805,00;63
WINM26;27/03/2026;14:30:00;186685,00;186695,00;186620,00;186620,00;447963,00;12
WINM26;27/03/2026;14:25:00;186820,00;186820,00;186545,00;186645,00;3695624,00;99
WINM26;27/03/2026;14:20:00;186750,00;186885,00;186750,00;186830,00;1046194,00;28
WINM26;27/03/2026;14:15:00;186825,00;186885,00;186800,00;186830,00;971500,00;26
WINM26;27/03/2026;14:10:00;186815,00;186950,00;186800,00;186890,00;784930,00;21
WINM26;27/03/2026;14:05:00;186940,00;187300,00;186750,00;186955,00;2879882,00;77
WINM26;27/03/2026;14:00:00;187260,00;187260,00;186805,00;186925,00;4900942,00;131
WINM26;27/03/2026;13:55:00;187390,00;187390,00;187300,00;187330,00;112404,00;3
WINM26;27/03/2026;13:50:00;187585,00;187595,00;187370,00;187420,00;1874059,00;50
WINM26;27/03/2026;13:45:00;187300,00;187600,00;187300,00;187600,00;1162253,00;31
WINM26;27/03/2026;13:40:00;187250,00;187325,00;187115,00;187255,00;1460498,00;39
WINM26;27/03/2026;13:35:00;187400,00;187490,00;187275,00;187275,00;524781,00;14
WINM26;27/03/2026;13:30:00;187500,00;187500,00;187420,00;187420,00;412388,00;11
WINM26;27/03/2026;13:25:00;187450,00;187450,00;187235,00;187410,00;1273842,00;34
WINM26;27/03/2026;13:20:00;187510,00;187510,00;187490,00;187490,00;375012,00;10
WINM26;27/03/2026;13:15:00;187550,00;187550,00;187385,00;187485,00;1799706,00;48
WINM26;27/03/2026;13:10:00;187685,00;187685,00;187530,00;187655,00;1838573,00;49
WINM26;27/03/2026;13:05:00;187725,00;187790,00;187690,00;187790,00;375454,00;10
WINM26;27/03/2026;13:00:00;187705,00;187835,00;187610,00;187835,00;1951904,00;52
WINM26;27/03/2026;12:55:00;187760,00;187800,00;187700,00;187700,00;863676,00;23
WINM26;27/03/2026;12:50:00;187975,00;187975,00;187800,00;187860,00;1127252,00;30
WINM26;27/03/2026;12:45:00;188115,00;188135,00;187975,00;188015,00;601838,00;16
WINM26;27/03/2026;12:40:00;188135,00;188135,00;187985,00;187995,00;1917761,00;51
WINM26;27/03/2026;12:35:00;188150,00;188315,00;188050,00;188050,00;1956947,00;52
WINM26;27/03/2026;12:30:00;188000,00;188250,00;188000,00;188220,00;1430153,00;38
WINM26;27/03/2026;12:25:00;188050,00;188090,00;187850,00;188005,00;11052165,00;294
WINM26;27/03/2026;12:20:00;187715,00;188375,00;187650,00;188000,00;14936373,00;397
WINM26;27/03/2026;12:15:00;187845,00;187920,00;187670,00;187710,00;7624330,00;203
WINM26;27/03/2026;12:10:00;188265,00;188265,00;187810,00;187865,00;6652409,00;177
WINM26;27/03/2026;12:05:00;188110,00;188485,00;188070,00;188215,00;16263663,00;432
WINM26;27/03/2026;12:00:00;187790,00;188150,00;187700,00;188070,00;8607008,00;229
WINM26;27/03/2026;11:55:00;187470,00;187760,00;187470,00;187760,00;525453,00;14
WINM26;27/03/2026;11:50:00;187555,00;187800,00;187375,00;187440,00;3339440,00;89
WINM26;27/03/2026;11:45:00;187050,00;187550,00;187050,00;187530,00;3745675,00;100
WINM26;27/03/2026;11:40:00;186880,00;186900,00;186850,00;186885,00;635404,00;17
WINM26;27/03/2026;11:35:00;186895,00;187080,00;186895,00;186910,00;149575,00;4
WINM26;27/03/2026;11:30:00;187005,00;187050,00;186850,00;187050,00;486060,00;13
WINM26;27/03/2026;11:25:00;187335,00;187340,00;187000,00;187080,00;1908415,00;51
WINM26;27/03/2026;11:20:00;187275,00;187450,00;187025,00;187165,00;2846961,00;76
WINM26;27/03/2026;11:15:00;186930,00;187250,00;186830,00;187250,00;1571883,00;42
WINM26;27/03/2026;11:10:00;186810,00;186990,00;186675,00;186990,00;934058,00;25
WINM26;27/03/2026;11:05:00;187100,00;187130,00;186900,00;186900,00;1159642,00;31
WINM26;27/03/2026;11:00:00;186650,00;187100,00;186650,00;187030,00;3364067,00;90
WINM26;27/03/2026;10:55:00;186515,00;186750,00;186435,00;186740,00;2015098,00;54
WINM26;27/03/2026;10:50:00;187060,00;187060,00;186515,00;186580,00;3847356,00;103
WINM26;27/03/2026;10:45:00;186900,00;187350,00;186880,00;187075,00;6438472,00;172
WINM26;27/03/2026;10:40:00;186700,00;186950,00;186435,00;186925,00;2427184,00;65
WINM26;27/03/2026;10:35:00;186375,00;186810,00;186200,00;186760,00;4849593,00;130
WINM26;27/03/2026;10:30:00;186400,00;186595,00;186260,00;186385,00;4027558,00;108
WINM26;27/03/2026;10:25:00;186265,00;186470,00;186100,00;186415,00;3874337,00;104
WINM26;27/03/2026;10:20:00;186260,00;186455,00;186155,00;186300,00;2943554,00;79
WINM26;27/03/2026;10:15:00;186325,00;186610,00;186200,00;186280,00;8574091,00;230
WINM26;27/03/2026;10:10:00;186365,00;186500,00;186340,00;186355,00;3019963,00;81
WINM26;27/03/2026;10:05:00;186595,00;186725,00;186300,00;186325,00;3506533,00;94
WINM26;27/03/2026;10:00:00;187060,00;187070,00;186470,00;186645,00;5339569,00;143
WINM26;27/03/2026;09:55:00;186875,00;187230,00;186700,00;187205,00;3252837,00;87
WINM26;27/03/2026;09:50:00;187085,00;187090,00;186845,00;186875,00;1383540,00;37
WINM26;27/03/2026;09:45:00;187090,00;187320,00;187050,00;187065,00;1235197,00;33
WINM26;27/03/2026;09:40:00;187175,00;187330,00;187035,00;187035,00;1497465,00;40
WINM26;27/03/2026;09:35:00;187280,00;187280,00;186980,00;187115,00;2020919,00;54
WINM26;27/03/2026;09:30:00;187050,00;187300,00;186935,00;187250,00;6211126,00;166
WINM26;27/03/2026;09:25:00;187005,00;187060,00;186895,00;187060,00;6544600,00;175
WINM26;27/03/2026;09:20:00;187255,00;187295,00;186845,00;186990,00;15118225,00;404
WINM26;27/03/2026;09:15:00;186720,00;187375,00;186720,00;187280,00;20657906,00;552
WINM26;27/03/2026;09:10:00;186800,00;186850,00;186530,00;186675,00;13329559,00;357
WINM26;27/03/2026;09:05:00;186815,00;186955,00;186665,00;186785,00;18194601,00;487
WINM26;27/03/2026;09:00:00;187270,00;187615,00;186780,00;186800,00;8422469,00;225
WINM26;26/03/2026;18:20:00;188200,00;188200,00;188055,00;188055,00;677266,00;18
WINM26;26/03/2026;18:15:00;188030,00;188200,00;188015,00;188200,00;376185,00;10
WINM26;26/03/2026;18:10:00;188250,00;188250,00;188050,00;188050,00;2596337,00;69
WINM26;26/03/2026;18:05:00;188215,00;188280,00;188190,00;188215,00;752942,00;20
WINM26;26/03/2026;18:00:00;188130,00;188220,00;188120,00;188195,00;564555,00;15
WINM26;26/03/2026;17:55:00;188285,00;188290,00;187895,00;188120,00;3347886,00;89
WINM26;26/03/2026;17:50:00;188255,00;188315,00;188200,00;188200,00;1091755,00;29
WINM26;26/03/2026;17:45:00;188420,00;188420,00;188265,00;188290,00;1016875,00;27
WINM26;26/03/2026;17:40:00;188435,00;188485,00;188420,00;188420,00;1168363,00;31
WINM26;26/03/2026;17:35:00;188335,00;188515,00;188335,00;188395,00;1658130,00;44
WINM26;26/03/2026;17:30:00;188305,00;188335,00;188185,00;188250,00;3199925,00;85
WINM26;26/03/2026;17:25:00;188360,00;188360,00;187995,00;188295,00;7526831,00;200
WINM26;26/03/2026;17:20:00;188395,00;188450,00;188210,00;188260,00;2184805,00;58
WINM26;26/03/2026;17:15:00;188500,00;188600,00;188200,00;188330,00;3466975,00;92
WINM26;26/03/2026;17:10:00;187815,00;189690,00;187795,00;188420,00;43035357,00;1139
WINM26;26/03/2026;17:05:00;187660,00;187760,00;187660,00;187735,00;337888,00;9
WINM26;26/03/2026;17:00:00;187600,00;187815,00;187600,00;187765,00;638266,00;17
WINM26;26/03/2026;16:55:00;187780,00;187865,00;187600,00;187605,00;3641517,00;97
WINM26;26/03/2026;16:50:00;187815,00;187905,00;187720,00;187720,00;4545099,00;121
WINM26;26/03/2026;16:45:00;187650,00;187805,00;187610,00;187780,00;1914207,00;51
WINM26;26/03/2026;16:40:00;187795,00;187835,00;187700,00;187700,00;1239190,00;33
WINM26;26/03/2026;16:35:00;187730,00;187830,00;187705,00;187745,00;1164132,00;31
WINM26;26/03/2026;16:30:00;187795,00;187795,00;187590,00;187775,00;2439696,00;65
WINM26;26/03/2026;16:25:00;187805,00;187825,00;187635,00;187825,00;2403413,00;64
WINM26;26/03/2026;16:20:00;187875,00;187945,00;187795,00;187820,00;2217107,00;59
WINM26;26/03/2026;16:15:00;187705,00;187935,00;187705,00;187885,00;2216423,00;59
WINM26;26/03/2026;16:10:00;187735,00;187735,00;187580,00;187720,00;4016036,00;107
WINM26;26/03/2026;16:05:00;188025,00;188025,00;187715,00;187840,00;3381125,00;90
WINM26;26/03/2026;16:00:00;188375,00;188375,00;187990,00;188025,00;2445589,00;65
WINM26;26/03/2026;15:55:00;188290,00;188370,00;188265,00;188305,00;1318190,00;35
WINM26;26/03/2026;15:50:00;188200,00;188275,00;188160,00;188275,00;715228,00;19
WINM26;26/03/2026;15:45:00;188080,00;188295,00;188060,00;188250,00;1618440,00;43
WINM26;26/03/2026;15:40:00;188155,00;188235,00;188045,00;188115,00;1505166,00;40
WINM26;26/03/2026;15:35:00;187915,00;188150,00;187900,00;188130,00;1842718,00;49
WINM26;26/03/2026;15:30:00;187955,00;188045,00;187955,00;187985,00;188001,00;5
WINM26;26/03/2026;15:25:00;187975,00;187975,00;187855,00;187860,00;676399,00;18
WINM26;26/03/2026;15:20:00;187915,00;188055,00;187915,00;187995,00;413620,00;11
WINM26;26/03/2026;15:15:00;187900,00;188000,00;187875,00;187990,00;1014928,00;27
WINM26;26/03/2026;15:10:00;187890,00;187945,00;187840,00;187915,00;864299,00;23
WINM26;26/03/2026;15:05:00;187800,00;187885,00;187775,00;187835,00;563546,00;15
WINM26;26/03/2026;15:00:00;187810,00;187930,00;187755,00;187815,00;751259,00;20
WINM26;26/03/2026;14:55:00;187850,00;187910,00;187715,00;187815,00;3155425,00;84
WINM26;26/03/2026;14:50:00;188050,00;188055,00;187850,00;187885,00;42373674,00;1127
WINM26;26/03/2026;14:45:00;188015,00;188265,00;188015,00;188150,00;1429853,00;38
WINM26;26/03/2026;14:40:00;188165,00;188165,00;188000,00;188055,00;1354146,00;36
WINM26;26/03/2026;14:35:00;188240,00;188320,00;188185,00;188215,00;1468523,00;39
WINM26;26/03/2026;14:30:00;188200,00;188245,00;188125,00;188235,00;790412,00;21
WINM26;26/03/2026;14:25:00;188100,00;188185,00;188065,00;188185,00;865376,00;23
WINM26;26/03/2026;14:20:00;188295,00;188295,00;188110,00;188220,00;2070130,00;55
WINM26;26/03/2026;14:15:00;188355,00;188360,00;188265,00;188320,00;489592,00;13
WINM26;26/03/2026;14:10:00;188400,00;188475,00;188270,00;188295,00;527488,00;14
WINM26;26/03/2026;14:05:00;188655,00;188700,00;188580,00;188580,00;1018813,00;27
WINM26;26/03/2026;14:00:00;188545,00;188645,00;188500,00;188510,00;641171,00;17
WINM26;26/03/2026;13:55:00;188470,00;188550,00;188445,00;188495,00;339288,00;9
WINM26;26/03/2026;13:50:00;188340,00;188430,00;188335,00;188430,00;640475,00;17
WINM26;26/03/2026;13:45:00;188265,00;188280,00;188160,00;188265,00;602400,00;16
WINM26;26/03/2026;13:40:00;188100,00;188265,00;188090,00;188265,00;1768919,00;47
WINM26;26/03/2026;13:35:00;188365,00;188370,00;188120,00;188150,00;1053903,00;28
WINM26;26/03/2026;13:30:00;188440,00;188460,00;188155,00;188335,00;10505134,00;279
WINM26;26/03/2026;13:25:00;188675,00;188680,00;188415,00;188430,00;1809728,00;48
WINM26;26/03/2026;13:20:00;188930,00;188930,00;188550,00;188670,00;7056542,00;187
WINM26;26/03/2026;13:15:00;189095,00;189095,00;188785,00;188900,00;2191661,00;58
WINM26;26/03/2026;13:10:00;189205,00;189235,00;189100,00;189235,00;680963,00;18
WINM26;26/03/2026;13:05:00;189135,00;189205,00;189135,00;189150,00;605332,00;16
WINM26;26/03/2026;13:00:00;189200,00;189260,00;189200,00;189200,00;529837,00;14
WINM26;26/03/2026;12:55:00;189300,00;189305,00;189250,00;189250,00;189292,00;5
WINM26;26/03/2026;12:50:00;189350,00;189500,00;189350,00;189500,00;378840,00;10
WINM26;26/03/2026;12:45:00;189040,00;189400,00;189040,00;189365,00;2118953,00;56
WINM26;26/03/2026;12:40:00;189085,00;189190,00;188950,00;189065,00;945370,00;25
WINM26;26/03/2026;12:35:00;189120,00;189310,00;189085,00;189085,00;643213,00;17
WINM26;26/03/2026;12:30:00;189280,00;189310,00;188990,00;189075,00;1626183,00;43
WINM26;26/03/2026;12:25:00;189290,00;189465,00;189290,00;189400,00;833241,00;22
WINM26;26/03/2026;12:20:00;189150,00;189275,00;189150,00;189250,00;189239,00;5
WINM26;26/03/2026;12:15:00;189255,00;189285,00;189055,00;189105,00;983461,00;26
WINM26;26/03/2026;12:10:00;189350,00;189350,00;189215,00;189215,00;189252,00;5
WINM26;26/03/2026;12:05:00;189320,00;189505,00;189150,00;189170,00;2233892,00;59
WINM26;26/03/2026;12:00:00;189450,00;189540,00;189200,00;189260,00;947016,00;25
WINM26;26/03/2026;11:55:00;188800,00;189420,00;188705,00;189415,00;1172782,00;31
WINM26;26/03/2026;11:50:00;188755,00;189205,00;188755,00;188850,00;2457785,00;65
WINM26;26/03/2026;11:45:00;189050,00;189100,00;188490,00;188815,00;10756643,00;285
WINM26;26/03/2026;11:40:00;189545,00;189780,00;188900,00;189005,00;9123557,00;241
WINM26;26/03/2026;11:35:00;189910,00;189935,00;189480,00;189535,00;3300334,00;87
WINM26;26/03/2026;11:30:00;189755,00;190185,00;189755,00;190185,00;4367289,00;115
WINM26;26/03/2026;11:25:00;189850,00;189960,00;189670,00;189670,00;2885242,00;76
WINM26;26/03/2026;11:20:00;190000,00;190100,00;189880,00;189900,00;2128044,00;56
WINM26;26/03/2026;11:15:00;189720,00;190030,00;189720,00;190030,00;2203010,00;58
WINM26;26/03/2026;11:10:00;189555,00;189750,00;189400,00;189750,00;2047553,00;54
WINM26;26/03/2026;11:05:00;189575,00;189660,00;189400,00;189575,00;3829815,00;101
WINM26;26/03/2026;11:00:00;189650,00;189825,00;189450,00;189540,00;3223333,00;85
WINM26;26/03/2026;10:55:00;189600,00;189700,00;189325,00;189600,00;2767207,00;73
WINM26;26/03/2026;10:50:00;189395,00;189805,00;189280,00;189670,00;1781585,00;47
WINM26;26/03/2026;10:45:00;189285,00;189875,00;189285,00;189360,00;5915122,00;156
WINM26;26/03/2026;10:40:00;188870,00;189350,00;188675,00;189250,00;4343829,00;115
WINM26;26/03/2026;10:35:00;189225,00;189475,00;188885,00;188885,00;5033378,00;133
WINM26;26/03/2026;10:30:00;189045,00;189420,00;188995,00;189240,00;6583024,00;174
WINM26;26/03/2026;10:25:00;188975,00;189075,00;188885,00;189020,00;1851848,00;49
WINM26;26/03/2026;10:20:00;189075,00;189200,00;188775,00;188995,00;5064123,00;134
WINM26;26/03/2026;10:15:00;188925,00;189240,00;188850,00;189040,00;5747718,00;152
WINM26;26/03/2026;10:10:00;188395,00;188920,00;188395,00;188900,00;4304143,00;114
WINM26;26/03/2026;10:05:00;188350,00;188585,00;188350,00;188430,00;1884601,00;50
WINM26;26/03/2026;10:00:00;188440,00;188660,00;188360,00;188500,00;3392950,00;90
WINM26;26/03/2026;09:55:00;188315,00;188490,00;188245,00;188440,00;2637141,00;70
WINM26;26/03/2026;09:50:00;187930,00;188400,00;187920,00;188375,00;13279107,00;353
WINM26;26/03/2026;09:45:00;188155,00;188190,00;187820,00;187890,00;12439605,00;331
WINM26;26/03/2026;09:40:00;188045,00;188295,00;187980,00;188175,00;6585016,00;175
WINM26;26/03/2026;09:35:00;188000,00;188065,00;187835,00;188040,00;14660581,00;390
WINM26;26/03/2026;09:30:00;188555,00;188555,00;187990,00;188040,00;7188775,00;191
WINM26;26/03/2026;09:25:00;188520,00;188590,00;188350,00;188570,00;2487723,00;66
WINM26;26/03/2026;09:20:00;188650,00;188715,00;188405,00;188490,00;3657822,00;97
WINM26;26/03/2026;09:15:00;188675,00;188815,00;188500,00;188650,00;3055478,00;81
WINM26;26/03/2026;09:10:00;188635,00;188750,00;188550,00;188645,00;3772608,00;100
WINM26;26/03/2026;09:05:00;188555,00;189200,00;188500,00;188680,00;9859239,00;261
WINM26;26/03/2026;09:00:00;188695,00;188950,00;187930,00;188460,00;18658290,00;495
WINM26;25/03/2026;18:20:00;190630,00;190650,00;190565,00;190635,00;915023,00;24
WINM26;25/03/2026;18:15:00;190660,00;190695,00;190660,00;190685,00;266956,00;7
WINM26;25/03/2026;18:10:00;190665,00;190725,00;190480,00;190725,00;1563483,00;41
WINM26;25/03/2026;18:05:00;190650,00;190750,00;190630,00;190630,00;877352,00;23
WINM26;25/03/2026;18:00:00;190800,00;190800,00;190425,00;190550,00;1448422,00;38
WINM26;25/03/2026;17:55:00;190750,00;190845,00;190715,00;190845,00;267060,00;7
WINM26;25/03/2026;17:50:00;190765,00;190765,00;190765,00;190765,00;38153,00;1
WINM26;25/03/2026;17:45:00;190770,00;190770,00;190735,00;190735,00;76301,00;2
WINM26;25/03/2026;17:40:00;190765,00;190820,00;190765,00;190820,00;457893,00;12
WINM26;25/03/2026;17:35:00;190820,00;190905,00;190705,00;190710,00;3662372,00;96
WINM26;25/03/2026;17:30:00;190680,00;190875,00;190680,00;190875,00;725056,00;19
WINM26;25/03/2026;17:25:00;190900,00;190900,00;190650,00;190650,00;1678593,00;44
WINM26;25/03/2026;17:20:00;190880,00;190980,00;190840,00;190920,00;10041753,00;263
WINM26;25/03/2026;17:15:00;190555,00;190985,00;190555,00;190885,00;7903264,00;207
WINM26;25/03/2026;17:10:00;190650,00;190650,00;190500,00;190565,00;343044,00;9
WINM26;25/03/2026;17:05:00;190850,00;190850,00;190570,00;190570,00;2174644,00;57
WINM26;25/03/2026;17:00:00;190750,00;191035,00;190680,00;190870,00;1869877,00;49
WINM26;25/03/2026;16:55:00;190520,00;190720,00;190515,00;190695,00;4002852,00;105
WINM26;25/03/2026;16:50:00;190400,00;190570,00;190400,00;190490,00;1523897,00;40
WINM26;25/03/2026;16:45:00;190400,00;190415,00;190350,00;190360,00;875746,00;23
WINM26;25/03/2026;16:40:00;190340,00;190495,00;190340,00;190495,00;1371108,00;36
WINM26;25/03/2026;16:35:00;190410,00;190450,00;190250,00;190350,00;1903133,00;50
WINM26;25/03/2026;16:30:00;190430,00;190445,00;190345,00;190370,00;1256649,00;33
WINM26;25/03/2026;16:25:00;190575,00;190630,00;190445,00;190530,00;1562191,00;41
WINM26;25/03/2026;16:20:00;190490,00;190610,00;190490,00;190545,00;990882,00;26
WINM26;25/03/2026;16:15:00;190315,00;190530,00;190315,00;190505,00;4570315,00;120
WINM26;25/03/2026;16:10:00;190320,00;190320,00;190110,00;190310,00;1711933,00;45
WINM26;25/03/2026;16:05:00;190405,00;190430,00;190270,00;190315,00;1903586,00;50
WINM26;25/03/2026;16:00:00;190595,00;190595,00;190315,00;190410,00;2551681,00;67
WINM26;25/03/2026;15:55:00;190780,00;190785,00;190150,00;190625,00;10133291,00;266
WINM26;25/03/2026;15:50:00;190805,00;190815,00;190715,00;190745,00;1106481,00;29
WINM26;25/03/2026;15:45:00;190880,00;190910,00;190745,00;190765,00;2404222,00;63
WINM26;25/03/2026;15:40:00;190985,00;191005,00;190835,00;190960,00;5154105,00;135
WINM26;25/03/2026;15:35:00;191150,00;191150,00;190915,00;191065,00;1986587,00;52
WINM26;25/03/2026;15:30:00;191075,00;191245,00;191075,00;191160,00;1758942,00;46
WINM26;25/03/2026;15:25:00;191325,00;191325,00;191050,00;191050,00;994094,00;26
WINM26;25/03/2026;15:20:00;191285,00;191440,00;191240,00;191325,00;5242699,00;137
WINM26;25/03/2026;15:15:00;191215,00;191375,00;191215,00;191250,00;1989405,00;52
WINM26;25/03/2026;15:10:00;191100,00;191295,00;191100,00;191195,00;2638103,00;69
WINM26;25/03/2026;15:05:00;190915,00;191175,00;190915,00;191175,00;2483737,00;65
WINM26;25/03/2026;15:00:00;190760,00;190965,00;190760,00;190905,00;2786808,00;73
WINM26;25/03/2026;14:55:00;190600,00;191035,00;190600,00;190750,00;7711183,00;202
WINM26;25/03/2026;14:50:00;190850,00;191030,00;190620,00;190685,00;2937584,00;77
WINM26;25/03/2026;14:45:00;191125,00;191135,00;190855,00;190880,00;1985751,00;52
WINM26;25/03/2026;14:40:00;191120,00;191255,00;191050,00;191120,00;2676372,00;70
WINM26;25/03/2026;14:35:00;190840,00;191130,00;190810,00;191130,00;4390925,00;115
WINM26;25/03/2026;14:30:00;190545,00;190830,00;190545,00;190830,00;2708248,00;71
WINM26;25/03/2026;14:25:00;190700,00;190785,00;190550,00;190550,00;1258742,00;33
WINM26;25/03/2026;14:20:00;190520,00;190810,00;190520,00;190655,00;3698661,00;97
WINM26;25/03/2026;14:15:00;190550,00;190595,00;190470,00;190580,00;1562368,00;41
WINM26;25/03/2026;14:10:00;190555,00;190630,00;190525,00;190630,00;1639016,00;43
WINM26;25/03/2026;14:05:00;190650,00;190720,00;190535,00;190535,00;1372444,00;36
WINM26;25/03/2026;14:00:00;190745,00;190855,00;190640,00;190745,00;4730518,00;124
WINM26;25/03/2026;13:55:00;190720,00;190765,00;190710,00;190745,00;991847,00;26
WINM26;25/03/2026;13:50:00;190825,00;190850,00;190635,00;190775,00;2670229,00;70
WINM26;25/03/2026;13:45:00;190835,00;190895,00;190730,00;190775,00;2327946,00;61
WINM26;25/03/2026;13:40:00;191080,00;191080,00;190845,00;190855,00;1107402,00;29
WINM26;25/03/2026;13:35:00;190800,00;191120,00;190765,00;191035,00;15426782,00;404
WINM26;25/03/2026;13:30:00;190565,00;191045,00;190480,00;190965,00;5534388,00;145
WINM26;25/03/2026;13:25:00;190585,00;190695,00;190520,00;190535,00;1867888,00;49
WINM26;25/03/2026;13:20:00;190330,00;190600,00;190265,00;190600,00;5064253,00;133
WINM26;25/03/2026;13:15:00;190335,00;190370,00;190275,00;190305,00;1827288,00;48
WINM26;25/03/2026;13:10:00;190285,00;190380,00;190080,00;190380,00;3805084,00;100
WINM26;25/03/2026;13:05:00;190350,00;190440,00;190230,00;190365,00;3007899,00;79
WINM26;25/03/2026;13:00:00;190755,00;190780,00;190400,00;190400,00;3925698,00;103
WINM26;25/03/2026;12:55:00;190555,00;190850,00;190540,00;190740,00;7664926,00;201
WINM26;25/03/2026;12:50:00;190615,00;190615,00;190515,00;190535,00;990921,00;26
WINM26;25/03/2026;12:45:00;190555,00;190565,00;190440,00;190565,00;1371690,00;36
WINM26;25/03/2026;12:40:00;190505,00;190615,00;190380,00;190615,00;3352784,00;88
WINM26;25/03/2026;12:35:00;190670,00;190670,00;190460,00;190510,00;1905912,00;50
WINM26;25/03/2026;12:30:00;190550,00;190760,00;190475,00;190590,00;2745715,00;72
WINM26;25/03/2026;12:25:00;190530,00;190600,00;190365,00;190525,00;2057505,00;54
WINM26;25/03/2026;12:20:00;190260,00;190675,00;190250,00;190545,00;3161289,00;83
WINM26;25/03/2026;12:15:00;190555,00;190650,00;189900,00;190210,00;6391640,00;168
WINM26;25/03/2026;12:10:00;190825,00;190865,00;190540,00;190575,00;3012624,00;79
WINM26;25/03/2026;12:05:00;191000,00;191000,00;190790,00;190815,00;2595918,00;68
WINM26;25/03/2026;12:00:00;191180,00;191245,00;190945,00;191235,00;3019070,00;79
WINM26;25/03/2026;11:55:00;191170,00;191330,00;191145,00;191185,00;4972406,00;130
WINM26;25/03/2026;11:50:00;191465,00;191675,00;191100,00;191100,00;13747977,00;359
WINM26;25/03/2026;11:45:00;190895,00;191460,00;190835,00;191460,00;10709099,00;280
WINM26;25/03/2026;11:40:00;190785,00;190905,00;190605,00;190875,00;3129207,00;82
WINM26;25/03/2026;11:35:00;190830,00;190855,00;190635,00;190800,00;2861240,00;75
WINM26;25/03/2026;11:30:00;190535,00;190850,00;190450,00;190815,00;4651780,00;122
WINM26;25/03/2026;11:25:00;190355,00;190750,00;190310,00;190525,00;3963646,00;104
WINM26;25/03/2026;11:20:00;190320,00;190775,00;190260,00;190425,00;4878463,00;128
WINM26;25/03/2026;11:15:00;190140,00;190430,00;190115,00;190300,00;5213007,00;137
WINM26;25/03/2026;11:10:00;189940,00;190180,00;189900,00;190135,00;3534804,00;93
WINM26;25/03/2026;11:05:00;190000,00;190210,00;189810,00;190050,00;4901892,00;129
WINM26;25/03/2026;11:00:00;190200,00;190285,00;189850,00;190070,00;5474997,00;144
WINM26;25/03/2026;10:55:00;190205,00;190420,00;190100,00;190190,00;4375594,00;115
WINM26;25/03/2026;10:50:00;190235,00;190290,00;189995,00;190270,00;7187532,00;189
WINM26;25/03/2026;10:45:00;190745,00;190745,00;190225,00;190225,00;2817708,00;74
WINM26;25/03/2026;10:40:00;190815,00;191050,00;190650,00;190655,00;4009450,00;105
WINM26;25/03/2026;10:35:00;190325,00;191085,00;190325,00;190770,00;10644216,00;279
WINM26;25/03/2026;10:30:00;190050,00;190300,00;189950,00;190300,00;4828687,00;127
WINM26;25/03/2026;10:25:00;189685,00;190000,00;189600,00;190000,00;1518420,00;40
WINM26;25/03/2026;10:20:00;189660,00;189765,00;189380,00;189765,00;2084761,00;55
WINM26;25/03/2026;10:15:00;189490,00;189850,00;189490,00;189595,00;2465796,00;65
WINM26;25/03/2026;10:10:00;189815,00;190015,00;189425,00;189505,00;5009753,00;132
WINM26;25/03/2026;10:05:00;189705,00;189935,00;189600,00;189785,00;6714962,00;177
WINM26;25/03/2026;10:00:00;190280,00;190360,00;189650,00;189730,00;5700695,00;150
WINM26;25/03/2026;09:55:00;190175,00;190305,00;190050,00;190275,00;1673912,00;44
WINM26;25/03/2026;09:50:00;189790,00;190150,00;189790,00;190150,00;2203597,00;58
WINM26;25/03/2026;09:45:00;189750,00;189895,00;189655,00;189795,00;1480293,00;39
WINM26;25/03/2026;09:40:00;189850,00;189900,00;189530,00;189725,00;2162532,00;57
WINM26;25/03/2026;09:35:00;189585,00;189950,00;189500,00;189950,00;3947492,00;104
WINM26;25/03/2026;09:30:00;189640,00;189640,00;189385,00;189550,00;5002920,00;132
WINM26;25/03/2026;09:25:00;189950,00;190150,00;189585,00;189720,00;5047724,00;133
WINM26;25/03/2026;09:20:00;190155,00;190520,00;189815,00;190045,00;8023116,00;211
WINM26;25/03/2026;09:15:00;190800,00;190800,00;190100,00;190150,00;4492548,00;118
WINM26;25/03/2026;09:10:00;190705,00;190940,00;190680,00;190940,00;2518772,00;66
WINM26;25/03/2026;09:05:00;191085,00;191335,00;190700,00;190725,00;3170363,00;83
WINM26;25/03/2026;09:00:00;190700,00;191355,00;190040,00;191205,00;26185123,00;687
WINM26;24/03/2026;18:20:00;189685,00;189685,00;189585,00;189585,00;2578537,00;68
WINM26;24/03/2026;18:15:00;189720,00;189935,00;189640,00;189715,00;15184218,00;400
WINM26;24/03/2026;18:10:00;189645,00;189670,00;189600,00;189670,00;379255,00;10
WINM26;24/03/2026;18:05:00;189635,00;189745,00;189535,00;189535,00;189616,00;5
WINM26;24/03/2026;18:00:00;189400,00;189715,00;189320,00;189715,00;1364576,00;36
WINM26;24/03/2026;17:55:00;189500,00;189500,00;189430,00;189440,00;795660,00;21
WINM26;24/03/2026;17:50:00;189750,00;189750,00;189535,00;189535,00;1555097,00;41
WINM26;24/03/2026;17:45:00;189550,00;189710,00;189485,00;189625,00;1441044,00;38
WINM26;24/03/2026;17:40:00;190420,00;190425,00;189475,00;189625,00;2241463,00;59
WINM26;24/03/2026;17:35:00;189490,00;190405,00;189250,00;190320,00;10786640,00;284
WINM26;24/03/2026;17:30:00;189410,00;189610,00;189205,00;189455,00;3106357,00;82
WINM26;24/03/2026;17:25:00;190330,00;190330,00;189150,00;189675,00;8347493,00;220
WINM26;24/03/2026;17:20:00;188100,00;190600,00;188100,00;190295,00;30203328,00;797
WINM26;24/03/2026;17:15:00;187820,00;188055,00;187820,00;188055,00;1578894,00;42
WINM26;24/03/2026;17:10:00;187775,00;187795,00;187765,00;187795,00;225334,00;6
WINM26;24/03/2026;17:05:00;187740,00;187740,00;187740,00;187740,00;37548,00;1
WINM26;24/03/2026;17:00:00;187690,00;187800,00;187690,00;187800,00;600708,00;16
WINM26;24/03/2026;16:55:00;187840,00;187840,00;187585,00;187685,00;17453566,00;465
WINM26;24/03/2026;16:50:00;187800,00;187920,00;187800,00;187880,00;1052067,00;28
WINM26;24/03/2026;16:45:00;187685,00;187780,00;187660,00;187765,00;825927,00;22
WINM26;24/03/2026;16:40:00;187550,00;187775,00;187505,00;187720,00;713210,00;19
WINM26;24/03/2026;16:35:00;187450,00;187500,00;187345,00;187500,00;449785,00;12
WINM26;24/03/2026;16:30:00;187400,00;187465,00;187395,00;187450,00;599765,00;16
WINM26;24/03/2026;16:25:00;187530,00;187620,00;187440,00;187440,00;600013,00;16
WINM26;24/03/2026;16:20:00;187820,00;187820,00;187560,00;187660,00;412926,00;11
WINM26;24/03/2026;16:15:00;187745,00;187810,00;187660,00;187810,00;938840,00;25
WINM26;24/03/2026;16:10:00;187675,00;187690,00;187630,00;187630,00;412871,00;11
WINM26;24/03/2026;16:05:00;187460,00;187650,00;187460,00;187650,00;262608,00;7
WINM26;24/03/2026;16:00:00;187275,00;187555,00;187275,00;187485,00;824813,00;22
WINM26;24/03/2026;15:55:00;187350,00;187350,00;187150,00;187270,00;411898,00;11
WINM26;24/03/2026;15:50:00;187240,00;187500,00;187240,00;187495,00;1536332,00;41
WINM26;24/03/2026;15:45:00;187235,00;187250,00;187140,00;187180,00;449309,00;12
WINM26;24/03/2026;15:40:00;187415,00;187415,00;187200,00;187200,00;299733,00;8
WINM26;24/03/2026;15:35:00;187200,00;187400,00;187070,00;187400,00;1572413,00;42
WINM26;24/03/2026;15:30:00;187275,00;187525,00;187250,00;187250,00;1724128,00;46
WINM26;24/03/2026;15:25:00;187025,00;187390,00;187025,00;187370,00;1984712,00;53
WINM26;24/03/2026;15:20:00;186850,00;187000,00;186745,00;187000,00;1382859,00;37
WINM26;24/03/2026;15:15:00;186600,00;186825,00;186600,00;186745,00;1008463,00;27
WINM26;24/03/2026;15:10:00;186790,00;186875,00;186750,00;186750,00;485717,00;13
WINM26;24/03/2026;15:05:00;186790,00;186865,00;186745,00;186745,00;672483,00;18
WINM26;24/03/2026;15:00:00;186760,00;187140,00;186600,00;186685,00;11207886,00;300
WINM26;24/03/2026;14:55:00;186130,00;186785,00;186130,00;186775,00;8169064,00;219
WINM26;24/03/2026;14:50:00;186205,00;186365,00;186065,00;186165,00;3649439,00;98
WINM26;24/03/2026;14:45:00;186240,00;186300,00;186140,00;186240,00;3911232,00;105
WINM26;24/03/2026;14:40:00;186550,00;186550,00;186130,00;186175,00;1564720,00;42
WINM26;24/03/2026;14:35:00;186250,00;186675,00;186250,00;186675,00;373021,00;10
WINM26;24/03/2026;14:30:00;186510,00;186675,00;186260,00;186260,00;1827467,00;49
WINM26;24/03/2026;14:25:00;186470,00;186550,00;186340,00;186550,00;857532,00;23
WINM26;24/03/2026;14:20:00;186400,00;186510,00;186400,00;186510,00;671157,00;18
WINM26;24/03/2026;14:15:00;186350,00;186365,00;186180,00;186300,00;968548,00;26
WINM26;24/03/2026;14:10:00;186325,00;186550,00;186305,00;186400,00;1677172,00;45
WINM26;24/03/2026;14:05:00;186490,00;186540,00;186215,00;186320,00;2534721,00;68
WINM26;24/03/2026;14:00:00;186920,00;187010,00;186495,00;186510,00;6387648,00;171
WINM26;24/03/2026;13:55:00;187000,00;187050,00;186910,00;186980,00;4449839,00;119
WINM26;24/03/2026;13:50:00;187060,00;187200,00;187060,00;187120,00;411694,00;11
WINM26;24/03/2026;13:45:00;187150,00;187200,00;186965,00;187055,00;1459148,00;39
WINM26;24/03/2026;13:40:00;187050,00;187135,00;187040,00;187125,00;1608992,00;43
WINM26;24/03/2026;13:35:00;187215,00;187215,00;186850,00;186915,00;1534223,00;41
WINM26;24/03/2026;13:30:00;187315,00;187365,00;187250,00;187250,00;674412,00;18
WINM26;24/03/2026;13:25:00;187100,00;187315,00;187100,00;187315,00;449326,00;12
WINM26;24/03/2026;13:20:00;187260,00;187260,00;187100,00;187125,00;598930,00;16
WINM26;24/03/2026;13:15:00;186865,00;187260,00;186855,00;187260,00;2394891,00;64
WINM26;24/03/2026;13:10:00;186875,00;186875,00;186785,00;186845,00;1083586,00;29
WINM26;24/03/2026;13:05:00;187000,00;187075,00;186860,00;186860,00;1383685,00;37
WINM26;24/03/2026;13:00:00;187115,00;187120,00;187000,00;187120,00;523816,00;14
WINM26;24/03/2026;12:55:00;187425,00;187425,00;187060,00;187155,00;2995951,00;80
WINM26;24/03/2026;12:50:00;187500,00;187550,00;187450,00;187450,00;112500,00;3
WINM26;24/03/2026;12:45:00;187480,00;187545,00;187390,00;187450,00;1799542,00;48
WINM26;24/03/2026;12:40:00;187550,00;187550,00;187440,00;187525,00;787470,00;21
WINM26;24/03/2026;12:35:00;187810,00;187875,00;187585,00;187585,00;1163830,00;31
WINM26;24/03/2026;12:30:00;187500,00;187825,00;187500,00;187825,00;3040978,00;81
WINM26;24/03/2026;12:25:00;187460,00;187550,00;187350,00;187355,00;374934,00;10
WINM26;24/03/2026;12:20:00;187250,00;187450,00;187250,00;187450,00;712172,00;19
WINM26;24/03/2026;12:15:00;187400,00;187400,00;187280,00;187280,00;524596,00;14
WINM26;24/03/2026;12:10:00;187000,00;187200,00;187000,00;187200,00;262010,00;7
WINM26;24/03/2026;12:05:00;187200,00;187350,00;186980,00;186980,00;673672,00;18
WINM26;24/03/2026;12:00:00;187200,00;187290,00;187000,00;187195,00;1197918,00;32
WINM26;24/03/2026;11:55:00;187300,00;187400,00;186650,00;187030,00;3366179,00;90
WINM26;24/03/2026;11:50:00;186950,00;187700,00;186845,00;187400,00;4984056,00;133
WINM26;24/03/2026;11:45:00;186975,00;187370,00;186925,00;186985,00;2207804,00;59
WINM26;24/03/2026;11:40:00;186895,00;187225,00;186895,00;187110,00;6846906,00;183
WINM26;24/03/2026;11:35:00;187160,00;187160,00;186735,00;186935,00;3028189,00;81
WINM26;24/03/2026;11:30:00;187030,00;187205,00;186975,00;187205,00;4340527,00;116
WINM26;24/03/2026;11:25:00;187000,00;187300,00;187000,00;187090,00;1160756,00;31
WINM26;24/03/2026;11:20:00;187150,00;187250,00;186975,00;186975,00;561505,00;15
WINM26;24/03/2026;11:15:00;186850,00;187085,00;186665,00;187015,00;1345918,00;36
WINM26;24/03/2026;11:10:00;187065,00;187210,00;186565,00;186885,00;2654326,00;71
WINM26;24/03/2026;11:05:00;186610,00;187085,00;186535,00;187085,00;10617579,00;284
WINM26;24/03/2026;11:00:00;186120,00;186600,00;186095,00;186600,00;12707967,00;341
WINM26;24/03/2026;10:55:00;185750,00;186150,00;185750,00;186140,00;3050416,00;82
WINM26;24/03/2026;10:50:00;185785,00;186005,00;185750,00;185750,00;5427417,00;146
WINM26;24/03/2026;10:45:00;185350,00;185930,00;185320,00;185790,00;4903692,00;132
WINM26;24/03/2026;10:40:00;185350,00;185570,00;185200,00;185390,00;5305780,00;143
WINM26;24/03/2026;10:35:00;185430,00;185585,00;185340,00;185355,00;1594960,00;43
WINM26;24/03/2026;10:30:00;185125,00;185600,00;185035,00;185530,00;3040304,00;82
WINM26;24/03/2026;10:25:00;185530,00;185700,00;185055,00;185125,00;4742536,00;128
WINM26;24/03/2026;10:20:00;185755,00;185775,00;185385,00;185480,00;3265449,00;88
WINM26;24/03/2026;10:15:00;186275,00;186400,00;185770,00;185770,00;8075073,00;217
WINM26;24/03/2026;10:10:00;185875,00;186300,00;185850,00;186260,00;6590446,00;177
WINM26;24/03/2026;10:05:00;186455,00;186530,00;185600,00;185885,00;5283522,00;142
WINM26;24/03/2026;10:00:00;186330,00;186500,00;186195,00;186400,00;2236282,00;60
WINM26;24/03/2026;09:55:00;186575,00;186650,00;186325,00;186325,00;3654294,00;98
WINM26;24/03/2026;09:50:00;186350,00;186600,00;186175,00;186570,00;3280887,00;88
WINM26;24/03/2026;09:45:00;186525,00;186550,00;186305,00;186435,00;2050808,00;55
WINM26;24/03/2026;09:40:00;186450,00;186625,00;186450,00;186475,00;6043588,00;162
WINM26;24/03/2026;09:35:00;186610,00;186700,00;186285,00;186420,00;11971320,00;321
WINM26;24/03/2026;09:30:00;187200,00;187200,00;186475,00;186615,00;23661338,00;634
WINM26;24/03/2026;09:25:00;187075,00;187300,00;187050,00;187295,00;1198245,00;32
WINM26;24/03/2026;09:20:00;186740,00;187175,00;186700,00;187085,00;2505019,00;67
WINM26;24/03/2026;09:15:00;186805,00;186875,00;186575,00;186685,00;11913009,00;319
WINM26;24/03/2026;09:10:00;187015,00;187030,00;186800,00;186800,00;1981230,00;53
WINM26;24/03/2026;09:05:00;186925,00;187050,00;186720,00;187010,00;3775698,00;101
WINM26;24/03/2026;09:00:00;187500,00;187510,00;186965,00;186980,00;8388022,00;224
WINM26;23/03/2026;18:20:00;188000,00;188130,00;187945,00;187995,00;4250282,00;113
WINM26;23/03/2026;18:15:00;187965,00;188050,00;187745,00;188000,00;9993977,00;266
WINM26;23/03/2026;18:10:00;188000,00;188000,00;187795,00;187960,00;3494913,00;93
WINM26;23/03/2026;18:05:00;187915,00;188135,00;187915,00;188025,00;2218655,00;59
WINM26;23/03/2026;18:00:00;188095,00;188135,00;187890,00;187910,00;3308022,00;88
WINM26;23/03/2026;17:55:00;188055,00;188085,00;188000,00;188085,00;1504481,00;40
WINM26;23/03/2026;17:50:00;188065,00;188125,00;188010,00;188055,00;902819,00;24
WINM26;23/03/2026;17:45:00;188080,00;188160,00;188050,00;188050,00;5041558,00;134
WINM26;23/03/2026;17:40:00;188050,00;188145,00;188000,00;188115,00;1617677,00;43
WINM26;23/03/2026;17:35:00;188150,00;188175,00;188100,00;188100,00;602021,00;16
WINM26;23/03/2026;17:30:00;188050,00;188150,00;187900,00;188150,00;2556330,00;68
WINM26;23/03/2026;17:25:00;188000,00;188200,00;188000,00;188050,00;3950624,00;105
WINM26;23/03/2026;17:20:00;187760,00;188050,00;187760,00;188050,00;1579142,00;42
WINM26;23/03/2026;17:15:00;187980,00;187980,00;187735,00;187830,00;3456508,00;92
WINM26;23/03/2026;17:10:00;187810,00;188010,00;187800,00;187900,00;5299739,00;141
WINM26;23/03/2026;17:05:00;187450,00;187875,00;187315,00;187825,00;5066298,00;135
WINM26;23/03/2026;17:00:00;187580,00;187580,00;187340,00;187350,00;4011096,00;107
WINM26;23/03/2026;16:55:00;187700,00;187795,00;187470,00;187620,00;4202029,00;112
WINM26;23/03/2026;16:50:00;187975,00;188100,00;187700,00;187700,00;3419867,00;91
WINM26;23/03/2026;16:45:00;187750,00;188035,00;187750,00;188035,00;6876947,00;183
WINM26;23/03/2026;16:40:00;187555,00;187730,00;187390,00;187730,00;4239014,00;113
WINM26;23/03/2026;16:35:00;187510,00;187600,00;187480,00;187595,00;1913077,00;51
WINM26;23/03/2026;16:30:00;187470,00;187630,00;187410,00;187545,00;3562871,00;95
WINM26;23/03/2026;16:25:00;187565,00;187650,00;187405,00;187450,00;4200691,00;112
WINM26;23/03/2026;16:20:00;187825,00;187825,00;187490,00;187550,00;4916843,00;131
WINM26;23/03/2026;16:15:00;188000,00;188015,00;187690,00;187780,00;4807760,00;128
WINM26;23/03/2026;16:10:00;187950,00;187975,00;187835,00;187975,00;1465634,00;39
WINM26;23/03/2026;16:05:00;187895,00;187945,00;187800,00;187935,00;3494361,00;93
WINM26;23/03/2026;16:00:00;188040,00;188080,00;187815,00;187910,00;2669080,00;71
WINM26;23/03/2026;15:55:00;187945,00;188150,00;187900,00;188020,00;3873473,00;103
WINM26;23/03/2026;15:50:00;188010,00;188050,00;187840,00;187970,00;3834298,00;102
WINM26;23/03/2026;15:45:00;187760,00;188015,00;187735,00;188015,00;4434656,00;118
WINM26;23/03/2026;15:40:00;188150,00;188220,00;187650,00;187725,00;8645885,00;230
WINM26;23/03/2026;15:35:00;187740,00;188425,00;187740,00;188160,00;45288500,00;1204
WINM26;23/03/2026;15:30:00;187110,00;187760,00;187110,00;187680,00;57247413,00;1528
WINM26;23/03/2026;15:25:00;187075,00;187200,00;187045,00;187115,00;2245727,00;60
WINM26;23/03/2026;15:20:00;187000,00;187105,00;187000,00;187095,00;2244662,00;60
WINM26;23/03/2026;15:15:00;187050,00;187050,00;186900,00;186995,00;2542529,00;68
WINM26;23/03/2026;15:10:00;186950,00;187095,00;186950,00;187080,00;3665628,00;98
WINM26;23/03/2026;15:05:00;187050,00;187085,00;186485,00;186930,00;13000567,00;348
WINM26;23/03/2026;15:00:00;187405,00;187450,00;187020,00;187090,00;3033953,00;81
WINM26;23/03/2026;14:55:00;187325,00;187500,00;187325,00;187400,00;2436587,00;65
WINM26;23/03/2026;14:50:00;187255,00;187465,00;187255,00;187410,00;3972683,00;106
WINM26;23/03/2026;14:45:00;187270,00;187270,00;187120,00;187250,00;2770549,00;74
WINM26;23/03/2026;14:40:00;187515,00;187560,00;187090,00;187280,00;2847155,00;76
WINM26;23/03/2026;14:35:00;187520,00;187800,00;187520,00;187585,00;6268476,00;167
WINM26;23/03/2026;14:30:00;187080,00;187500,00;187080,00;187500,00;5693489,00;152
WINM26;23/03/2026;14:25:00;186890,00;187150,00;186890,00;187100,00;5611140,00;150
WINM26;23/03/2026;14:20:00;186875,00;186915,00;186700,00;186895,00;3511690,00;94
WINM26;23/03/2026;14:15:00;186695,00;186885,00;186625,00;186860,00;6761298,00;181
WINM26;23/03/2026;14:10:00;186950,00;186950,00;186640,00;186665,00;2054631,00;55
WINM26;23/03/2026;14:05:00;186675,00;187000,00;186675,00;186960,00;5121468,00;137
WINM26;23/03/2026;14:00:00;186850,00;186925,00;186660,00;186675,00;2465496,00;66
WINM26;23/03/2026;13:55:00;187080,00;187080,00;186700,00;186840,00;2615520,00;70
WINM26;23/03/2026;13:50:00;187090,00;187255,00;187000,00;187055,00;4342059,00;116
WINM26;23/03/2026;13:45:00;187025,00;187145,00;186950,00;187070,00;1458832,00;39
WINM26;23/03/2026;13:40:00;186995,00;187085,00;186870,00;187085,00;3515213,00;94
WINM26;23/03/2026;13:35:00;186825,00;187045,00;186760,00;186920,00;6765573,00;181
WINM26;23/03/2026;13:30:00;186265,00;186805,00;186265,00;186805,00;5037815,00;135
WINM26;23/03/2026;13:25:00;186555,00;186575,00;186220,00;186225,00;6077055,00;163
WINM26;23/03/2026;13:20:00;186650,00;186750,00;186550,00;186615,00;3919144,00;105
WINM26;23/03/2026;13:15:00;186920,00;186920,00;186575,00;186685,00;4554625,00;122
WINM26;23/03/2026;13:10:00;186725,00;187045,00;186675,00;186845,00;4783864,00;128
WINM26;23/03/2026;13:05:00;186725,00;186945,00;186605,00;186770,00;6650026,00;178
WINM26;23/03/2026;13:00:00;186680,00;186825,00;186575,00;186650,00;4928742,00;132
WINM26;23/03/2026;12:55:00;186945,00;186975,00;186550,00;186655,00;35690696,00;956
WINM26;23/03/2026;12:50:00;187180,00;187365,00;186805,00;186915,00;15266319,00;408
WINM26;23/03/2026;12:45:00;187250,00;187300,00;187100,00;187265,00;17450601,00;466
WINM26;23/03/2026;12:40:00;187275,00;187405,00;187100,00;187280,00;6178431,00;165
WINM26;23/03/2026;12:35:00;187600,00;187600,00;187225,00;187300,00;2998280,00;80
WINM26;23/03/2026;12:30:00;187600,00;187725,00;187600,00;187665,00;2327003,00;62
WINM26;23/03/2026;12:25:00;187640,00;187780,00;187530,00;187620,00;2063900,00;55
WINM26;23/03/2026;12:20:00;187590,00;187800,00;187375,00;187670,00;10469797,00;279
WINM26;23/03/2026;12:15:00;187935,00;187935,00;187595,00;187600,00;4956051,00;132
WINM26;23/03/2026;12:10:00;188035,00;188170,00;187845,00;187990,00;4662635,00;124
WINM26;23/03/2026;12:05:00;188100,00;188200,00;187950,00;187950,00;1993743,00;53
WINM26;23/03/2026;12:00:00;187875,00;188230,00;187830,00;188150,00;4665708,00;124
WINM26;23/03/2026;11:55:00;187950,00;187995,00;187700,00;187850,00;6086839,00;162
WINM26;23/03/2026;11:50:00;187910,00;188120,00;187860,00;188010,00;57176496,00;1521
WINM26;23/03/2026;11:45:00;187705,00;187920,00;187550,00;187880,00;8448540,00;225
WINM26;23/03/2026;11:40:00;187550,00;187830,00;187535,00;187735,00;7733992,00;206
WINM26;23/03/2026;11:35:00;187415,00;187535,00;187155,00;187505,00;2247827,00;60
WINM26;23/03/2026;11:30:00;187655,00;187655,00;187400,00;187400,00;3075372,00;82
WINM26;23/03/2026;11:25:00;187500,00;187735,00;187360,00;187720,00;2063587,00;55
WINM26;23/03/2026;11:20:00;187455,00;187685,00;187335,00;187465,00;4912564,00;131
WINM26;23/03/2026;11:15:00;186970,00;187555,00;186955,00;187475,00;5355371,00;143
WINM26;23/03/2026;11:10:00;187145,00;187255,00;186850,00;186930,00;6285388,00;168
WINM26;23/03/2026;11:05:00;186800,00;187330,00;186680,00;187250,00;4002023,00;107
WINM26;23/03/2026;11:00:00;186545,00;187240,00;186545,00;186860,00;25647948,00;686
WINM26;23/03/2026;10:55:00;185680,00;186580,00;185640,00;186580,00;12327927,00;331
WINM26;23/03/2026;10:50:00;185505,00;185935,00;185505,00;185815,00;3343934,00;90
WINM26;23/03/2026;10:45:00;185505,00;185750,00;185450,00;185475,00;7758206,00;209
WINM26;23/03/2026;10:40:00;185340,00;186175,00;185260,00;185565,00;24285438,00;654
WINM26;23/03/2026;10:35:00;184530,00;185350,00;184500,00;185325,00;13988132,00;378
WINM26;23/03/2026;10:30:00;184580,00;184850,00;184255,00;184460,00;15578532,00;422
WINM26;23/03/2026;10:25:00;184980,00;185000,00;184425,00;184625,00;15332358,00;415
WINM26;23/03/2026;10:20:00;184880,00;185175,00;184795,00;184925,00;25783941,00;697
WINM26;23/03/2026;10:15:00;184400,00;184950,00;184350,00;184885,00;24011029,00;650
WINM26;23/03/2026;10:10:00;184025,00;184375,00;183950,00;184375,00;4862814,00;132
WINM26;23/03/2026;10:05:00;184100,00;184100,00;183830,00;184045,00;5813108,00;158
WINM26;23/03/2026;10:00:00;184500,00;184670,00;184000,00;184050,00;10578321,00;287
WINM26;23/03/2026;09:55:00;184250,00;184605,00;184060,00;184450,00;9662908,00;262
WINM26;23/03/2026;09:50:00;184285,00;184400,00;184060,00;184125,00;7738538,00;210
WINM26;23/03/2026;09:45:00;184185,00;184455,00;183940,00;184185,00;18165776,00;493
WINM26;23/03/2026;09:40:00;183450,00;184380,00;183225,00;184190,00;20630911,00;561
WINM26;23/03/2026;09:35:00;183220,00;183690,00;183080,00;183435,00;15333026,00;418
WINM26;23/03/2026;09:30:00;183265,00;183400,00;182925,00;183200,00;10035582,00;274
WINM26;23/03/2026;09:25:00;183015,00;183420,00;183015,00;183300,00;11323110,00;309
WINM26;23/03/2026;09:20:00;183125,00;183325,00;182850,00;182965,00;11715561,00;320
WINM26;23/03/2026;09:15:00;182700,00;183375,00;182630,00;183200,00;36129190,00;987
WINM26;23/03/2026;09:10:00;182410,00;183010,00;182410,00;182740,00;8550790,00;234
WINM26;23/03/2026;09:05:00;182065,00;182515,00;181750,00;182485,00;14056401,00;386
WINM26;23/03/2026;09:00:00;183445,00;183445,00;181900,00;182045,00;29371534,00;805
WINM26;20/03/2026;18:20:00;182505,00;183515,00;182505,00;183000,00;6841108,00;187
WINM26;20/03/2026;18:15:00;181900,00;182515,00;181900,00;182450,00;5942529,00;163
WINM26;20/03/2026;18:10:00;181775,00;181800,00;181690,00;181800,00;581655,00;16
WINM26;20/03/2026;18:05:00;181705,00;181705,00;181635,00;181635,00;109006,00;3
WINM26;20/03/2026;18:00:00;181600,00;181635,00;181600,00;181635,00;472230,00;13
WINM26;20/03/2026;17:55:00;181635,00;181890,00;181470,00;181775,00;2034290,00;56
WINM26;20/03/2026;17:50:00;181720,00;181720,00;181585,00;181605,00;363244,00;10
WINM26;20/03/2026;17:45:00;181580,00;181720,00;181580,00;181710,00;1017251,00;28
WINM26;20/03/2026;17:40:00;181515,00;181550,00;181485,00;181520,00;580856,00;16
WINM26;20/03/2026;17:35:00;181440,00;181500,00;181440,00;181500,00;72588,00;2
WINM26;20/03/2026;17:30:00;181430,00;181485,00;181425,00;181425,00;145165,00;4
WINM26;20/03/2026;17:25:00;181455,00;181455,00;181295,00;181295,00;507716,00;14
WINM26;20/03/2026;17:20:00;181460,00;181470,00;181420,00;181455,00;254021,00;7
WINM26;20/03/2026;17:15:00;181370,00;181480,00;181280,00;181480,00;1015604,00;28
WINM26;20/03/2026;17:10:00;181360,00;181575,00;181355,00;181415,00;7694210,00;212
WINM26;20/03/2026;17:05:00;181000,00;181345,00;181000,00;181260,00;5399948,00;149
WINM26;20/03/2026;17:00:00;180935,00;181020,00;180800,00;180910,00;1845007,00;51
WINM26;20/03/2026;16:55:00;181000,00;181020,00;180850,00;180940,00;3691537,00;102
WINM26;20/03/2026;16:50:00;180705,00;180955,00;180600,00;180955,00;7230545,00;200
WINM26;20/03/2026;16:45:00;180660,00;180965,00;180660,00;180695,00;9731353,00;269
WINM26;20/03/2026;16:40:00;180395,00;180675,00;180350,00;180675,00;9853489,00;273
WINM26;20/03/2026;16:35:00;180315,00;180380,00;180135,00;180370,00;4037819,00;112
WINM26;20/03/2026;16:30:00;180680,00;180680,00;180245,00;180245,00;1046495,00;29
WINM26;20/03/2026;16:25:00;180700,00;180760,00;180700,00;180735,00;1590587,00;44
WINM26;20/03/2026;16:20:00;180800,00;180800,00;180600,00;180600,00;903544,00;25
WINM26;20/03/2026;16:15:00;180700,00;180875,00;180700,00;180840,00;6400427,00;177
WINM26;20/03/2026;16:10:00;180575,00;180700,00;180575,00;180700,00;903215,00;25
WINM26;20/03/2026;16:05:00;180640,00;180675,00;180505,00;180675,00;1228132,00;34
WINM26;20/03/2026;16:00:00;180595,00;180705,00;180595,00;180700,00;7478416,00;207
WINM26;20/03/2026;15:55:00;180475,00;180535,00;180450,00;180535,00;288803,00;8
WINM26;20/03/2026;15:50:00;180285,00;180575,00;180250,00;180525,00;7327083,00;203
WINM26;20/03/2026;15:45:00;180425,00;180425,00;180225,00;180245,00;2127507,00;59
WINM26;20/03/2026;15:40:00;180525,00;180660,00;180300,00;180405,00;9599845,00;266
WINM26;20/03/2026;15:35:00;180655,00;180715,00;180465,00;180635,00;9026786,00;250
WINM26;20/03/2026;15:30:00;180795,00;180880,00;180690,00;180795,00;5243557,00;145
WINM26;20/03/2026;15:25:00;180660,00;180775,00;180625,00;180725,00;3758826,00;104
WINM26;20/03/2026;15:20:00;181145,00;181175,00;180180,00;180520,00;51775675,00;1434
WINM26;20/03/2026;15:15:00;181250,00;181260,00;181080,00;181080,00;1485329,00;41
WINM26;20/03/2026;15:10:00;181505,00;181505,00;181170,00;181205,00;9389676,00;259
WINM26;20/03/2026;15:05:00;181480,00;181535,00;181435,00;181535,00;1597336,00;44
WINM26;20/03/2026;15:00:00;181500,00;181645,00;181500,00;181550,00;7008450,00;193
WINM26;20/03/2026;14:55:00;181375,00;181500,00;181375,00;181475,00;4789703,00;132
WINM26;20/03/2026;14:50:00;181205,00;181370,00;181205,00;181370,00;2828542,00;78
WINM26;20/03/2026;14:45:00;181200,00;181250,00;181110,00;181245,00;11632996,00;321
WINM26;20/03/2026;14:40:00;181305,00;181375,00;181200,00;181200,00;2610234,00;72
WINM26;20/03/2026;14:35:00;181255,00;181400,00;181060,00;181400,00;3191511,00;88
WINM26;20/03/2026;14:30:00;181300,00;181355,00;181110,00;181225,00;5399888,00;149
WINM26;20/03/2026;14:25:00;181450,00;181450,00;181200,00;181200,00;1305321,00;36
WINM26;20/03/2026;14:20:00;181280,00;181600,00;181250,00;181465,00;2394435,00;66
WINM26;20/03/2026;14:15:00;181695,00;181695,00;181300,00;181345,00;7294518,00;201
WINM26;20/03/2026;14:10:00;181800,00;181800,00;181600,00;181600,00;3343669,00;92
WINM26;20/03/2026;14:05:00;181820,00;181865,00;181300,00;181840,00;11916154,00;328
WINM26;20/03/2026;14:00:00;181810,00;181870,00;181810,00;181850,00;4400872,00;121
WINM26;20/03/2026;13:55:00;181900,00;181965,00;181885,00;181965,00;291074,00;8
WINM26;20/03/2026;13:50:00;181810,00;181810,00;181600,00;181600,00;217975,00;6
WINM26;20/03/2026;13:45:00;181800,00;181800,00;181700,00;181700,00;72700,00;2
WINM26;20/03/2026;13:40:00;181965,00;181965,00;181905,00;181950,00;109164,00;3
WINM26;20/03/2026;13:35:00;181970,00;181970,00;181750,00;181770,00;145488,00;4
WINM26;20/03/2026;13:30:00;181925,00;181925,00;181590,00;181800,00;2253728,00;62
WINM26;20/03/2026;13:25:00;182250,00;182250,00;181990,00;182000,00;1274421,00;35
WINM26;20/03/2026;13:20:00;182280,00;182350,00;182170,00;182310,00;5541449,00;152
WINM26;20/03/2026;13:15:00;181975,00;182200,00;181910,00;182200,00;1675064,00;46
WINM26;20/03/2026;13:10:00;182010,00;182030,00;181915,00;181915,00;473124,00;13
WINM26;20/03/2026;13:05:00;182190,00;182190,00;181930,00;181975,00;436821,00;12
WINM26;20/03/2026;13:00:00;182065,00;182200,00;182065,00;182200,00;327885,00;9
WINM26;20/03/2026;12:55:00;182120,00;182120,00;181980,00;182120,00;2622025,00;72
WINM26;20/03/2026;12:50:00;182245,00;182245,00;182240,00;182240,00;364485,00;10
WINM26;20/03/2026;12:45:00;182175,00;182180,00;182045,00;182085,00;4006979,00;110
WINM26;20/03/2026;12:40:00;182255,00;182325,00;182150,00;182150,00;327992,00;9
WINM26;20/03/2026;12:35:00;182355,00;182460,00;182290,00;182340,00;547103,00;15
WINM26;20/03/2026;12:30:00;182200,00;182500,00;182200,00;182500,00;1239758,00;34
WINM26;20/03/2026;12:25:00;182400,00;182400,00;182100,00;182200,00;1494244,00;41
WINM26;20/03/2026;12:20:00;182405,00;182900,00;182280,00;182445,00;9637082,00;264
WINM26;20/03/2026;12:15:00;182685,00;182730,00;182450,00;182495,00;2264786,00;62
WINM26;20/03/2026;12:10:00;182575,00;182705,00;182485,00;182695,00;3214474,00;88
WINM26;20/03/2026;12:05:00;182495,00;182495,00;182380,00;182495,00;766282,00;21
WINM26;20/03/2026;12:00:00;182295,00;182655,00;182295,00;182435,00;7152202,00;196
WINM26;20/03/2026;11:55:00;182100,00;182340,00;182070,00;182240,00;10461759,00;287
WINM26;20/03/2026;11:50:00;182460,00;182565,00;181960,00;182055,00;13301043,00;365
WINM26;20/03/2026;11:45:00;182045,00;182435,00;182045,00;182380,00;6052481,00;166
WINM26;20/03/2026;11:40:00;182110,00;182195,00;181920,00;182080,00;13359039,00;367
WINM26;20/03/2026;11:35:00;182340,00;182465,00;182085,00;182130,00;1896222,00;52
WINM26;20/03/2026;11:30:00;182070,00;182405,00;181960,00;182405,00;10460382,00;287
WINM26;20/03/2026;11:25:00;181995,00;182175,00;181875,00;181985,00;6192011,00;170
WINM26;20/03/2026;11:20:00;181540,00;182005,00;181425,00;181975,00;8683567,00;239
WINM26;20/03/2026;11:15:00;181700,00;181875,00;181545,00;181570,00;7704455,00;212
WINM26;20/03/2026;11:10:00;182400,00;182515,00;181640,00;181640,00;19816411,00;544
WINM26;20/03/2026;11:05:00;182665,00;182680,00;182295,00;182430,00;6056843,00;166
WINM26;20/03/2026;11:00:00;182605,00;182725,00;182475,00;182585,00;10626764,00;291
WINM26;20/03/2026;10:55:00;182705,00;182800,00;182310,00;182645,00;5988123,00;164
WINM26;20/03/2026;10:50:00;183410,00;183410,00;182650,00;182665,00;25256804,00;690
WINM26;20/03/2026;10:45:00;183675,00;183780,00;183320,00;183600,00;1615219,00;44
WINM26;20/03/2026;10:40:00;183225,00;183665,00;183075,00;183665,00;18106283,00;494
WINM26;20/03/2026;10:35:00;183500,00;183500,00;183175,00;183255,00;15288809,00;417
WINM26;20/03/2026;10:30:00;183900,00;184035,00;183510,00;183515,00;5844460,00;159
WINM26;20/03/2026;10:25:00;184235,00;184410,00;183905,00;183955,00;6445235,00;175
WINM26;20/03/2026;10:20:00;184220,00;184535,00;184220,00;184325,00;3392771,00;92
WINM26;20/03/2026;10:15:00;184420,00;184420,00;184020,00;184145,00;6408589,00;174
WINM26;20/03/2026;10:10:00;184675,00;184700,00;184435,00;184515,00;4984265,00;135
WINM26;20/03/2026;10:05:00;184830,00;184920,00;184600,00;184650,00;6023266,00;163
WINM26;20/03/2026;10:00:00;184730,00;184900,00;184710,00;184830,00;3805891,00;103
WINM26;20/03/2026;09:55:00;184600,00;184685,00;184525,00;184665,00;3434125,00;93
WINM26;20/03/2026;09:50:00;184655,00;184830,00;184655,00;184745,00;332585,00;9
WINM26;20/03/2026;09:45:00;184710,00;184710,00;184565,00;184630,00;516931,00;14
WINM26;20/03/2026;09:40:00;184585,00;184800,00;184515,00;184800,00;2141385,00;58
WINM26;20/03/2026;09:35:00;185210,00;185210,00;184590,00;184675,00;2291649,00;62
WINM26;20/03/2026;09:30:00;185240,00;185350,00;185050,00;185230,00;1889217,00;51
WINM26;20/03/2026;09:25:00;184590,00;185220,00;184555,00;185220,00;2516000,00;68
WINM26;20/03/2026;09:20:00;184820,00;184820,00;184450,00;184645,00;2215604,00;60
WINM26;20/03/2026;09:15:00;184795,00;184970,00;184600,00;184945,00;517388,00;14
WINM26;20/03/2026;09:10:00;184700,00;184920,00;184575,00;184655,00;2032379,00;55
WINM26;20/03/2026;09:05:00;184050,00;184770,00;184015,00;184755,00;4423672,00;120
WINM26;20/03/2026;09:00:00;184500,00;184500,00;183905,00;184045,00;9731520,00;264
WINM26;19/03/2026;18:20:00;185855,00;185855,00;185750,00;185850,00;1672473,00;45
WINM26;19/03/2026;18:15:00;185750,00;185825,00;185725,00;185825,00;1672086,00;45
WINM26;19/03/2026;18:10:00;185850,00;185870,00;185775,00;185775,00;1003529,00;27
WINM26;19/03/2026;18:05:00;185975,00;185975,00;185860,00;185875,00;1189721,00;32
WINM26;19/03/2026;18:00:00;186105,00;186125,00;186045,00;186045,00;818784,00;22
WINM26;19/03/2026;17:55:00;185960,00;186040,00;185950,00;186000,00;706882,00;19
WINM26;19/03/2026;17:50:00;185900,00;185955,00;185875,00;185920,00;818078,00;22
WINM26;19/03/2026;17:45:00;185910,00;186085,00;185905,00;185925,00;2008331,00;54
WINM26;19/03/2026;17:40:00;185980,00;185995,00;185830,00;185845,00;3160458,00;85
WINM26;19/03/2026;17:35:00;186005,00;186165,00;185920,00;186000,00;5246007,00;141
WINM26;19/03/2026;17:30:00;186225,00;186225,00;186000,00;186005,00;3461615,00;93
WINM26;19/03/2026;17:25:00;186120,00;186420,00;186120,00;186250,00;3987322,00;107
WINM26;19/03/2026;17:20:00;186025,00;186245,00;186020,00;186205,00;2829851,00;76
WINM26;19/03/2026;17:15:00;185935,00;186080,00;185895,00;186010,00;7812016,00;210
WINM26;19/03/2026;17:10:00;185765,00;186020,00;185765,00;185900,00;9298395,00;250
WINM26;19/03/2026;17:05:00;185630,00;185865,00;185630,00;185750,00;6091368,00;164
WINM26;19/03/2026;17:00:00;185545,00;185635,00;185475,00;185635,00;1335758,00;36
WINM26;19/03/2026;16:55:00;185795,00;185845,00;185545,00;185545,00;10514929,00;283
WINM26;19/03/2026;16:50:00;185580,00;185810,00;185445,00;185735,00;6237156,00;168
WINM26;19/03/2026;16:45:00;185680,00;185680,00;185480,00;185505,00;2338511,00;63
WINM26;19/03/2026;16:40:00;185785,00;185835,00;185700,00;185730,00;1560281,00;42
WINM26;19/03/2026;16:35:00;185685,00;185860,00;185525,00;185780,00;1633921,00;44
WINM26;19/03/2026;16:30:00;185580,00;185870,00;185375,00;185635,00;2413434,00;65
WINM26;19/03/2026;16:25:00;185795,00;185795,00;185335,00;185575,00;6381116,00;172
WINM26;19/03/2026;16:20:00;186010,00;186010,00;185630,00;185795,00;4831145,00;130
WINM26;19/03/2026;16:15:00;186200,00;186545,00;185940,00;186150,00;3649984,00;98
WINM26;19/03/2026;16:10:00;186100,00;186340,00;185800,00;186080,00;7070226,00;190
WINM26;19/03/2026;16:05:00;185880,00;187015,00;185880,00;186085,00;27760831,00;744
WINM26;19/03/2026;16:00:00;184955,00;186165,00;184935,00;185800,00;26498683,00;714
WINM26;19/03/2026;15:55:00;184415,00;185000,00;184390,00;184925,00;5469235,00;148
WINM26;19/03/2026;15:50:00;183975,00;184490,00;183965,00;184490,00;3132103,00;85
WINM26;19/03/2026;15:45:00;183975,00;184125,00;183960,00;184105,00;993944,00;27
WINM26;19/03/2026;15:40:00;183980,00;184150,00;183935,00;183980,00;2171882,00;59
WINM26;19/03/2026;15:35:00;184340,00;184395,00;183980,00;183980,00;8846048,00;240
WINM26;19/03/2026;15:30:00;184280,00;184335,00;184275,00;184315,00;847756,00;23
WINM26;19/03/2026;15:25:00;184235,00;184275,00;184235,00;184275,00;257952,00;7
WINM26;19/03/2026;15:20:00;184160,00;184175,00;184125,00;184125,00;478818,00;13
WINM26;19/03/2026;15:15:00;184320,00;184350,00;184090,00;184200,00;1805004,00;49
WINM26;19/03/2026;15:10:00;184040,00;184330,00;184000,00;184195,00;4826772,00;131
WINM26;19/03/2026;15:05:00;183930,00;184005,00;183835,00;183955,00;1177165,00;32
WINM26;19/03/2026;15:00:00;183925,00;184085,00;183865,00;183865,00;1324562,00;36
WINM26;19/03/2026;14:55:00;184065,00;184065,00;183960,00;183960,00;846327,00;23
WINM26;19/03/2026;14:50:00;184135,00;184145,00;184135,00;184145,00;110485,00;3
WINM26;19/03/2026;14:45:00;184325,00;184330,00;184085,00;184150,00;589223,00;16
WINM26;19/03/2026;14:40:00;184185,00;184240,00;183985,00;184240,00;2098527,00;57
WINM26;19/03/2026;14:35:00;184190,00;184295,00;184080,00;184245,00;1399602,00;38
WINM26;19/03/2026;14:30:00;184270,00;184340,00;184195,00;184220,00;995087,00;27
WINM26;19/03/2026;14:25:00;184280,00;184375,00;184190,00;184195,00;1584958,00;43
WINM26;19/03/2026;14:20:00;184235,00;184410,00;184220,00;184240,00;5234183,00;142
WINM26;19/03/2026;14:15:00;183955,00;184235,00;183920,00;184205,00;2430103,00;66
WINM26;19/03/2026;14:10:00;183645,00;183895,00;183645,00;183755,00;477924,00;13
WINM26;19/03/2026;14:05:00;183730,00;183795,00;183600,00;183670,00;2975955,00;81
WINM26;19/03/2026;14:00:00;184005,00;184025,00;183790,00;183800,00;1103163,00;30
WINM26;19/03/2026;13:55:00;184065,00;184070,00;183930,00;184050,00;588889,00;16
WINM26;19/03/2026;13:50:00;183870,00;184040,00;183710,00;184040,00;7095801,00;193
WINM26;19/03/2026;13:45:00;184080,00;184095,00;183870,00;183910,00;1913135,00;52
WINM26;19/03/2026;13:40:00;184080,00;184315,00;184010,00;184130,00;2467550,00;67
WINM26;19/03/2026;13:35:00;184075,00;184135,00;183965,00;184070,00;1546056,00;42
WINM26;19/03/2026;13:30:00;184100,00;184230,00;184065,00;184215,00;294608,00;8
WINM26;19/03/2026;13:25:00;184335,00;184360,00;184045,00;184160,00;1474023,00;40
WINM26;19/03/2026;13:20:00;184075,00;184325,00;183920,00;184325,00;4638712,00;126
WINM26;19/03/2026;13:15:00;184185,00;184215,00;184085,00;184090,00;1325962,00;36
WINM26;19/03/2026;13:10:00;184420,00;184455,00;184070,00;184165,00;5562414,00;151
WINM26;19/03/2026;13:05:00;184400,00;184635,00;184325,00;184420,00;5496840,00;149
WINM26;19/03/2026;13:00:00;184270,00;184620,00;184270,00;184400,00;1401929,00;38
WINM26;19/03/2026;12:55:00;184210,00;184520,00;184150,00;184310,00;3871452,00;105
WINM26;19/03/2026;12:50:00;183900,00;184205,00;183895,00;184205,00;1619923,00;44
WINM26;19/03/2026;12:45:00;183765,00;184005,00;183540,00;184005,00;5660397,00;154
WINM26;19/03/2026;12:40:00;184075,00;184085,00;183725,00;183725,00;2831798,00;77
WINM26;19/03/2026;12:35:00;183985,00;184135,00;183890,00;184135,00;1324542,00;36
WINM26;19/03/2026;12:30:00;184335,00;184375,00;183930,00;183930,00;2320058,00;63
WINM26;19/03/2026;12:25:00;184420,00;184420,00;184200,00;184275,00;1400641,00;38
WINM26;19/03/2026;12:20:00;184530,00;184600,00;184365,00;184455,00;2324305,00;63
WINM26;19/03/2026;12:15:00;184895,00;184965,00;184550,00;184550,00;1921357,00;52
WINM26;19/03/2026;12:10:00;184765,00;184900,00;184430,00;184900,00;3065753,00;83
WINM26;19/03/2026;12:05:00;184550,00;184970,00;184515,00;184700,00;7168055,00;194
WINM26;19/03/2026;12:00:00;184110,00;184550,00;184110,00;184550,00;1364349,00;37
WINM26;19/03/2026;11:55:00;184315,00;184370,00;184085,00;184085,00;1289648,00;35
WINM26;19/03/2026;11:50:00;184100,00;184335,00;184010,00;184335,00;1031566,00;28
WINM26;19/03/2026;11:45:00;184060,00;184090,00;183890,00;184090,00;2023893,00;55
WINM26;19/03/2026;11:40:00;183975,00;184260,00;183950,00;184100,00;2430421,00;66
WINM26;19/03/2026;11:35:00;184175,00;184430,00;183850,00;183965,00;5561451,00;151
WINM26;19/03/2026;11:30:00;183395,00;184155,00;183360,00;184140,00;5107838,00;139
WINM26;19/03/2026;11:25:00;183640,00;183640,00;183250,00;183410,00;5759065,00;157
WINM26;19/03/2026;11:20:00;183550,00;183685,00;183450,00;183595,00;1285109,00;35
WINM26;19/03/2026;11:15:00;184020,00;184020,00;183580,00;183695,00;3566051,00;97
WINM26;19/03/2026;11:10:00;184165,00;184490,00;183950,00;184080,00;6081781,00;165
WINM26;19/03/2026;11:05:00;183830,00;184300,00;183830,00;184170,00;3239592,00;88
WINM26;19/03/2026;11:00:00;183665,00;184205,00;183665,00;183765,00;6733175,00;183
WINM26;19/03/2026;10:55:00;183175,00;183645,00;183120,00;183645,00;8401230,00;229
WINM26;19/03/2026;10:50:00;182925,00;183360,00;182835,00;183240,00;15967197,00;436
WINM26;19/03/2026;10:45:00;182940,00;183090,00;182775,00;182900,00;16644313,00;455
WINM26;19/03/2026;10:40:00;183190,00;183400,00;182810,00;183015,00;19146259,00;523
WINM26;19/03/2026;10:35:00;182470,00;183320,00;182450,00;183215,00;18070052,00;494
WINM26;19/03/2026;10:30:00;182325,00;182600,00;182000,00;182580,00;35915297,00;985
WINM26;19/03/2026;10:25:00;182375,00;182485,00;182100,00;182370,00;8493253,00;233
WINM26;19/03/2026;10:20:00;182605,00;182915,00;182240,00;182305,00;23183937,00;635
WINM26;19/03/2026;10:15:00;181890,00;182690,00;181890,00;182605,00;17094336,00;469
WINM26;19/03/2026;10:10:00;181830,00;181900,00;181510,00;181900,00;17334330,00;477
WINM26;19/03/2026;10:05:00;181880,00;182055,00;181705,00;181995,00;7132316,00;196
WINM26;19/03/2026;10:00:00;182200,00;182200,00;181775,00;181840,00;13980164,00;384
WINM26;19/03/2026;09:55:00;182305,00;182305,00;182165,00;182225,00;874713,00;24
WINM26;19/03/2026;09:50:00;181960,00;182350,00;181885,00;182350,00;9396908,00;258
WINM26;19/03/2026;09:45:00;181955,00;182045,00;181715,00;181915,00;20007204,00;550
WINM26;19/03/2026;09:40:00;181585,00;182180,00;181445,00;181955,00;21055983,00;579
WINM26;19/03/2026;09:35:00;181560,00;181845,00;181460,00;181555,00;13547681,00;373
WINM26;19/03/2026;09:30:00;181770,00;181950,00;181320,00;181515,00;7517867,00;207
WINM26;19/03/2026;09:25:00;182450,00;182630,00;181520,00;181705,00;13664356,00;375
WINM26;19/03/2026;09:20:00;183045,00;183085,00;182420,00;182495,00;19014041,00;520
WINM26;19/03/2026;09:15:00;183375,00;183535,00;182950,00;183055,00;9084296,00;248
WINM26;19/03/2026;09:10:00;183730,00;183730,00;183330,00;183350,00;1064493,00;29
WINM26;19/03/2026;09:05:00;182875,00;183800,00;182735,00;183730,00;3224541,00;88
WINM26;19/03/2026;09:00:00;183870,00;184035,00;182920,00;182920,00;10641176,00;290
WINM26;18/03/2026;18:20:00;184785,00;184785,00;184600,00;184785,00;2105407,00;57
WINM26;18/03/2026;18:15:00;184290,00;184875,00;184280,00;184870,00;2992364,00;81
WINM26;18/03/2026;18:10:00;184305,00;184310,00;184280,00;184310,00;958362,00;26
WINM26;18/03/2026;18:05:00;184350,00;184410,00;184300,00;184300,00;1106229,00;30
WINM26;18/03/2026;18:00:00;184345,00;184345,00;184130,00;184300,00;2284018,00;62
WINM26;18/03/2026;17:55:00;184600,00;184615,00;184300,00;184300,00;1439405,00;39
WINM26;18/03/2026;17:50:00;184745,00;184745,00;184500,00;184565,00;1291903,00;35
WINM26;18/03/2026;17:45:00;184690,00;184780,00;184690,00;184725,00;1256290,00;34
WINM26;18/03/2026;17:40:00;184565,00;184635,00;184565,00;184635,00;184592,00;5
WINM26;18/03/2026;17:35:00;184580,00;184580,00;184545,00;184565,00;147649,00;4
WINM26;18/03/2026;17:30:00;184555,00;184605,00;184495,00;184605,00;812070,00;22
WINM26;18/03/2026;17:25:00;184770,00;184770,00;184405,00;184500,00;2251931,00;61
WINM26;18/03/2026;17:20:00;184665,00;184855,00;184665,00;184820,00;849843,00;23
WINM26;18/03/2026;17:15:00;184755,00;184895,00;184680,00;184685,00;2845459,00;77
WINM26;18/03/2026;17:10:00;184930,00;184930,00;184675,00;184675,00;1404325,00;38
WINM26;18/03/2026;17:05:00;185205,00;185205,00;184830,00;184965,00;999102,00;27
WINM26;18/03/2026;17:00:00;185200,00;185240,00;185145,00;185155,00;777877,00;21
WINM26;18/03/2026;16:55:00;185305,00;185510,00;185265,00;185320,00;2557506,00;69
WINM26;18/03/2026;16:50:00;185500,00;185500,00;185345,00;185345,00;482135,00;13
WINM26;18/03/2026;16:45:00;185620,00;185660,00;185395,00;185500,00;4082370,00;110
WINM26;18/03/2026;16:40:00;185790,00;185820,00;185665,00;185675,00;6090869,00;164
WINM26;18/03/2026;16:35:00;185760,00;185760,00;185645,00;185745,00;557023,00;15
WINM26;18/03/2026;16:30:00;185640,00;185860,00;185580,00;185760,00;4195656,00;113
WINM26;18/03/2026;16:25:00;185425,00;185650,00;185345,00;185650,00;37279271,00;1005
WINM26;18/03/2026;16:20:00;185740,00;185800,00;185450,00;185450,00;3453592,00;93
WINM26;18/03/2026;16:15:00;185880,00;185945,00;185700,00;185750,00;4682382,00;126
WINM26;18/03/2026;16:10:00;185925,00;185955,00;185670,00;185895,00;4682105,00;126
WINM26;18/03/2026;16:05:00;185935,00;186100,00;185845,00;185970,00;5950649,00;160
WINM26;18/03/2026;16:00:00;185540,00;185925,00;185325,00;185900,00;6976459,00;188
WINM26;18/03/2026;15:55:00;185855,00;185910,00;185550,00;185580,00;6947224,00;187
WINM26;18/03/2026;15:50:00;186285,00;186290,00;185805,00;185815,00;6139146,00;165
WINM26;18/03/2026;15:45:00;186400,00;186400,00;186240,00;186265,00;3465368,00;93
WINM26;18/03/2026;15:40:00;186175,00;186520,00;186135,00;186420,00;13190923,00;354
WINM26;18/03/2026;15:35:00;186335,00;186690,00;186175,00;186205,00;5667799,00;152
WINM26;18/03/2026;15:30:00;186595,00;186625,00;186295,00;186305,00;3878487,00;104
WINM26;18/03/2026;15:25:00;186495,00;186645,00;186465,00;186645,00;3395240,00;91
WINM26;18/03/2026;15:20:00;186465,00;186565,00;186355,00;186530,00;3243976,00;87
WINM26;18/03/2026;15:15:00;186650,00;186650,00;186270,00;186475,00;4959758,00;133
WINM26;18/03/2026;15:10:00;186615,00;186830,00;186555,00;186705,00;3509657,00;94
WINM26;18/03/2026;15:05:00;186695,00;186715,00;186480,00;186590,00;4104658,00;110
WINM26;18/03/2026;15:00:00;186875,00;187120,00;186545,00;186680,00;5528947,00;148
WINM26;18/03/2026;14:55:00;186765,00;187280,00;186550,00;186865,00;9723485,00;260
WINM26;18/03/2026;14:50:00;186660,00;186815,00;186510,00;186770,00;4069384,00;109
WINM26;18/03/2026;14:45:00;186340,00;186750,00;186340,00;186710,00;8062887,00;216
WINM26;18/03/2026;14:40:00;186385,00;186410,00;186205,00;186370,00;3316231,00;89
WINM26;18/03/2026;14:35:00;186275,00;186530,00;186210,00;186375,00;5666148,00;152
WINM26;18/03/2026;14:30:00;186340,00;186340,00;186025,00;186260,00;5919974,00;159
WINM26;18/03/2026;14:25:00;186530,00;186530,00;186340,00;186340,00;3094664,00;83
WINM26;18/03/2026;14:20:00;186470,00;186515,00;186340,00;186485,00;4325378,00;116
WINM26;18/03/2026;14:15:00;186475,00;186560,00;186435,00;186455,00;3580335,00;96
WINM26;18/03/2026;14:10:00;186500,00;186575,00;186375,00;186480,00;4102817,00;110
WINM26;18/03/2026;14:05:00;186485,00;186720,00;186420,00;186485,00;3731014,00;100
WINM26;18/03/2026;14:00:00;186830,00;186830,00;186465,00;186470,00;4552627,00;122
WINM26;18/03/2026;13:55:00;186495,00;186900,00;186495,00;186815,00;5413441,00;145
WINM26;18/03/2026;13:50:00;186160,00;186545,00;186160,00;186500,00;11071255,00;297
WINM26;18/03/2026;13:45:00;186225,00;186355,00;186150,00;186150,00;17400181,00;467
WINM26;18/03/2026;13:40:00;186000,00;186250,00;186000,00;186220,00;3388273,00;91
WINM26;18/03/2026;13:35:00;185900,00;186120,00;185845,00;186120,00;297565,00;8
WINM26;18/03/2026;13:30:00;186245,00;186300,00;185910,00;185910,00;1973012,00;53
WINM26;18/03/2026;13:25:00;186215,00;186215,00;186075,00;186195,00;2531641,00;68
WINM26;18/03/2026;13:20:00;186020,00;186285,00;186000,00;186150,00;11246200,00;302
WINM26;18/03/2026;13:15:00;186025,00;186025,00;185945,00;185960,00;632367,00;17
WINM26;18/03/2026;13:10:00;185725,00;186025,00;185700,00;186015,00;1413308,00;38
WINM26;18/03/2026;13:05:00;185740,00;185815,00;185735,00;185735,00;297217,00;8
WINM26;18/03/2026;13:00:00;185700,00;185700,00;185495,00;185650,00;1039160,00;28
WINM26;18/03/2026;12:55:00;185760,00;185795,00;185685,00;185745,00;705857,00;19
WINM26;18/03/2026;12:50:00;185875,00;185895,00;185765,00;185765,00;297327,00;8
WINM26;18/03/2026;12:45:00;185825,00;185835,00;185825,00;185835,00;334501,00;9
WINM26;18/03/2026;12:40:00;185750,00;185840,00;185750,00;185785,00;445900,00;12
WINM26;18/03/2026;12:35:00;185585,00;185715,00;185575,00;185655,00;965537,00;26
WINM26;18/03/2026;12:30:00;185675,00;185680,00;185605,00;185605,00;668366,00;18
WINM26;18/03/2026;12:25:00;185600,00;185625,00;185575,00;185615,00;296966,00;8
WINM26;18/03/2026;12:20:00;185525,00;185615,00;185385,00;185615,00;3115971,00;84
WINM26;18/03/2026;12:15:00;185730,00;185730,00;185565,00;185565,00;556983,00;15
WINM26;18/03/2026;12:10:00;186075,00;186075,00;185750,00;185780,00;1003754,00;27
WINM26;18/03/2026;12:05:00;185880,00;186220,00;185880,00;186140,00;1302567,00;35
WINM26;18/03/2026;12:00:00;185870,00;186000,00;185685,00;185865,00;1115250,00;30
WINM26;18/03/2026;11:55:00;185490,00;185895,00;185470,00;185875,00;928930,00;25
WINM26;18/03/2026;11:50:00;185830,00;185830,00;185510,00;185595,00;965044,00;26
WINM26;18/03/2026;11:45:00;185750,00;185800,00;185635,00;185755,00;594321,00;16
WINM26;18/03/2026;11:40:00;185665,00;185700,00;185510,00;185510,00;519638,00;14
WINM26;18/03/2026;11:35:00;185770,00;185825,00;185630,00;185635,00;817087,00;22
WINM26;18/03/2026;11:30:00;185695,00;185890,00;185685,00;185725,00;854514,00;23
WINM26;18/03/2026;11:25:00;185925,00;185925,00;185450,00;185570,00;3713724,00;100
WINM26;18/03/2026;11:20:00;186115,00;186160,00;185955,00;186160,00;2753554,00;74
WINM26;18/03/2026;11:15:00;186270,00;186285,00;186125,00;186155,00;335135,00;9
WINM26;18/03/2026;11:10:00;186715,00;186715,00;186190,00;186190,00;2385816,00;64
WINM26;18/03/2026;11:05:00;186555,00;186800,00;186545,00;186730,00;2128273,00;57
WINM26;18/03/2026;11:00:00;186500,00;186600,00;186250,00;186480,00;2722559,00;73
WINM26;18/03/2026;10:55:00;185995,00;186495,00;185995,00;186490,00;11587676,00;311
WINM26;18/03/2026;10:50:00;186025,00;186140,00;185910,00;185910,00;930213,00;25
WINM26;18/03/2026;10:45:00;186040,00;186140,00;185980,00;186045,00;3274689,00;88
WINM26;18/03/2026;10:40:00;186145,00;186145,00;185900,00;185925,00;4537386,00;122
WINM26;18/03/2026;10:35:00;186150,00;186295,00;185800,00;186055,00;4429973,00;119
WINM26;18/03/2026;10:30:00;185895,00;186250,00;185895,00;186200,00;5322122,00;143
WINM26;18/03/2026;10:25:00;185605,00;185845,00;185550,00;185845,00;1002695,00;27
WINM26;18/03/2026;10:20:00;185605,00;185980,00;185560,00;185650,00;2860930,00;77
WINM26;18/03/2026;10:15:00;185400,00;185675,00;185125,00;185600,00;2854960,00;77
WINM26;18/03/2026;10:10:00;185255,00;185475,00;185150,00;185310,00;5708303,00;154
WINM26;18/03/2026;10:05:00;185015,00;185255,00;185000,00;185255,00;3998623,00;108
WINM26;18/03/2026;10:00:00;184870,00;185270,00;184785,00;185205,00;13433911,00;363
WINM26;18/03/2026;09:55:00;184915,00;185155,00;184810,00;184900,00;13282448,00;359
WINM26;18/03/2026;09:50:00;185305,00;185395,00;184835,00;184900,00;18182964,00;491
WINM26;18/03/2026;09:45:00;185435,00;185570,00;185225,00;185295,00;18686031,00;504
WINM26;18/03/2026;09:40:00;185980,00;185990,00;185250,00;185410,00;15959281,00;430
WINM26;18/03/2026;09:35:00;186080,00;186160,00;185840,00;185900,00;9779051,00;263
WINM26;18/03/2026;09:30:00;186145,00;186215,00;185855,00;185965,00;10119297,00;272
WINM26;18/03/2026;09:25:00;185975,00;186310,00;185960,00;186280,00;19629943,00;527
WINM26;18/03/2026;09:20:00;186000,00;186120,00;185590,00;185965,00;2526614,00;68
WINM26;18/03/2026;09:15:00;186200,00;186300,00;185815,00;186015,00;1413906,00;38
WINM26;18/03/2026;09:10:00;186100,00;186400,00;185925,00;186010,00;3985085,00;107
WINM26;18/03/2026;09:05:00;185710,00;186200,00;185655,00;186195,00;3420659,00;92
WINM26;18/03/2026;09:00:00;186350,00;187100,00;185555,00;185655,00;19641693,00;526
WINM26;17/03/2026;18:20:00;186125,00;186240,00;186085,00;186085,00;8193499,00;220
WINM26;17/03/2026;18:15:00;186135,00;186135,00;186135,00;186135,00;74454,00;2
WINM26;17/03/2026;18:10:00;186200,00;186230,00;186125,00;186140,00;744762,00;20
WINM26;17/03/2026;18:05:00;186180,00;186195,00;186175,00;186190,00;260662,00;7
WINM26;17/03/2026;18:00:00;186200,00;186250,00;186065,00;186195,00;1488839,00;40
WINM26;17/03/2026;17:55:00;186225,00;186280,00;186140,00;186190,00;819360,00;22
WINM26;17/03/2026;17:50:00;186195,00;186195,00;186100,00;186155,00;893439,00;24
WINM26;17/03/2026;17:45:00;186080,00;186240,00;186040,00;186195,00;1600821,00;43
WINM26;17/03/2026;17:40:00;186030,00;186040,00;185980,00;186025,00;632444,00;17
WINM26;17/03/2026;17:35:00;186075,00;186075,00;186050,00;186050,00;520989,00;14
WINM26;17/03/2026;17:30:00;186125,00;186125,00;186110,00;186110,00;260566,00;7
WINM26;17/03/2026;17:25:00;186185,00;186220,00;186145,00;186165,00;856395,00;23
WINM26;17/03/2026;17:20:00;186200,00;186230,00;186165,00;186200,00;297895,00;8
WINM26;17/03/2026;17:15:00;186165,00;186250,00;186145,00;186220,00;12884473,00;346
WINM26;17/03/2026;17:10:00;186200,00;186200,00;186075,00;186165,00;707364,00;19
WINM26;17/03/2026;17:05:00;186185,00;186190,00;186020,00;186130,00;1935802,00;52
WINM26;17/03/2026;17:00:00;185850,00;186165,00;185830,00;186165,00;1450600,00;39
WINM26;17/03/2026;16:55:00;185720,00;185915,00;185670,00;185905,00;4867835,00;131
WINM26;17/03/2026;16:50:00;185730,00;185805,00;185615,00;185770,00;1708750,00;46
WINM26;17/03/2026;16:45:00;185770,00;185940,00;185730,00;185775,00;6466770,00;174
WINM26;17/03/2026;16:40:00;185700,00;185870,00;185660,00;185745,00;5053775,00;136
WINM26;17/03/2026;16:35:00;185835,00;185950,00;185685,00;185780,00;5721625,00;154
WINM26;17/03/2026;16:30:00;185940,00;186000,00;185830,00;185870,00;3383488,00;91
WINM26;17/03/2026;16:25:00;186110,00;186120,00;185735,00;185865,00;3160374,00;85
WINM26;17/03/2026;16:20:00;185950,00;186055,00;185800,00;186055,00;1598984,00;43
WINM26;17/03/2026;16:15:00;186360,00;186365,00;185860,00;186005,00;9085747,00;244
WINM26;17/03/2026;16:10:00;186205,00;186415,00;186205,00;186365,00;23174231,00;622
WINM26;17/03/2026;16:05:00;186205,00;186235,00;185975,00;186200,00;4764678,00;128
WINM26;17/03/2026;16:00:00;186245,00;186285,00;186120,00;186230,00;893671,00;24
WINM26;17/03/2026;15:55:00;186460,00;186460,00;186175,00;186240,00;5106127,00;137
WINM26;17/03/2026;15:50:00;186310,00;186525,00;186200,00;186485,00;2198851,00;59
WINM26;17/03/2026;15:45:00;185930,00;186300,00;185765,00;186300,00;13582314,00;365
WINM26;17/03/2026;15:40:00;186410,00;186410,00;185855,00;185900,00;9487021,00;255
WINM26;17/03/2026;15:35:00;186500,00;186545,00;186300,00;186360,00;1342058,00;36
WINM26;17/03/2026;15:30:00;186660,00;186780,00;186425,00;186540,00;12095112,00;324
WINM26;17/03/2026;15:25:00;187000,00;187060,00;186575,00;186610,00;30323307,00;812
WINM26;17/03/2026;15:20:00;187150,00;187155,00;187025,00;187025,00;2769359,00;74
WINM26;17/03/2026;15:15:00;187345,00;187345,00;187090,00;187150,00;2134137,00;57
WINM26;17/03/2026;15:10:00;187520,00;187580,00;187295,00;187360,00;5508187,00;147
WINM26;17/03/2026;15:05:00;187525,00;187715,00;187525,00;187545,00;825566,00;22
WINM26;17/03/2026;15:00:00;187395,00;187575,00;187395,00;187425,00;1274978,00;34
WINM26;17/03/2026;14:55:00;187480,00;187480,00;187325,00;187385,00;1349348,00;36
WINM26;17/03/2026;14:50:00;187255,00;187515,00;187225,00;187490,00;1423949,00;38
WINM26;17/03/2026;14:45:00;187205,00;187300,00;187145,00;187300,00;411891,00;11
WINM26;17/03/2026;14:40:00;187245,00;187325,00;187125,00;187170,00;2733726,00;73
WINM26;17/03/2026;14:35:00;187020,00;187235,00;187020,00;187235,00;2545103,00;68
WINM26;17/03/2026;14:30:00;187180,00;187180,00;186985,00;187040,00;1945065,00;52
WINM26;17/03/2026;14:25:00;187040,00;187205,00;187040,00;187185,00;1085444,00;29
WINM26;17/03/2026;14:20:00;187120,00;187135,00;187075,00;187100,00;523903,00;14
WINM26;17/03/2026;14:15:00;186975,00;187025,00;186975,00;186975,00;448804,00;12
WINM26;17/03/2026;14:10:00;186990,00;186990,00;186925,00;186975,00;486132,00;13
WINM26;17/03/2026;14:05:00;187145,00;187160,00;186975,00;187025,00;1983033,00;53
WINM26;17/03/2026;14:00:00;187075,00;187245,00;187045,00;187120,00;1534870,00;41
WINM26;17/03/2026;13:55:00;187055,00;187200,00;187025,00;187125,00;3329727,00;89
WINM26;17/03/2026;13:50:00;186950,00;187180,00;186950,00;187085,00;1534323,00;41
WINM26;17/03/2026;13:45:00;187075,00;187075,00;186915,00;186955,00;1570332,00;42
WINM26;17/03/2026;13:40:00;186900,00;187035,00;186795,00;187030,00;5346170,00;143
WINM26;17/03/2026;13:35:00;186945,00;186955,00;186725,00;186825,00;2765156,00;74
WINM26;17/03/2026;13:30:00;187205,00;187220,00;186825,00;186895,00;8267870,00;221
WINM26;17/03/2026;13:25:00;187200,00;187260,00;187030,00;187225,00;2208161,00;59
WINM26;17/03/2026;13:20:00;186925,00;187285,00;186840,00;187185,00;7782063,00;208
WINM26;17/03/2026;13:15:00;186725,00;186925,00;186600,00;186865,00;2278557,00;61
WINM26;17/03/2026;13:10:00;186505,00;186875,00;186500,00;186700,00;4706343,00;126
WINM26;17/03/2026;13:05:00;186640,00;186685,00;186350,00;186415,00;2088855,00;56
WINM26;17/03/2026;13:00:00;186540,00;186625,00;186420,00;186625,00;1119239,00;30
WINM26;17/03/2026;12:55:00;186465,00;186540,00;186355,00;186540,00;4510907,00;121
WINM26;17/03/2026;12:50:00;186225,00;186465,00;186225,00;186465,00;745309,00;20
WINM26;17/03/2026;12:45:00;186370,00;186400,00;186205,00;186240,00;1005977,00;27
WINM26;17/03/2026;12:40:00;186060,00;186385,00;186000,00;186385,00;3500495,00;94
WINM26;17/03/2026;12:35:00;186125,00;186150,00;186080,00;186140,00;856070,00;23
WINM26;17/03/2026;12:30:00;186345,00;186455,00;186160,00;186160,00;1639901,00;44
WINM26;17/03/2026;12:25:00;186480,00;186530,00;186235,00;186285,00;2572526,00;69
WINM26;17/03/2026;12:20:00;186500,00;186595,00;186100,00;186430,00;21054575,00;565
WINM26;17/03/2026;12:15:00;187025,00;187065,00;186470,00;186500,00;21094719,00;565
WINM26;17/03/2026;12:10:00;187240,00;187300,00;187025,00;187025,00;4080509,00;109
WINM26;17/03/2026;12:05:00;187460,00;187460,00;187105,00;187305,00;4382327,00;117
WINM26;17/03/2026;12:00:00;187575,00;187635,00;187400,00;187435,00;4388651,00;117
WINM26;17/03/2026;11:55:00;187600,00;187740,00;187590,00;187620,00;1613852,00;43
WINM26;17/03/2026;11:50:00;187600,00;187675,00;187560,00;187575,00;1275826,00;34
WINM26;17/03/2026;11:45:00;187700,00;187765,00;187580,00;187615,00;1839000,00;49
WINM26;17/03/2026;11:40:00;187430,00;187800,00;187430,00;187775,00;1913694,00;51
WINM26;17/03/2026;11:35:00;187725,00;187790,00;187375,00;187375,00;3938576,00;105
WINM26;17/03/2026;11:30:00;187645,00;187820,00;187570,00;187780,00;2740646,00;73
WINM26;17/03/2026;11:25:00;187625,00;187915,00;187580,00;187690,00;2477949,00;66
WINM26;17/03/2026;11:20:00;187955,00;188070,00;187595,00;187775,00;8265328,00;220
WINM26;17/03/2026;11:15:00;187980,00;188045,00;187785,00;187950,00;4659911,00;124
WINM26;17/03/2026;11:10:00;188280,00;188280,00;187925,00;188005,00;8200328,00;218
WINM26;17/03/2026;11:05:00;188220,00;188560,00;188220,00;188400,00;3955717,00;105
WINM26;17/03/2026;11:00:00;188300,00;188415,00;188015,00;188125,00;3838901,00;102
WINM26;17/03/2026;10:55:00;188235,00;188545,00;188160,00;188385,00;10582417,00;281
WINM26;17/03/2026;10:50:00;188375,00;188400,00;188135,00;188235,00;11784227,00;313
WINM26;17/03/2026;10:45:00;187720,00;188380,00;187695,00;188325,00;12943822,00;344
WINM26;17/03/2026;10:40:00;187455,00;187785,00;187415,00;187755,00;4352528,00;116
WINM26;17/03/2026;10:35:00;187005,00;187600,00;187005,00;187600,00;5320541,00;142
WINM26;17/03/2026;10:30:00;187635,00;187655,00;186940,00;186980,00;12131230,00;324
WINM26;17/03/2026;10:25:00;187190,00;187615,00;187125,00;187580,00;6485981,00;173
WINM26;17/03/2026;10:20:00;186740,00;187280,00;186725,00;187215,00;5949661,00;159
WINM26;17/03/2026;10:15:00;186555,00;186915,00;186195,00;186795,00;6116404,00;164
WINM26;17/03/2026;10:10:00;186140,00;186600,00;186105,00;186600,00;8161017,00;219
WINM26;17/03/2026;10:05:00;185850,00;186200,00;185820,00;186105,00;5135710,00;138
WINM26;17/03/2026;10:00:00;185875,00;185955,00;185630,00;185910,00;2675668,00;72
WINM26;17/03/2026;09:55:00;186020,00;186045,00;185900,00;185900,00;446360,00;12
WINM26;17/03/2026;09:50:00;186290,00;186290,00;185855,00;185895,00;1823401,00;49
WINM26;17/03/2026;09:45:00;186700,00;186700,00;186250,00;186250,00;932046,00;25
WINM26;17/03/2026;09:40:00;186685,00;186715,00;186510,00;186580,00;559888,00;15
WINM26;17/03/2026;09:35:00;186480,00;186650,00;186270,00;186595,00;12426287,00;333
WINM26;17/03/2026;09:30:00;186340,00;186580,00;186340,00;186555,00;11041442,00;296
WINM26;17/03/2026;09:25:00;186095,00;186240,00;185985,00;186205,00;2606209,00;70
WINM26;17/03/2026;09:20:00;185745,00;186105,00;185745,00;186105,00;1822294,00;49
WINM26;17/03/2026;09:15:00;186485,00;186485,00;185745,00;185860,00;9377006,00;252
WINM26;17/03/2026;09:10:00;186275,00;186540,00;185940,00;186495,00;5922470,00;159
WINM26;17/03/2026;09:05:00;185640,00;186365,00;185545,00;186360,00;8734121,00;235
WINM26;17/03/2026;09:00:00;185895,00;185895,00;184715,00;185600,00;16493277,00;445
WINM26;16/03/2026;18:20:00;186005,00;186095,00;185960,00;186095,00;706793,00;19
WINM26;16/03/2026;18:15:00;186035,00;186045,00;185945,00;186005,00;1450940,00;39
WINM26;16/03/2026;18:10:00;185940,00;186045,00;185940,00;186040,00;4872508,00;131
WINM26;16/03/2026;18:05:00;185935,00;186000,00;185900,00;186000,00;4798652,00;129
WINM26;16/03/2026;18:00:00;185960,00;185960,00;185910,00;185960,00;1078473,00;29
WINM26;16/03/2026;17:55:00;186075,00;186075,00;185955,00;185970,00;1190603,00;32
WINM26;16/03/2026;17:50:00;185980,00;186020,00;185980,00;186020,00;148798,00;4
WINM26;16/03/2026;17:45:00;186100,00;186100,00;185910,00;185945,00;1785126,00;48
WINM26;16/03/2026;17:40:00;186065,00;186085,00;186065,00;186085,00;111643,00;3
WINM26;16/03/2026;17:35:00;185960,00;185960,00;185945,00;185945,00;185952,00;5
WINM26;16/03/2026;17:30:00;185855,00;186050,00;185855,00;185980,00;1041487,00;28
WINM26;16/03/2026;17:25:00;185935,00;185935,00;185905,00;185905,00;409051,00;11
WINM26;16/03/2026;17:20:00;185855,00;185945,00;185800,00;185915,00;9070473,00;244
WINM26;16/03/2026;17:15:00;185985,00;186015,00;185855,00;185855,00;706610,00;19
WINM26;16/03/2026;17:10:00;185840,00;186000,00;185840,00;185940,00;1338835,00;36
WINM26;16/03/2026;17:05:00;185720,00;185815,00;185695,00;185800,00;854557,00;23
WINM26;16/03/2026;17:00:00;186085,00;186085,00;185680,00;185685,00;10559973,00;284
WINM26;16/03/2026;16:55:00;186100,00;186165,00;186085,00;186085,00;521114,00;14
WINM26;16/03/2026;16:50:00;185900,00;186080,00;185900,00;186005,00;1413693,00;38
WINM26;16/03/2026;16:45:00;185955,00;186005,00;185955,00;186005,00;409176,00;11
WINM26;16/03/2026;16:40:00;186230,00;186230,00;185955,00;185955,00;1451279,00;39
WINM26;16/03/2026;16:35:00;186355,00;186450,00;186280,00;186280,00;260925,00;7
WINM26;16/03/2026;16:30:00;186235,00;186400,00;186235,00;186400,00;223626,00;6
WINM26;16/03/2026;16:25:00;186500,00;186500,00;186300,00;186360,00;1752176,00;47
WINM26;16/03/2026;16:20:00;186740,00;186740,00;186500,00;186500,00;373104,00;10
WINM26;16/03/2026;16:15:00;186660,00;186875,00;186660,00;186725,00;635108,00;17
WINM26;16/03/2026;16:10:00;186875,00;186980,00;186600,00;186615,00;12147751,00;325
WINM26;16/03/2026;16:05:00;186520,00;186800,00;186500,00;186790,00;1343996,00;36
WINM26;16/03/2026;16:00:00;186690,00;186750,00;186550,00;186555,00;559854,00;15
WINM26;16/03/2026;15:55:00;186655,00;186655,00;186590,00;186635,00;410572,00;11
WINM26;16/03/2026;15:50:00;186665,00;186775,00;186665,00;186775,00;522869,00;14
WINM26;16/03/2026;15:45:00;186830,00;186835,00;186700,00;186700,00;522940,00;14
WINM26;16/03/2026;15:40:00;186650,00;186815,00;186650,00;186770,00;1120588,00;30
WINM26;16/03/2026;15:35:00;186740,00;186740,00;186595,00;186595,00;2128194,00;57
WINM26;16/03/2026;15:30:00;186575,00;186750,00;186530,00;186750,00;410668,00;11
WINM26;16/03/2026;15:25:00;186790,00;186810,00;186550,00;186605,00;2762054,00;74
WINM26;16/03/2026;15:20:00;186695,00;186855,00;186695,00;186795,00;1755382,00;47
WINM26;16/03/2026;15:15:00;186660,00;186800,00;186600,00;186600,00;933483,00;25
WINM26;16/03/2026;15:10:00;186725,00;186805,00;186560,00;186560,00;1456190,00;39
WINM26;16/03/2026;15:05:00;186590,00;186705,00;186505,00;186665,00;11161347,00;299
WINM26;16/03/2026;15:00:00;186400,00;186550,00;186400,00;186550,00;1193415,00;32
WINM26;16/03/2026;14:55:00;186200,00;186350,00;186200,00;186350,00;968703,00;26
WINM26;16/03/2026;14:50:00;186000,00;186135,00;185980,00;186135,00;297617,00;8
WINM26;16/03/2026;14:45:00;186170,00;186240,00;186020,00;186030,00;967931,00;26
WINM26;16/03/2026;14:40:00;186075,00;186200,00;186075,00;186200,00;1042660,00;28
WINM26;16/03/2026;14:35:00;186030,00;186100,00;186030,00;186050,00;297703,00;8
WINM26;16/03/2026;14:30:00;186125,00;186140,00;185945,00;185975,00;483638,00;13
WINM26;16/03/2026;14:25:00;186070,00;186270,00;186070,00;186125,00;2569672,00;69
WINM26;16/03/2026;14:20:00;185975,00;186150,00;185965,00;186110,00;1823043,00;49
WINM26;16/03/2026;14:15:00;185990,00;185990,00;185825,00;185920,00;1487122,00;40
WINM26;16/03/2026;14:10:00;185800,00;186065,00;185800,00;186015,00;7774921,00;209
WINM26;16/03/2026;14:05:00;185585,00;185785,00;185585,00;185770,00;1002860,00;27
WINM26;16/03/2026;14:00:00;185640,00;185855,00;185555,00;185570,00;2190951,00;59
WINM26;16/03/2026;13:55:00;185600,00;185670,00;185560,00;185605,00;519702,00;14
WINM26;16/03/2026;13:50:00;185620,00;185620,00;185580,00;185585,00;148481,00;4
WINM26;16/03/2026;13:45:00;185735,00;185755,00;185600,00;185710,00;2302273,00;62
WINM26;16/03/2026;13:40:00;185675,00;185900,00;185675,00;185770,00;1969530,00;53
WINM26;16/03/2026;13:35:00;185355,00;185675,00;185355,00;185675,00;4229644,00;114
WINM26;16/03/2026;13:30:00;185545,00;185545,00;185235,00;185290,00;1705617,00;46
WINM26;16/03/2026;13:25:00;185680,00;185745,00;185535,00;185545,00;3638895,00;98
WINM26;16/03/2026;13:20:00;186000,00;186000,00;185655,00;185655,00;37785492,00;1017
WINM26;16/03/2026;13:15:00;186045,00;186085,00;185910,00;186055,00;372013,00;10
WINM26;16/03/2026;13:10:00;186110,00;186145,00;185990,00;186055,00;1934922,00;52
WINM26;16/03/2026;13:05:00;185910,00;186140,00;185910,00;186090,00;1637022,00;44
WINM26;16/03/2026;13:00:00;185955,00;185975,00;185885,00;185910,00;1227171,00;33
WINM26;16/03/2026;12:55:00;185870,00;186005,00;185840,00;185995,00;1301528,00;35
WINM26;16/03/2026;12:50:00;185950,00;185950,00;185740,00;185840,00;7544908,00;203
WINM26;16/03/2026;12:45:00;186105,00;186105,00;186000,00;186000,00;1339427,00;36
WINM26;16/03/2026;12:40:00;186020,00;186200,00;186000,00;186090,00;2827704,00;76
WINM26;16/03/2026;12:35:00;186255,00;186325,00;186055,00;186100,00;23196279,00;623
WINM26;16/03/2026;12:30:00;186115,00;186305,00;186115,00;186260,00;24887309,00;668
WINM26;16/03/2026;12:25:00;186000,00;186000,00;186000,00;186000,00;37200,00;1
WINM26;16/03/2026;12:20:00;186000,00;186115,00;186000,00;186090,00;520983,00;14
WINM26;16/03/2026;12:15:00;186010,00;186015,00;185800,00;186000,00;1189773,00;32
WINM26;16/03/2026;12:10:00;186000,00;186050,00;186000,00;186050,00;74410,00;2
WINM26;16/03/2026;12:05:00;186000,00;186045,00;185900,00;186045,00;446338,00;12
WINM26;16/03/2026;12:00:00;186150,00;186200,00;186070,00;186100,00;1414793,00;38
WINM26;16/03/2026;11:55:00;186020,00;186140,00;186015,00;186035,00;2902687,00;78
WINM26;16/03/2026;11:50:00;185740,00;186015,00;185700,00;186010,00;5241717,00;141
WINM26;16/03/2026;11:45:00;185855,00;185955,00;185735,00;185855,00;6542812,00;176
WINM26;16/03/2026;11:40:00;185955,00;186055,00;185815,00;185815,00;19234123,00;517
WINM26;16/03/2026;11:35:00;185965,00;186145,00;185865,00;185940,00;5430664,00;146
WINM26;16/03/2026;11:30:00;186620,00;186620,00;185985,00;185985,00;6035439,00;162
WINM26;16/03/2026;11:25:00;186730,00;186780,00;186590,00;186590,00;13849517,00;371
WINM26;16/03/2026;11:20:00;186800,00;186800,00;186675,00;186705,00;410788,00;11
WINM26;16/03/2026;11:15:00;186900,00;187000,00;186845,00;186855,00;448618,00;12
WINM26;16/03/2026;11:10:00;186885,00;186885,00;186750,00;186750,00;448408,00;12
WINM26;16/03/2026;11:05:00;186760,00;187080,00;186685,00;186910,00;1607654,00;43
WINM26;16/03/2026;11:00:00;186980,00;187000,00;186760,00;186785,00;1494715,00;40
WINM26;16/03/2026;10:55:00;186780,00;187165,00;186725,00;187030,00;1758276,00;47
WINM26;16/03/2026;10:50:00;186715,00;186810,00;186600,00;186810,00;970791,00;26
WINM26;16/03/2026;10:45:00;187035,00;187105,00;186500,00;186700,00;2988298,00;80
WINM26;16/03/2026;10:40:00;186840,00;187190,00;186835,00;187160,00;3965404,00;106
WINM26;16/03/2026;10:35:00;186415,00;186865,00;186415,00;186850,00;2277162,00;61
WINM26;16/03/2026;10:30:00;186135,00;186420,00;186075,00;186420,00;1080415,00;29
WINM26;16/03/2026;10:25:00;186375,00;186375,00;186100,00;186235,00;1564328,00;42
WINM26;16/03/2026;10:20:00;186300,00;186535,00;186265,00;186340,00;1714517,00;46
WINM26;16/03/2026;10:15:00;186560,00;186580,00;186375,00;186460,00;1342355,00;36
WINM26;16/03/2026;10:10:00;186500,00;186750,00;186460,00;186590,00;2836466,00;76
WINM26;16/03/2026;10:05:00;186545,00;186710,00;186420,00;186480,00;1865637,00;50
WINM26;16/03/2026;10:00:00;186245,00;186690,00;186160,00;186685,00;2386753,00;64
WINM26;16/03/2026;09:55:00;186620,00;186690,00;186300,00;186305,00;2723098,00;73
WINM26;16/03/2026;09:50:00;186825,00;186865,00;186600,00;186685,00;13041216,00;349
WINM26;16/03/2026;09:45:00;186810,00;186900,00;186705,00;186785,00;44798066,00;1199
WINM26;16/03/2026;09:40:00;187095,00;187095,00;186695,00;186800,00;3887073,00;104
WINM26;16/03/2026;09:35:00;187075,00;187215,00;187010,00;187100,00;5501318,00;147
WINM26;16/03/2026;09:30:00;186780,00;187105,00;186750,00;187070,00;4001597,00;107
WINM26;16/03/2026;09:25:00;186480,00;186820,00;186480,00;186795,00;3360373,00;90
WINM26;16/03/2026;09:20:00;186400,00;186600,00;186305,00;186400,00;4586788,00;123
WINM26;16/03/2026;09:15:00;186370,00;186690,00;186340,00;186560,00;2276325,00;61
WINM26;16/03/2026;09:10:00;186135,00;186435,00;186115,00;186330,00;3427861,00;92
WINM26;16/03/2026;09:05:00;185365,00;186275,00;185235,00;186135,00;4013986,00;108
WINM26;16/03/2026;09:00:00;185815,00;185815,00;185125,00;185415,00;11727223,00;316
WINM26;13/03/2026;18:20:00;183460,00;183860,00;183400,00;183860,00;2386505,00;65
WINM26;13/03/2026;18:15:00;183480,00;183565,00;183420,00;183420,00;7669710,00;209
WINM26;13/03/2026;18:10:00;183350,00;183425,00;183305,00;183385,00;2860435,00;78
WINM26;13/03/2026;18:05:00;183490,00;183490,00;183365,00;183380,00;4805101,00;131
WINM26;13/03/2026;18:00:00;183565,00;183600,00;183565,00;183565,00;881221,00;24
WINM26;13/03/2026;17:55:00;183485,00;183575,00;183485,00;183575,00;880794,00;24
WINM26;13/03/2026;17:50:00;183500,00;183500,00;183415,00;183415,00;880641,00;24
WINM26;13/03/2026;17:45:00;183550,00;183635,00;183550,00;183605,00;4516416,00;123
WINM26;13/03/2026;17:40:00;183675,00;183750,00;183540,00;183560,00;844940,00;23
WINM26;13/03/2026;17:35:00;183600,00;183680,00;183580,00;183680,00;330500,00;9
WINM26;13/03/2026;17:30:00;183695,00;183715,00;183620,00;183670,00;1175635,00;32
WINM26;13/03/2026;17:25:00;183750,00;183775,00;183700,00;183700,00;551163,00;15
WINM26;13/03/2026;17:20:00;183835,00;183835,00;183750,00;183750,00;514670,00;14
WINM26;13/03/2026;17:15:00;183775,00;183830,00;183775,00;183800,00;257322,00;7
WINM26;13/03/2026;17:10:00;183935,00;183935,00;183780,00;183790,00;2832187,00;77
WINM26;13/03/2026;17:05:00;183650,00;183960,00;183600,00;183915,00;6618732,00;180
WINM26;13/03/2026;17:00:00;183740,00;183785,00;183620,00;183675,00;2277774,00;62
WINM26;13/03/2026;16:55:00;183605,00;183800,00;183495,00;183800,00;8816990,00;240
WINM26;13/03/2026;16:50:00;183325,00;183600,00;183270,00;183600,00;8399620,00;229
WINM26;13/03/2026;16:45:00;183400,00;183415,00;183175,00;183360,00;8538562,00;233
WINM26;13/03/2026;16:40:00;183390,00;183400,00;183270,00;183400,00;4914099,00;134
WINM26;13/03/2026;16:35:00;183335,00;183535,00;183300,00;183405,00;1834152,00;50
WINM26;13/03/2026;16:30:00;183525,00;183545,00;183340,00;183350,00;5284399,00;144
WINM26;13/03/2026;16:25:00;183590,00;183590,00;183390,00;183390,00;2348680,00;64
WINM26;13/03/2026;16:20:00;183975,00;183975,00;183500,00;183650,00;5840582,00;159
WINM26;13/03/2026;16:15:00;184215,00;184215,00;183950,00;184085,00;7291208,00;198
WINM26;13/03/2026;16:10:00;184190,00;184265,00;184125,00;184250,00;20481086,00;556
WINM26;13/03/2026;16:05:00;184200,00;184300,00;184150,00;184190,00;15805110,00;429
WINM26;13/03/2026;16:00:00;184340,00;184385,00;184195,00;184230,00;15773625,00;428
WINM26;13/03/2026;15:55:00;184400,00;184450,00;184285,00;184350,00;8186549,00;222
WINM26;13/03/2026;15:50:00;184550,00;184575,00;184250,00;184395,00;29091743,00;789
WINM26;13/03/2026;15:45:00;184805,00;184850,00;184570,00;184570,00;5394921,00;146
WINM26;13/03/2026;15:40:00;184640,00;184830,00;184635,00;184820,00;8570770,00;232
WINM26;13/03/2026;15:35:00;184535,00;184715,00;184450,00;184645,00;5057968,00;137
WINM26;13/03/2026;15:30:00;184250,00;184555,00;184250,00;184555,00;1217325,00;33
WINM26;13/03/2026;15:25:00;184190,00;184335,00;184160,00;184285,00;5196394,00;141
WINM26;13/03/2026;15:20:00;183970,00;184225,00;183905,00;184225,00;19289486,00;524
WINM26;13/03/2026;15:15:00;184110,00;184235,00;183900,00;183960,00;11116167,00;302
WINM26;13/03/2026;15:10:00;184090,00;184275,00;184000,00;184220,00;15282326,00;415
WINM26;13/03/2026;15:05:00;184365,00;184420,00;184000,00;184115,00;20445001,00;555
WINM26;13/03/2026;15:00:00;184150,00;184380,00;184070,00;184245,00;18130849,00;492
WINM26;13/03/2026;14:55:00;183960,00;184150,00;183945,00;184110,00;16859904,00;458
WINM26;13/03/2026;14:50:00;183750,00;184000,00;183600,00;184000,00;13491136,00;367
WINM26;13/03/2026;14:45:00;184205,00;184325,00;183800,00;183835,00;34461730,00;936
WINM26;13/03/2026;14:40:00;184505,00;184505,00;184005,00;184230,00;28261016,00;767
WINM26;13/03/2026;14:35:00;184520,00;184565,00;184340,00;184455,00;23757675,00;644
WINM26;13/03/2026;14:30:00;184520,00;184615,00;184400,00;184400,00;27821668,00;754
WINM26;13/03/2026;14:25:00;184670,00;184710,00;184435,00;184455,00;31597294,00;856
WINM26;13/03/2026;14:20:00;184885,00;184900,00;184695,00;184745,00;9385398,00;254
WINM26;13/03/2026;14:15:00;184980,00;185100,00;184750,00;184890,00;15976292,00;432
WINM26;13/03/2026;14:10:00;184800,00;184900,00;184630,00;184860,00;19548023,00;529
WINM26;13/03/2026;14:05:00;184975,00;185000,00;184900,00;184900,00;2293494,00;62
WINM26;13/03/2026;14:00:00;185140,00;185165,00;184910,00;184910,00;4033572,00;109
WINM26;13/03/2026;13:55:00;185260,00;185260,00;185100,00;185130,00;851825,00;23
WINM26;13/03/2026;13:50:00;185025,00;185305,00;185025,00;185205,00;9443902,00;255
WINM26;13/03/2026;13:45:00;184835,00;185000,00;184800,00;184960,00;1738654,00;47
WINM26;13/03/2026;13:40:00;184910,00;185140,00;184900,00;185000,00;2035303,00;55
WINM26;13/03/2026;13:35:00;184825,00;185090,00;184825,00;184885,00;8363012,00;226
WINM26;13/03/2026;13:30:00;184780,00;184970,00;184645,00;184765,00;10277481,00;278
WINM26;13/03/2026;13:25:00;184680,00;184680,00;184530,00;184560,00;3100799,00;84
WINM26;13/03/2026;13:20:00;184870,00;184870,00;184675,00;184790,00;9313116,00;252
WINM26;13/03/2026;13:15:00;184780,00;184925,00;184675,00;184890,00;14080879,00;381
WINM26;13/03/2026;13:10:00;184640,00;184920,00;184590,00;184770,00;2919869,00;79
WINM26;13/03/2026;13:05:00;184755,00;184875,00;184600,00;184600,00;554143,00;15
WINM26;13/03/2026;13:00:00;184630,00;184910,00;184555,00;184855,00;8094978,00;219
WINM26;13/03/2026;12:55:00;184815,00;184850,00;184600,00;184700,00;7572052,00;205
WINM26;13/03/2026;12:50:00;184780,00;184850,00;184600,00;184810,00;18287166,00;495
WINM26;13/03/2026;12:45:00;184585,00;185200,00;184545,00;184770,00;28630727,00;774
WINM26;13/03/2026;12:40:00;184860,00;184900,00;184540,00;184640,00;2215934,00;60
WINM26;13/03/2026;12:35:00;184740,00;184800,00;184475,00;184735,00;1145057,00;31
WINM26;13/03/2026;12:30:00;184580,00;184800,00;184500,00;184800,00;1476873,00;40
WINM26;13/03/2026;12:25:00;184315,00;184600,00;184290,00;184505,00;1918308,00;52
WINM26;13/03/2026;12:20:00;184845,00;184855,00;184300,00;184355,00;5761120,00;156
WINM26;13/03/2026;12:15:00;185115,00;185210,00;184800,00;184800,00;18171013,00;491
WINM26;13/03/2026;12:10:00;185135,00;185300,00;184935,00;185095,00;17105734,00;462
WINM26;13/03/2026;12:05:00;185235,00;185320,00;184985,00;185150,00;13444049,00;363
WINM26;13/03/2026;12:00:00;185245,00;185330,00;185060,00;185230,00;19150809,00;517
WINM26;13/03/2026;11:55:00;185515,00;185590,00;185100,00;185300,00;42166672,00;1138
WINM26;13/03/2026;11:50:00;185685,00;185775,00;185535,00;185550,00;20793046,00;560
WINM26;13/03/2026;11:45:00;185625,00;185705,00;185425,00;185625,00;9392155,00;253
WINM26;13/03/2026;11:40:00;185825,00;185865,00;185625,00;185650,00;1708701,00;46
WINM26;13/03/2026;11:35:00;186305,00;186305,00;185915,00;185985,00;2641702,00;71
WINM26;13/03/2026;11:30:00;185675,00;186355,00;185675,00;186355,00;2010568,00;54
WINM26;13/03/2026;11:25:00;185860,00;185880,00;185630,00;185730,00;2154615,00;58
WINM26;13/03/2026;11:20:00;186055,00;186090,00;185720,00;185720,00;2528113,00;68
WINM26;13/03/2026;11:15:00;186195,00;186195,00;185825,00;185960,00;3756550,00;101
WINM26;13/03/2026;11:10:00;186330,00;186350,00;186200,00;186200,00;1825224,00;49
WINM26;13/03/2026;11:05:00;186465,00;186600,00;186240,00;186450,00;5441229,00;146
WINM26;13/03/2026;11:00:00;186600,00;186705,00;186465,00;186705,00;2350388,00;63
WINM26;13/03/2026;10:55:00;186600,00;186800,00;186550,00;186750,00;1829981,00;49
WINM26;13/03/2026;10:50:00;186625,00;186865,00;186580,00;186865,00;2463747,00;66
WINM26;13/03/2026;10:45:00;186850,00;187010,00;186600,00;186625,00;3175945,00;85
WINM26;13/03/2026;10:40:00;186945,00;187055,00;186640,00;186640,00;1682633,00;45
WINM26;13/03/2026;10:35:00;186665,00;187070,00;186600,00;186910,00;6842934,00;183
WINM26;13/03/2026;10:30:00;186815,00;187060,00;186500,00;186745,00;4559555,00;122
WINM26;13/03/2026;10:25:00;186580,00;186950,00;186560,00;186775,00;7772404,00;208
WINM26;13/03/2026;10:20:00;186450,00;186680,00;186400,00;186620,00;2126674,00;57
WINM26;13/03/2026;10:15:00;186595,00;186610,00;186310,00;186445,00;1193293,00;32
WINM26;13/03/2026;10:10:00;186100,00;186600,00;186100,00;186345,00;6751170,00;181
WINM26;13/03/2026;10:05:00;185880,00;186110,00;185880,00;185985,00;1041738,00;28
WINM26;13/03/2026;10:00:00;185700,00;186065,00;185645,00;185880,00;2192694,00;59
WINM26;13/03/2026;09:55:00;185880,00;185880,00;185800,00;185815,00;483132,00;13
WINM26;13/03/2026;09:50:00;186060,00;186230,00;185820,00;185915,00;1264192,00;34
WINM26;13/03/2026;09:45:00;186200,00;186500,00;186070,00;186095,00;3763770,00;101
WINM26;13/03/2026;09:40:00;185990,00;186185,00;185800,00;186185,00;1264554,00;34
WINM26;13/03/2026;09:35:00;186195,00;186255,00;185990,00;186020,00;1191071,00;32
WINM26;13/03/2026;09:30:00;186315,00;186485,00;186200,00;186250,00;2087266,00;56
WINM26;13/03/2026;09:25:00;186000,00;186210,00;186000,00;186180,00;2606215,00;70
WINM26;13/03/2026;09:20:00;186090,00;186350,00;186065,00;186115,00;1787365,00;48
WINM26;13/03/2026;09:15:00;185865,00;186210,00;185860,00;186045,00;3831580,00;103
WINM26;13/03/2026;09:10:00;185800,00;185940,00;185415,00;185830,00;4640791,00;125
WINM26;13/03/2026;09:05:00;185950,00;186050,00;185720,00;185930,00;4833563,00;130
WINM26;13/03/2026;09:00:00;186000,00;186215,00;185600,00;185895,00;12791271,00;344
WINM26;12/03/2026;18:20:00;185050,00;185125,00;185020,00;185120,00;4552110,00;123
WINM26;12/03/2026;18:15:00;184975,00;185100,00;184880,00;185100,00;999083,00;27
WINM26;12/03/2026;18:10:00;185080,00;185080,00;184995,00;185000,00;222032,00;6
WINM26;12/03/2026;18:05:00;184955,00;184980,00;184955,00;184980,00;73987,00;2
WINM26;12/03/2026;18:00:00;184925,00;184950,00;184900,00;184950,00;406830,00;11
WINM26;12/03/2026;17:55:00;185045,00;185110,00;184970,00;184970,00;1443473,00;39
WINM26;12/03/2026;17:50:00;185035,00;185050,00;185030,00;185030,00;185040,00;5
WINM26;12/03/2026;17:45:00;185050,00;185050,00;184975,00;184975,00;776910,00;21
WINM26;12/03/2026;17:40:00;184965,00;185050,00;184965,00;185050,00;480940,00;13
WINM26;12/03/2026;17:35:00;184865,00;184950,00;184825,00;184900,00;1072242,00;29
WINM26;12/03/2026;17:30:00;185075,00;185075,00;184850,00;184860,00;1738934,00;47
WINM26;12/03/2026;17:25:00;185155,00;185180,00;185155,00;185180,00;259230,00;7
WINM26;12/03/2026;17:20:00;185135,00;185135,00;185090,00;185090,00;111072,00;3
WINM26;12/03/2026;17:15:00;185025,00;185210,00;185025,00;185145,00;2036809,00;55
WINM26;12/03/2026;17:10:00;185080,00;185080,00;184955,00;185015,00;2183178,00;59
WINM26;12/03/2026;17:05:00;185310,00;185310,00;185140,00;185145,00;1259414,00;34
WINM26;12/03/2026;17:00:00;185010,00;185330,00;185010,00;185310,00;6261354,00;169
WINM26;12/03/2026;16:55:00;184980,00;185035,00;184900,00;185035,00;1109706,00;30
WINM26;12/03/2026;16:50:00;185075,00;185120,00;184940,00;185045,00;4884342,00;132
WINM26;12/03/2026;16:45:00;185300,00;185325,00;185075,00;185135,00;3851791,00;104
WINM26;12/03/2026;16:40:00;185655,00;185655,00;185310,00;185365,00;2595682,00;70
WINM26;12/03/2026;16:35:00;185700,00;185795,00;185645,00;185795,00;594293,00;16
WINM26;12/03/2026;16:30:00;185550,00;185870,00;185550,00;185845,00;13451938,00;362
WINM26;12/03/2026;16:25:00;185490,00;185525,00;185395,00;185485,00;964229,00;26
WINM26;12/03/2026;16:20:00;185490,00;185645,00;185490,00;185500,00;1707192,00;46
WINM26;12/03/2026;16:15:00;185650,00;185675,00;185400,00;185465,00;1002082,00;27
WINM26;12/03/2026;16:10:00;185590,00;185660,00;185440,00;185610,00;1224640,00;33
WINM26;12/03/2026;16:05:00;185405,00;185600,00;185405,00;185600,00;3635591,00;98
WINM26;12/03/2026;16:00:00;185410,00;185500,00;185240,00;185445,00;3114121,00;84
WINM26;12/03/2026;15:55:00;185485,00;185590,00;185435,00;185475,00;4452408,00;120
WINM26;12/03/2026;15:50:00;185145,00;185485,00;185130,00;185485,00;17904093,00;483
WINM26;12/03/2026;15:45:00;185180,00;185230,00;185075,00;185135,00;5776458,00;156
WINM26;12/03/2026;15:40:00;185260,00;185260,00;185095,00;185200,00;7147495,00;193
WINM26;12/03/2026;15:35:00;185165,00;185265,00;185065,00;185250,00;10332749,00;279
WINM26;12/03/2026;15:30:00;185210,00;185295,00;185100,00;185165,00;15147807,00;409
WINM26;12/03/2026;15:25:00;185385,00;185400,00;185175,00;185245,00;7966787,00;215
WINM26;12/03/2026;15:20:00;185390,00;185415,00;185125,00;185415,00;19710155,00;532
WINM26;12/03/2026;15:15:00;185520,00;185600,00;185400,00;185425,00;1113114,00;30
WINM26;12/03/2026;15:10:00;185465,00;185490,00;185305,00;185490,00;889797,00;24
WINM26;12/03/2026;15:05:00;185380,00;185525,00;185260,00;185470,00;15053524,00;406
WINM26;12/03/2026;15:00:00;185350,00;185505,00;185300,00;185420,00;9824904,00;265
WINM26;12/03/2026;14:55:00;185290,00;185415,00;185095,00;185310,00;33009269,00;891
WINM26;12/03/2026;14:50:00;185460,00;185550,00;185310,00;185345,00;6230419,00;168
WINM26;12/03/2026;14:45:00;185555,00;185555,00;185360,00;185445,00;6083285,00;164
WINM26;12/03/2026;14:40:00;185840,00;185960,00;185595,00;185640,00;2155137,00;58
WINM26;12/03/2026;14:35:00;185630,00;185860,00;185630,00;185860,00;7725896,00;208
WINM26;12/03/2026;14:30:00;185690,00;185800,00;185560,00;185625,00;1819259,00;49
WINM26;12/03/2026;14:25:00;185880,00;185880,00;185600,00;185675,00;3046065,00;82
WINM26;12/03/2026;14:20:00;185600,00;185975,00;185600,00;185895,00;1672542,00;45
WINM26;12/03/2026;14:15:00;185700,00;185725,00;185610,00;185680,00;1151156,00;31
WINM26;12/03/2026;14:10:00;185790,00;185930,00;185685,00;185705,00;1746494,00;47
WINM26;12/03/2026;14:05:00;185990,00;186080,00;185790,00;185800,00;3979612,00;107
WINM26;12/03/2026;14:00:00;185830,00;186005,00;185830,00;186005,00;1673478,00;45
WINM26;12/03/2026;13:55:00;185715,00;185775,00;185680,00;185680,00;185728,00;5
WINM26;12/03/2026;13:50:00;185800,00;185855,00;185655,00;185655,00;1671787,00;45
WINM26;12/03/2026;13:45:00;185605,00;185765,00;185465,00;185765,00;556707,00;15
WINM26;12/03/2026;13:40:00;185770,00;185875,00;185600,00;185600,00;519991,00;14
WINM26;12/03/2026;13:35:00;185575,00;185855,00;185540,00;185855,00;1374106,00;37
WINM26;12/03/2026;13:30:00;185540,00;185675,00;185440,00;185585,00;742377,00;20
WINM26;12/03/2026;13:25:00;185600,00;185610,00;185485,00;185610,00;1224812,00;33
WINM26;12/03/2026;13:20:00;185625,00;185985,00;185625,00;185650,00;2676035,00;72
WINM26;12/03/2026;13:15:00;185500,00;185720,00;185500,00;185640,00;1967036,00;53
WINM26;12/03/2026;13:10:00;185410,00;185535,00;185260,00;185530,00;4412322,00;119
WINM26;12/03/2026;13:05:00;185815,00;185850,00;185380,00;185410,00;3858302,00;104
WINM26;12/03/2026;13:00:00;185405,00;185815,00;185400,00;185775,00;1225340,00;33
WINM26;12/03/2026;12:55:00;185440,00;185500,00;185250,00;185500,00;481950,00;13
WINM26;12/03/2026;12:50:00;185400,00;185450,00;185300,00;185420,00;3633764,00;98
WINM26;12/03/2026;12:45:00;185525,00;185810,00;185200,00;185305,00;3746478,00;101
WINM26;12/03/2026;12:40:00;185560,00;185710,00;185200,00;185580,00;2855686,00;77
WINM26;12/03/2026;12:35:00;185260,00;185660,00;185070,00;185660,00;7375646,00;199
WINM26;12/03/2026;12:30:00;184970,00;185275,00;184945,00;185275,00;15291560,00;413
WINM26;12/03/2026;12:25:00;184865,00;185200,00;184855,00;185015,00;38414986,00;1038
WINM26;12/03/2026;12:20:00;184805,00;184865,00;184620,00;184840,00;14519829,00;393
WINM26;12/03/2026;12:15:00;184775,00;184805,00;184665,00;184705,00;27269736,00;738
WINM26;12/03/2026;12:10:00;184780,00;184800,00;184440,00;184710,00;19646195,00;532
WINM26;12/03/2026;12:05:00;184945,00;184980,00;184740,00;184795,00;52841529,00;1429
WINM26;12/03/2026;12:00:00;185230,00;185325,00;184875,00;184925,00;17542728,00;474
WINM26;12/03/2026;11:55:00;185240,00;185425,00;185165,00;185255,00;49177206,00;1327
WINM26;12/03/2026;11:50:00;185385,00;185405,00;185115,00;185250,00;64282355,00;1735
WINM26;12/03/2026;11:45:00;185755,00;186115,00;185275,00;185320,00;30223748,00;814
WINM26;12/03/2026;11:40:00;185425,00;185775,00;185390,00;185725,00;38070268,00;1026
WINM26;12/03/2026;11:35:00;185510,00;185770,00;185390,00;185415,00;47156718,00;1271
WINM26;12/03/2026;11:30:00;185680,00;185730,00;185335,00;185445,00;57945687,00;1562
WINM26;12/03/2026;11:25:00;185840,00;185895,00;185615,00;185735,00;2934790,00;79
WINM26;12/03/2026;11:20:00;185560,00;185835,00;185450,00;185790,00;13179750,00;355
WINM26;12/03/2026;11:15:00;185910,00;186040,00;185535,00;185600,00;10102666,00;272
WINM26;12/03/2026;11:10:00;185800,00;185860,00;185625,00;185825,00;22252516,00;599
WINM26;12/03/2026;11:05:00;185710,00;185910,00;185590,00;185800,00;12967816,00;349
WINM26;12/03/2026;11:00:00;185855,00;185990,00;185720,00;185745,00;1969948,00;53
WINM26;12/03/2026;10:55:00;185640,00;185820,00;185465,00;185700,00;19560617,00;527
WINM26;12/03/2026;10:50:00;186000,00;186300,00;185535,00;185545,00;54644655,00;1470
WINM26;12/03/2026;10:45:00;185565,00;185975,00;185365,00;185970,00;60919044,00;1640
WINM26;12/03/2026;10:40:00;186260,00;186260,00;185230,00;185575,00;66240297,00;1785
WINM26;12/03/2026;10:35:00;186960,00;186965,00;186290,00;186325,00;5225181,00;140
WINM26;12/03/2026;10:30:00;187185,00;187300,00;186800,00;187000,00;4040488,00;108
WINM26;12/03/2026;10:25:00;186960,00;187300,00;186960,00;187300,00;3891574,00;104
WINM26;12/03/2026;10:20:00;186860,00;186950,00;186600,00;186905,00;5752692,00;154
WINM26;12/03/2026;10:15:00;187410,00;187470,00;186860,00;186900,00;5090634,00;136
WINM26;12/03/2026;10:10:00;187700,00;187835,00;187450,00;187450,00;1087849,00;29
WINM26;12/03/2026;10:05:00;187750,00;188000,00;187720,00;187870,00;1127281,00;30
WINM26;12/03/2026;10:00:00;187695,00;187920,00;187400,00;187890,00;2813658,00;75
WINM26;12/03/2026;09:55:00;187860,00;187950,00;187550,00;187615,00;3605347,00;96
WINM26;12/03/2026;09:50:00;188005,00;188250,00;187690,00;187705,00;3119414,00;83
WINM26;12/03/2026;09:45:00;187855,00;188005,00;187700,00;188005,00;901918,00;24
WINM26;12/03/2026;09:40:00;187765,00;187935,00;187610,00;187900,00;1314362,00;35
WINM26;12/03/2026;09:35:00;187890,00;187925,00;187690,00;187765,00;1314862,00;35
WINM26;12/03/2026;09:30:00;188000,00;188010,00;187600,00;187885,00;11455978,00;305
WINM26;12/03/2026;09:25:00;187500,00;188000,00;187500,00;187985,00;5748948,00;153
WINM26;12/03/2026;09:20:00;187630,00;187780,00;187280,00;187520,00;5137530,00;137
WINM26;12/03/2026;09:15:00;187505,00;187645,00;187395,00;187555,00;3300118,00;88
WINM26;12/03/2026;09:10:00;187755,00;187785,00;187355,00;187505,00;6376582,00;170
WINM26;12/03/2026;09:05:00;188115,00;188315,00;187685,00;187770,00;5414211,00;144
WINM26;12/03/2026;09:00:00;189135,00;189240,00;188130,00;188140,00;18835844,00;499
WINM26;11/03/2026;18:20:00;189895,00;189895,00;189870,00;189870,00;493672,00;13
WINM26;11/03/2026;18:15:00;189875,00;189940,00;189875,00;189940,00;455799,00;12
WINM26;11/03/2026;18:10:00;189900,00;189985,00;189900,00;189975,00;455945,00;12
WINM26;11/03/2026;18:05:00;189845,00;190000,00;189700,00;189840,00;3871657,00;102
WINM26;11/03/2026;18:00:00;190100,00;190175,00;189800,00;189850,00;1215410,00;32
WINM26;11/03/2026;17:55:00;190000,00;190055,00;190000,00;190055,00;342055,00;9
WINM26;11/03/2026;17:50:00;190075,00;190095,00;190015,00;190055,00;722132,00;19
WINM26;11/03/2026;17:45:00;190100,00;190100,00;190075,00;190075,00;76035,00;2
WINM26;11/03/2026;17:40:00;190225,00;190225,00;190125,00;190125,00;152138,00;4
WINM26;11/03/2026;17:35:00;190050,00;190200,00;190050,00;190200,00;1331094,00;35
WINM26;11/03/2026;17:30:00;190065,00;190070,00;190000,00;190055,00;988167,00;26
WINM26;11/03/2026;17:25:00;189980,00;190040,00;189975,00;190040,00;532009,00;14
WINM26;11/03/2026;17:20:00;190100,00;190100,00;189980,00;190065,00;1976457,00;52
WINM26;11/03/2026;17:15:00;190150,00;190175,00;190100,00;190175,00;760553,00;20
WINM26;11/03/2026;17:10:00;190210,00;190275,00;190165,00;190165,00;875023,00;23
WINM26;11/03/2026;17:05:00;190170,00;190280,00;190170,00;190260,00;684889,00;18
WINM26;11/03/2026;17:00:00;190135,00;190250,00;190010,00;190175,00;1140914,00;30
WINM26;11/03/2026;16:55:00;190125,00;190225,00;190085,00;190165,00;1140831,00;30
WINM26;11/03/2026;16:50:00;190000,00;190075,00;190000,00;190070,00;190030,00;5
WINM26;11/03/2026;16:45:00;190000,00;190000,00;189950,00;189950,00;341961,00;9
WINM26;11/03/2026;16:40:00;190230,00;190245,00;190025,00;190025,00;836764,00;22
WINM26;11/03/2026;16:35:00;190055,00;190200,00;190000,00;190200,00;1368568,00;36
WINM26;11/03/2026;16:30:00;189910,00;190075,00;189820,00;190075,00;2469420,00;65
WINM26;11/03/2026;16:25:00;189725,00;189875,00;189720,00;189860,00;1328538,00;35
WINM26;11/03/2026;16:20:00;189640,00;189720,00;189640,00;189720,00;644978,00;17
WINM26;11/03/2026;16:15:00;189430,00;189680,00;189430,00;189680,00;1857983,00;49
WINM26;11/03/2026;16:10:00;189375,00;189430,00;189305,00;189430,00;795262,00;21
WINM26;11/03/2026;16:05:00;189350,00;189420,00;189330,00;189420,00;189355,00;5
WINM26;11/03/2026;16:00:00;189600,00;189600,00;189350,00;189510,00;3826770,00;101
WINM26;11/03/2026;15:55:00;189745,00;189795,00;189620,00;189675,00;531175,00;14
WINM26;11/03/2026;15:50:00;189615,00;189805,00;189570,00;189805,00;1479711,00;39
WINM26;11/03/2026;15:45:00;189610,00;189660,00;189550,00;189550,00;606691,00;16
WINM26;11/03/2026;15:40:00;189555,00;189745,00;189540,00;189710,00;2693297,00;71
WINM26;11/03/2026;15:35:00;189505,00;189690,00;189485,00;189660,00;1137456,00;30
WINM26;11/03/2026;15:30:00;189435,00;189465,00;189435,00;189465,00;75780,00;2
WINM26;11/03/2026;15:25:00;189400,00;189545,00;189320,00;189435,00;795751,00;21
WINM26;11/03/2026;15:20:00;189445,00;189535,00;189270,00;189400,00;946931,00;25
WINM26;11/03/2026;15:15:00;189390,00;189530,00;189375,00;189455,00;2766053,00;73
WINM26;11/03/2026;15:10:00;189090,00;189375,00;188945,00;189375,00;1928649,00;51
WINM26;11/03/2026;15:05:00;189200,00;189345,00;189095,00;189140,00;983811,00;26
WINM26;11/03/2026;15:00:00;189245,00;189340,00;189200,00;189250,00;1097875,00;29
WINM26;11/03/2026;14:55:00;189155,00;189295,00;189100,00;189255,00;832546,00;22
WINM26;11/03/2026;14:50:00;189290,00;189500,00;189165,00;189200,00;1741977,00;46
WINM26;11/03/2026;14:45:00;189100,00;189320,00;189100,00;189250,00;1211152,00;32
WINM26;11/03/2026;14:40:00;188955,00;189190,00;188955,00;189135,00;2004294,00;53
WINM26;11/03/2026;14:35:00;189350,00;189350,00;188750,00;188930,00;6010342,00;159
WINM26;11/03/2026;14:30:00;189800,00;189805,00;189400,00;189420,00;2350243,00;62
WINM26;11/03/2026;14:25:00;189630,00;189750,00;189630,00;189730,00;607106,00;16
WINM26;11/03/2026;14:20:00;189390,00;189715,00;189390,00;189715,00;910326,00;24
WINM26;11/03/2026;14:15:00;189445,00;189490,00;189230,00;189275,00;3674153,00;97
WINM26;11/03/2026;14:10:00;189760,00;189775,00;189420,00;189420,00;3526712,00;93
WINM26;11/03/2026;14:05:00;189725,00;189785,00;189690,00;189690,00;493334,00;13
WINM26;11/03/2026;14:00:00;189730,00;189730,00;189610,00;189610,00;948213,00;25
WINM26;11/03/2026;13:55:00;189700,00;189700,00;189675,00;189675,00;265566,00;7
WINM26;11/03/2026;13:50:00;189675,00;189815,00;189675,00;189815,00;1252296,00;33
WINM26;11/03/2026;13:45:00;189505,00;189660,00;189480,00;189530,00;796282,00;21
WINM26;11/03/2026;13:40:00;189485,00;189595,00;189405,00;189425,00;1288444,00;34
WINM26;11/03/2026;13:35:00;189725,00;189800,00;189390,00;189390,00;2616088,00;69
WINM26;11/03/2026;13:30:00;189330,00;189820,00;189330,00;189770,00;5574123,00;147
WINM26;11/03/2026;13:25:00;189340,00;189415,00;189170,00;189260,00;2915353,00;77
WINM26;11/03/2026;13:20:00;189255,00;189325,00;189180,00;189290,00;1514120,00;40
WINM26;11/03/2026;13:15:00;189380,00;189405,00;189240,00;189245,00;1779379,00;47
WINM26;11/03/2026;13:10:00;189465,00;189515,00;189200,00;189465,00;3219090,00;85
WINM26;11/03/2026;13:05:00;189510,00;189540,00;189375,00;189410,00;1591244,00;42
WINM26;11/03/2026;13:00:00;189520,00;189615,00;189445,00;189475,00;2426052,00;64
WINM26;11/03/2026;12:55:00;189835,00;189835,00;189535,00;189580,00;1479051,00;39
WINM26;11/03/2026;12:50:00;189700,00;189915,00;189700,00;189805,00;683359,00;18
WINM26;11/03/2026;12:45:00;189690,00;189820,00;189625,00;189750,00;1745553,00;46
WINM26;11/03/2026;12:40:00;189960,00;189965,00;189700,00;189700,00;2087736,00;55
WINM26;11/03/2026;12:35:00;189815,00;190095,00;189815,00;189955,00;2203718,00;58
WINM26;11/03/2026;12:30:00;190240,00;190240,00;189775,00;189880,00;4901803,00;129
WINM26;11/03/2026;12:25:00;190505,00;190540,00;190190,00;190195,00;2093786,00;55
WINM26;11/03/2026;12:20:00;190245,00;190475,00;190185,00;190415,00;7383340,00;194
WINM26;11/03/2026;12:15:00;190540,00;190540,00;190170,00;190270,00;49734879,00;1307
WINM26;11/03/2026;12:10:00;190800,00;190915,00;190515,00;190730,00;1601522,00;42
WINM26;11/03/2026;12:05:00;190720,00;190730,00;190600,00;190615,00;495672,00;13
WINM26;11/03/2026;12:00:00;190985,00;191105,00;190505,00;190800,00;2861072,00;75
WINM26;11/03/2026;11:55:00;190970,00;191200,00;190970,00;190975,00;1375664,00;36
WINM26;11/03/2026;11:50:00;190985,00;191005,00;190600,00;191000,00;2710131,00;71
WINM26;11/03/2026;11:45:00;190830,00;191130,00;190750,00;190950,00;3055492,00;80
WINM26;11/03/2026;11:40:00;190780,00;190930,00;190650,00;190905,00;1755130,00;46
WINM26;11/03/2026;11:35:00;190940,00;191000,00;190630,00;190750,00;2557078,00;67
WINM26;11/03/2026;11:30:00;190905,00;191135,00;190775,00;190855,00;1871253,00;49
WINM26;11/03/2026;11:25:00;191205,00;191265,00;190850,00;190990,00;2979855,00;78
WINM26;11/03/2026;11:20:00;191590,00;191780,00;191200,00;191245,00;4938176,00;129
WINM26;11/03/2026;11:15:00;191705,00;191705,00;191500,00;191625,00;1494419,00;39
WINM26;11/03/2026;11:10:00;191960,00;191990,00;191575,00;191600,00;10472579,00;273
WINM26;11/03/2026;11:05:00;191645,00;192080,00;191640,00;192035,00;4795879,00;125
WINM26;11/03/2026;11:00:00;191300,00;191905,00;191250,00;191635,00;11420106,00;298
WINM26;11/03/2026;10:55:00;191200,00;191445,00;191110,00;191350,00;3978827,00;104
WINM26;11/03/2026;10:50:00;191155,00;191250,00;190810,00;191135,00;3439500,00;90
WINM26;11/03/2026;10:45:00;190640,00;191145,00;190575,00;191080,00;2978210,00;78
WINM26;11/03/2026;10:40:00;190755,00;191105,00;190445,00;190700,00;30486190,00;799
WINM26;11/03/2026;10:35:00;190240,00;190760,00;190130,00;190730,00;55547957,00;1460
WINM26;11/03/2026;10:30:00;190145,00;190340,00;189800,00;190235,00;8476539,00;223
WINM26;11/03/2026;10:25:00;189615,00;190165,00;189615,00;190130,00;5431026,00;143
WINM26;11/03/2026;10:20:00;189340,00;189650,00;189150,00;189550,00;7046092,00;186
WINM26;11/03/2026;10:15:00;189080,00;189390,00;189000,00;189390,00;5221977,00;138
WINM26;11/03/2026;10:10:00;188280,00;189070,00;188270,00;188965,00;6453571,00;171
WINM26;11/03/2026;10:05:00;188190,00;188380,00;188095,00;188250,00;5044832,00;134
WINM26;11/03/2026;10:00:00;187955,00;188185,00;187915,00;188180,00;10947373,00;291
WINM26;11/03/2026;09:55:00;187790,00;188025,00;187720,00;187920,00;5636868,00;150
WINM26;11/03/2026;09:50:00;187685,00;187860,00;187600,00;187785,00;3228915,00;86
WINM26;11/03/2026;09:45:00;187835,00;187845,00;187655,00;187705,00;6683423,00;178
WINM26;11/03/2026;09:40:00;188085,00;188300,00;187850,00;187850,00;6130408,00;163
WINM26;11/03/2026;09:35:00;187975,00;188250,00;187900,00;188015,00;6883317,00;183
WINM26;11/03/2026;09:30:00;189000,00;189095,00;187965,00;187965,00;12853971,00;341
WINM26;11/03/2026;09:25:00;188990,00;189080,00;188845,00;188930,00;1587467,00;42
WINM26;11/03/2026;09:20:00;189025,00;189200,00;188840,00;188975,00;2797171,00;74
WINM26;11/03/2026;09:15:00;189170,00;189215,00;188900,00;188965,00;13230793,00;350
WINM26;11/03/2026;09:10:00;189555,00;189565,00;189080,00;189170,00;4012202,00;106
WINM26;11/03/2026;09:05:00;189785,00;190095,00;189525,00;189595,00;3150580,00;83
WINM26;11/03/2026;09:00:00;189850,00;190250,00;189300,00;189785,00;8619504,00;227
WINM26;10/03/2026;18:20:00;189745,00;189860,00;189740,00;189805,00;873079,00;23
WINM26;10/03/2026;18:15:00;189910,00;189925,00;189745,00;189745,00;911068,00;24
WINM26;10/03/2026;18:10:00;190125,00;190125,00;189880,00;189880,00;1672065,00;44
WINM26;10/03/2026;18:05:00;190135,00;190180,00;190100,00;190145,00;760614,00;20
WINM26;10/03/2026;18:00:00;190125,00;190125,00;189965,00;190080,00;1292526,00;34
WINM26;10/03/2026;17:55:00;190145,00;190200,00;190145,00;190145,00;988896,00;26
WINM26;10/03/2026;17:50:00;190000,00;190145,00;189985,00;190115,00;608173,00;16
WINM26;10/03/2026;17:45:00;190040,00;190040,00;190025,00;190025,00;152029,00;4
WINM26;10/03/2026;17:40:00;190145,00;190145,00;190070,00;190070,00;380199,00;10
WINM26;10/03/2026;17:35:00;190145,00;190145,00;190050,00;190130,00;798461,00;21
WINM26;10/03/2026;17:30:00;190110,00;190245,00;190080,00;190140,00;1673511,00;44
WINM26;10/03/2026;17:25:00;190005,00;190105,00;190000,00;190105,00;874253,00;23
WINM26;10/03/2026;17:20:00;189980,00;190100,00;189980,00;190015,00;1748629,00;46
WINM26;10/03/2026;17:15:00;189975,00;190015,00;189835,00;189900,00;14894869,00;392
WINM26;10/03/2026;17:10:00;189750,00;189980,00;189700,00;189955,00;3835090,00;101
WINM26;10/03/2026;17:05:00;189635,00;189890,00;189605,00;189715,00;25843942,00;681
WINM26;10/03/2026;17:00:00;189595,00;189675,00;189500,00;189620,00;1819871,00;48
WINM26;10/03/2026;16:55:00;189520,00;189600,00;189385,00;189575,00;2880463,00;76
WINM26;10/03/2026;16:50:00;189820,00;189820,00;189400,00;189505,00;12961826,00;342
WINM26;10/03/2026;16:45:00;189900,00;189935,00;189725,00;189725,00;4329641,00;114
WINM26;10/03/2026;16:40:00;189815,00;190120,00;189720,00;189875,00;1709189,00;45
WINM26;10/03/2026;16:35:00;189675,00;189900,00;189540,00;189840,00;5921625,00;156
WINM26;10/03/2026;16:30:00;190005,00;190005,00;189620,00;189620,00;2011634,00;53
WINM26;10/03/2026;16:25:00;190300,00;190300,00;189925,00;190015,00;3877440,00;102
WINM26;10/03/2026;16:20:00;190580,00;190595,00;190325,00;190350,00;1523876,00;40
WINM26;10/03/2026;16:15:00;190450,00;190600,00;190450,00;190540,00;571638,00;15
WINM26;10/03/2026;16:10:00;190350,00;190350,00;190240,00;190275,00;570842,00;15
WINM26;10/03/2026;16:05:00;190370,00;190375,00;190370,00;190370,00;190371,00;5
WINM26;10/03/2026;16:00:00;190260,00;190410,00;190260,00;190410,00;266507,00;7
WINM26;10/03/2026;15:55:00;190290,00;190310,00;190175,00;190310,00;2206489,00;58
WINM26;10/03/2026;15:50:00;190460,00;190650,00;190250,00;190335,00;3161237,00;83
WINM26;10/03/2026;15:45:00;190345,00;190430,00;190240,00;190335,00;2854725,00;75
WINM26;10/03/2026;15:40:00;190550,00;190555,00;190320,00;190365,00;2094713,00;55
WINM26;10/03/2026;15:35:00;190600,00;190800,00;190470,00;190555,00;1563073,00;41
WINM26;10/03/2026;15:30:00;190645,00;190830,00;190605,00;190700,00;953508,00;25
WINM26;10/03/2026;15:25:00;190300,00;190865,00;190270,00;190610,00;5413134,00;142
WINM26;10/03/2026;15:20:00;190135,00;190530,00;190085,00;190320,00;5138525,00;135
WINM26;10/03/2026;15:15:00;190455,00;190525,00;189875,00;190140,00;31525813,00;829
WINM26;10/03/2026;15:10:00;191015,00;191155,00;190415,00;190425,00;70946486,00;1861
WINM26;10/03/2026;15:05:00;191110,00;191125,00;191055,00;191095,00;2560782,00;67
WINM26;10/03/2026;15:00:00;191015,00;191180,00;190925,00;191140,00;3400786,00;89
WINM26;10/03/2026;14:55:00;190975,00;191050,00;190930,00;191050,00;4239510,00;111
WINM26;10/03/2026;14:50:00;190915,00;191080,00;190880,00;191005,00;2406387,00;63
WINM26;10/03/2026;14:45:00;191085,00;191200,00;190900,00;190900,00;2025277,00;53
WINM26;10/03/2026;14:40:00;191025,00;191195,00;191000,00;191045,00;1528581,00;40
WINM26;10/03/2026;14:35:00;191280,00;191340,00;190950,00;190950,00;11463530,00;300
WINM26;10/03/2026;14:30:00;191725,00;191730,00;191280,00;191280,00;10338839,00;270
WINM26;10/03/2026;14:25:00;191390,00;191805,00;191390,00;191735,00;13226352,00;345
WINM26;10/03/2026;14:20:00;191500,00;191500,00;191300,00;191390,00;3444145,00;90
WINM26;10/03/2026;14:15:00;191310,00;191705,00;191310,00;191455,00;11796614,00;308
WINM26;10/03/2026;14:10:00;191135,00;191330,00;191125,00;191330,00;7686744,00;201
WINM26;10/03/2026;14:05:00;190900,00;191160,00;190850,00;191110,00;56194649,00;1471
WINM26;10/03/2026;14:00:00;190740,00;190935,00;190715,00;190840,00;20612504,00;540
WINM26;10/03/2026;13:55:00;190535,00;190805,00;190535,00;190715,00;2173778,00;57
WINM26;10/03/2026;13:50:00;190325,00;190615,00;190325,00;190545,00;26809703,00;704
WINM26;10/03/2026;13:45:00;190450,00;190450,00;190255,00;190350,00;9362951,00;246
WINM26;10/03/2026;13:40:00;190380,00;190550,00;190290,00;190530,00;3808096,00;100
WINM26;10/03/2026;13:35:00;190480,00;190480,00;190280,00;190385,00;1218278,00;32
WINM26;10/03/2026;13:30:00;190260,00;190465,00;190260,00;190465,00;10123488,00;266
WINM26;10/03/2026;13:25:00;190160,00;190240,00;190080,00;190240,00;494459,00;13
WINM26;10/03/2026;13:20:00;190250,00;190260,00;190130,00;190170,00;798836,00;21
WINM26;10/03/2026;13:15:00;190175,00;190360,00;190120,00;190320,00;1788093,00;47
WINM26;10/03/2026;13:10:00;190215,00;190275,00;190080,00;190155,00;1369312,00;36
WINM26;10/03/2026;13:05:00;190345,00;190345,00;190010,00;190215,00;4183568,00;110
WINM26;10/03/2026;13:00:00;190355,00;190500,00;190330,00;190330,00;304642,00;8
WINM26;10/03/2026;12:55:00;190110,00;190500,00;190110,00;190415,00;13774839,00;362
WINM26;10/03/2026;12:50:00;190200,00;190215,00;190020,00;190155,00;2624285,00;69
WINM26;10/03/2026;12:45:00;190060,00;190155,00;189930,00;190155,00;912379,00;24
WINM26;10/03/2026;12:40:00;189995,00;190175,00;189880,00;190085,00;2433097,00;64
WINM26;10/03/2026;12:35:00;189705,00;190135,00;189705,00;190025,00;2508204,00;66
WINM26;10/03/2026;12:30:00;189860,00;189905,00;189685,00;189685,00;2846726,00;75
WINM26;10/03/2026;12:25:00;190150,00;190150,00;189835,00;189835,00;3001404,00;79
WINM26;10/03/2026;12:20:00;190440,00;190500,00;190105,00;190105,00;2322265,00;61
WINM26;10/03/2026;12:15:00;190090,00;190420,00;190080,00;190370,00;3919332,00;103
WINM26;10/03/2026;12:10:00;190185,00;190215,00;190000,00;190090,00;9773049,00;257
WINM26;10/03/2026;12:05:00;190425,00;190495,00;190075,00;190235,00;13286198,00;349
WINM26;10/03/2026;12:00:00;190225,00;190430,00;190225,00;190425,00;5290776,00;139
WINM26;10/03/2026;11:55:00;189920,00;190265,00;189855,00;190245,00;7832511,00;206
WINM26;10/03/2026;11:50:00;189845,00;189955,00;189640,00;189955,00;8388003,00;221
WINM26;10/03/2026;11:45:00;189345,00;189810,00;189340,00;189810,00;2654149,00;70
WINM26;10/03/2026;11:40:00;188725,00;189480,00;188595,00;189375,00;29072965,00;769
WINM26;10/03/2026;11:35:00;188545,00;188800,00;188480,00;188800,00;3092678,00;82
WINM26;10/03/2026;11:30:00;188250,00;188545,00;188180,00;188545,00;13639720,00;362
WINM26;10/03/2026;11:25:00;187745,00;188220,00;187745,00;188220,00;3983807,00;106
WINM26;10/03/2026;11:20:00;187525,00;187870,00;187520,00;187865,00;2289842,00;61
WINM26;10/03/2026;11:15:00;186970,00;187500,00;186970,00;187450,00;1610979,00;43
WINM26;10/03/2026;11:10:00;186950,00;187060,00;186885,00;186885,00;785290,00;21
WINM26;10/03/2026;11:05:00;187555,00;187660,00;187000,00;187000,00;3970654,00;106
WINM26;10/03/2026;11:00:00;187570,00;187570,00;187385,00;187495,00;1462366,00;39
WINM26;10/03/2026;10:55:00;187620,00;187665,00;187445,00;187570,00;1350187,00;36
WINM26;10/03/2026;10:50:00;187600,00;187740,00;187355,00;187655,00;2399702,00;64
WINM26;10/03/2026;10:45:00;187830,00;187830,00;187475,00;187800,00;1351060,00;36
WINM26;10/03/2026;10:40:00;187980,00;187980,00;187600,00;187905,00;1690367,00;45
WINM26;10/03/2026;10:35:00;187720,00;188090,00;187600,00;188085,00;2818108,00;75
WINM26;10/03/2026;10:30:00;187980,00;188115,00;187625,00;187915,00;12066938,00;321
WINM26;10/03/2026;10:25:00;187510,00;187935,00;187510,00;187935,00;1877265,00;50
WINM26;10/03/2026;10:20:00;187600,00;187685,00;187450,00;187480,00;1275493,00;34
WINM26;10/03/2026;10:15:00;187560,00;187710,00;187365,00;187615,00;3375134,00;90
WINM26;10/03/2026;10:10:00;187780,00;187845,00;187580,00;187600,00;3904865,00;104
WINM26;10/03/2026;10:05:00;188600,00;188605,00;187800,00;187855,00;7334867,00;195
WINM26;10/03/2026;10:00:00;188710,00;188870,00;188650,00;188695,00;1019263,00;27
WINM26;10/03/2026;09:55:00;188810,00;188975,00;188705,00;188710,00;1246378,00;33
WINM26;10/03/2026;09:50:00;188660,00;188845,00;188440,00;188775,00;981162,00;26
WINM26;10/03/2026;09:45:00;188540,00;188740,00;188525,00;188710,00;1924283,00;51
WINM26;10/03/2026;09:40:00;188295,00;188500,00;188295,00;188500,00;6446405,00;171
WINM26;10/03/2026;09:35:00;188100,00;188370,00;188100,00;188300,00;1995251,00;53
WINM26;10/03/2026;09:30:00;187695,00;188020,00;187595,00;188020,00;1051660,00;28
WINM26;10/03/2026;09:25:00;187990,00;188170,00;187670,00;187700,00;2292402,00;61
WINM26;10/03/2026;09:20:00;187605,00;188070,00;187510,00;188070,00;1990754,00;53
WINM26;10/03/2026;09:15:00;187770,00;188005,00;187555,00;187800,00;2290859,00;61
WINM26;10/03/2026;09:10:00;187420,00;187800,00;187355,00;187790,00;2702418,00;72
WINM26;10/03/2026;09:05:00;187330,00;187755,00;187100,00;187555,00;4948015,00;132
WINM26;10/03/2026;09:00:00;187885,00;188215,00;187190,00;187350,00;13671855,00;364
WINM26;09/03/2026;18:20:00;187800,00;187960,00;187750,00;187750,00;1615395,00;43
WINM26;09/03/2026;18:15:00;187960,00;187960,00;187675,00;187675,00;938947,00;25
WINM26;09/03/2026;18:10:00;187845,00;188050,00;187845,00;187900,00;1503045,00;40
WINM26;09/03/2026;18:05:00;187830,00;187830,00;187710,00;187710,00;75108,00;2
WINM26;09/03/2026;18:00:00;187800,00;187800,00;187735,00;187760,00;788676,00;21
WINM26;09/03/2026;17:55:00;187980,00;187980,00;187915,00;187970,00;526263,00;14
WINM26;09/03/2026;17:50:00;187990,00;188050,00;187880,00;187880,00;601507,00;16
WINM26;09/03/2026;17:40:00;187770,00;187815,00;187760,00;187815,00;7511549,00;200
WINM26;09/03/2026;17:35:00;187910,00;187910,00;187765,00;187780,00;225383,00;6
WINM26;09/03/2026;17:30:00;187800,00;187965,00;187800,00;187870,00;1390203,00;37
WINM26;09/03/2026;17:25:00;187745,00;187935,00;187745,00;187895,00;1089538,00;29
WINM26;09/03/2026;17:20:00;187420,00;187840,00;187420,00;187790,00;4653782,00;124
WINM26;09/03/2026;17:15:00;187325,00;187470,00;187225,00;187400,00;16261509,00;434
WINM26;09/03/2026;17:10:00;187115,00;187380,00;187070,00;187380,00;1310791,00;35
WINM26;09/03/2026;17:05:00;187400,00;187400,00;187110,00;187185,00;2247042,00;60
WINM26;09/03/2026;17:00:00;187700,00;187715,00;187300,00;187330,00;2588189,00;69
WINM26;09/03/2026;16:55:00;187650,00;187760,00;187535,00;187720,00;19255659,00;513
WINM26;09/03/2026;16:50:00;187700,00;187805,00;187600,00;187725,00;27101033,00;722
WINM26;09/03/2026;16:45:00;187950,00;188075,00;187790,00;187790,00;1428551,00;38
WINM26;09/03/2026;16:40:00;188260,00;188260,00;187680,00;188000,00;6653558,00;177
WINM26;09/03/2026;16:35:00;188005,00;188440,00;187915,00;188200,00;8620216,00;229
WINM26;09/03/2026;16:30:00;188130,00;188315,00;187700,00;188110,00;8048225,00;214
WINM26;09/03/2026;16:25:00;187595,00;188150,00;187595,00;188150,00;8750810,00;233
WINM26;09/03/2026;16:20:00;187400,00;187925,00;187070,00;187500,00;27598879,00;736
WINM26;09/03/2026;16:15:00;186495,00;187420,00;186450,00;187420,00;27291627,00;730
WINM26;09/03/2026;16:10:00;186375,00;186410,00;186285,00;186315,00;298138,00;8
WINM26;09/03/2026;16:05:00;186385,00;186440,00;186360,00;186405,00;1304760,00;35
WINM26;09/03/2026;16:00:00;186015,00;186340,00;186015,00;186340,00;5061940,00;136
WINM26;09/03/2026;15:55:00;186155,00;186160,00;185950,00;185990,00;5171364,00;139
WINM26;09/03/2026;15:50:00;186115,00;186220,00;186065,00;186220,00;8788279,00;236
WINM26;09/03/2026;15:45:00;186315,00;186315,00;186095,00;186120,00;10946892,00;294
WINM26;09/03/2026;15:40:00;186295,00;186365,00;186275,00;186325,00;968762,00;26
WINM26;09/03/2026;15:35:00;186115,00;186365,00;186100,00;186305,00;2607578,00;70
WINM26;09/03/2026;15:30:00;186030,00;186185,00;185970,00;186185,00;7516247,00;202
WINM26;09/03/2026;15:25:00;186180,00;186205,00;185990,00;186065,00;22618356,00;608
WINM26;09/03/2026;15:20:00;186020,00;186310,00;186005,00;186180,00;2010414,00;54
WINM26;09/03/2026;15:15:00;185830,00;186020,00;185790,00;186020,00;1673203,00;45
WINM26;09/03/2026;15:10:00;185475,00;185890,00;185475,00;185790,00;3900960,00;105
WINM26;09/03/2026;15:05:00;185445,00;185550,00;185335,00;185415,00;2114221,00;57
WINM26;09/03/2026;15:00:00;185180,00;185520,00;185180,00;185500,00;5190538,00;140
WINM26;09/03/2026;14:55:00;185220,00;185245,00;185135,00;185175,00;1444430,00;39
WINM26;09/03/2026;14:50:00;185080,00;185215,00;185080,00;185215,00;1259118,00;34
WINM26;09/03/2026;14:45:00;185210,00;185295,00;185115,00;185135,00;2555953,00;69
WINM26;09/03/2026;14:40:00;185280,00;185280,00;185095,00;185200,00;6111665,00;165
WINM26;09/03/2026;14:35:00;185200,00;185350,00;185190,00;185275,00;1334091,00;36
WINM26;09/03/2026;14:30:00;185305,00;185385,00;185200,00;185200,00;3187493,00;86
WINM26;09/03/2026;14:25:00;185305,00;185365,00;185250,00;185270,00;6670835,00;180
WINM26;09/03/2026;14:20:00;185490,00;185505,00;185310,00;185320,00;7378261,00;199
WINM26;09/03/2026;14:15:00;185640,00;185640,00;185410,00;185450,00;6642890,00;179
WINM26;09/03/2026;14:10:00;185765,00;185895,00;185765,00;185810,00;2973067,00;80
WINM26;09/03/2026;14:05:00;185725,00;185790,00;185640,00;185760,00;3008862,00;81
WINM26;09/03/2026;14:00:00;185810,00;185860,00;185625,00;185735,00;5200069,00;140
WINM26;09/03/2026;13:55:00;185680,00;185880,00;185655,00;185760,00;2823479,00;76
WINM26;09/03/2026;13:50:00;185835,00;185880,00;185675,00;185690,00;1300444,00;35
WINM26;09/03/2026;13:45:00;186115,00;186115,00;185800,00;185805,00;1933809,00;52
WINM26;09/03/2026;13:40:00;185940,00;186110,00;185940,00;186110,00;818482,00;22
WINM26;09/03/2026;13:35:00;186030,00;186050,00;185850,00;185850,00;557947,00;15
WINM26;09/03/2026;13:30:00;186025,00;186025,00;185925,00;185925,00;260385,00;7
WINM26;09/03/2026;13:25:00;186075,00;186240,00;186065,00;186065,00;1079620,00;29
WINM26;09/03/2026;13:20:00;185785,00;186085,00;185630,00;186060,00;2565449,00;69
WINM26;09/03/2026;13:15:00;185940,00;185940,00;185675,00;185765,00;11780997,00;317
WINM26;09/03/2026;13:10:00;186240,00;186240,00;185905,00;185965,00;1451108,00;39
WINM26;09/03/2026;13:05:00;186250,00;186405,00;186240,00;186305,00;558950,00;15
WINM26;09/03/2026;13:00:00;186030,00;186405,00;185960,00;186290,00;2570310,00;69
WINM26;09/03/2026;12:55:00;186155,00;186155,00;185940,00;186000,00;1004455,00;27
WINM26;09/03/2026;12:50:00;186145,00;186270,00;186100,00;186100,00;2048402,00;55
WINM26;09/03/2026;12:45:00;186155,00;186230,00;186075,00;186115,00;930734,00;25
WINM26;09/03/2026;12:40:00;186105,00;186150,00;186000,00;186075,00;1265318,00;34
WINM26;09/03/2026;12:35:00;186290,00;186290,00;186025,00;186105,00;2866906,00;77
WINM26;09/03/2026;12:30:00;186495,00;186550,00;186330,00;186330,00;2199807,00;59
WINM26;09/03/2026;12:25:00;186130,00;186570,00;186130,00;186460,00;4288276,00;115
WINM26;09/03/2026;12:20:00;186050,00;186305,00;186050,00;186200,00;5698065,00;153
WINM26;09/03/2026;12:15:00;185860,00;186050,00;185835,00;185985,00;3124096,00;84
WINM26;09/03/2026;12:10:00;185390,00;185850,00;185390,00;185850,00;7240583,00;195
WINM26;09/03/2026;12:05:00;185260,00;185425,00;185240,00;185395,00;2965582,00;80
WINM26;09/03/2026;12:00:00;184970,00;185305,00;184900,00;185285,00;4664627,00;126
WINM26;09/03/2026;11:55:00;185100,00;185205,00;184840,00;184950,00;6292403,00;170
WINM26;09/03/2026;11:50:00;184830,00;185090,00;184830,00;185090,00;2146075,00;58
WINM26;09/03/2026;11:45:00;184935,00;185030,00;184800,00;184845,00;2552178,00;69
WINM26;09/03/2026;11:40:00;184915,00;184945,00;184715,00;184910,00;1959134,00;53
WINM26;09/03/2026;11:35:00;184600,00;185115,00;184555,00;184970,00;8026195,00;217
WINM26;09/03/2026;11:30:00;184595,00;184820,00;184595,00;184645,00;1514392,00;41
WINM26;09/03/2026;11:25:00;184965,00;185050,00;184375,00;184540,00;6645588,00;180
WINM26;09/03/2026;11:20:00;184435,00;185040,00;184435,00;184890,00;3031269,00;82
WINM26;09/03/2026;11:15:00;184230,00;184675,00;184230,00;184465,00;5090853,00;138
WINM26;09/03/2026;11:10:00;184535,00;184550,00;183900,00;184220,00;10754171,00;292
WINM26;09/03/2026;11:05:00;185085,00;185085,00;184135,00;184535,00;17557308,00;476
WINM26;09/03/2026;11:00:00;185040,00;185095,00;184780,00;185060,00;4807658,00;130
WINM26;09/03/2026;10:55:00;185070,00;185235,00;184855,00;185040,00;2072386,00;56
WINM26;09/03/2026;10:50:00;185150,00;185150,00;184800,00;185105,00;4477064,00;121
WINM26;09/03/2026;10:45:00;185520,00;185560,00;185180,00;185200,00;2595818,00;70
WINM26;09/03/2026;10:40:00;185365,00;185575,00;185140,00;185575,00;5449553,00;147
WINM26;09/03/2026;10:35:00;185460,00;185685,00;185265,00;185440,00;9610117,00;259
WINM26;09/03/2026;10:30:00;185295,00;185655,00;185085,00;185485,00;117161726,00;3158
WINM26;09/03/2026;10:25:00;185425,00;185625,00;185250,00;185285,00;1594569,00;43
WINM26;09/03/2026;10:20:00;185115,00;185330,00;185075,00;185330,00;370384,00;10
WINM26;09/03/2026;10:15:00;185345,00;185375,00;185190,00;185270,00;1259761,00;34
WINM26;09/03/2026;10:10:00;185185,00;185515,00;185105,00;185300,00;2817074,00;76
WINM26;09/03/2026;10:05:00;185290,00;185350,00;185050,00;185220,00;3000086,00;81
WINM26;09/03/2026;10:00:00;184920,00;185385,00;184920,00;185385,00;2295816,00;62
WINM26;09/03/2026;09:55:00;184720,00;184940,00;184600,00;184865,00;1108653,00;30
WINM26;09/03/2026;09:50:00;184645,00;184815,00;184620,00;184740,00;1034308,00;28
WINM26;09/03/2026;09:45:00;184800,00;184925,00;184625,00;184625,00;1071808,00;29
WINM26;09/03/2026;09:40:00;184595,00;184780,00;184595,00;184675,00;664899,00;18
WINM26;09/03/2026;09:35:00;184530,00;184615,00;184425,00;184595,00;1143935,00;31
WINM26;09/03/2026;09:30:00;184860,00;185030,00;184535,00;184670,00;10379143,00;281
WINM26;09/03/2026;09:25:00;185130,00;185130,00;184750,00;184985,00;2920854,00;79
WINM26;09/03/2026;09:20:00;184915,00;185070,00;184755,00;185070,00;1812219,00;49
WINM26;09/03/2026;09:15:00;184900,00;185150,00;184805,00;184805,00;1997907,00;54
WINM26;09/03/2026;09:10:00;184765,00;184865,00;184630,00;184865,00;1293193,00;35
WINM26;09/03/2026;09:05:00;184685,00;185290,00;184685,00;184870,00;2738407,00;74
WINM26;09/03/2026;09:00:00;184560,00;185315,00;184395,00;184745,00;7946638,00;215
WINM26;06/03/2026;18:20:00;185980,00;186150,00;185940,00;186100,00;930339,00;25
WINM26;06/03/2026;18:15:00;185950,00;186010,00;185855,00;185940,00;2715333,00;73
WINM26;06/03/2026;18:10:00;185930,00;186060,00;185925,00;186005,00;6250015,00;168
WINM26;06/03/2026;18:05:00;185805,00;185890,00;185710,00;185890,00;891907,00;24
WINM26;06/03/2026;18:00:00;186075,00;186075,00;185760,00;185760,00;9517949,00;256
WINM26;06/03/2026;17:55:00;185680,00;186120,00;185680,00;186000,00;10635030,00;286
WINM26;06/03/2026;17:50:00;185400,00;185660,00;185400,00;185660,00;705208,00;19
WINM26;06/03/2026;17:45:00;185465,00;185600,00;185420,00;185475,00;1075867,00;29
WINM26;06/03/2026;17:40:00;185470,00;185750,00;185400,00;185405,00;8203881,00;221
WINM26;06/03/2026;17:35:00;185400,00;185530,00;185085,00;185530,00;13890449,00;375
WINM26;06/03/2026;17:30:00;185695,00;185755,00;185450,00;185500,00;3675514,00;99
WINM26;06/03/2026;17:25:00;186055,00;186055,00;185690,00;185755,00;10886051,00;293
WINM26;06/03/2026;17:20:00;186250,00;186255,00;186180,00;186180,00;893760,00;24
WINM26;06/03/2026;17:10:00;186380,00;186455,00;186270,00;186450,00;819919,00;22
WINM26;06/03/2026;17:05:00;186415,00;186580,00;186385,00;186450,00;1044465,00;28
WINM26;06/03/2026;17:00:00;186230,00;186450,00;186220,00;186305,00;1490663,00;40
WINM26;06/03/2026;16:55:00;186015,00;186260,00;186015,00;186200,00;9120168,00;245
WINM26;06/03/2026;16:50:00;186210,00;186230,00;186010,00;186010,00;3349787,00;90
WINM26;06/03/2026;16:45:00;186250,00;186305,00;186070,00;186135,00;3015280,00;81
WINM26;06/03/2026;16:40:00;186375,00;186550,00;186375,00;186550,00;447598,00;12
WINM26;06/03/2026;16:35:00;186435,00;186465,00;186255,00;186370,00;2347934,00;63
WINM26;06/03/2026;16:30:00;186510,00;186680,00;186425,00;186425,00;1566857,00;42
WINM26;06/03/2026;16:25:00;186380,00;186655,00;186350,00;186535,00;1491653,00;40
WINM26;06/03/2026;16:20:00;186555,00;186615,00;186385,00;186450,00;2163058,00;58
WINM26;06/03/2026;16:15:00;186395,00;186585,00;186395,00;186585,00;2461451,00;66
WINM26;06/03/2026;16:10:00;186245,00;186425,00;186200,00;186370,00;4546877,00;122
WINM26;06/03/2026;16:05:00;186425,00;186500,00;186270,00;186295,00;7901254,00;212
WINM26;06/03/2026;16:00:00;186410,00;186660,00;186410,00;186540,00;4066599,00;109
WINM26;06/03/2026;15:55:00;186420,00;186525,00;186390,00;186395,00;6600182,00;177
WINM26;06/03/2026;15:50:00;186515,00;186600,00;186350,00;186445,00;5109850,00;137
WINM26;06/03/2026;15:45:00;186590,00;186625,00;186495,00;186520,00;1642039,00;44
WINM26;06/03/2026;15:40:00;186560,00;186600,00;186560,00;186600,00;74632,00;2
WINM26;06/03/2026;15:35:00;186705,00;186705,00;186470,00;186630,00;3581757,00;96
WINM26;06/03/2026;15:30:00;186425,00;186905,00;186425,00;186770,00;3585500,00;96
WINM26;06/03/2026;15:25:00;186510,00;186590,00;186380,00;186425,00;12050756,00;323
WINM26;06/03/2026;15:20:00;186395,00;186605,00;186390,00;186605,00;5970732,00;160
WINM26;06/03/2026;15:15:00;186370,00;186565,00;186330,00;186515,00;1118662,00;30
WINM26;06/03/2026;15:10:00;186115,00;186370,00;186050,00;186330,00;13814829,00;371
WINM26;06/03/2026;15:05:00;185860,00;186175,00;185860,00;186175,00;1302568,00;35
WINM26;06/03/2026;15:00:00;185720,00;186025,00;185715,00;185815,00;3308073,00;89
WINM26;06/03/2026;14:55:00;185795,00;185990,00;185740,00;185740,00;2414955,00;65
WINM26;06/03/2026;14:50:00;185895,00;186020,00;185800,00;185875,00;1822092,00;49
WINM26;06/03/2026;14:45:00;185655,00;185875,00;185510,00;185875,00;3564176,00;96
WINM26;06/03/2026;14:40:00;185750,00;185785,00;185600,00;185710,00;12144471,00;327
WINM26;06/03/2026;14:35:00;186105,00;186105,00;185705,00;185720,00;32660894,00;879
WINM26;06/03/2026;14:30:00;186105,00;186175,00;185950,00;186175,00;19421436,00;522
WINM26;06/03/2026;14:25:00;186200,00;186230,00;185970,00;186100,00;32123165,00;863
WINM26;06/03/2026;14:20:00;186330,00;186520,00;186190,00;186450,00;46076058,00;1236
WINM26;06/03/2026;14:15:00;186170,00;186295,00;186055,00;186295,00;9945442,00;267
WINM26;06/03/2026;14:10:00;186175,00;186290,00;186120,00;186160,00;1973857,00;53
WINM26;06/03/2026;14:05:00;186150,00;186150,00;185910,00;186075,00;1674141,00;45
WINM26;06/03/2026;14:00:00;186115,00;186275,00;185830,00;186245,00;40794910,00;1097
WINM26;06/03/2026;13:55:00;186110,00;186250,00;186000,00;186115,00;6066250,00;163
WINM26;06/03/2026;13:50:00;186410,00;186475,00;186195,00;186195,00;894244,00;24
WINM26;06/03/2026;13:45:00;186715,00;186715,00;186400,00;186400,00;895370,00;24
WINM26;06/03/2026;13:40:00;186635,00;186700,00;186480,00;186480,00;1268717,00;34
WINM26;06/03/2026;13:35:00;186680,00;186860,00;186680,00;186695,00;2203926,00;59
WINM26;06/03/2026;13:30:00;186515,00;186690,00;186415,00;186520,00;895464,00;24
WINM26;06/03/2026;13:25:00;186570,00;186585,00;186540,00;186550,00;634340,00;17
WINM26;06/03/2026;13:20:00;186620,00;186700,00;186250,00;186440,00;1939506,00;52
WINM26;06/03/2026;13:15:00;186165,00;186695,00;186090,00;186640,00;9510049,00;255
WINM26;06/03/2026;13:10:00;186200,00;186240,00;186100,00;186100,00;2308129,00;62
WINM26;06/03/2026;13:05:00;186490,00;186585,00;186300,00;186330,00;7343109,00;197
WINM26;06/03/2026;13:00:00;186305,00;186570,00;186200,00;186470,00;22419079,00;601
WINM26;06/03/2026;12:55:00;186210,00;186510,00;186210,00;186400,00;11585110,00;311
WINM26;06/03/2026;12:50:00;185980,00;186200,00;185970,00;186175,00;1823537,00;49
WINM26;06/03/2026;12:45:00;186250,00;186250,00;185960,00;186050,00;4427167,00;119
WINM26;06/03/2026;12:40:00;186205,00;186225,00;185935,00;186225,00;2158231,00;58
WINM26;06/03/2026;12:35:00;186270,00;186320,00;186090,00;186245,00;3723989,00;100
WINM26;06/03/2026;12:30:00;186320,00;186450,00;186175,00;186375,00;13570172,00;364
WINM26;06/03/2026;12:25:00;186140,00;186305,00;186035,00;186305,00;4094763,00;110
WINM26;06/03/2026;12:20:00;185560,00;186330,00;185560,00;186330,00;6730640,00;181
WINM26;06/03/2026;12:15:00;185750,00;185780,00;185470,00;185600,00;2487762,00;67
WINM26;06/03/2026;12:10:00;185070,00;185770,00;184955,00;185700,00;11669901,00;315
WINM26;06/03/2026;12:05:00;185545,00;185575,00;185050,00;185050,00;5817916,00;157
WINM26;06/03/2026;12:00:00;185175,00;185875,00;185175,00;185500,00;10319691,00;278
WINM26;06/03/2026;11:55:00;185370,00;185445,00;184975,00;185165,00;37527379,00;1014
WINM26;06/03/2026;11:50:00;185650,00;185905,00;185400,00;185400,00;4159501,00;112
WINM26;06/03/2026;11:45:00;185700,00;185800,00;185375,00;185595,00;6198467,00;167
WINM26;06/03/2026;11:40:00;185480,00;185815,00;185200,00;185570,00;37211723,00;1003
WINM26;06/03/2026;11:35:00;185880,00;185880,00;185395,00;185600,00;13549631,00;365
WINM26;06/03/2026;11:30:00;185915,00;186055,00;185670,00;185935,00;3979109,00;107
WINM26;06/03/2026;11:25:00;185635,00;185970,00;185550,00;185885,00;5015051,00;135
WINM26;06/03/2026;11:20:00;185465,00;185660,00;185415,00;185550,00;3265952,00;88
WINM26;06/03/2026;11:15:00;185525,00;185645,00;185325,00;185500,00;4971145,00;134
WINM26;06/03/2026;11:10:00;185080,00;185700,00;185015,00;185510,00;21136065,00;570
WINM26;06/03/2026;11:05:00;185305,00;185450,00;185090,00;185155,00;7298902,00;197
WINM26;06/03/2026;11:00:00;185635,00;185800,00;185215,00;185365,00;6269224,00;169
WINM26;06/03/2026;10:55:00;185860,00;185900,00;185450,00;185665,00;5421916,00;146
WINM26;06/03/2026;10:50:00;186400,00;186500,00;185700,00;185780,00;6397865,00;172
WINM26;06/03/2026;10:45:00;186800,00;186865,00;186030,00;186300,00;5705768,00;153
WINM26;06/03/2026;10:40:00;186900,00;187030,00;186800,00;187000,00;1831589,00;49
WINM26;06/03/2026;10:35:00;187495,00;187540,00;186925,00;186975,00;4717412,00;126
WINM26;06/03/2026;10:30:00;186925,00;187720,00;186920,00;187510,00;11882265,00;317
WINM26;06/03/2026;10:25:00;186910,00;187260,00;186725,00;186990,00;9388167,00;251
WINM26;06/03/2026;10:20:00;186760,00;186975,00;186675,00;186850,00;1345085,00;36
WINM26;06/03/2026;10:15:00;186865,00;186990,00;186485,00;186800,00;2614782,00;70
WINM26;06/03/2026;10:10:00;186650,00;186930,00;186550,00;186755,00;2764352,00;74
WINM26;06/03/2026;10:05:00;186595,00;186910,00;186400,00;186630,00;3771856,00;101
WINM26;06/03/2026;10:00:00;185985,00;186835,00;185985,00;186605,00;5295217,00;142
WINM26;06/03/2026;09:55:00;185640,00;185975,00;185585,00;185955,00;2526014,00;68
WINM26;06/03/2026;09:50:00;185985,00;185985,00;185595,00;185630,00;5646003,00;152
WINM26;06/03/2026;09:45:00;186115,00;186160,00;185885,00;185920,00;1934615,00;52
WINM26;06/03/2026;09:40:00;186280,00;186300,00;185990,00;186055,00;2121769,00;57
WINM26;06/03/2026;09:35:00;186360,00;186615,00;186200,00;186275,00;2945564,00;79
WINM26;06/03/2026;09:30:00;186555,00;186555,00;186145,00;186315,00;1416248,00;38
WINM26;06/03/2026;09:25:00;186075,00;186585,00;186075,00;186530,00;6263549,00;168
WINM26;06/03/2026;09:20:00;185890,00;186165,00;185790,00;186165,00;3868664,00;104
WINM26;06/03/2026;09:15:00;185785,00;186120,00;185740,00;185910,00;3496329,00;94
WINM26;06/03/2026;09:10:00;185385,00;185775,00;185000,00;185775,00;17274567,00;466
WINM26;06/03/2026;09:05:00;185585,00;185985,00;185365,00;185370,00;14996978,00;404
WINM26;06/03/2026;09:00:00;186505,00;186600,00;184600,00;185515,00;10425593,00;281
WINM26;05/03/2026;18:20:00;187010,00;187060,00;186650,00;186650,00;17767187,00;475
WINM26;05/03/2026;18:15:00;186900,00;187005,00;186840,00;186990,00;1159092,00;31
WINM26;05/03/2026;18:10:00;186910,00;187000,00;186655,00;186795,00;2577328,00;69
WINM26;05/03/2026;18:05:00;186935,00;187020,00;186795,00;186940,00;3663383,00;98
WINM26;05/03/2026;18:00:00;187195,00;187220,00;186780,00;186780,00;2618424,00;70
WINM26;05/03/2026;17:55:00;187250,00;187400,00;187060,00;187060,00;4382331,00;117
WINM26;05/03/2026;17:50:00;187500,00;187505,00;187200,00;187355,00;1199155,00;32
WINM26;05/03/2026;17:45:00;187285,00;187400,00;186985,00;187400,00;52340886,00;1399
WINM26;05/03/2026;17:40:00;187365,00;187365,00;187060,00;187295,00;36110140,00;965
WINM26;05/03/2026;17:35:00;187465,00;187600,00;187370,00;187400,00;787439,00;21
WINM26;05/03/2026;17:30:00;187550,00;187550,00;187350,00;187410,00;2999322,00;80
WINM26;05/03/2026;17:25:00;187900,00;188080,00;187600,00;187600,00;4246716,00;113
WINM26;05/03/2026;17:20:00;187560,00;187890,00;187560,00;187820,00;2178299,00;58
WINM26;05/03/2026;17:15:00;187550,00;187750,00;187400,00;187610,00;2063560,00;55
WINM26;05/03/2026;17:10:00;187355,00;187600,00;187325,00;187460,00;19468681,00;519
WINM26;05/03/2026;17:05:00;187200,00;187400,00;186800,00;187290,00;6209050,00;166
WINM26;05/03/2026;17:00:00;187085,00;187300,00;186910,00;187300,00;1272099,00;34
WINM26;05/03/2026;16:55:00;187010,00;187040,00;186880,00;186980,00;1570514,00;42
WINM26;05/03/2026;16:50:00;187250,00;187395,00;187035,00;187035,00;2022222,00;54
WINM26;05/03/2026;16:45:00;187080,00;187210,00;187080,00;187125,00;711139,00;19
WINM26;05/03/2026;16:40:00;187160,00;187310,00;187100,00;187115,00;1909227,00;51
WINM26;05/03/2026;16:35:00;186705,00;187105,00;186680,00;187025,00;1905953,00;51
WINM26;05/03/2026;16:30:00;186965,00;186965,00;186640,00;186770,00;3250154,00;87
WINM26;05/03/2026;16:25:00;187665,00;187665,00;186930,00;187000,00;22569731,00;603
WINM26;05/03/2026;16:20:00;187125,00;187650,00;187125,00;187650,00;24144248,00;644
WINM26;05/03/2026;16:15:00;187120,00;187120,00;186800,00;187085,00;3551911,00;95
WINM26;05/03/2026;16:10:00;187035,00;187210,00;186900,00;187210,00;1833249,00;49
WINM26;05/03/2026;16:05:00;186935,00;187150,00;186935,00;187030,00;1084924,00;29
WINM26;05/03/2026;16:00:00;187080,00;187200,00;186900,00;186900,00;3142202,00;84
WINM26;05/03/2026;15:55:00;187025,00;187210,00;186990,00;187065,00;1496818,00;40
WINM26;05/03/2026;15:50:00;186935,00;187095,00;186770,00;187005,00;3588800,00;96
WINM26;05/03/2026;15:45:00;187270,00;187320,00;186960,00;186960,00;3442566,00;92
WINM26;05/03/2026;15:40:00;186845,00;187260,00;186830,00;187260,00;3630456,00;97
WINM26;05/03/2026;15:35:00;186830,00;187080,00;186780,00;186945,00;2355217,00;63
WINM26;05/03/2026;15:30:00;186745,00;186930,00;186590,00;186825,00;3101121,00;83
WINM26;05/03/2026;15:25:00;186830,00;186865,00;186405,00;186740,00;9480756,00;254
WINM26;05/03/2026;15:20:00;186990,00;187180,00;186755,00;186810,00;6990876,00;187
WINM26;05/03/2026;15:15:00;187330,00;187360,00;186905,00;186930,00;1683465,00;45
WINM26;05/03/2026;15:10:00;187260,00;187500,00;187145,00;187360,00;1685701,00;45
WINM26;05/03/2026;15:05:00;187040,00;187395,00;187040,00;187315,00;711579,00;19
WINM26;05/03/2026;15:00:00;187375,00;187420,00;187105,00;187200,00;2920724,00;78
WINM26;05/03/2026;14:55:00;187435,00;187505,00;187310,00;187505,00;1311821,00;35
WINM26;05/03/2026;14:50:00;187385,00;187780,00;187325,00;187475,00;7806381,00;208
WINM26;05/03/2026;14:45:00;187385,00;187570,00;187310,00;187310,00;6187600,00;165
WINM26;05/03/2026;14:40:00;187285,00;187510,00;187100,00;187360,00;4233105,00;113
WINM26;05/03/2026;14:35:00;187045,00;187545,00;186850,00;187270,00;24034613,00;642
WINM26;05/03/2026;14:30:00;187560,00;187560,00;187090,00;187095,00;7603840,00;203
WINM26;05/03/2026;14:25:00;187725,00;187770,00;187510,00;187560,00;2026310,00;54
WINM26;05/03/2026;14:20:00;187935,00;187970,00;187620,00;187740,00;3829676,00;102
WINM26;05/03/2026;14:15:00;187990,00;188010,00;187760,00;187920,00;16413365,00;437
WINM26;05/03/2026;14:10:00;188155,00;188155,00;187935,00;187950,00;1767638,00;47
WINM26;05/03/2026;14:05:00;188470,00;188485,00;188060,00;188230,00;27070185,00;719
WINM26;05/03/2026;14:00:00;188420,00;188520,00;188310,00;188345,00;11647446,00;309
WINM26;05/03/2026;13:55:00;188390,00;188565,00;188250,00;188310,00;1997342,00;53
WINM26;05/03/2026;13:50:00;188280,00;188405,00;188200,00;188405,00;715647,00;19
WINM26;05/03/2026;13:45:00;188155,00;188300,00;188100,00;188100,00;1844556,00;49
WINM26;05/03/2026;13:40:00;188180,00;188360,00;187900,00;188095,00;1429652,00;38
WINM26;05/03/2026;13:35:00;188045,00;188310,00;187930,00;188100,00;1881103,00;50
WINM26;05/03/2026;13:30:00;188100,00;188520,00;188000,00;188045,00;9193885,00;244
WINM26;05/03/2026;13:25:00;187770,00;188060,00;187770,00;188060,00;1165176,00;31
WINM26;05/03/2026;13:20:00;187785,00;188140,00;187700,00;187770,00;6803911,00;181
WINM26;05/03/2026;13:15:00;187435,00;187780,00;187435,00;187770,00;2589057,00;69
WINM26;05/03/2026;13:10:00;187305,00;187610,00;187295,00;187490,00;5098323,00;136
WINM26;05/03/2026;13:05:00;187810,00;187855,00;187320,00;187365,00;3788215,00;101
WINM26;05/03/2026;13:00:00;188245,00;188250,00;187810,00;187810,00;1165679,00;31
WINM26;05/03/2026;12:55:00;188010,00;188070,00;187640,00;188070,00;5182263,00;138
WINM26;05/03/2026;12:50:00;188070,00;188215,00;188065,00;188160,00;1053439,00;28
WINM26;05/03/2026;12:45:00;188110,00;188175,00;188025,00;188025,00;865242,00;23
WINM26;05/03/2026;12:40:00;188125,00;188365,00;188000,00;188000,00;2560032,00;68
WINM26;05/03/2026;12:35:00;187940,00;188130,00;187810,00;188095,00;1503752,00;40
WINM26;05/03/2026;12:30:00;188045,00;188230,00;187875,00;187940,00;5642351,00;150
WINM26;05/03/2026;12:25:00;187960,00;188090,00;187760,00;188035,00;11352293,00;302
WINM26;05/03/2026;12:20:00;188295,00;188385,00;187930,00;187980,00;13881707,00;369
WINM26;05/03/2026;12:15:00;188710,00;188780,00;188300,00;188350,00;7883771,00;209
WINM26;05/03/2026;12:10:00;189000,00;189000,00;188695,00;188815,00;20163303,00;534
WINM26;05/03/2026;12:05:00;189210,00;189250,00;189000,00;189125,00;2307271,00;61
WINM26;05/03/2026;12:00:00;189355,00;189585,00;189265,00;189365,00;4016002,00;106
WINM26;05/03/2026;11:55:00;189075,00;189355,00;189000,00;189185,00;4539618,00;120
WINM26;05/03/2026;11:50:00;188560,00;189095,00;188540,00;189080,00;9447719,00;250
WINM26;05/03/2026;11:45:00;188500,00;188910,00;188425,00;188605,00;4074060,00;108
WINM26;05/03/2026;11:40:00;188765,00;188765,00;188330,00;188465,00;9468314,00;251
WINM26;05/03/2026;11:35:00;189555,00;189660,00;188500,00;188645,00;7491105,00;198
WINM26;05/03/2026;11:30:00;189215,00;189650,00;189085,00;189510,00;13711099,00;362
WINM26;05/03/2026;11:25:00;189225,00;189305,00;188925,00;189210,00;11345993,00;300
WINM26;05/03/2026;11:20:00;189405,00;189530,00;189150,00;189150,00;4922984,00;130
WINM26;05/03/2026;11:15:00;189935,00;189955,00;189330,00;189445,00;10692252,00;282
WINM26;05/03/2026;11:10:00;190270,00;190325,00;189800,00;189895,00;4751082,00;125
WINM26;05/03/2026;11:05:00;190375,00;190420,00;190075,00;190265,00;2967629,00;78
WINM26;05/03/2026;11:00:00;190145,00;190530,00;190110,00;190375,00;5480920,00;144
WINM26;05/03/2026;10:55:00;190900,00;190915,00;190180,00;190195,00;20676438,00;543
WINM26;05/03/2026;10:50:00;191160,00;191300,00;190895,00;190895,00;4928883,00;129
WINM26;05/03/2026;10:45:00;190940,00;191180,00;190810,00;191180,00;4087504,00;107
WINM26;05/03/2026;10:40:00;190785,00;190880,00;190600,00;190830,00;3319137,00;87
WINM26;05/03/2026;10:35:00;191070,00;191090,00;190720,00;190755,00;3131839,00;82
WINM26;05/03/2026;10:30:00;191125,00;191275,00;190910,00;190910,00;3708216,00;97
WINM26;05/03/2026;10:25:00;190900,00;191205,00;190860,00;191205,00;5080458,00;133
WINM26;05/03/2026;10:20:00;190840,00;191400,00;190785,00;190890,00;9058237,00;237
WINM26;05/03/2026;10:15:00;191115,00;191115,00;190710,00;190810,00;3626024,00;95
WINM26;05/03/2026;10:10:00;191245,00;191300,00;190930,00;191070,00;4970425,00;130
WINM26;05/03/2026;10:05:00;191370,00;191410,00;190810,00;191310,00;15508913,00;406
WINM26;05/03/2026;10:00:00;191280,00;191390,00;191075,00;191120,00;1797582,00;47
WINM26;05/03/2026;09:55:00;191110,00;191285,00;191075,00;191185,00;2179346,00;57
WINM26;05/03/2026;09:50:00;191255,00;191265,00;190950,00;191100,00;3209491,00;84
WINM26;05/03/2026;09:45:00;191075,00;191440,00;191075,00;191125,00;2640194,00;69
WINM26;05/03/2026;09:40:00;191375,00;191385,00;191120,00;191145,00;726560,00;19
WINM26;05/03/2026;09:35:00;191440,00;191515,00;191200,00;191355,00;5129295,00;134
WINM26;05/03/2026;09:30:00;191860,00;191860,00;191265,00;191330,00;3025709,00;79
WINM26;05/03/2026;09:25:00;192050,00;192345,00;191875,00;191965,00;2228155,00;58
WINM26;05/03/2026;09:20:00;191050,00;192005,00;191050,00;191980,00;7129983,00;186
WINM26;05/03/2026;09:15:00;190735,00;191110,00;190735,00;191000,00;2444209,00;64
WINM26;05/03/2026;09:10:00;190920,00;190950,00;190625,00;190945,00;1106742,00;29
WINM26;05/03/2026;09:05:00;190640,00;191025,00;190520,00;190955,00;3051529,00;80
WINM26;05/03/2026;09:00:00;191530,00;191530,00;190380,00;190635,00;3967434,00;104
WINM26;04/03/2026;18:20:00;191655,00;191740,00;191475,00;191645,00;3832071,00;100
WINM26;04/03/2026;18:15:00;191800,00;191800,00;191655,00;191655,00;2952325,00;77
WINM26;04/03/2026;18:10:00;192025,00;192025,00;191770,00;191860,00;10899082,00;284
WINM26;04/03/2026;18:05:00;191995,00;192180,00;191980,00;192080,00;7719150,00;201
WINM26;04/03/2026;18:00:00;192000,00;192050,00;191800,00;191965,00;6524309,00;170
WINM26;04/03/2026;17:55:00;192405,00;192430,00;192000,00;192115,00;3497217,00;91
WINM26;04/03/2026;17:50:00;192775,00;192775,00;192105,00;192325,00;12848852,00;334
WINM26;04/03/2026;17:45:00;192755,00;192875,00;192725,00;192855,00;2930581,00;76
WINM26;04/03/2026;17:40:00;192620,00;192745,00;192590,00;192640,00;655124,00;17
WINM26;04/03/2026;17:35:00;192790,00;192790,00;192630,00;192630,00;1194873,00;31
WINM26;04/03/2026;17:30:00;192685,00;192905,00;192685,00;192810,00;2390932,00;62
WINM26;04/03/2026;17:25:00;192585,00;192585,00;192480,00;192510,00;577604,00;15
WINM26;04/03/2026;17:20:00;192420,00;192610,00;192405,00;192610,00;3733981,00;97
WINM26;04/03/2026;17:15:00;192510,00;192510,00;192420,00;192455,00;500434,00;13
WINM26;04/03/2026;17:10:00;192190,00;192565,00;192180,00;192565,00;1769342,00;46
WINM26;04/03/2026;17:05:00;192300,00;192300,00;192105,00;192225,00;2306350,00;60
WINM26;04/03/2026;17:00:00;192425,00;192425,00;192325,00;192325,00;1308245,00;34
WINM26;04/03/2026;16:55:00;192575,00;192575,00;192350,00;192485,00;1962850,00;51
WINM26;04/03/2026;16:50:00;192485,00;192625,00;192485,00;192610,00;2965478,00;77
WINM26;04/03/2026;16:45:00;192395,00;192510,00;192260,00;192510,00;4001868,00;104
WINM26;04/03/2026;16:40:00;192150,00;192460,00;192150,00;192395,00;6038973,00;157
WINM26;04/03/2026;16:35:00;192005,00;192120,00;192005,00;192120,00;1229211,00;32
WINM26;04/03/2026;16:30:00;191920,00;192005,00;191870,00;191980,00;690968,00;18
WINM26;04/03/2026;16:25:00;191790,00;191805,00;191785,00;191805,00;191798,00;5
WINM26;04/03/2026;16:20:00;191850,00;191895,00;191760,00;191895,00;690542,00;18
WINM26;04/03/2026;16:15:00;192045,00;192045,00;191980,00;191980,00;115202,00;3
WINM26;04/03/2026;16:10:00;191875,00;192060,00;191790,00;192040,00;2302612,00;60
WINM26;04/03/2026;16:05:00;192000,00;192050,00;191920,00;191920,00;1151899,00;30
WINM26;04/03/2026;16:00:00;192025,00;192025,00;191950,00;192000,00;230387,00;6
WINM26;04/03/2026;15:55:00;191975,00;192100,00;191975,00;191975,00;921712,00;24
WINM26;04/03/2026;15:50:00;192035,00;192060,00;191845,00;191930,00;2571862,00;67
WINM26;04/03/2026;15:45:00;191950,00;192040,00;191915,00;191980,00;1267083,00;33
WINM26;04/03/2026;15:40:00;191795,00;191970,00;191775,00;191970,00;1918558,00;50
WINM26;04/03/2026;15:35:00;191605,00;191880,00;191605,00;191820,00;6213894,00;162
WINM26;04/03/2026;15:30:00;191520,00;191650,00;191495,00;191645,00;4253504,00;111
WINM26;04/03/2026;15:25:00;191330,00;191560,00;191330,00;191505,00;919111,00;24
WINM26;04/03/2026;15:20:00;191065,00;191295,00;191065,00;191295,00;956100,00;25
WINM26;04/03/2026;15:15:00;191205,00;191205,00;191110,00;191150,00;917602,00;24
WINM26;04/03/2026;15:10:00;191225,00;191240,00;191175,00;191215,00;764837,00;20
WINM26;04/03/2026;15:05:00;191440,00;191440,00;191280,00;191380,00;1224634,00;32
WINM26;04/03/2026;15:00:00;191455,00;191540,00;191400,00;191465,00;727489,00;19
WINM26;04/03/2026;14:55:00;191720,00;191750,00;191510,00;191510,00;613382,00;16
WINM26;04/03/2026;14:50:00;191635,00;191685,00;191595,00;191685,00;191627,00;5
WINM26;04/03/2026;14:45:00;191620,00;191710,00;191610,00;191620,00;766679,00;20
WINM26;04/03/2026;14:40:00;191560,00;191600,00;191520,00;191600,00;459787,00;12
WINM26;04/03/2026;14:35:00;191395,00;191560,00;191395,00;191550,00;1685188,00;44
WINM26;04/03/2026;14:30:00;191295,00;191410,00;191025,00;191390,00;2907472,00;76
WINM26;04/03/2026;14:25:00;191490,00;191585,00;191455,00;191455,00;1647235,00;43
WINM26;04/03/2026;14:20:00;191480,00;191485,00;191280,00;191485,00;2679460,00;70
WINM26;04/03/2026;14:15:00;191550,00;191645,00;191430,00;191430,00;3101658,00;81
WINM26;04/03/2026;14:10:00;191550,00;191655,00;191530,00;191545,00;1762684,00;46
WINM26;04/03/2026;14:05:00;191510,00;191585,00;191410,00;191490,00;2067922,00;54
WINM26;04/03/2026;14:00:00;191285,00;191540,00;191285,00;191505,00;3215823,00;84
WINM26;04/03/2026;13:55:00;190980,00;191265,00;190980,00;191265,00;802720,00;21
WINM26;04/03/2026;13:50:00;190980,00;191105,00;190955,00;191035,00;649596,00;17
WINM26;04/03/2026;13:45:00;190950,00;191040,00;190940,00;191040,00;382002,00;10
WINM26;04/03/2026;13:40:00;190710,00;190995,00;190680,00;190955,00;1450301,00;38
WINM26;04/03/2026;13:35:00;190915,00;190915,00;190770,00;190880,00;1794053,00;47
WINM26;04/03/2026;13:30:00;190720,00;190935,00;190705,00;190825,00;3129678,00;82
WINM26;04/03/2026;13:25:00;190635,00;190820,00;190635,00;190760,00;3281605,00;86
WINM26;04/03/2026;13:20:00;190660,00;190785,00;190435,00;190600,00;4800455,00;126
WINM26;04/03/2026;13:15:00;190685,00;190900,00;190685,00;190700,00;1564368,00;41
WINM26;04/03/2026;13:10:00;191015,00;191015,00;190580,00;190655,00;2517764,00;66
WINM26;04/03/2026;13:05:00;190850,00;191110,00;190775,00;191040,00;2138497,00;56
WINM26;04/03/2026;13:00:00;191100,00;191100,00;190815,00;190815,00;1107277,00;29
WINM26;04/03/2026;12:55:00;190965,00;191165,00;190945,00;191070,00;3057005,00;80
WINM26;04/03/2026;12:50:00;190855,00;191100,00;190855,00;191000,00;1527978,00;40
WINM26;04/03/2026;12:45:00;190930,00;190965,00;190780,00;190800,00;2442839,00;64
WINM26;04/03/2026;12:40:00;191045,00;191060,00;190850,00;190890,00;2253373,00;59
WINM26;04/03/2026;12:35:00;191060,00;191060,00;190925,00;191025,00;2597334,00;68
WINM26;04/03/2026;12:30:00;191205,00;191300,00;191090,00;191090,00;3058709,00;80
WINM26;04/03/2026;12:25:00;191195,00;191315,00;190970,00;191315,00;3937657,00;103
WINM26;04/03/2026;12:20:00;190935,00;191220,00;190935,00;191220,00;2789144,00;73
WINM26;04/03/2026;12:15:00;190700,00;190915,00;190685,00;190915,00;1831506,00;48
WINM26;04/03/2026;12:10:00;190865,00;190990,00;190590,00;190625,00;36382480,00;953
WINM26;04/03/2026;12:05:00;190410,00;190925,00;190340,00;190925,00;4308214,00;113
WINM26;04/03/2026;12:00:00;190595,00;190900,00;190470,00;190470,00;8274725,00;217
WINM26;04/03/2026;11:55:00;190430,00;190560,00;190275,00;190560,00;9674463,00;254
WINM26;04/03/2026;11:50:00;190225,00;190650,00;190110,00;190520,00;5901536,00;155
WINM26;04/03/2026;11:45:00;190465,00;190565,00;190070,00;190350,00;8639447,00;227
WINM26;04/03/2026;11:40:00;191020,00;191020,00;190445,00;190445,00;4425145,00;116
WINM26;04/03/2026;11:35:00;191070,00;191105,00;190500,00;191035,00;31831655,00;834
WINM26;04/03/2026;11:30:00;191355,00;191475,00;190960,00;191065,00;5964938,00;156
WINM26;04/03/2026;11:25:00;191635,00;191670,00;191385,00;191525,00;3179869,00;83
WINM26;04/03/2026;11:20:00;191880,00;191945,00;191700,00;191700,00;1074420,00;28
WINM26;04/03/2026;11:15:00;191840,00;192090,00;191830,00;191905,00;9217438,00;240
WINM26;04/03/2026;11:10:00;192000,00;192000,00;191640,00;191795,00;9589048,00;250
WINM26;04/03/2026;11:05:00;192210,00;192250,00;191970,00;192055,00;2344512,00;61
WINM26;04/03/2026;11:00:00;192060,00;192315,00;191950,00;192115,00;5227046,00;136
WINM26;04/03/2026;10:55:00;191865,00;192085,00;191800,00;192085,00;2839879,00;74
WINM26;04/03/2026;10:50:00;192170,00;192205,00;191870,00;191940,00;2611983,00;68
WINM26;04/03/2026;10:45:00;192085,00;192200,00;192010,00;192055,00;3188839,00;83
WINM26;04/03/2026;10:40:00;192270,00;192375,00;191830,00;191975,00;10443864,00;272
WINM26;04/03/2026;10:35:00;192575,00;192585,00;192110,00;192170,00;6691186,00;174
WINM26;04/03/2026;10:30:00;193010,00;193010,00;192500,00;192530,00;9291347,00;241
WINM26;04/03/2026;10:25:00;193005,00;193050,00;192880,00;193020,00;1543851,00;40
WINM26;04/03/2026;10:20:00;193045,00;193250,00;192895,00;193055,00;2278107,00;59
WINM26;04/03/2026;10:15:00;192815,00;193050,00;192680,00;193000,00;8791964,00;228
WINM26;04/03/2026;10:10:00;192415,00;193130,00;192415,00;192865,00;14907046,00;387
WINM26;04/03/2026;10:05:00;192445,00;192510,00;192300,00;192445,00;1692925,00;44
WINM26;04/03/2026;10:00:00;192350,00;192540,00;192265,00;192470,00;4040808,00;105
WINM26;04/03/2026;09:55:00;192000,00;192350,00;191850,00;192320,00;6610186,00;172
WINM26;04/03/2026;09:50:00;191810,00;191935,00;191760,00;191770,00;2072094,00;54
WINM26;04/03/2026;09:45:00;191665,00;191980,00;191630,00;191840,00;4680717,00;122
WINM26;04/03/2026;09:40:00;191310,00;191720,00;191310,00;191610,00;3486574,00;91
WINM26;04/03/2026;09:35:00;191360,00;191475,00;191185,00;191235,00;573846,00;15
WINM26;04/03/2026;09:30:00;191295,00;191470,00;191130,00;191255,00;1683423,00;44
WINM26;04/03/2026;09:25:00;191415,00;191445,00;191245,00;191285,00;1301083,00;34
WINM26;04/03/2026;09:20:00;191345,00;191465,00;191105,00;191465,00;1951252,00;51
WINM26;04/03/2026;09:15:00;191620,00;191620,00;191115,00;191220,00;1530821,00;40
WINM26;04/03/2026;09:10:00;191305,00;191685,00;191305,00;191620,00;1302429,00;34
WINM26;04/03/2026;09:05:00;191600,00;191600,00;191040,00;191405,00;5049806,00;132
WINM26;04/03/2026;09:00:00;189400,00;191800,00;189400,00;191800,00;9008012,00;236
WINM26;03/03/2026;18:20:00;189130,00;189155,00;188500,00;188500,00;1623068,00;43
WINM26;03/03/2026;18:15:00;189140,00;189240,00;189100,00;189100,00;1248337,00;33
WINM26;03/03/2026;18:10:00;189635,00;189640,00;189170,00;189210,00;757503,00;20
WINM26;03/03/2026;18:05:00;189705,00;189705,00;189650,00;189660,00;455189,00;12
WINM26;03/03/2026;18:00:00;189560,00;189580,00;189560,00;189560,00;303308,00;8
WINM26;03/03/2026;17:55:00;189475,00;189830,00;189475,00;189740,00;872761,00;23
WINM26;03/03/2026;17:50:00;189620,00;189690,00;189480,00;189480,00;265445,00;7
WINM26;03/03/2026;17:45:00;189605,00;189625,00;189400,00;189550,00;1592242,00;42
WINM26;03/03/2026;17:40:00;189765,00;189800,00;189400,00;189455,00;1782016,00;47
WINM26;03/03/2026;17:35:00;190060,00;190165,00;189735,00;189790,00;873854,00;23
WINM26;03/03/2026;17:30:00;190250,00;190370,00;190000,00;190000,00;3423159,00;90
WINM26;03/03/2026;17:25:00;190255,00;190430,00;190160,00;190400,00;2360487,00;62
WINM26;03/03/2026;17:20:00;190250,00;190325,00;190135,00;190260,00;1445733,00;38
WINM26;03/03/2026;17:15:00;189885,00;190210,00;189885,00;190150,00;4065787,00;107
WINM26;03/03/2026;17:10:00;189950,00;190140,00;189760,00;189895,00;3685165,00;97
WINM26;03/03/2026;17:05:00;189700,00;189965,00;189600,00;189965,00;4782229,00;126
WINM26;03/03/2026;17:00:00;189900,00;190050,00;189730,00;189770,00;15645565,00;412
WINM26;03/03/2026;16:55:00;190130,00;190130,00;189870,00;189880,00;6231202,00;164
WINM26;03/03/2026;16:50:00;190700,00;190860,00;190200,00;190285,00;5789778,00;152
WINM26;03/03/2026;16:45:00;190740,00;191020,00;190590,00;190680,00;3395109,00;89
WINM26;03/03/2026;16:40:00;190465,00;190820,00;190450,00;190710,00;11475471,00;301
WINM26;03/03/2026;16:35:00;189800,00;190340,00;189725,00;190340,00;6843868,00;180
WINM26;03/03/2026;16:30:00;190175,00;190200,00;189880,00;189880,00;2393277,00;63
WINM26;03/03/2026;16:25:00;190160,00;190280,00;189925,00;190005,00;1140491,00;30
WINM26;03/03/2026;16:20:00;190450,00;190480,00;190080,00;190250,00;2359681,00;62
WINM26;03/03/2026;16:15:00;190540,00;190540,00;190145,00;190335,00;2778375,00;73
WINM26;03/03/2026;16:10:00;190645,00;190665,00;190380,00;190550,00;3696180,00;97
WINM26;03/03/2026;16:05:00;191310,00;191325,00;190655,00;190655,00;4925833,00;129
WINM26;03/03/2026;16:00:00;191060,00;191300,00;191020,00;191250,00;11350210,00;297
WINM26;03/03/2026;15:55:00;191145,00;191165,00;190925,00;191010,00;11657303,00;305
WINM26;03/03/2026;15:50:00;191405,00;191590,00;191100,00;191130,00;9908487,00;259
WINM26;03/03/2026;15:45:00;191510,00;191510,00;191300,00;191420,00;4247887,00;111
WINM26;03/03/2026;15:40:00;191360,00;191595,00;191275,00;191340,00;5514873,00;144
WINM26;03/03/2026;15:35:00;190910,00;191385,00;190910,00;191385,00;5774509,00;151
WINM26;03/03/2026;15:30:00;190605,00;190970,00;190605,00;190960,00;3474174,00;91
WINM26;03/03/2026;15:25:00;190660,00;190820,00;190570,00;190660,00;5721423,00;150
WINM26;03/03/2026;15:20:00;190390,00;190670,00;190390,00;190655,00;2934398,00;77
WINM26;03/03/2026;15:15:00;190325,00;190400,00;190315,00;190320,00;2550868,00;67
WINM26;03/03/2026;15:10:00;190295,00;190340,00;190150,00;190340,00;1446120,00;38
WINM26;03/03/2026;15:05:00;189920,00;190295,00;189920,00;190295,00;4637398,00;122
WINM26;03/03/2026;15:00:00;189745,00;189965,00;189695,00;189895,00;2506250,00;66
WINM26;03/03/2026;14:55:00;189800,00;189875,00;189660,00;189770,00;2618342,00;69
WINM26;03/03/2026;14:50:00;189880,00;190120,00;189825,00;189825,00;6230629,00;164
WINM26;03/03/2026;14:45:00;189945,00;190050,00;189720,00;189925,00;2468776,00;65
WINM26;03/03/2026;14:40:00;189670,00;190045,00;189635,00;189890,00;3605466,00;95
WINM26;03/03/2026;14:35:00;189465,00;189650,00;189355,00;189610,00;1592221,00;42
WINM26;03/03/2026;14:30:00;189825,00;189900,00;189455,00;189455,00;1934983,00;51
WINM26;03/03/2026;14:25:00;189930,00;189990,00;189905,00;189990,00;341869,00;9
WINM26;03/03/2026;14:20:00;189610,00;190045,00;189470,00;189945,00;2619162,00;69
WINM26;03/03/2026;14:15:00;189510,00;189600,00;189510,00;189560,00;644504,00;17
WINM26;03/03/2026;14:10:00;189170,00;189640,00;189070,00;189615,00;1515666,00;40
WINM26;03/03/2026;14:05:00;189320,00;189455,00;189120,00;189120,00;1022238,00;27
WINM26;03/03/2026;14:00:00;189450,00;189540,00;189165,00;189260,00;3673790,00;97
WINM26;03/03/2026;13:55:00;189515,00;189710,00;189450,00;189555,00;3033384,00;80
WINM26;03/03/2026;13:50:00;189315,00;189500,00;189245,00;189500,00;6629245,00;175
WINM26;03/03/2026;13:45:00;189245,00;189570,00;189125,00;189300,00;27564613,00;728
WINM26;03/03/2026;13:40:00;189105,00;189310,00;188835,00;189280,00;8621783,00;228
WINM26;03/03/2026;13:35:00;189160,00;189240,00;189000,00;189105,00;3404697,00;90
WINM26;03/03/2026;13:30:00;189365,00;189435,00;188755,00;189105,00;5215812,00;138
WINM26;03/03/2026;13:25:00;189450,00;189565,00;189350,00;189440,00;3902680,00;103
WINM26;03/03/2026;13:20:00;189165,00;189390,00;189090,00;189385,00;5563050,00;147
WINM26;03/03/2026;13:15:00;188995,00;189160,00;188960,00;189160,00;4423934,00;117
WINM26;03/03/2026;13:10:00;188905,00;189000,00;188640,00;188950,00;7252528,00;192
WINM26;03/03/2026;13:05:00;188665,00;189025,00;188660,00;188895,00;10915705,00;289
WINM26;03/03/2026;13:00:00;188400,00;188680,00;188375,00;188665,00;10140939,00;269
WINM26;03/03/2026;12:55:00;188080,00;188380,00;188080,00;188380,00;7454731,00;198
WINM26;03/03/2026;12:50:00;187740,00;188180,00;187705,00;188080,00;4586504,00;122
WINM26;03/03/2026;12:45:00;187745,00;188040,00;187745,00;187815,00;1879186,00;50
WINM26;03/03/2026;12:40:00;187820,00;187890,00;187510,00;187730,00;1126309,00;30
WINM26;03/03/2026;12:35:00;187970,00;187970,00;187595,00;187615,00;1839948,00;49
WINM26;03/03/2026;12:30:00;187915,00;188105,00;187830,00;187865,00;3195556,00;85
WINM26;03/03/2026;12:25:00;187815,00;188150,00;187740,00;187870,00;6504971,00;173
WINM26;03/03/2026;12:20:00;187560,00;187925,00;187500,00;187885,00;3792672,00;101
WINM26;03/03/2026;12:15:00;187635,00;187680,00;187330,00;187520,00;2062758,00;55
WINM26;03/03/2026;12:10:00;187380,00;187650,00;187235,00;187630,00;3299159,00;88
WINM26;03/03/2026;12:05:00;187260,00;187575,00;187230,00;187420,00;4535629,00;121
WINM26;03/03/2026;12:00:00;187975,00;188125,00;187160,00;187350,00;14474483,00;386
WINM26;03/03/2026;11:55:00;188265,00;188270,00;187735,00;187810,00;2181614,00;58
WINM26;03/03/2026;11:50:00;187910,00;188335,00;187870,00;188195,00;4139004,00;110
WINM26;03/03/2026;11:45:00;187450,00;188325,00;187440,00;187860,00;24211004,00;644
WINM26;03/03/2026;11:40:00;188880,00;188905,00;187390,00;187400,00;52790945,00;1405
WINM26;03/03/2026;11:35:00;189050,00;189100,00;188505,00;188980,00;13404266,00;355
WINM26;03/03/2026;11:30:00;189065,00;189665,00;189005,00;189060,00;103071847,00;2720
WINM26;03/03/2026;11:25:00;188995,00;189215,00;188980,00;189135,00;6427616,00;170
WINM26;03/03/2026;11:20:00;189190,00;189245,00;188970,00;189190,00;12214450,00;323
WINM26;03/03/2026;11:15:00;189230,00;189270,00;188900,00;189205,00;63735547,00;1686
WINM26;03/03/2026;11:10:00;189350,00;189440,00;189045,00;189260,00;30043888,00;794
WINM26;03/03/2026;11:05:00;189650,00;189730,00;189295,00;189350,00;4472125,00;118
WINM26;03/03/2026;11:00:00;189515,00;189730,00;189445,00;189600,00;11908028,00;314
WINM26;03/03/2026;10:55:00;189605,00;189655,00;189355,00;189595,00;9135251,00;241
WINM26;03/03/2026;10:50:00;189635,00;189880,00;189565,00;189585,00;7286791,00;192
WINM26;03/03/2026;10:45:00;189920,00;189960,00;189520,00;189615,00;7322518,00;193
WINM26;03/03/2026;10:40:00;190165,00;190190,00;189775,00;189920,00;4710898,00;124
WINM26;03/03/2026;10:35:00;190140,00;190280,00;189885,00;190170,00;8209881,00;216
WINM26;03/03/2026;10:30:00;190050,00;190250,00;190050,00;190165,00;6274876,00;165
WINM26;03/03/2026;10:25:00;190035,00;190215,00;189910,00;190125,00;18090003,00;476
WINM26;03/03/2026;10:20:00;190470,00;190650,00;190210,00;190265,00;7851305,00;206
WINM26;03/03/2026;10:15:00;190165,00;190710,00;190110,00;190285,00;19340243,00;508
WINM26;03/03/2026;10:10:00;190470,00;190490,00;190090,00;190185,00;9286889,00;244
WINM26;03/03/2026;10:05:00;190870,00;190910,00;190450,00;190480,00;11591951,00;304
WINM26;03/03/2026;10:00:00;191230,00;191400,00;190695,00;190905,00;10192613,00;267
WINM26;03/03/2026;09:55:00;191125,00;191360,00;191125,00;191200,00;2868724,00;75
WINM26;03/03/2026;09:50:00;191110,00;191225,00;190925,00;191020,00;2560083,00;67
WINM26;03/03/2026;09:45:00;191450,00;191680,00;191050,00;191185,00;5665972,00;148
WINM26;03/03/2026;09:40:00;191585,00;191590,00;191395,00;191520,00;5093192,00;133
WINM26;03/03/2026;09:35:00;191795,00;191800,00;191500,00;191615,00;12564077,00;328
WINM26;03/03/2026;09:30:00;192045,00;192050,00;191705,00;191745,00;1419593,00;37
WINM26;03/03/2026;09:25:00;192175,00;192210,00;191985,00;192055,00;1191239,00;31
WINM26;03/03/2026;09:20:00;192020,00;192335,00;192020,00;192100,00;3383303,00;88
WINM26;03/03/2026;09:15:00;192050,00;192295,00;191860,00;192110,00;2574891,00;67
WINM26;03/03/2026;09:10:00;191345,00;192100,00;191345,00;192100,00;21087119,00;550
WINM26;03/03/2026;09:05:00;191815,00;191840,00;190875,00;191340,00;47831633,00;1251
WINM26;03/03/2026;09:00:00;192000,00;192095,00;191620,00;191940,00;71516892,00;1864
WINM26;02/03/2026;18:20:00;196250,00;196500,00;196250,00;196500,00;13424907,00;342
WINM26;02/03/2026;18:15:00;196280,00;196320,00;196265,00;196265,00;1413305,00;36
WINM26;02/03/2026;18:10:00;196250,00;196350,00;196250,00;196330,00;4710444,00;120
WINM26;02/03/2026;18:05:00;196425,00;196470,00;196280,00;196280,00;3024985,00;77
WINM26;02/03/2026;18:00:00;196300,00;196400,00;196300,00;196400,00;667545,00;17
WINM26;02/03/2026;17:55:00;196380,00;196400,00;196225,00;196225,00;1492185,00;38
WINM26;02/03/2026;17:50:00;196245,00;196430,00;196245,00;196430,00;471215,00;12
WINM26;02/03/2026;17:45:00;196350,00;196380,00;196210,00;196280,00;549689,00;14
WINM26;02/03/2026;17:40:00;196350,00;196420,00;196215,00;196320,00;2040891,00;52
WINM26;02/03/2026;17:35:00;196240,00;196405,00;196230,00;196340,00;1020817,00;26
WINM26;02/03/2026;17:30:00;196085,00;196445,00;196085,00;196330,00;4947208,00;126
WINM26;02/03/2026;17:25:00;196050,00;196190,00;195995,00;196075,00;784255,00;20
WINM26;02/03/2026;17:20:00;196295,00;196295,00;196090,00;196155,00;1177103,00;30
WINM26;02/03/2026;17:15:00;196115,00;196505,00;196065,00;196260,00;2827465,00;72
WINM26;02/03/2026;17:10:00;196095,00;196255,00;195910,00;196090,00;6313967,00;161
WINM26;02/03/2026;17:05:00;196900,00;196900,00;196000,00;196230,00;28997771,00;738
WINM26;02/03/2026;17:00:00;196905,00;196905,00;196895,00;196900,00;118140,00;3
WINM26;02/03/2026;16:55:00;196925,00;197015,00;196925,00;197000,00;787840,00;20
WINM26;02/03/2026;16:50:00;196930,00;196995,00;196850,00;196930,00;2914115,00;74
WINM26;02/03/2026;16:45:00;197005,00;197070,00;196930,00;196930,00;12410685,00;315
WINM26;02/03/2026;16:40:00;197160,00;197165,00;197025,00;197030,00;3666261,00;93
WINM26;02/03/2026;16:35:00;197225,00;197270,00;197175,00;197220,00;867775,00;22
WINM26;02/03/2026;16:30:00;197180,00;197285,00;197170,00;197250,00;2485365,00;63
WINM26;02/03/2026;16:25:00;197055,00;197190,00;197050,00;197095,00;5991578,00;152
WINM26;02/03/2026;16:20:00;197130,00;197270,00;197015,00;197050,00;9187293,00;233
WINM26;02/03/2026;16:15:00;196900,00;197105,00;196810,00;197105,00;22411147,00;569
WINM26;02/03/2026;16:10:00;196815,00;196910,00;196795,00;196880,00;20353900,00;517
WINM26;02/03/2026;16:05:00;196330,00;196815,00;196305,00;196815,00;31723128,00;807
WINM26;02/03/2026;16:00:00;196200,00;196370,00;196200,00;196335,00;1609637,00;41
WINM26;02/03/2026;15:55:00;196260,00;196265,00;196160,00;196160,00;1844656,00;47
WINM26;02/03/2026;15:50:00;196050,00;196230,00;196050,00;196190,00;2941003,00;75
WINM26;02/03/2026;15:45:00;196105,00;196200,00;196025,00;196080,00;1059139,00;27
WINM26;02/03/2026;15:40:00;196295,00;196310,00;196070,00;196070,00;3649742,00;93
WINM26;02/03/2026;15:35:00;196025,00;196330,00;196025,00;196330,00;5650241,00;144
WINM26;02/03/2026;15:30:00;196155,00;196275,00;196075,00;196075,00;1726648,00;44
WINM26;02/03/2026;15:25:00;195870,00;196090,00;195855,00;196090,00;587936,00;15
WINM26;02/03/2026;15:20:00;196000,00;196000,00;195875,00;195910,00;5171583,00;132
WINM26;02/03/2026;15:15:00;196205,00;196205,00;196050,00;196050,00;3608883,00;92
WINM26;02/03/2026;15:10:00;195970,00;196205,00;195970,00;196205,00;4707716,00;120
WINM26;02/03/2026;15:05:00;195970,00;196005,00;195870,00;195960,00;1097384,00;28
WINM26;02/03/2026;15:00:00;196065,00;196125,00;195925,00;195960,00;3840825,00;98
WINM26;02/03/2026;14:55:00;196015,00;196120,00;196015,00;196050,00;3450864,00;88
WINM26;02/03/2026;14:50:00;195885,00;196035,00;195885,00;195960,00;5723262,00;146
WINM26;02/03/2026;14:45:00;195795,00;195935,00;195795,00;195850,00;5759696,00;147
WINM26;02/03/2026;14:40:00;195645,00;195840,00;195645,00;195760,00;2583997,00;66
WINM26;02/03/2026;14:35:00;195760,00;195800,00;195575,00;195640,00;5516756,00;141
WINM26;02/03/2026;14:30:00;195840,00;195950,00;195750,00;195750,00;3290756,00;84
WINM26;02/03/2026;14:25:00;195665,00;195815,00;195665,00;195815,00;4620327,00;118
WINM26;02/03/2026;14:20:00;195760,00;195785,00;195675,00;195760,00;548136,00;14
WINM26;02/03/2026;14:15:00;195785,00;195890,00;195720,00;195720,00;2898136,00;74
WINM26;02/03/2026;14:10:00;195525,00;195810,00;195465,00;195810,00;8102508,00;207
WINM26;02/03/2026;14:05:00;195555,00;195670,00;195550,00;195595,00;1095372,00;28
WINM26;02/03/2026;14:00:00;195475,00;195590,00;195350,00;195580,00;899047,00;23
WINM26;02/03/2026;13:55:00;195590,00;195590,00;195370,00;195370,00;1289909,00;33
WINM26;02/03/2026;13:50:00;195740,00;195780,00;195525,00;195565,00;3053007,00;78
WINM26;02/03/2026;13:45:00;195690,00;195870,00;195690,00;195725,00;5129750,00;131
WINM26;02/03/2026;13:40:00;195485,00;195770,00;195460,00;195710,00;32249781,00;824
WINM26;02/03/2026;13:35:00;195270,00;195450,00;195270,00;195410,00;7850707,00;201
WINM26;02/03/2026;13:30:00;195255,00;195270,00;195125,00;195270,00;3592001,00;92
WINM26;02/03/2026;13:25:00;195300,00;195300,00;195095,00;195270,00;1600493,00;41
WINM26;02/03/2026;13:20:00;195255,00;195365,00;195245,00;195345,00;4727502,00;121
WINM26;02/03/2026;13:15:00;195435,00;195485,00;195300,00;195315,00;5977145,00;153
WINM26;02/03/2026;13:10:00;195435,00;195620,00;195435,00;195435,00;1485995,00;38
WINM26;02/03/2026;13:05:00;195255,00;195420,00;195235,00;195420,00;2421778,00;62
WINM26;02/03/2026;13:00:00;195010,00;195080,00;194895,00;195050,00;3626864,00;93
WINM26;02/03/2026;12:55:00;195195,00;195195,00;195000,00;195045,00;1092408,00;28
WINM26;02/03/2026;12:50:00;195235,00;195295,00;195060,00;195110,00;2771128,00;71
WINM26;02/03/2026;12:45:00;195395,00;195395,00;195225,00;195285,00;820190,00;21
WINM26;02/03/2026;12:40:00;195410,00;195470,00;195310,00;195310,00;2305917,00;59
WINM26;02/03/2026;12:35:00;195260,00;195410,00;195020,00;195410,00;3239585,00;83
WINM26;02/03/2026;12:30:00;195485,00;195590,00;195225,00;195395,00;4727569,00;121
WINM26;02/03/2026;12:25:00;195520,00;195520,00;195315,00;195430,00;11919156,00;305
WINM26;02/03/2026;12:20:00;195650,00;195715,00;195370,00;195435,00;17789813,00;455
WINM26;02/03/2026;12:15:00;196040,00;196040,00;195665,00;195670,00;9201668,00;235
WINM26;02/03/2026;12:10:00;195650,00;196150,00;195645,00;196100,00;26301073,00;671
WINM26;02/03/2026;12:05:00;195480,00;195780,00;195420,00;195625,00;1995426,00;51
WINM26;02/03/2026;12:00:00;195350,00;195640,00;195300,00;195495,00;3322840,00;85
WINM26;02/03/2026;11:55:00;195585,00;195740,00;195225,00;195350,00;14306219,00;366
WINM26;02/03/2026;11:50:00;195300,00;195590,00;195255,00;195590,00;6447642,00;165
WINM26;02/03/2026;11:45:00;194660,00;195390,00;194625,00;195370,00;4054489,00;104
WINM26;02/03/2026;11:40:00;194585,00;194990,00;194585,00;194695,00;3116885,00;80
WINM26;02/03/2026;11:35:00;194300,00;194755,00;194300,00;194630,00;6148690,00;158
WINM26;02/03/2026;11:30:00;194475,00;194650,00;194320,00;194470,00;2372517,00;61
WINM26;02/03/2026;11:25:00;194560,00;194590,00;194400,00;194485,00;2451002,00;63
WINM26;02/03/2026;11:20:00;194055,00;194530,00;194000,00;194495,00;8312955,00;214
WINM26;02/03/2026;11:15:00;194395,00;194405,00;193980,00;194055,00;7572482,00;195
WINM26;02/03/2026;11:10:00;194465,00;194500,00;194295,00;194330,00;1943932,00;50
WINM26;02/03/2026;11:05:00;193995,00;194535,00;193995,00;194495,00;6217639,00;160
WINM26;02/03/2026;11:00:00;193770,00;193845,00;193600,00;193730,00;5423364,00;140
WINM26;02/03/2026;10:55:00;194105,00;194105,00;193700,00;193780,00;5467905,00;141
WINM26;02/03/2026;10:50:00;194140,00;194265,00;194095,00;194200,00;1514518,00;39
WINM26;02/03/2026;10:45:00;194620,00;194620,00;194135,00;194190,00;29039093,00;747
WINM26;02/03/2026;10:40:00;194925,00;194925,00;194605,00;194605,00;2064221,00;53
WINM26;02/03/2026;10:35:00;195040,00;195095,00;194975,00;194975,00;1404102,00;36
WINM26;02/03/2026;10:30:00;194650,00;195140,00;194550,00;195140,00;2415969,00;62
WINM26;02/03/2026;10:25:00;194920,00;195000,00;194665,00;194670,00;8217951,00;211
WINM26;02/03/2026;10:20:00;194620,00;195040,00;194600,00;194945,00;2922129,00;75
WINM26;02/03/2026;10:15:00;194205,00;194565,00;194205,00;194530,00;2604941,00;67
WINM26;02/03/2026;10:10:00;194360,00;194515,00;194170,00;194210,00;3226246,00;83
WINM26;02/03/2026;10:05:00;194185,00;194340,00;194145,00;194145,00;2719849,00;70
WINM26;02/03/2026;10:00:00;194120,00;194500,00;194075,00;194075,00;8469017,00;218
WINM26;02/03/2026;09:55:00;194050,00;194050,00;193720,00;193720,00;7639263,00;197
WINM26;02/03/2026;09:50:00;194090,00;194240,00;194005,00;194050,00;1785868,00;46
WINM26;02/03/2026;09:45:00;194100,00;194205,00;193875,00;194180,00;15671061,00;404
WINM26;02/03/2026;09:40:00;194210,00;194210,00;194100,00;194100,00;1553161,00;40
WINM26;02/03/2026;09:35:00;194510,00;194510,00;194240,00;194320,00;5637107,00;145
WINM26;02/03/2026;09:30:00;194840,00;194840,00;194600,00;194700,00;3232299,00;83
WINM26;02/03/2026;09:25:00;194805,00;194905,00;194805,00;194825,00;1091182,00;28
WINM26;02/03/2026;09:20:00;194890,00;194890,00;194580,00;194815,00;7869286,00;202
WINM26;02/03/2026;09:15:00;195050,00;195140,00;194990,00;195090,00;4214045,00;108
WINM26;02/03/2026;09:10:00;194720,00;195050,00;194720,00;195000,00;2260888,00;58
WINM26;02/03/2026;09:05:00;194235,00;194760,00;194235,00;194620,00;5954803,00;153
WINM26;02/03/2026;09:00:00;194240,00;194810,00;193905,00;194245,00;17096265,00;440
WINM26;27/02/2026;18:20:00;195805,00;195805,00;195725,00;195725,00;1252807,00;32
WINM26;27/02/2026;18:15:00;195795,00;195850,00;195795,00;195795,00;744071,00;19
WINM26;27/02/2026;18:10:00;195790,00;195865,00;195710,00;195835,00;26191532,00;669
WINM26;27/02/2026;18:05:00;195975,00;196030,00;195775,00;195775,00;8820396,00;225
WINM26;27/02/2026;18:00:00;195940,00;195950,00;195900,00;195910,00;1175546,00;30
WINM26;27/02/2026;17:55:00;195790,00;195960,00;195755,00;195960,00;4738151,00;121
WINM26;27/02/2026;17:50:00;195985,00;195985,00;195690,00;195690,00;3132691,00;80
WINM26;27/02/2026;17:45:00;196075,00;196115,00;195995,00;196005,00;7997042,00;204
WINM26;27/02/2026;17:40:00;196050,00;196145,00;196035,00;196115,00;1608007,00;41
WINM26;27/02/2026;17:35:00;196395,00;196415,00;196050,00;196050,00;45682609,00;1164
WINM26;27/02/2026;17:30:00;196200,00;196400,00;196200,00;196385,00;4397946,00;112
WINM26;27/02/2026;17:25:00;196160,00;196215,00;196125,00;196175,00;1020186,00;26
WINM26;27/02/2026;17:20:00;196055,00;196235,00;196055,00;196190,00;1530217,00;39
WINM26;27/02/2026;17:15:00;195845,00;196170,00;195810,00;196100,00;8000255,00;204
WINM26;27/02/2026;17:10:00;195875,00;195875,00;195790,00;195870,00;783393,00;20
WINM26;27/02/2026;17:05:00;195880,00;195980,00;195880,00;195905,00;1175365,00;30
WINM26;27/02/2026;17:00:00;195985,00;196025,00;195885,00;195885,00;2429793,00;62
WINM26;27/02/2026;16:55:00;195850,00;195985,00;195825,00;195875,00;7209817,00;184
WINM26;27/02/2026;16:50:00;195915,00;195915,00;195825,00;195900,00;5053538,00;129
WINM26;27/02/2026;16:45:00;195760,00;195950,00;195735,00;195890,00;940131,00;24
WINM26;27/02/2026;16:40:00;195940,00;195940,00;195700,00;195725,00;6068502,00;155
WINM26;27/02/2026;16:35:00;196005,00;196060,00;195895,00;195925,00;979905,00;25
WINM26;27/02/2026;16:30:00;195965,00;196050,00;195765,00;196030,00;3173548,00;81
WINM26;27/02/2026;16:25:00;196150,00;196155,00;195985,00;195990,00;4704607,00;120
WINM26;27/02/2026;16:20:00;196400,00;196425,00;196140,00;196145,00;1923354,00;49
WINM26;27/02/2026;16:15:00;196575,00;196595,00;196400,00;196415,00;785977,00;20
WINM26;27/02/2026;16:10:00;196695,00;196735,00;196625,00;196735,00;314690,00;8
WINM26;27/02/2026;16:05:00;196850,00;196850,00;196635,00;196635,00;787092,00;20
WINM26;27/02/2026;16:00:00;196855,00;196940,00;196850,00;196850,00;511861,00;13
WINM26;27/02/2026;15:55:00;196825,00;196880,00;196825,00;196845,00;354334,00;9
WINM26;27/02/2026;15:50:00;196660,00;196805,00;196660,00;196805,00;472179,00;12
WINM26;27/02/2026;15:45:00;196675,00;196675,00;196585,00;196655,00;629179,00;16
WINM26;27/02/2026;15:40:00;196805,00;196840,00;196725,00;196725,00;275484,00;7
WINM26;27/02/2026;15:35:00;196775,00;196840,00;196725,00;196725,00;629692,00;16
WINM26;27/02/2026;15:30:00;196725,00;196850,00;196725,00;196800,00;354228,00;9
WINM26;27/02/2026;15:25:00;196700,00;196780,00;196675,00;196775,00;472194,00;12
WINM26;27/02/2026;15:20:00;196755,00;196755,00;196625,00;196700,00;472075,00;12
WINM26;27/02/2026;15:15:00;196690,00;196800,00;196690,00;196760,00;550898,00;14
WINM26;27/02/2026;15:10:00;196740,00;196845,00;196645,00;196725,00;1534781,00;39
WINM26;27/02/2026;15:05:00;196650,00;196785,00;196650,00;196725,00;550841,00;14
WINM26;27/02/2026;15:00:00;196505,00;196725,00;196505,00;196725,00;1376549,00;35
WINM26;27/02/2026;14:55:00;196575,00;196575,00;196440,00;196520,00;1886400,00;48
WINM26;27/02/2026;14:50:00;196415,00;196585,00;196400,00;196550,00;1925963,00;49
WINM26;27/02/2026;14:45:00;196400,00;196450,00;196395,00;196450,00;864230,00;22
WINM26;27/02/2026;14:40:00;196345,00;196475,00;196290,00;196405,00;1178216,00;30
WINM26;27/02/2026;14:35:00;196550,00;196550,00;196350,00;196495,00;903749,00;23
WINM26;27/02/2026;14:30:00;196565,00;196655,00;196380,00;196495,00;4400976,00;112
WINM26;27/02/2026;14:25:00;196665,00;196735,00;196500,00;196555,00;14076346,00;358
WINM26;27/02/2026;14:20:00;196855,00;196855,00;196610,00;196700,00;944265,00;24
WINM26;27/02/2026;14:15:00;196860,00;196865,00;196790,00;196865,00;157476,00;4
WINM26;27/02/2026;14:10:00;196875,00;196890,00;196725,00;196775,00;15743622,00;400
WINM26;27/02/2026;14:05:00;196830,00;196935,00;196830,00;196930,00;1693284,00;43
WINM26;27/02/2026;14:00:00;196880,00;197050,00;196870,00;196870,00;945293,00;24
WINM26;27/02/2026;13:55:00;196950,00;196960,00;196800,00;196850,00;3504301,00;89
WINM26;27/02/2026;13:50:00;197050,00;197150,00;197030,00;197095,00;906668,00;23
WINM26;27/02/2026;13:45:00;197050,00;197080,00;196975,00;196975,00;1379088,00;35
WINM26;27/02/2026;13:40:00;197040,00;197075,00;196950,00;197050,00;1457891,00;37
WINM26;27/02/2026;13:35:00;197055,00;197055,00;196920,00;196955,00;2954130,00;75
WINM26;27/02/2026;13:30:00;197075,00;197125,00;197065,00;197125,00;946018,00;24
WINM26;27/02/2026;13:25:00;197120,00;197200,00;196980,00;196980,00;1734445,00;44
WINM26;27/02/2026;13:20:00;197485,00;197485,00;197110,00;197180,00;2525021,00;64
WINM26;27/02/2026;13:15:00;197560,00;197700,00;197485,00;197485,00;1383446,00;35
WINM26;27/02/2026;13:10:00;197440,00;197660,00;197365,00;197655,00;987562,00;25
WINM26;27/02/2026;13:05:00;197465,00;197485,00;197440,00;197485,00;355436,00;9
WINM26;27/02/2026;13:00:00;197485,00;197600,00;197445,00;197500,00;355514,00;9
WINM26;27/02/2026;12:55:00;197500,00;197600,00;197485,00;197485,00;276566,00;7
WINM26;27/02/2026;12:50:00;197410,00;197600,00;197285,00;197600,00;987177,00;25
WINM26;27/02/2026;12:45:00;197595,00;197650,00;197350,00;197485,00;592610,00;15
WINM26;27/02/2026;12:40:00;197525,00;197630,00;197525,00;197600,00;1541267,00;39
WINM26;27/02/2026;12:35:00;197075,00;197505,00;197075,00;197405,00;1026138,00;26
WINM26;27/02/2026;12:30:00;197305,00;197305,00;197055,00;197060,00;591478,00;15
WINM26;27/02/2026;12:25:00;197215,00;197305,00;197120,00;197205,00;1183298,00;30
WINM26;27/02/2026;12:20:00;197175,00;197305,00;197175,00;197205,00;828474,00;21
WINM26;27/02/2026;12:15:00;197075,00;197185,00;196885,00;197070,00;2443448,00;62
WINM26;27/02/2026;12:10:00;197455,00;197600,00;197110,00;197110,00;907947,00;23
WINM26;27/02/2026;12:05:00;197295,00;197700,00;197295,00;197435,00;1857203,00;47
WINM26;27/02/2026;12:00:00;197215,00;197400,00;197080,00;197295,00;3235556,00;82
WINM26;27/02/2026;11:55:00;197400,00;197460,00;196980,00;197015,00;1774813,00;45
WINM26;27/02/2026;11:50:00;197215,00;197480,00;197150,00;197450,00;4578503,00;116
WINM26;27/02/2026;11:45:00;197170,00;197385,00;197045,00;197320,00;4220323,00;107
WINM26;27/02/2026;11:40:00;197470,00;197480,00;197190,00;197275,00;3236402,00;82
WINM26;27/02/2026;11:35:00;198065,00;198100,00;197475,00;197475,00;10601609,00;268
WINM26;27/02/2026;11:30:00;197260,00;198210,00;197220,00;198155,00;16007382,00;405
WINM26;27/02/2026;11:25:00;197060,00;197300,00;197060,00;197300,00;630895,00;16
WINM26;27/02/2026;11:20:00;197075,00;197195,00;197005,00;197135,00;1458579,00;37
WINM26;27/02/2026;11:15:00;197440,00;197440,00;196965,00;197005,00;7735622,00;196
WINM26;27/02/2026;11:10:00;197140,00;197430,00;197140,00;197430,00;10540550,00;267
WINM26;27/02/2026;11:05:00;197155,00;197190,00;197110,00;197170,00;1340747,00;34
WINM26;27/02/2026;11:00:00;197160,00;197160,00;197015,00;197015,00;1024865,00;26
WINM26;27/02/2026;10:55:00;197065,00;197250,00;197065,00;197120,00;8163305,00;207
WINM26;27/02/2026;10:50:00;196845,00;197155,00;196845,00;197015,00;41056450,00;1042
WINM26;27/02/2026;10:45:00;197000,00;197015,00;196745,00;196810,00;6258072,00;159
WINM26;27/02/2026;10:40:00;196630,00;196950,00;196565,00;196860,00;1809648,00;46
WINM26;27/02/2026;10:35:00;196655,00;196965,00;196650,00;196725,00;61525700,00;1563
WINM26;27/02/2026;10:30:00;196800,00;197015,00;196655,00;196655,00;14918230,00;379
WINM26;27/02/2026;10:25:00;197070,00;197200,00;196785,00;196895,00;3979035,00;101
WINM26;27/02/2026;10:20:00;197610,00;197680,00;197065,00;197065,00;1066712,00;27
WINM26;27/02/2026;10:15:00;197330,00;197650,00;197155,00;197650,00;1894521,00;48
WINM26;27/02/2026;10:10:00;197575,00;197605,00;197360,00;197360,00;2053420,00;52
WINM26;27/02/2026;10:05:00;197550,00;197675,00;197460,00;197470,00;1264489,00;32
WINM26;27/02/2026;10:00:00;197440,00;197685,00;197250,00;197635,00;1618765,00;41
WINM26;27/02/2026;09:55:00;197385,00;197660,00;197370,00;197620,00;3000730,00;76
WINM26;27/02/2026;09:50:00;196980,00;197375,00;196980,00;197375,00;1301045,00;33
WINM26;27/02/2026;09:45:00;197185,00;197275,00;196930,00;197015,00;3192874,00;81
WINM26;27/02/2026;09:40:00;197565,00;197570,00;197185,00;197185,00;908022,00;23
WINM26;27/02/2026;09:35:00;197700,00;197700,00;197355,00;197605,00;1738158,00;44
WINM26;27/02/2026;09:30:00;197480,00;197690,00;197435,00;197690,00;474185,00;12
WINM26;27/02/2026;09:25:00;197760,00;197760,00;197225,00;197485,00;17541582,00;444
WINM26;27/02/2026;09:20:00;197645,00;198040,00;197595,00;197725,00;23575272,00;596
WINM26;27/02/2026;09:15:00;197135,00;197640,00;197115,00;197555,00;39192731,00;993
WINM26;27/02/2026;09:10:00;196565,00;197120,00;196500,00;197120,00;27994258,00;711
WINM26;27/02/2026;09:05:00;196580,00;196710,00;196255,00;196595,00;7426228,00;189
WINM26;27/02/2026;09:00:00;198155,00;198225,00;196455,00;196510,00;56141160,00;1424
WINM26;26/02/2026;18:20:00;198200,00;198380,00;198180,00;198380,00;5748186,00;145
WINM26;26/02/2026;18:15:00;198250,00;198270,00;198140,00;198160,00;24771207,00;625
WINM26;26/02/2026;18:10:00;198280,00;198315,00;198250,00;198295,00;14712434,00;371
WINM26;26/02/2026;18:05:00;198445,00;198450,00;198280,00;198280,00;5632135,00;142
WINM26;26/02/2026;18:00:00;198390,00;198550,00;198390,00;198425,00;11749550,00;296
WINM26;26/02/2026;17:55:00;198300,00;198490,00;198275,00;198460,00;37340581,00;941
WINM26;26/02/2026;17:50:00;198490,00;198490,00;198250,00;198290,00;30498245,00;769
WINM26;26/02/2026;17:45:00;198530,00;198565,00;198530,00;198565,00;277972,00;7
WINM26;26/02/2026;17:40:00;198500,00;198550,00;198500,00;198545,00;516209,00;13
WINM26;26/02/2026;17:35:00;198500,00;198500,00;198490,00;198490,00;119098,00;3
WINM26;26/02/2026;17:30:00;198455,00;198490,00;198455,00;198490,00;555749,00;14
WINM26;26/02/2026;17:25:00;198380,00;198455,00;198380,00;198455,00;2103559,00;53
WINM26;26/02/2026;17:20:00;198355,00;198355,00;198210,00;198320,00;3805965,00;96
WINM26;26/02/2026;17:15:00;198365,00;198365,00;198305,00;198350,00;713992,00;18
WINM26;26/02/2026;17:10:00;198320,00;198400,00;198260,00;198355,00;32731376,00;825
WINM26;26/02/2026;17:05:00;198410,00;198415,00;198350,00;198350,00;1071283,00;27
WINM26;26/02/2026;17:00:00;198260,00;198430,00;198260,00;198420,00;2777095,00;70
WINM26;26/02/2026;16:55:00;198260,00;198260,00;198260,00;198260,00;436172,00;11
WINM26;26/02/2026;16:50:00;198155,00;198200,00;198155,00;198180,00;515265,00;13
WINM26;26/02/2026;16:45:00;198025,00;198255,00;198025,00;198255,00;990922,00;25
WINM26;26/02/2026;16:40:00;198075,00;198150,00;198035,00;198035,00;237718,00;6
WINM26;26/02/2026;16:35:00;198010,00;198070,00;198005,00;198070,00;118817,00;3
WINM26;26/02/2026;16:30:00;198015,00;198110,00;198000,00;198110,00;990290,00;25
WINM26;26/02/2026;16:25:00;198160,00;198160,00;198035,00;198035,00;713118,00;18
WINM26;26/02/2026;16:20:00;198130,00;198285,00;198110,00;198185,00;1863136,00;47
WINM26;26/02/2026;16:15:00;198135,00;198200,00;198110,00;198180,00;1149400,00;29
WINM26;26/02/2026;16:10:00;198025,00;198185,00;198020,00;198100,00;2376583,00;60
WINM26;26/02/2026;16:05:00;197935,00;198075,00;197910,00;198075,00;1821854,00;46
WINM26;26/02/2026;16:00:00;197870,00;197995,00;197855,00;197995,00;6135922,00;155
WINM26;26/02/2026;15:55:00;197910,00;197975,00;197835,00;197835,00;791600,00;20
WINM26;26/02/2026;15:50:00;197855,00;198000,00;197855,00;197955,00;1227334,00;31
WINM26;26/02/2026;15:45:00;197970,00;197975,00;197800,00;197880,00;1622734,00;41
WINM26;26/02/2026;15:40:00;197850,00;197960,00;197850,00;197940,00;30356549,00;767
WINM26;26/02/2026;15:35:00;197670,00;197935,00;197645,00;197935,00;1384668,00;35
WINM26;26/02/2026;15:30:00;197420,00;197795,00;197390,00;197795,00;1858162,00;47
WINM26;26/02/2026;15:25:00;197445,00;197515,00;197445,00;197485,00;157982,00;4
WINM26;26/02/2026;15:20:00;197550,00;197615,00;197465,00;197465,00;987680,00;25
WINM26;26/02/2026;15:15:00;197500,00;197660,00;197470,00;197550,00;1896785,00;48
WINM26;26/02/2026;15:10:00;197390,00;197585,00;197380,00;197565,00;31402788,00;795
WINM26;26/02/2026;15:05:00;197305,00;197375,00;197305,00;197340,00;197326,00;5
WINM26;26/02/2026;15:00:00;197370,00;197370,00;197265,00;197265,00;1104816,00;28
WINM26;26/02/2026;14:55:00;197240,00;197365,00;197240,00;197340,00;6509886,00;165
WINM26;26/02/2026;14:50:00;197185,00;197295,00;197180,00;197180,00;1617097,00;41
WINM26;26/02/2026;14:45:00;197260,00;197260,00;197100,00;197100,00;2129447,00;54
WINM26;26/02/2026;14:40:00;197340,00;197380,00;197255,00;197335,00;1262999,00;32
WINM26;26/02/2026;14:35:00;197440,00;197485,00;197280,00;197280,00;2012905,00;51
WINM26;26/02/2026;14:30:00;197195,00;197505,00;197110,00;197475,00;3668913,00;93
WINM26;26/02/2026;14:25:00;197325,00;197325,00;197200,00;197200,00;1893801,00;48
WINM26;26/02/2026;14:20:00;197390,00;197390,00;197380,00;197380,00;789540,00;20
WINM26;26/02/2026;14:15:00;197410,00;197500,00;197325,00;197325,00;750189,00;19
WINM26;26/02/2026;14:10:00;197665,00;197665,00;197545,00;197545,00;434623,00;11
WINM26;26/02/2026;14:05:00;197450,00;197570,00;197450,00;197465,00;1737764,00;44
WINM26;26/02/2026;14:00:00;197400,00;197500,00;197340,00;197500,00;4578650,00;116
WINM26;26/02/2026;13:55:00;197525,00;197535,00;197380,00;197380,00;1856146,00;47
WINM26;26/02/2026;13:50:00;197480,00;197640,00;197480,00;197585,00;6756961,00;171
WINM26;26/02/2026;13:45:00;197540,00;197540,00;197350,00;197480,00;5448324,00;138
WINM26;26/02/2026;13:40:00;197690,00;197710,00;197540,00;197540,00;14823168,00;375
WINM26;26/02/2026;13:35:00;198045,00;198045,00;197655,00;197675,00;25943928,00;656
WINM26;26/02/2026;13:30:00;197975,00;198010,00;197955,00;198005,00;752359,00;19
WINM26;26/02/2026;13:25:00;197990,00;198070,00;197955,00;198005,00;2653384,00;67
WINM26;26/02/2026;13:20:00;197805,00;197990,00;197805,00;197990,00;1821016,00;46
WINM26;26/02/2026;13:15:00;197610,00;197840,00;197570,00;197840,00;3321885,00;84
WINM26;26/02/2026;13:10:00;197405,00;197600,00;197315,00;197600,00;7264580,00;184
WINM26;26/02/2026;13:05:00;197490,00;197540,00;197325,00;197445,00;7465094,00;189
WINM26;26/02/2026;13:00:00;197415,00;197500,00;197300,00;197420,00;2132443,00;54
WINM26;26/02/2026;12:55:00;197120,00;197435,00;197085,00;197400,00;43495978,00;1102
WINM26;26/02/2026;12:50:00;196965,00;197230,00;196935,00;197210,00;11073292,00;281
WINM26;26/02/2026;12:45:00;197175,00;197210,00;196855,00;196975,00;13792657,00;350
WINM26;26/02/2026;12:40:00;197040,00;197200,00;196940,00;197070,00;10684764,00;271
WINM26;26/02/2026;12:35:00;196640,00;197035,00;196605,00;196970,00;3307944,00;84
WINM26;26/02/2026;12:30:00;196650,00;196820,00;196545,00;196545,00;3855987,00;98
WINM26;26/02/2026;12:25:00;196240,00;196655,00;196200,00;196655,00;3889585,00;99
WINM26;26/02/2026;12:20:00;196665,00;196665,00;196250,00;196250,00;6404587,00;163
WINM26;26/02/2026;12:15:00;197015,00;197015,00;196670,00;196690,00;21655025,00;550
WINM26;26/02/2026;12:10:00;197200,00;197220,00;197030,00;197080,00;3706149,00;94
WINM26;26/02/2026;12:05:00;197240,00;197270,00;197065,00;197145,00;6034491,00;153
WINM26;26/02/2026;12:00:00;197410,00;197520,00;197115,00;197295,00;7731221,00;196
WINM26;26/02/2026;11:55:00;197220,00;197370,00;197180,00;197250,00;5956971,00;151
WINM26;26/02/2026;11:50:00;197170,00;197280,00;197085,00;197125,00;1301497,00;33
WINM26;26/02/2026;11:45:00;197425,00;197425,00;197195,00;197320,00;3117176,00;79
WINM26;26/02/2026;11:40:00;197730,00;197790,00;197495,00;197530,00;6718537,00;170
WINM26;26/02/2026;11:35:00;197940,00;198140,00;197730,00;197730,00;1662727,00;42
WINM26;26/02/2026;11:30:00;198205,00;198205,00;197825,00;197925,00;4592345,00;116
WINM26;26/02/2026;11:25:00;198150,00;198325,00;198150,00;198220,00;3251160,00;82
WINM26;26/02/2026;11:20:00;198300,00;198300,00;198125,00;198125,00;18033049,00;455
WINM26;26/02/2026;11:15:00;198300,00;198410,00;198270,00;198410,00;1507298,00;38
WINM26;26/02/2026;11:10:00;198450,00;198595,00;198315,00;198315,00;25533266,00;643
WINM26;26/02/2026;11:05:00;198260,00;198450,00;198260,00;198450,00;198348,00;5
WINM26;26/02/2026;11:00:00;198225,00;198390,00;198225,00;198390,00;1110841,00;28
WINM26;26/02/2026;10:55:00;198150,00;198250,00;198050,00;198250,00;2535859,00;64
WINM26;26/02/2026;10:50:00;198285,00;198380,00;198125,00;198230,00;50875992,00;1283
WINM26;26/02/2026;10:45:00;198235,00;198300,00;198125,00;198230,00;2774688,00;70
WINM26;26/02/2026;10:40:00;198190,00;198220,00;197970,00;198100,00;31610911,00;798
WINM26;26/02/2026;10:35:00;197630,00;198320,00;197620,00;198245,00;35699349,00;901
WINM26;26/02/2026;10:30:00;198000,00;198020,00;197600,00;197610,00;16488228,00;417
WINM26;26/02/2026;10:25:00;198125,00;198275,00;197990,00;198140,00;2219125,00;56
WINM26;26/02/2026;10:20:00;198320,00;198470,00;198165,00;198225,00;1467669,00;37
WINM26;26/02/2026;10:15:00;198700,00;198745,00;198220,00;198295,00;2064172,00;52
WINM26;26/02/2026;10:10:00;198830,00;199080,00;198715,00;198715,00;10665626,00;268
WINM26;26/02/2026;10:05:00;198630,00;198865,00;198595,00;198780,00;4253975,00;107
WINM26;26/02/2026;10:00:00;198320,00;198750,00;198320,00;198600,00;3057956,00;77
WINM26;26/02/2026;09:55:00;198170,00;198300,00;198170,00;198300,00;1031038,00;26
WINM26;26/02/2026;09:50:00;198135,00;198240,00;198120,00;198190,00;1149309,00;29
WINM26;26/02/2026;09:45:00;198055,00;198130,00;198025,00;198130,00;1663879,00;42
WINM26;26/02/2026;09:40:00;197990,00;198110,00;197890,00;198110,00;277143,00;7
WINM26;26/02/2026;09:35:00;198020,00;198145,00;197925,00;198060,00;4831503,00;122
WINM26;26/02/2026;09:30:00;198550,00;198590,00;197940,00;197940,00;1268526,00;32
WINM26;26/02/2026;09:25:00;198435,00;198645,00;198425,00;198550,00;1350053,00;34
WINM26;26/02/2026;09:20:00;198235,00;198450,00;198175,00;198380,00;1268795,00;32
WINM26;26/02/2026;09:15:00;198615,00;198615,00;198250,00;198250,00;1945097,00;49
WINM26;26/02/2026;09:10:00;198475,00;198605,00;198210,00;198565,00;7660817,00;193
WINM26;26/02/2026;09:05:00;198080,00;198515,00;198070,00;198430,00;5630921,00;142
WINM26;26/02/2026;09:00:00;197925,00;198370,00;197880,00;197880,00;6299654,00;159
WINM26;25/02/2026;18:20:00;198360,00;198475,00;198360,00;198400,00;2579476,00;65
WINM26;25/02/2026;18:15:00;198440,00;198445,00;198365,00;198365,00;2380794,00;60
WINM26;25/02/2026;18:10:00;198645,00;198645,00;198375,00;198445,00;27469217,00;692
WINM26;25/02/2026;18:05:00;198670,00;198690,00;198635,00;198690,00;874086,00;22
WINM26;25/02/2026;18:00:00;198605,00;198655,00;198585,00;198640,00;1310933,00;33
WINM26;25/02/2026;17:55:00;198390,00;198660,00;198390,00;198545,00;8141195,00;205
WINM26;25/02/2026;17:50:00;198665,00;198685,00;198380,00;198380,00;2383441,00;60
WINM26;25/02/2026;17:45:00;198595,00;198710,00;198555,00;198595,00;2224953,00;56
WINM26;25/02/2026;17:40:00;198510,00;198615,00;198330,00;198600,00;8615132,00;217
WINM26;25/02/2026;17:35:00;198545,00;198575,00;198340,00;198435,00;2143199,00;54
WINM26;25/02/2026;17:30:00;198150,00;198555,00;198150,00;198530,00;3691285,00;93
WINM26;25/02/2026;17:25:00;198175,00;198200,00;198115,00;198115,00;1704221,00;43
WINM26;25/02/2026;17:20:00;198115,00;198150,00;198020,00;198140,00;1584943,00;40
WINM26;25/02/2026;17:15:00;197990,00;198110,00;197980,00;198110,00;514917,00;13
WINM26;25/02/2026;17:10:00;198100,00;198100,00;197885,00;197925,00;593857,00;15
WINM26;25/02/2026;17:05:00;198165,00;198280,00;198055,00;198115,00;2417234,00;61
WINM26;25/02/2026;17:00:00;198200,00;198200,00;198200,00;198200,00;39640,00;1
WINM26;25/02/2026;16:55:00;198150,00;198160,00;198150,00;198160,00;277414,00;7
WINM26;25/02/2026;16:50:00;198130,00;198220,00;198130,00;198190,00;2576590,00;65
WINM26;25/02/2026;16:45:00;198115,00;198115,00;198115,00;198115,00;79246,00;2
WINM26;25/02/2026;16:40:00;198110,00;198130,00;198035,00;198130,00;673522,00;17
WINM26;25/02/2026;16:35:00;198100,00;198190,00;198090,00;198190,00;13630748,00;344
WINM26;25/02/2026;16:30:00;198060,00;198110,00;198005,00;198110,00;2495569,00;63
WINM26;25/02/2026;16:25:00;198030,00;198085,00;198005,00;198005,00;3049923,00;77
WINM26;25/02/2026;16:20:00;198275,00;198285,00;198010,00;198025,00;13428702,00;339
WINM26;25/02/2026;16:15:00;197990,00;198275,00;197990,00;198240,00;19780846,00;499
WINM26;25/02/2026;16:10:00;197900,00;197970,00;197850,00;197970,00;3206552,00;81
WINM26;25/02/2026;16:05:00;197970,00;197970,00;197755,00;197860,00;7993435,00;202
WINM26;25/02/2026;16:00:00;198300,00;198300,00;197770,00;198005,00;36573110,00;924
WINM26;25/02/2026;15:55:00;198440,00;198440,00;198325,00;198325,00;277757,00;7
WINM26;25/02/2026;15:50:00;198380,00;198460,00;198300,00;198390,00;2380922,00;60
WINM26;25/02/2026;15:45:00;198660,00;198710,00;198310,00;198425,00;4407943,00;111
WINM26;25/02/2026;15:40:00;198685,00;198700,00;198630,00;198700,00;2940130,00;74
WINM26;25/02/2026;15:35:00;198770,00;198770,00;198660,00;198670,00;7590188,00;191
WINM26;25/02/2026;15:30:00;198965,00;198970,00;198795,00;198795,00;2147614,00;54
WINM26;25/02/2026;15:25:00;198890,00;198890,00;198890,00;198890,00;39778,00;1
WINM26;25/02/2026;15:20:00;198900,00;198975,00;198855,00;198855,00;1273075,00;32
WINM26;25/02/2026;15:15:00;198875,00;198890,00;198840,00;198840,00;1153415,00;29
WINM26;25/02/2026;15:10:00;198925,00;198940,00;198800,00;198800,00;6205002,00;156
WINM26;25/02/2026;15:05:00;198995,00;199030,00;198900,00;198900,00;1989629,00;50
WINM26;25/02/2026;15:00:00;199130,00;199130,00;199000,00;199000,00;955575,00;24
WINM26;25/02/2026;14:55:00;198990,00;199155,00;198930,00;199100,00;5971632,00;150
WINM26;25/02/2026;14:50:00;198885,00;198985,00;198885,00;198985,00;4695277,00;118
WINM26;25/02/2026;14:45:00;198955,00;198955,00;198855,00;198885,00;2466293,00;62
WINM26;25/02/2026;14:40:00;198990,00;199045,00;198920,00;198920,00;1711431,00;43
WINM26;25/02/2026;14:35:00;198865,00;199025,00;198775,00;199025,00;2904281,00;73
WINM26;25/02/2026;14:30:00;198695,00;198860,00;198655,00;198850,00;5925342,00;149
WINM26;25/02/2026;14:25:00;198680,00;198710,00;198675,00;198685,00;4371080,00;110
WINM26;25/02/2026;14:20:00;198655,00;198655,00;198550,00;198635,00;5680586,00;143
WINM26;25/02/2026;14:15:00;198675,00;198700,00;198605,00;198675,00;1668689,00;42
WINM26;25/02/2026;14:10:00;198785,00;198805,00;198705,00;198720,00;9261919,00;233
WINM26;25/02/2026;14:05:00;198805,00;198805,00;198755,00;198785,00;437321,00;11
WINM26;25/02/2026;14:00:00;198665,00;198805,00;198665,00;198805,00;1510612,00;38
WINM26;25/02/2026;13:55:00;198595,00;198730,00;198595,00;198730,00;2105943,00;53
WINM26;25/02/2026;13:50:00;198555,00;198590,00;198555,00;198590,00;476604,00;12
WINM26;25/02/2026;13:45:00;198640,00;198665,00;198470,00;198500,00;3137229,00;79
WINM26;25/02/2026;13:40:00;198635,00;198635,00;198590,00;198590,00;2303695,00;58
WINM26;25/02/2026;13:35:00;198645,00;198670,00;198630,00;198630,00;4211770,00;106
WINM26;25/02/2026;13:30:00;198685,00;198730,00;198535,00;198660,00;22927002,00;577
WINM26;25/02/2026;13:25:00;198750,00;198750,00;198550,00;198560,00;913669,00;23
WINM26;25/02/2026;13:20:00;198745,00;198750,00;198720,00;198750,00;715465,00;18
WINM26;25/02/2026;13:15:00;198755,00;198860,00;198705,00;198735,00;3419279,00;86
WINM26;25/02/2026;13:10:00;198690,00;198770,00;198655,00;198720,00;2344719,00;59
WINM26;25/02/2026;13:05:00;198670,00;198725,00;198590,00;198630,00;1191844,00;30
WINM26;25/02/2026;13:00:00;198600,00;198710,00;198575,00;198700,00;30236953,00;761
WINM26;25/02/2026;12:55:00;198565,00;198620,00;198520,00;198605,00;1509349,00;38
WINM26;25/02/2026;12:50:00;198410,00;198685,00;198405,00;198590,00;22405818,00;564
WINM26;25/02/2026;12:45:00;198295,00;198410,00;198250,00;198410,00;5911069,00;149
WINM26;25/02/2026;12:40:00;198320,00;198320,00;198230,00;198230,00;555104,00;14
WINM26;25/02/2026;12:35:00;198200,00;198265,00;198115,00;198265,00;13716079,00;346
WINM26;25/02/2026;12:30:00;198355,00;198440,00;198100,00;198180,00;15705266,00;396
WINM26;25/02/2026;12:25:00;198500,00;198560,00;198350,00;198535,00;10359449,00;261
WINM26;25/02/2026;12:20:00;198450,00;198600,00;198400,00;198540,00;38635992,00;973
WINM26;25/02/2026;12:15:00;198570,00;198630,00;198425,00;198540,00;9810413,00;247
WINM26;25/02/2026;12:10:00;198375,00;198500,00;198375,00;198485,00;2104047,00;53
WINM26;25/02/2026;12:05:00;198615,00;198615,00;198335,00;198440,00;2658936,00;67
WINM26;25/02/2026;12:00:00;198510,00;198610,00;198410,00;198600,00;2461775,00;62
WINM26;25/02/2026;11:55:00;198545,00;198650,00;198430,00;198600,00;6470851,00;163
WINM26;25/02/2026;11:50:00;198890,00;198955,00;198600,00;198600,00;4054048,00;102
WINM26;25/02/2026;11:45:00;199010,00;199120,00;198860,00;198860,00;4813014,00;121
WINM26;25/02/2026;11:40:00;199100,00;199215,00;198850,00;198960,00;6248729,00;157
WINM26;25/02/2026;11:35:00;199350,00;199405,00;199135,00;199150,00;16531591,00;415
WINM26;25/02/2026;11:30:00;199400,00;199525,00;199200,00;199325,00;4705075,00;118
WINM26;25/02/2026;11:25:00;199600,00;199655,00;199345,00;199435,00;1755086,00;44
WINM26;25/02/2026;11:20:00;199465,00;199600,00;199410,00;199570,00;13762755,00;345
WINM26;25/02/2026;11:15:00;199340,00;199450,00;199250,00;199395,00;1355590,00;34
WINM26;25/02/2026;11:10:00;199090,00;199415,00;199090,00;199360,00;1116090,00;28
WINM26;25/02/2026;11:05:00;199250,00;199250,00;198945,00;199175,00;1314140,00;33
WINM26;25/02/2026;11:00:00;199095,00;199345,00;198945,00;199345,00;2748752,00;69
WINM26;25/02/2026;10:55:00;198730,00;199035,00;198730,00;199035,00;5847075,00;147
WINM26;25/02/2026;10:50:00;199025,00;199025,00;198770,00;198830,00;7279014,00;183
WINM26;25/02/2026;10:45:00;199210,00;199430,00;199000,00;199100,00;9196474,00;231
WINM26;25/02/2026;10:40:00;199575,00;199575,00;199195,00;199215,00;2033659,00;51
WINM26;25/02/2026;10:35:00;199680,00;199705,00;199625,00;199690,00;479193,00;12
WINM26;25/02/2026;10:30:00;199740,00;199865,00;199595,00;199635,00;1558108,00;39
WINM26;25/02/2026;10:25:00;199625,00;199755,00;199625,00;199725,00;1637419,00;41
WINM26;25/02/2026;10:20:00;199845,00;199845,00;199525,00;199685,00;2475703,00;62
WINM26;25/02/2026;10:15:00;199870,00;200000,00;199810,00;199815,00;839506,00;21
WINM26;25/02/2026;10:10:00;200015,00;200100,00;199905,00;200005,00;1560121,00;39
WINM26;25/02/2026;10:05:00;200070,00;200170,00;199865,00;200085,00;1080115,00;27
WINM26;25/02/2026;10:00:00;200700,00;200760,00;200050,00;200140,00;2764666,00;69
WINM26;25/02/2026;09:55:00;200540,00;200750,00;200500,00;200750,00;1565071,00;39
WINM26;25/02/2026;09:50:00;200590,00;200615,00;200410,00;200585,00;1684497,00;42
WINM26;25/02/2026;09:45:00;200465,00;200670,00;200465,00;200635,00;1324009,00;33
WINM26;25/02/2026;09:40:00;200520,00;200570,00;200440,00;200485,00;761957,00;19
WINM26;25/02/2026;09:35:00;200575,00;200575,00;200335,00;200540,00;1362722,00;34
WINM26;25/02/2026;09:30:00;200430,00;200620,00;200400,00;200605,00;2606942,00;65
WINM26;25/02/2026;09:25:00;201100,00;201100,00;200450,00;200450,00;3171809,00;79
WINM26;25/02/2026;09:20:00;200995,00;201115,00;200900,00;201115,00;1447547,00;36
WINM26;25/02/2026;09:15:00;201030,00;201095,00;200850,00;201010,00;3858823,00;96
WINM26;25/02/2026;09:10:00;201565,00;201700,00;201000,00;201000,00;10066902,00;250
WINM26;25/02/2026;09:05:00;200990,00;201750,00;200485,00;201555,00;20650671,00;513
WINM26;25/02/2026;09:00:00;200500,00;201150,00;200020,00;200860,00;30338733,00;756
WINM26;24/02/2026;18:20:00;199070,00;199190,00;199050,00;199050,00;358350,00;9
WINM26;24/02/2026;18:15:00;199170,00;199185,00;199050,00;199050,00;915964,00;23
WINM26;24/02/2026;18:10:00;199195,00;199195,00;199195,00;199195,00;39839,00;1
WINM26;24/02/2026;18:05:00;199100,00;199145,00;199100,00;199145,00;119478,00;3
WINM26;24/02/2026;18:00:00;199120,00;199170,00;199005,00;199090,00;517674,00;13
WINM26;24/02/2026;17:55:00;199170,00;199400,00;199170,00;199200,00;1115792,00;28
WINM26;24/02/2026;17:50:00;199140,00;199310,00;199140,00;199170,00;1235278,00;31
WINM26;24/02/2026;17:45:00;199055,00;199100,00;198960,00;199100,00;597105,00;15
WINM26;24/02/2026;17:40:00;198940,00;199090,00;198940,00;199090,00;716398,00;18
WINM26;24/02/2026;17:35:00;198760,00;198980,00;198760,00;198890,00;477253,00;12
WINM26;24/02/2026;17:30:00;198760,00;198800,00;198725,00;198800,00;516791,00;13
WINM26;24/02/2026;17:25:00;198885,00;198950,00;198830,00;198840,00;2824484,00;71
WINM26;24/02/2026;17:20:00;198850,00;198850,00;198760,00;198835,00;357830,00;9
WINM26;24/02/2026;17:10:00;198845,00;198885,00;198760,00;198760,00;1829116,00;46
WINM26;24/02/2026;17:05:00;198835,00;198925,00;198775,00;198775,00;516984,00;13
WINM26;24/02/2026;17:00:00;198950,00;198955,00;198850,00;198850,00;437601,00;11
WINM26;24/02/2026;16:55:00;198935,00;199000,00;198840,00;199000,00;1511831,00;38
WINM26;24/02/2026;16:50:00;199045,00;199050,00;198990,00;198990,00;398058,00;10
WINM26;24/02/2026;16:45:00;199105,00;199190,00;199065,00;199075,00;557548,00;14
WINM26;24/02/2026;16:40:00;198995,00;199095,00;198995,00;199035,00;756443,00;19
WINM26;24/02/2026;16:35:00;199025,00;199050,00;198985,00;199035,00;1074732,00;27
WINM26;24/02/2026;16:30:00;198840,00;199010,00;198835,00;199010,00;835477,00;21
WINM26;24/02/2026;16:25:00;198545,00;198845,00;198545,00;198785,00;1311650,00;33
WINM26;24/02/2026;16:20:00;198600,00;198680,00;198515,00;198515,00;1469607,00;37
WINM26;24/02/2026;16:15:00;198945,00;198945,00;198620,00;198620,00;1192452,00;30
WINM26;24/02/2026;16:10:00;198740,00;198935,00;198735,00;198890,00;1510984,00;38
WINM26;24/02/2026;16:05:00;198895,00;198895,00;198750,00;198775,00;994148,00;25
WINM26;24/02/2026;16:00:00;198925,00;199045,00;198890,00;199045,00;437657,00;11
WINM26;24/02/2026;15:55:00;198995,00;198995,00;198930,00;198930,00;79585,00;2
WINM26;24/02/2026;15:50:00;199050,00;199050,00;198925,00;198950,00;875617,00;22
WINM26;24/02/2026;15:45:00;199160,00;199160,00;199145,00;199145,00;119490,00;3
WINM26;24/02/2026;15:40:00;199000,00;199245,00;199000,00;199245,00;2867220,00;72
WINM26;24/02/2026;15:35:00;198970,00;199000,00;198965,00;199000,00;4099038,00;103
WINM26;24/02/2026;15:30:00;199035,00;199155,00;198970,00;198970,00;6608075,00;166
WINM26;24/02/2026;15:25:00;199015,00;199035,00;198990,00;199035,00;238811,00;6
WINM26;24/02/2026;15:20:00;198970,00;199000,00;198845,00;198970,00;238719,00;6
WINM26;24/02/2026;15:15:00;198915,00;198985,00;198855,00;198985,00;755890,00;19
WINM26;24/02/2026;15:10:00;199035,00;199035,00;198830,00;198830,00;1432025,00;36
WINM26;24/02/2026;15:05:00;199085,00;199105,00;199085,00;199095,00;199094,00;5
WINM26;24/02/2026;15:00:00;199015,00;199065,00;198960,00;199005,00;557240,00;14
WINM26;24/02/2026;14:55:00;198960,00;198995,00;198920,00;198945,00;397917,00;10
WINM26;24/02/2026;14:50:00;199000,00;199020,00;198925,00;198975,00;1193772,00;30
WINM26;24/02/2026;14:45:00;199250,00;199315,00;198945,00;198945,00;3902352,00;98
WINM26;24/02/2026;14:40:00;199330,00;199330,00;199225,00;199225,00;1713654,00;43
WINM26;24/02/2026;14:35:00;199350,00;199415,00;199335,00;199395,00;996889,00;25
WINM26;24/02/2026;14:30:00;199250,00;199345,00;199250,00;199275,00;518145,00;13
WINM26;24/02/2026;14:25:00;199245,00;199320,00;199225,00;199280,00;2032583,00;51
WINM26;24/02/2026;14:20:00;199300,00;199355,00;199220,00;199240,00;358689,00;9
WINM26;24/02/2026;14:15:00;199350,00;199375,00;199240,00;199240,00;2072362,00;52
WINM26;24/02/2026;14:10:00;199135,00;199365,00;199135,00;199315,00;3746370,00;94
WINM26;24/02/2026;14:05:00;198980,00;199150,00;198960,00;199150,00;1313973,00;33
WINM26;24/02/2026;14:00:00;198900,00;198980,00;198900,00;198980,00;358071,00;9
WINM26;24/02/2026;13:55:00;198905,00;198910,00;198840,00;198840,00;318192,00;8
WINM26;24/02/2026;13:50:00;198875,00;198985,00;198820,00;198985,00;2187635,00;55
WINM26;24/02/2026;13:45:00;198965,00;198965,00;198755,00;198755,00;556842,00;14
WINM26;24/02/2026;13:40:00;199045,00;199045,00;198890,00;198925,00;955025,00;24
WINM26;24/02/2026;13:35:00;199025,00;199075,00;198990,00;199045,00;398061,00;10
WINM26;24/02/2026;13:30:00;199195,00;199310,00;199010,00;199010,00;1473697,00;37
WINM26;24/02/2026;13:25:00;199055,00;199160,00;199055,00;199160,00;159295,00;4
WINM26;24/02/2026;13:20:00;198890,00;199075,00;198835,00;199025,00;1591526,00;40
WINM26;24/02/2026;13:15:00;198830,00;198835,00;198740,00;198760,00;2624096,00;66
WINM26;24/02/2026;13:10:00;198980,00;199030,00;198880,00;198900,00;1949719,00;49
WINM26;24/02/2026;13:05:00;198710,00;198980,00;198685,00;198905,00;2625536,00;66
WINM26;24/02/2026;13:00:00;198750,00;198825,00;198715,00;198800,00;993708,00;25
WINM26;24/02/2026;12:55:00;198900,00;198975,00;198795,00;198795,00;517087,00;13
WINM26;24/02/2026;12:50:00;198770,00;198965,00;198760,00;198865,00;1909599,00;48
WINM26;24/02/2026;12:45:00;198675,00;198905,00;198675,00;198765,00;4213316,00;106
WINM26;24/02/2026;12:40:00;198700,00;198775,00;198595,00;198595,00;2384674,00;60
WINM26;24/02/2026;12:35:00;198600,00;198700,00;198580,00;198660,00;5324135,00;134
WINM26;24/02/2026;12:30:00;198750,00;198885,00;198485,00;198585,00;1629239,00;41
WINM26;24/02/2026;12:25:00;198655,00;198785,00;198575,00;198730,00;2503462,00;63
WINM26;24/02/2026;12:20:00;198605,00;198780,00;198605,00;198640,00;1351331,00;34
WINM26;24/02/2026;12:15:00;198580,00;198800,00;198415,00;198570,00;1747859,00;44
WINM26;24/02/2026;12:10:00;198520,00;198750,00;198520,00;198750,00;1668425,00;42
WINM26;24/02/2026;12:05:00;198195,00;198605,00;198175,00;198450,00;5278522,00;133
WINM26;24/02/2026;12:00:00;197910,00;198165,00;197805,00;198165,00;2811069,00;71
WINM26;24/02/2026;11:55:00;197810,00;198105,00;197800,00;197960,00;3325715,00;84
WINM26;24/02/2026;11:50:00;197660,00;197925,00;197660,00;197835,00;1305528,00;33
WINM26;24/02/2026;11:45:00;197675,00;197960,00;197575,00;197575,00;1344994,00;34
WINM26;24/02/2026;11:40:00;197440,00;197805,00;197385,00;197640,00;2885339,00;73
WINM26;24/02/2026;11:35:00;197345,00;197635,00;197320,00;197540,00;2093314,00;53
WINM26;24/02/2026;11:30:00;197565,00;197565,00;197230,00;197230,00;2684260,00;68
WINM26;24/02/2026;11:25:00;197700,00;197735,00;197610,00;197700,00;672058,00;17
WINM26;24/02/2026;11:20:00;197645,00;197825,00;197625,00;197770,00;1700588,00;43
WINM26;24/02/2026;11:15:00;197650,00;197665,00;197450,00;197610,00;1066628,00;27
WINM26;24/02/2026;11:10:00;197580,00;197745,00;197565,00;197580,00;830106,00;21
WINM26;24/02/2026;11:05:00;197945,00;198060,00;197600,00;197600,00;1939211,00;49
WINM26;24/02/2026;11:00:00;197595,00;198015,00;197595,00;198005,00;1661917,00;42
WINM26;24/02/2026;10:55:00;197420,00;197610,00;197375,00;197520,00;1342940,00;34
WINM26;24/02/2026;10:50:00;197260,00;197630,00;197260,00;197400,00;2172183,00;55
WINM26;24/02/2026;10:45:00;197440,00;197460,00;197115,00;197310,00;1459815,00;37
WINM26;24/02/2026;10:40:00;197760,00;197765,00;197315,00;197590,00;1975573,00;50
WINM26;24/02/2026;10:35:00;198200,00;198300,00;197665,00;197670,00;4911223,00;124
WINM26;24/02/2026;10:30:00;197720,00;198180,00;197600,00;198175,00;6455868,00;163
WINM26;24/02/2026;10:25:00;197595,00;197745,00;197560,00;197685,00;830069,00;21
WINM26;24/02/2026;10:20:00;197635,00;197805,00;197520,00;197555,00;2332530,00;59
WINM26;24/02/2026;10:15:00;197550,00;197610,00;197355,00;197605,00;829481,00;21
WINM26;24/02/2026;10:10:00;197420,00;197615,00;197380,00;197420,00;1461391,00;37
WINM26;24/02/2026;10:05:00;197205,00;197440,00;197205,00;197335,00;592101,00;15
WINM26;24/02/2026;10:00:00;197395,00;197395,00;196935,00;197250,00;7647688,00;194
WINM26;24/02/2026;09:55:00;197445,00;197655,00;197440,00;197490,00;1343045,00;34
WINM26;24/02/2026;09:50:00;197305,00;197495,00;197305,00;197445,00;987078,00;25
WINM26;24/02/2026;09:45:00;197285,00;197435,00;197250,00;197385,00;1302519,00;33
WINM26;24/02/2026;09:40:00;197150,00;197380,00;197150,00;197380,00;1341427,00;34
WINM26;24/02/2026;09:35:00;197205,00;197245,00;197115,00;197190,00;552116,00;14
WINM26;24/02/2026;09:30:00;197205,00;197325,00;197075,00;197255,00;2129974,00;54
WINM26;24/02/2026;09:25:00;197430,00;197565,00;197220,00;197255,00;2408413,00;61
WINM26;24/02/2026;09:20:00;197715,00;197720,00;197455,00;197455,00;1620214,00;41
WINM26;24/02/2026;09:15:00;198190,00;198200,00;197650,00;197810,00;2454600,00;62
WINM26;24/02/2026;09:10:00;197430,00;198170,00;197425,00;198170,00;4115201,00;104
WINM26;24/02/2026;09:05:00;197025,00;197510,00;196925,00;197430,00;2564242,00;65
WINM26;24/02/2026;09:00:00;196505,00;197205,00;196505,00;197100,00;22623522,00;575
WINM26;23/02/2026;18:20:00;196455,00;196540,00;196305,00;196305,00;9393653,00;239
WINM26;23/02/2026;18:15:00;196435,00;196505,00;196375,00;196425,00;56309573,00;1433
WINM26;23/02/2026;18:10:00;196490,00;196525,00;196440,00;196450,00;14697077,00;374
WINM26;23/02/2026;18:05:00;196405,00;196465,00;196370,00;196465,00;982067,00;25
WINM26;23/02/2026;18:00:00;196540,00;196555,00;196525,00;196525,00;668248,00;17
WINM26;23/02/2026;17:55:00;196470,00;196520,00;196400,00;196520,00;1807443,00;46
WINM26;23/02/2026;17:50:00;196540,00;196540,00;196450,00;196515,00;707360,00;18
WINM26;23/02/2026;17:45:00;196420,00;196465,00;196420,00;196420,00;1139396,00;29
WINM26;23/02/2026;17:40:00;196540,00;196645,00;196460,00;196475,00;2673335,00;68
WINM26;23/02/2026;17:35:00;196485,00;196485,00;196485,00;196485,00;78594,00;2
WINM26;23/02/2026;17:30:00;196410,00;196540,00;196410,00;196480,00;1453890,00;37
WINM26;23/02/2026;17:25:00;196390,00;196390,00;196370,00;196370,00;196386,00;5
WINM26;23/02/2026;17:20:00;196250,00;196315,00;196250,00;196315,00;314048,00;8
WINM26;23/02/2026;17:15:00;196290,00;196395,00;196250,00;196310,00;2473602,00;63
WINM26;23/02/2026;17:10:00;196450,00;196450,00;196300,00;196300,00;510459,00;13
WINM26;23/02/2026;17:05:00;196445,00;196505,00;196440,00;196475,00;785919,00;20
WINM26;23/02/2026;17:00:00;196335,00;196520,00;196335,00;196380,00;1021452,00;26
WINM26;23/02/2026;16:55:00;196350,00;196440,00;196350,00;196440,00;1296376,00;33
WINM26;23/02/2026;16:50:00;196275,00;196400,00;196275,00;196400,00;903244,00;23
WINM26;23/02/2026;16:45:00;196190,00;196320,00;196185,00;196220,00;824410,00;21
WINM26;23/02/2026;16:40:00;196300,00;196300,00;196210,00;196230,00;745686,00;19
WINM26;23/02/2026;16:35:00;196415,00;196415,00;196245,00;196335,00;981436,00;25
WINM26;23/02/2026;16:30:00;196390,00;196465,00;196380,00;196465,00;1846310,00;47
WINM26;23/02/2026;16:25:00;196455,00;196540,00;196395,00;196395,00;13402203,00;341
WINM26;23/02/2026;16:20:00;196230,00;196460,00;196220,00;196395,00;3140929,00;80
WINM26;23/02/2026;16:15:00;196345,00;196400,00;196150,00;196235,00;15738780,00;401
WINM26;23/02/2026;16:10:00;196445,00;196445,00;196380,00;196400,00;5420622,00;138
WINM26;23/02/2026;16:05:00;196495,00;196495,00;196280,00;196320,00;2709851,00;69
WINM26;23/02/2026;16:00:00;196770,00;196785,00;196550,00;196550,00;13842690,00;352
WINM26;23/02/2026;15:55:00;196860,00;196905,00;196690,00;196795,00;1967772,00;50
WINM26;23/02/2026;15:50:00;196890,00;196900,00;196765,00;196870,00;1023586,00;26
WINM26;23/02/2026;15:45:00;196715,00;196855,00;196700,00;196855,00;1022969,00;26
WINM26;23/02/2026;15:40:00;196790,00;196850,00;196790,00;196830,00;393621,00;10
WINM26;23/02/2026;15:35:00;196780,00;196780,00;196715,00;196780,00;1652812,00;42
WINM26;23/02/2026;15:30:00;196925,00;196975,00;196735,00;196795,00;2755496,00;70
WINM26;23/02/2026;15:25:00;196850,00;196975,00;196815,00;196870,00;1732783,00;44
WINM26;23/02/2026;15:20:00;196795,00;196815,00;196745,00;196810,00;747770,00;19
WINM26;23/02/2026;15:15:00;196805,00;196890,00;196725,00;196755,00;2991018,00;76
WINM26;23/02/2026;15:10:00;196795,00;196860,00;196775,00;196820,00;1180885,00;30
WINM26;23/02/2026;15:05:00;196750,00;196840,00;196690,00;196725,00;1338171,00;34
WINM26;23/02/2026;15:00:00;196660,00;196745,00;196655,00;196730,00;1337608,00;34
WINM26;23/02/2026;14:55:00;196685,00;196800,00;196600,00;196635,00;3186922,00;81
WINM26;23/02/2026;14:50:00;196295,00;196635,00;196295,00;196630,00;3694018,00;94
WINM26;23/02/2026;14:45:00;196295,00;196295,00;196195,00;196195,00;274708,00;7
WINM26;23/02/2026;14:40:00;196390,00;196425,00;196320,00;196320,00;1767336,00;45
WINM26;23/02/2026;14:35:00;196240,00;196305,00;196135,00;196305,00;1530656,00;39
WINM26;23/02/2026;14:30:00;196355,00;196460,00;196340,00;196340,00;667625,00;17
WINM26;23/02/2026;14:25:00;196360,00;196400,00;196360,00;196395,00;1571113,00;40
WINM26;23/02/2026;14:20:00;196245,00;196300,00;196205,00;196295,00;942148,00;24
WINM26;23/02/2026;14:15:00;196370,00;196390,00;196245,00;196345,00;824751,00;21
WINM26;23/02/2026;14:10:00;196230,00;196290,00;196080,00;196290,00;1137881,00;29
WINM26;23/02/2026;14:05:00;196465,00;196500,00;196395,00;196395,00;4046812,00;103
WINM26;23/02/2026;14:00:00;196390,00;196575,00;196320,00;196465,00;56143059,00;1429
WINM26;23/02/2026;13:50:00;196165,00;196320,00;196135,00;196295,00;5690151,00;145
WINM26;23/02/2026;13:45:00;196280,00;196280,00;196165,00;196165,00;2157941,00;55
WINM26;23/02/2026;13:40:00;196285,00;196315,00;196125,00;196315,00;10555986,00;269
WINM26;23/02/2026;13:35:00;196365,00;196405,00;196290,00;196320,00;5458072,00;139
WINM26;23/02/2026;13:30:00;196185,00;196410,00;196165,00;196375,00;22691673,00;578
WINM26;23/02/2026;13:25:00;196185,00;196325,00;196170,00;196285,00;11458780,00;292
WINM26;23/02/2026;13:20:00;196245,00;196380,00;196040,00;196170,00;26497672,00;675
WINM26;23/02/2026;13:15:00;196230,00;196400,00;196205,00;196245,00;2787163,00;71
WINM26;23/02/2026;13:10:00;196500,00;196540,00;196230,00;196230,00;6676067,00;170
WINM26;23/02/2026;13:05:00;196390,00;196450,00;196365,00;196420,00;3928049,00;100
WINM26;23/02/2026;13:00:00;196450,00;196515,00;196300,00;196305,00;1885366,00;48
WINM26;23/02/2026;12:55:00;196685,00;196685,00;196415,00;196415,00;2083637,00;53
WINM26;23/02/2026;12:50:00;197025,00;197025,00;196665,00;196795,00;2282476,00;58
WINM26;23/02/2026;12:45:00;197045,00;197050,00;196900,00;196900,00;393977,00;10
WINM26;23/02/2026;12:40:00;196950,00;197050,00;196950,00;197050,00;630340,00;16
WINM26;23/02/2026;12:35:00;196935,00;196965,00;196925,00;196965,00;275717,00;7
WINM26;23/02/2026;12:30:00;197320,00;197320,00;196960,00;196960,00;276003,00;7
WINM26;23/02/2026;12:25:00;197300,00;197340,00;197150,00;197200,00;867887,00;22
WINM26;23/02/2026;12:20:00;197545,00;197560,00;197370,00;197495,00;1698509,00;43
WINM26;23/02/2026;12:15:00;197440,00;197670,00;197440,00;197515,00;1027353,00;26
WINM26;23/02/2026;12:10:00;197790,00;197810,00;197450,00;197495,00;1027534,00;26
WINM26;23/02/2026;12:05:00;198105,00;198105,00;197680,00;197680,00;19949454,00;504
WINM26;23/02/2026;12:00:00;198460,00;198550,00;198050,00;198050,00;1864050,00;47
WINM26;23/02/2026;11:55:00;198525,00;198685,00;198405,00;198405,00;1191326,00;30
WINM26;23/02/2026;11:50:00;198355,00;198600,00;198300,00;198560,00;3096197,00;78
WINM26;23/02/2026;11:45:00;198050,00;198320,00;198050,00;198295,00;3647524,00;92
WINM26;23/02/2026;11:40:00;197880,00;197990,00;197695,00;197990,00;949768,00;24
WINM26;23/02/2026;11:35:00;197830,00;198150,00;197660,00;198065,00;3998007,00;101
WINM26;23/02/2026;11:30:00;197125,00;197845,00;197125,00;197845,00;16394267,00;415
WINM26;23/02/2026;11:25:00;197130,00;197130,00;196950,00;196975,00;748886,00;19
WINM26;23/02/2026;11:20:00;197250,00;197320,00;197055,00;197170,00;1301177,00;33
WINM26;23/02/2026;11:15:00;197140,00;197275,00;197140,00;197265,00;473371,00;12
WINM26;23/02/2026;11:10:00;197235,00;197280,00;197005,00;197085,00;1498343,00;38
WINM26;23/02/2026;11:05:00;197045,00;197215,00;197045,00;197180,00;709785,00;18
WINM26;23/02/2026;11:00:00;196960,00;197155,00;196960,00;197075,00;1064157,00;27
WINM26;23/02/2026;10:55:00;196750,00;197015,00;196700,00;197015,00;630087,00;16
WINM26;23/02/2026;10:50:00;196920,00;197000,00;196730,00;196770,00;393671,00;10
WINM26;23/02/2026;10:45:00;196670,00;196945,00;196600,00;196945,00;668922,00;17
WINM26;23/02/2026;10:40:00;196890,00;196895,00;196725,00;196725,00;393718,00;10
WINM26;23/02/2026;10:35:00;196990,00;196990,00;196785,00;196930,00;275618,00;7
WINM26;23/02/2026;10:30:00;197105,00;197220,00;196880,00;196920,00;1379114,00;35
WINM26;23/02/2026;10:25:00;196990,00;197140,00;196990,00;197125,00;1261180,00;32
WINM26;23/02/2026;10:20:00;196885,00;196960,00;196770,00;196870,00;354367,00;9
WINM26;23/02/2026;10:15:00;197095,00;197095,00;196790,00;196790,00;984501,00;25
WINM26;23/02/2026;10:10:00;197250,00;197270,00;196930,00;196985,00;906400,00;23
WINM26;23/02/2026;10:05:00;197005,00;197375,00;197005,00;197260,00;1616766,00;41
WINM26;23/02/2026;10:00:00;196615,00;197075,00;196615,00;197005,00;2402271,00;61
WINM26;23/02/2026;09:55:00;196645,00;196650,00;196510,00;196530,00;5191024,00;132
WINM26;23/02/2026;09:50:00;196745,00;196805,00;196735,00;196735,00;10468067,00;266
WINM26;23/02/2026;09:45:00;196750,00;196790,00;196525,00;196770,00;511382,00;13
WINM26;23/02/2026;09:40:00;196835,00;196900,00;196500,00;196650,00;983479,00;25
WINM26;23/02/2026;09:35:00;196775,00;196825,00;196720,00;196825,00;708381,00;18
WINM26;23/02/2026;09:30:00;196890,00;196890,00;196785,00;196850,00;590517,00;15
WINM26;23/02/2026;09:25:00;196705,00;196975,00;196705,00;196895,00;3660811,00;93
WINM26;23/02/2026;09:20:00;196740,00;196845,00;196635,00;196845,00;9325608,00;237
WINM26;23/02/2026;09:15:00;197350,00;197400,00;196725,00;196755,00;19245950,00;489
WINM26;23/02/2026;09:10:00;197450,00;197500,00;197285,00;197440,00;5094544,00;129
WINM26;23/02/2026;09:05:00;197525,00;197630,00;197350,00;197495,00;7503217,00;190
WINM26;23/02/2026;09:00:00;197650,00;197845,00;197380,00;197560,00;16949395,00;429
WINM26;20/02/2026;18:20:00;198040,00;198080,00;197850,00;197850,00;1742047,00;44
WINM26;20/02/2026;18:15:00;198105,00;198205,00;197995,00;197995,00;1307287,00;33
WINM26;20/02/2026;18:10:00;198165,00;198235,00;198160,00;198235,00;673806,00;17
WINM26;20/02/2026;18:05:00;198115,00;198240,00;198075,00;198220,00;435958,00;11
WINM26;20/02/2026;18:00:00;198100,00;198145,00;198040,00;198140,00;713134,00;18
WINM26;20/02/2026;17:55:00;198090,00;198140,00;198005,00;198140,00;633861,00;16
WINM26;20/02/2026;17:50:00;198000,00;198080,00;197965,00;198050,00;1267208,00;32
WINM26;20/02/2026;17:45:00;198050,00;198050,00;197975,00;198000,00;1544351,00;39
WINM26;20/02/2026;17:40:00;198105,00;198165,00;198100,00;198100,00;1347320,00;34
WINM26;20/02/2026;17:35:00;198190,00;198200,00;198190,00;198200,00;2695518,00;68
WINM26;20/02/2026;17:30:00;198005,00;198100,00;197890,00;198100,00;1425588,00;36
WINM26;20/02/2026;17:25:00;198150,00;198160,00;198020,00;198060,00;1109320,00;28
WINM26;20/02/2026;17:20:00;198345,00;198390,00;198175,00;198235,00;1189837,00;30
WINM26;20/02/2026;17:15:00;198320,00;198320,00;198280,00;198290,00;396575,00;10
WINM26;20/02/2026;17:10:00;198135,00;198315,00;198070,00;198315,00;1268488,00;32
WINM26;20/02/2026;17:05:00;198000,00;198150,00;198000,00;198110,00;1941112,00;49
WINM26;20/02/2026;17:00:00;197820,00;197945,00;197820,00;197945,00;2810364,00;71
WINM26;20/02/2026;16:55:00;198000,00;198060,00;197850,00;197900,00;3403790,00;86
WINM26;20/02/2026;16:50:00;197950,00;198030,00;197950,00;198015,00;1425631,00;36
WINM26;20/02/2026;16:45:00;197770,00;197935,00;197770,00;197935,00;316557,00;8
WINM26;20/02/2026;16:40:00;197685,00;197830,00;197670,00;197830,00;3005489,00;76
WINM26;20/02/2026;16:35:00;197375,00;197620,00;197375,00;197620,00;1026941,00;26
WINM26;20/02/2026;16:30:00;197295,00;197295,00;197255,00;197255,00;157828,00;4
WINM26;20/02/2026;16:25:00;197300,00;197300,00;197225,00;197225,00;749701,00;19
WINM26;20/02/2026;16:20:00;197180,00;197300,00;197125,00;197295,00;512758,00;13
WINM26;20/02/2026;16:15:00;197275,00;197275,00;197275,00;197275,00;394550,00;10
WINM26;20/02/2026;16:10:00;197240,00;197330,00;197220,00;197330,00;828497,00;21
WINM26;20/02/2026;16:05:00;197200,00;197255,00;197200,00;197255,00;394491,00;10
WINM26;20/02/2026;16:00:00;196935,00;197200,00;196895,00;197200,00;1694598,00;43
WINM26;20/02/2026;15:55:00;197125,00;197125,00;196955,00;196955,00;118240,00;3
WINM26;20/02/2026;15:50:00;197070,00;197070,00;197010,00;197010,00;512346,00;13
WINM26;20/02/2026;15:45:00;197195,00;197225,00;197085,00;197085,00;709741,00;18
WINM26;20/02/2026;15:40:00;197125,00;197200,00;197125,00;197200,00;315415,00;8
WINM26;20/02/2026;15:35:00;197115,00;197240,00;196810,00;197240,00;788199,00;20
WINM26;20/02/2026;15:30:00;196895,00;197235,00;196760,00;197170,00;1773326,00;45
WINM26;20/02/2026;15:25:00;196695,00;196900,00;196655,00;196900,00;1062739,00;27
WINM26;20/02/2026;15:20:00;196715,00;196715,00;196430,00;196550,00;668264,00;17
WINM26;20/02/2026;15:15:00;196650,00;196795,00;196650,00;196650,00;432810,00;11
WINM26;20/02/2026;15:10:00;196625,00;196625,00;196605,00;196625,00;314596,00;8
WINM26;20/02/2026;15:05:00;196650,00;196760,00;196575,00;196730,00;1455483,00;37
WINM26;20/02/2026;15:00:00;196425,00;196650,00;196425,00;196650,00;864968,00;22
WINM26;20/02/2026;14:55:00;196305,00;196500,00;196305,00;196445,00;707133,00;18
WINM26;20/02/2026;14:50:00;196175,00;196560,00;196175,00;196475,00;2396313,00;61
WINM26;20/02/2026;14:45:00;195875,00;196110,00;195875,00;196110,00;901543,00;23
WINM26;20/02/2026;14:40:00;195900,00;195925,00;195900,00;195915,00;1175431,00;30
WINM26;20/02/2026;14:35:00;195730,00;195860,00;195670,00;195860,00;1644060,00;42
WINM26;20/02/2026;14:30:00;195420,00;195675,00;195420,00;195675,00;899556,00;23
WINM26;20/02/2026;14:25:00;195535,00;195535,00;195360,00;195440,00;2540738,00;65
WINM26;20/02/2026;14:20:00;195705,00;195705,00;195575,00;195575,00;2504153,00;64
WINM26;20/02/2026;14:15:00;195955,00;195955,00;195735,00;195850,00;548361,00;14
WINM26;20/02/2026;14:10:00;196100,00;196100,00;195940,00;195975,00;980103,00;25
WINM26;20/02/2026;14:05:00;196295,00;196295,00;196105,00;196105,00;2040645,00;52
WINM26;20/02/2026;14:00:00;196260,00;196365,00;196230,00;196230,00;3808023,00;97
WINM26;20/02/2026;13:55:00;196160,00;196195,00;196150,00;196195,00;196162,00;5
WINM26;20/02/2026;13:50:00;196260,00;196260,00;196135,00;196250,00;667084,00;17
WINM26;20/02/2026;13:45:00;196305,00;196305,00;196180,00;196250,00;981205,00;25
WINM26;20/02/2026;13:40:00;196245,00;196325,00;196220,00;196255,00;314015,00;8
WINM26;20/02/2026;13:35:00;196130,00;196215,00;196130,00;196215,00;470781,00;12
WINM26;20/02/2026;13:30:00;195885,00;196095,00;195860,00;196065,00;431189,00;11
WINM26;20/02/2026;13:25:00;195875,00;195955,00;195875,00;195905,00;1018695,00;26
WINM26;20/02/2026;13:20:00;195975,00;195985,00;195900,00;195900,00;195948,00;5
WINM26;20/02/2026;13:15:00;196085,00;196165,00;196035,00;196165,00;431417,00;11
WINM26;20/02/2026;13:10:00;196150,00;196240,00;196100,00;196100,00;313842,00;8
WINM26;20/02/2026;13:05:00;196085,00;196085,00;195920,00;195920,00;470395,00;12
WINM26;20/02/2026;13:00:00;196075,00;196260,00;196025,00;196185,00;745313,00;19
WINM26;20/02/2026;12:55:00;196270,00;196320,00;196270,00;196270,00;628110,00;16
WINM26;20/02/2026;12:50:00;196300,00;196300,00;196135,00;196200,00;706260,00;18
WINM26;20/02/2026;12:45:00;196110,00;196465,00;196110,00;196465,00;745819,00;19
WINM26;20/02/2026;12:40:00;196085,00;196230,00;196085,00;196165,00;509987,00;13
WINM26;20/02/2026;12:35:00;195805,00;196035,00;195800,00;195935,00;313531,00;8
WINM26;20/02/2026;12:30:00;196065,00;196065,00;195880,00;195945,00;1175652,00;30
WINM26;20/02/2026;12:25:00;196060,00;196275,00;196060,00;196070,00;941491,00;24
WINM26;20/02/2026;12:20:00;196605,00;196635,00;196090,00;196090,00;746412,00;19
WINM26;20/02/2026;12:15:00;195900,00;196540,00;195900,00;196450,00;2080516,00;53
WINM26;20/02/2026;12:10:00;195930,00;196145,00;195930,00;196050,00;1764310,00;45
WINM26;20/02/2026;12:05:00;196065,00;196065,00;195605,00;195790,00;3562144,00;91
WINM26;20/02/2026;12:00:00;195480,00;196300,00;195480,00;196080,00;7954440,00;203
WINM26;20/02/2026;11:55:00;195380,00;195470,00;195280,00;195355,00;976750,00;25
WINM26;20/02/2026;11:50:00;195095,00;195470,00;195070,00;195460,00;1484242,00;38
WINM26;20/02/2026;11:45:00;195295,00;195365,00;195135,00;195135,00;1054539,00;27
WINM26;20/02/2026;11:40:00;195110,00;195455,00;195060,00;195250,00;3123767,00;80
WINM26;20/02/2026;11:35:00;195150,00;195280,00;194950,00;195115,00;2028635,00;52
WINM26;20/02/2026;11:30:00;195195,00;195400,00;195015,00;195015,00;5622578,00;144
WINM26;20/02/2026;11:25:00;194925,00;195255,00;194925,00;195080,00;16122015,00;413
WINM26;20/02/2026;11:20:00;194835,00;194940,00;194765,00;194890,00;1363985,00;35
WINM26;20/02/2026;11:15:00;194545,00;194790,00;194545,00;194675,00;1440756,00;37
WINM26;20/02/2026;11:10:00;194335,00;194495,00;194305,00;194495,00;660964,00;17
WINM26;20/02/2026;11:05:00;194495,00;194495,00;194375,00;194395,00;272203,00;7
WINM26;20/02/2026;11:00:00;194535,00;194535,00;194475,00;194520,00;233407,00;6
WINM26;20/02/2026;10:55:00;194640,00;194680,00;194615,00;194630,00;2024500,00;52
WINM26;20/02/2026;10:50:00;194330,00;194590,00;194295,00;194590,00;933220,00;24
WINM26;20/02/2026;10:45:00;194450,00;194455,00;194220,00;194255,00;3575089,00;92
WINM26;20/02/2026;10:40:00;194790,00;194800,00;194415,00;194510,00;1790015,00;46
WINM26;20/02/2026;10:35:00;194450,00;194725,00;194380,00;194725,00;4900135,00;126
WINM26;20/02/2026;10:30:00;194890,00;194935,00;194470,00;194545,00;1947089,00;50
WINM26;20/02/2026;10:25:00;194790,00;194855,00;194790,00;194855,00;350697,00;9
WINM26;20/02/2026;10:20:00;194855,00;194915,00;194570,00;194700,00;857059,00;22
WINM26;20/02/2026;10:15:00;194890,00;194900,00;194780,00;194780,00;350782,00;9
WINM26;20/02/2026;10:10:00;194685,00;194790,00;194665,00;194790,00;428444,00;11
WINM26;20/02/2026;10:05:00;194575,00;194880,00;194575,00;194640,00;3115672,00;80
WINM26;20/02/2026;10:00:00;194705,00;194765,00;194550,00;194650,00;1284752,00;33
WINM26;20/02/2026;09:55:00;194720,00;194720,00;194665,00;194675,00;116812,00;3
WINM26;20/02/2026;09:50:00;194615,00;194790,00;194590,00;194685,00;895650,00;23
WINM26;20/02/2026;09:45:00;194720,00;194720,00;194590,00;194615,00;2763496,00;71
WINM26;20/02/2026;09:40:00;194900,00;194900,00;194730,00;194825,00;1285662,00;33
WINM26;20/02/2026;09:35:00;194850,00;194975,00;194830,00;194975,00;1325289,00;34
WINM26;20/02/2026;09:30:00;194950,00;194950,00;194820,00;194850,00;623632,00;16
WINM26;20/02/2026;09:25:00;195115,00;195115,00;194940,00;195030,00;624051,00;16
WINM26;20/02/2026;09:20:00;194960,00;195135,00;194910,00;195135,00;1676843,00;43
WINM26;20/02/2026;09:15:00;195215,00;195260,00;195000,00;195045,00;3278980,00;84
WINM26;20/02/2026;09:10:00;195415,00;195415,00;195205,00;195210,00;1679383,00;43
WINM26;20/02/2026;09:05:00;196000,00;196000,00;195385,00;195425,00;2465604,00;63
WINM26;20/02/2026;09:00:00;196275,00;196325,00;195800,00;195900,00;1686419,00;43
WINM26;19/02/2026;18:20:00;196085,00;196395,00;196050,00;196395,00;1020112,00;26
WINM26;19/02/2026;18:15:00;196230,00;196255,00;196125,00;196150,00;1569441,00;40
WINM26;19/02/2026;18:10:00;196270,00;196270,00;196270,00;196270,00;235524,00;6
WINM26;19/02/2026;18:05:00;196230,00;196350,00;196230,00;196270,00;1099253,00;28
WINM26;19/02/2026;18:00:00;196150,00;196295,00;196150,00;196295,00;1059856,00;27
WINM26;19/02/2026;17:55:00;196085,00;196200,00;196060,00;196060,00;1255468,00;32
WINM26;19/02/2026;17:50:00;196140,00;196165,00;196020,00;196070,00;1725449,00;44
WINM26;19/02/2026;17:45:00;196100,00;196115,00;196020,00;196105,00;1255035,00;32
WINM26;19/02/2026;17:40:00;195980,00;196070,00;195875,00;196070,00;2939375,00;75
WINM26;19/02/2026;17:35:00;196015,00;196060,00;195960,00;195975,00;195999,00;5
WINM26;19/02/2026;17:30:00;195745,00;196095,00;195745,00;196000,00;3251580,00;83
WINM26;19/02/2026;17:25:00;195515,00;195680,00;195515,00;195670,00;625895,00;16
WINM26;19/02/2026;17:20:00;195500,00;195590,00;195475,00;195590,00;195505,00;5
WINM26;19/02/2026;17:15:00;195620,00;195620,00;195500,00;195600,00;1368726,00;35
WINM26;19/02/2026;17:10:00;195690,00;195690,00;195625,00;195690,00;234803,00;6
WINM26;19/02/2026;17:05:00;195820,00;195820,00;195670,00;195690,00;743732,00;19
WINM26;19/02/2026;17:00:00;195715,00;195820,00;195715,00;195820,00;1096389,00;28
WINM26;19/02/2026;16:55:00;195750,00;195750,00;195680,00;195685,00;469716,00;12
WINM26;19/02/2026;16:50:00;195700,00;195750,00;195600,00;195750,00;665279,00;17
WINM26;19/02/2026;16:45:00;195600,00;195605,00;195530,00;195565,00;704026,00;18
WINM26;19/02/2026;16:40:00;195650,00;195730,00;195550,00;195650,00;2738764,00;70
WINM26;19/02/2026;16:35:00;195850,00;195950,00;195650,00;195650,00;3133636,00;80
WINM26;19/02/2026;16:30:00;195820,00;195820,00;195820,00;195820,00;979100,00;25
WINM26;19/02/2026;16:25:00;195810,00;195880,00;195790,00;195880,00;2349941,00;60
WINM26;19/02/2026;16:20:00;195760,00;195760,00;195750,00;195750,00;117452,00;3
WINM26;19/02/2026;16:15:00;195865,00;195925,00;195795,00;195795,00;1135970,00;29
WINM26;19/02/2026;16:10:00;195840,00;195965,00;195840,00;195965,00;1057879,00;27
WINM26;19/02/2026;16:05:00;195820,00;195875,00;195765,00;195770,00;665712,00;17
WINM26;19/02/2026;16:00:00;196020,00;196020,00;195835,00;195845,00;1292759,00;33
WINM26;19/02/2026;15:55:00;196030,00;196030,00;195950,00;195950,00;548739,00;14
WINM26;19/02/2026;15:50:00;196010,00;196100,00;196010,00;196085,00;627448,00;16
WINM26;19/02/2026;15:45:00;195905,00;196050,00;195895,00;196050,00;1410765,00;36
WINM26;19/02/2026;15:40:00;195975,00;195990,00;195875,00;195930,00;862136,00;22
WINM26;19/02/2026;15:35:00;195940,00;195970,00;195825,00;195840,00;822693,00;21
WINM26;19/02/2026;15:30:00;195925,00;196000,00;195800,00;195850,00;1096987,00;28
WINM26;19/02/2026;15:25:00;196005,00;196005,00;195950,00;195950,00;744717,00;19
WINM26;19/02/2026;15:20:00;196100,00;196100,00;195890,00;195990,00;1724597,00;44
WINM26;19/02/2026;15:15:00;196240,00;196240,00;196125,00;196125,00;313882,00;8
WINM26;19/02/2026;15:10:00;195940,00;196190,00;195900,00;196190,00;3332285,00;85
WINM26;19/02/2026;15:05:00;196050,00;196075,00;196020,00;196020,00;313704,00;8
WINM26;19/02/2026;15:00:00;195995,00;196030,00;195950,00;196025,00;391971,00;10
WINM26;19/02/2026;14:55:00;196150,00;196150,00;195975,00;196055,00;1882004,00;48
WINM26;19/02/2026;14:50:00;196070,00;196200,00;196040,00;196150,00;588300,00;15
WINM26;19/02/2026;14:45:00;196205,00;196205,00;196095,00;196130,00;1568956,00;40
WINM26;19/02/2026;14:40:00;196320,00;196320,00;196320,00;196320,00;39264,00;1
WINM26;19/02/2026;14:35:00;196495,00;196500,00;196210,00;196230,00;981869,00;25
WINM26;19/02/2026;14:30:00;196400,00;196505,00;196400,00;196450,00;2357508,00;60
WINM26;19/02/2026;14:25:00;196310,00;196500,00;196260,00;196360,00;2120865,00;54
WINM26;19/02/2026;14:20:00;196360,00;196500,00;196230,00;196270,00;3338879,00;85
WINM26;19/02/2026;14:15:00;195980,00;196360,00;195980,00;196305,00;2669295,00;68
WINM26;19/02/2026;14:10:00;196010,00;196075,00;195975,00;195995,00;509638,00;13
WINM26;19/02/2026;14:05:00;195900,00;196035,00;195900,00;196035,00;1489286,00;38
WINM26;19/02/2026;14:00:00;196120,00;196120,00;195895,00;195950,00;1058122,00;27
WINM26;19/02/2026;13:55:00;196205,00;196250,00;196100,00;196120,00;706291,00;18
WINM26;19/02/2026;13:50:00;196075,00;196245,00;195945,00;196225,00;1725207,00;44
WINM26;19/02/2026;13:45:00;196150,00;196255,00;196000,00;196060,00;1529715,00;39
WINM26;19/02/2026;13:40:00;196220,00;196220,00;196135,00;196135,00;941472,00;24
WINM26;19/02/2026;13:35:00;196360,00;196360,00;196225,00;196225,00;549690,00;14
WINM26;19/02/2026;13:30:00;196255,00;196350,00;196200,00;196350,00;1334529,00;34
WINM26;19/02/2026;13:25:00;196145,00;196345,00;196105,00;196240,00;1098732,00;28
WINM26;19/02/2026;13:20:00;196300,00;196300,00;196150,00;196160,00;627884,00;16
WINM26;19/02/2026;13:15:00;196250,00;196380,00;196250,00;196320,00;745953,00;19
WINM26;19/02/2026;13:10:00;196260,00;196305,00;196190,00;196190,00;784995,00;20
WINM26;19/02/2026;13:05:00;196270,00;196370,00;196185,00;196370,00;2983236,00;76
WINM26;19/02/2026;13:00:00;196255,00;196410,00;196125,00;196160,00;4790447,00;122
WINM26;19/02/2026;12:55:00;195935,00;196250,00;195935,00;196210,00;13101872,00;334
WINM26;19/02/2026;12:50:00;196050,00;196050,00;195750,00;195750,00;3134571,00;80
WINM26;19/02/2026;12:45:00;195895,00;196150,00;195895,00;196065,00;2587937,00;66
WINM26;19/02/2026;12:40:00;196015,00;196165,00;195865,00;195885,00;5254295,00;134
WINM26;19/02/2026;12:35:00;195885,00;196045,00;195885,00;195995,00;3292684,00;84
WINM26;19/02/2026;12:30:00;195700,00;195900,00;195695,00;195785,00;2584750,00;66
WINM26;19/02/2026;12:25:00;195625,00;195650,00;195555,00;195645,00;625889,00;16
WINM26;19/02/2026;12:20:00;195385,00;195630,00;195250,00;195600,00;1211716,00;31
WINM26;19/02/2026;12:15:00;195290,00;195495,00;195170,00;195495,00;2616767,00;67
WINM26;19/02/2026;12:10:00;195320,00;195625,00;195280,00;195300,00;2657665,00;68
WINM26;19/02/2026;12:05:00;195210,00;195370,00;194960,00;195245,00;3161882,00;81
WINM26;19/02/2026;12:00:00;194455,00;195275,00;194405,00;195225,00;8105359,00;208
WINM26;19/02/2026;11:55:00;194240,00;194495,00;194240,00;194385,00;4120915,00;106
WINM26;19/02/2026;11:50:00;194125,00;194240,00;194020,00;194205,00;13973926,00;360
WINM26;19/02/2026;11:45:00;194005,00;194185,00;193875,00;194125,00;2367657,00;61
WINM26;19/02/2026;11:40:00;193855,00;194000,00;193625,00;193970,00;2325477,00;60
WINM26;19/02/2026;11:35:00;194030,00;194030,00;193685,00;193975,00;4380756,00;113
WINM26;19/02/2026;11:30:00;193960,00;194035,00;193870,00;193985,00;1124984,00;29
WINM26;19/02/2026;11:25:00;194090,00;194185,00;193890,00;194070,00;2211625,00;57
WINM26;19/02/2026;11:20:00;194145,00;194145,00;194100,00;194100,00;349425,00;9
WINM26;19/02/2026;11:15:00;194050,00;194210,00;194050,00;194175,00;8389061,00;216
WINM26;19/02/2026;11:10:00;194140,00;194175,00;193990,00;194045,00;853829,00;22
WINM26;19/02/2026;11:05:00;193995,00;194150,00;193985,00;193985,00;1436054,00;37
WINM26;19/02/2026;11:00:00;194150,00;194150,00;193865,00;193965,00;5274420,00;136
WINM26;19/02/2026;10:55:00;194245,00;194260,00;194065,00;194170,00;1242704,00;32
WINM26;19/02/2026;10:50:00;194050,00;194325,00;193975,00;194175,00;1514190,00;39
WINM26;19/02/2026;10:45:00;194280,00;194280,00;193985,00;193985,00;1164755,00;30
WINM26;19/02/2026;10:40:00;194610,00;194720,00;194205,00;194280,00;1866578,00;48
WINM26;19/02/2026;10:35:00;194260,00;194660,00;194260,00;194660,00;3811197,00;98
WINM26;19/02/2026;10:30:00;193920,00;194350,00;193920,00;194315,00;1320635,00;34
WINM26;19/02/2026;10:25:00;194025,00;194100,00;193960,00;194045,00;659611,00;17
WINM26;19/02/2026;10:20:00;194250,00;194300,00;193885,00;194065,00;5043372,00;130
WINM26;19/02/2026;10:15:00;193840,00;194275,00;193840,00;194210,00;2872585,00;74
WINM26;19/02/2026;10:10:00;193775,00;193990,00;193685,00;193800,00;3373370,00;87
WINM26;19/02/2026;10:05:00;193870,00;193940,00;193615,00;193845,00;4380445,00;113
WINM26;19/02/2026;10:00:00;194400,00;194410,00;193720,00;193850,00;6825994,00;176
WINM26;19/02/2026;09:55:00;194145,00;194500,00;194145,00;194500,00;1049549,00;27
WINM26;19/02/2026;09:50:00;194040,00;194230,00;194000,00;194185,00;1125991,00;29
WINM26;19/02/2026;09:45:00;194425,00;194520,00;194015,00;194015,00;2603619,00;67
WINM26;19/02/2026;09:40:00;194005,00;194640,00;194005,00;194400,00;4626337,00;119
WINM26;19/02/2026;09:35:00;194140,00;194140,00;193975,00;193975,00;1552073,00;40
WINM26;19/02/2026;09:30:00;194285,00;194290,00;194110,00;194210,00;2252828,00;58
WINM26;19/02/2026;09:25:00;194190,00;194400,00;194190,00;194270,00;5245543,00;135
WINM26;19/02/2026;09:20:00;194195,00;194195,00;193975,00;194045,00;1591484,00;41
WINM26;19/02/2026;09:15:00;194135,00;194320,00;194080,00;194135,00;1436923,00;37
WINM26;19/02/2026;09:10:00;194270,00;194400,00;194155,00;194240,00;4858388,00;125
WINM26;19/02/2026;09:05:00;193905,00;194280,00;193860,00;194210,00;2756354,00;71
WINM26;19/02/2026;09:00:00;194190,00;194290,00;193660,00;193920,00;5742503,00;148
WINM26;18/02/2026;18:20:00;194000,00;194000,00;193850,00;193850,00;155150,00;4
WINM26;18/02/2026;18:15:00;193945,00;193945,00;193945,00;193945,00;38789,00;1
WINM26;18/02/2026;18:10:00;193965,00;193970,00;193750,00;193750,00;659118,00;17
WINM26;18/02/2026;18:05:00;193845,00;193965,00;193785,00;193965,00;853046,00;22
WINM26;18/02/2026;18:00:00;193840,00;193985,00;193835,00;193835,00;930478,00;24
WINM26;18/02/2026;17:55:00;193675,00;193900,00;193610,00;193715,00;1394822,00;36
WINM26;18/02/2026;17:50:00;193300,00;193675,00;193300,00;193675,00;2400041,00;62
WINM26;18/02/2026;17:45:00;193110,00;193125,00;193090,00;193125,00;231727,00;6
WINM26;18/02/2026;17:40:00;193170,00;193385,00;193060,00;193295,00;3673273,00;95
WINM26;18/02/2026;17:35:00;193040,00;193170,00;192970,00;193170,00;231698,00;6
WINM26;18/02/2026;17:30:00;193040,00;193160,00;193040,00;193160,00;154480,00;4
WINM26;18/02/2026;17:25:00;192915,00;192915,00;192915,00;192915,00;38583,00;1
WINM26;18/02/2026;17:15:00;192845,00;192845,00;192845,00;192845,00;192845,00;5
WINM26;18/02/2026;17:10:00;193070,00;193070,00;192845,00;192845,00;3164062,00;82
WINM26;18/02/2026;17:05:00;193330,00;193420,00;193270,00;193270,00;3558136,00;92
WINM26;18/02/2026;17:00:00;193015,00;193345,00;193015,00;193345,00;618141,00;16
WINM26;18/02/2026;16:50:00;192695,00;192695,00;192620,00;192620,00;77063,00;2
WINM26;18/02/2026;16:45:00;193020,00;193120,00;192720,00;192895,00;1003517,00;26
WINM26;18/02/2026;16:40:00;192760,00;192930,00;192750,00;192820,00;192802,00;5
WINM26;18/02/2026;16:35:00;192810,00;192810,00;192810,00;192810,00;38562,00;1
WINM26;18/02/2026;16:30:00;192845,00;192845,00;192810,00;192810,00;77131,00;2
WINM26;18/02/2026;16:20:00;193045,00;193045,00;193045,00;193045,00;38609,00;1
WINM26;18/02/2026;16:15:00;193050,00;193050,00;192850,00;192850,00;308680,00;8
WINM26;18/02/2026;16:10:00;193180,00;193180,00;192820,00;192850,00;4787065,00;124
WINM26;18/02/2026;16:05:00;193265,00;193265,00;193210,00;193210,00;502411,00;13
WINM26;18/02/2026;16:00:00;193450,00;193685,00;193310,00;193310,00;928507,00;24
WINM26;18/02/2026;15:55:00;193400,00;193525,00;193400,00;193525,00;580500,00;15
WINM26;18/02/2026;15:50:00;193110,00;193110,00;193110,00;193110,00;154488,00;4
WINM26;18/02/2026;15:45:00;193300,00;193300,00;193100,00;193110,00;4134828,00;107
WINM26;18/02/2026;15:40:00;193445,00;193645,00;193445,00;193645,00;1975139,00;51
WINM26;18/02/2026;15:35:00;193445,00;193445,00;193310,00;193310,00;502862,00;13
WINM26;18/02/2026;15:30:00;193645,00;193645,00;193445,00;193445,00;116107,00;3
WINM26;18/02/2026;15:25:00;193300,00;193620,00;193280,00;193585,00;928741,00;24
WINM26;18/02/2026;15:20:00;193275,00;193500,00;193245,00;193500,00;193314,00;5
WINM26;18/02/2026;15:15:00;193290,00;193290,00;193245,00;193245,00;231903,00;6
WINM26;18/02/2026;15:10:00;193250,00;193400,00;193200,00;193245,00;1429850,00;37
WINM26;18/02/2026;15:05:00;193850,00;193850,00;193380,00;193380,00;1547933,00;40
WINM26;18/02/2026;15:00:00;194060,00;194125,00;193650,00;193850,00;1279715,00;33
WINM26;18/02/2026;14:40:00;194520,00;194520,00;194265,00;194465,00;349834,00;9
WINM26;18/02/2026;14:35:00;194465,00;194465,00;194465,00;194465,00;38893,00;1
WINM26;18/02/2026;14:30:00;194265,00;194265,00;194265,00;194265,00;77706,00;2
WINM26;18/02/2026;14:25:00;194160,00;194585,00;194000,00;194445,00;5674490,00;146
WINM26;18/02/2026;14:20:00;194080,00;194215,00;194080,00;194160,00;4272329,00;110
WINM26;18/02/2026;14:15:00;193745,00;194080,00;193670,00;194050,00;3257184,00;84
WINM26;18/02/2026;14:10:00;193440,00;193745,00;193440,00;193745,00;425828,00;11
WINM26;18/02/2026;14:05:00;193555,00;193745,00;193490,00;193490,00;154869,00;4
WINM26;18/02/2026;14:00:00;193765,00;193865,00;193500,00;193550,00;2982041,00;77
WINM26;18/02/2026;13:55:00;194060,00;194060,00;194045,00;194045,00;1047846,00;27
WINM26;18/02/2026;13:50:00;193825,00;194095,00;193825,00;194095,00;2094890,00;54
WINM26;18/02/2026;13:45:00;193875,00;194025,00;193875,00;194025,00;77580,00;2
WINM26;18/02/2026;13:40:00;194120,00;194265,00;194120,00;194265,00;1825157,00;47
WINM26;18/02/2026;13:35:00;194085,00;194250,00;193995,00;194180,00;2988359,00;77
WINM26;18/02/2026;13:30:00;193995,00;194225,00;193990,00;194200,00;5163773,00;133
WINM26;18/02/2026;13:25:00;194130,00;194130,00;193795,00;193795,00;697988,00;18
WINM26;18/02/2026;13:20:00;194410,00;194420,00;194110,00;194180,00;738277,00;19
WINM26;18/02/2026;13:15:00;194300,00;194435,00;193875,00;194210,00;3650857,00;94
WINM26;18/02/2026;13:10:00;194655,00;194835,00;194450,00;194450,00;739569,00;19
WINM26;18/02/2026;13:05:00;195095,00;196365,00;194835,00;195065,00;6017937,00;154
WINM26;18/02/2026;13:00:00;194260,00;195300,00;194230,00;195230,00;3777747,00;97
WINM26;13/02/2026;18:20:00;194260,00;194465,00;194260,00;194465,00;544338,00;14
WINM26;13/02/2026;18:05:00;194200,00;194250,00;194200,00;194250,00;77690,00;2
WINM26;13/02/2026;17:25:00;193590,00;193590,00;193590,00;193590,00;38718,00;1
WINM26;13/02/2026;16:55:00;193840,00;193840,00;193840,00;193840,00;155072,00;4
WINM26;13/02/2026;16:50:00;193965,00;193965,00;193965,00;193965,00;387930,00;10
WINM26;13/02/2026;16:25:00;193450,00;193450,00;193450,00;193450,00;38690,00;1
WINM26;13/02/2026;16:15:00;193880,00;194075,00;193500,00;193500,00;232658,00;6
WINM26;13/02/2026;16:00:00;193840,00;193840,00;193820,00;193820,00;155060,00;4
WINM26;13/02/2026;15:15:00;193750,00;193750,00;193750,00;193750,00;38750,00;1
WINM26;13/02/2026;15:10:00;193985,00;194015,00;193985,00;194015,00;77600,00;2
WINM26;13/02/2026;15:00:00;193985,00;193985,00;193985,00;193985,00;310376,00;8
WINM26;13/02/2026;14:55:00;193930,00;193930,00;193930,00;193930,00;77572,00;2
WINM26;13/02/2026;14:25:00;193390,00;193390,00;193390,00;193390,00;464136,00;12
WINM26;13/02/2026;14:20:00;193305,00;193305,00;193305,00;193305,00;38661,00;1
WINM26;13/02/2026;14:10:00;193550,00;193550,00;193550,00;193550,00;116130,00;3
WINM26;13/02/2026;13:50:00;193500,00;193540,00;193500,00;193540,00;116108,00;3
WINM26;13/02/2026;13:45:00;193280,00;193360,00;193280,00;193360,00;193332,00;5
WINM26;13/02/2026;13:30:00;193300,00;193300,00;193300,00;193300,00;38660,00;1
WINM26;13/02/2026;13:20:00;192820,00;192820,00;192820,00;192820,00;115692,00;3
WINM26;13/02/2026;13:00:00;192450,00;192450,00;192450,00;192450,00;38490,00;1
WINM26;13/02/2026;12:55:00;192700,00;192700,00;192700,00;192700,00;38540,00;1
WINM26;13/02/2026;12:45:00;192900,00;192900,00;192615,00;192615,00;77103,00;2
WINM26;13/02/2026;12:40:00;193285,00;193470,00;193285,00;193470,00;193322,00;5
WINM26;13/02/2026;12:35:00;193125,00;193270,00;193125,00;193270,00;463537,00;12
WINM26;13/02/2026;12:30:00;192950,00;192950,00;192950,00;192950,00;385900,00;10
WINM26;13/02/2026;11:55:00;191700,00;191700,00;191700,00;191700,00;153360,00;4
WINM26;13/02/2026;11:50:00;191885,00;191885,00;191885,00;191885,00;38377,00;1
WINM26;13/02/2026;11:45:00;192460,00;192460,00;192460,00;192460,00;192460,00;5
WINM26;13/02/2026;11:40:00;191735,00;192145,00;191545,00;192145,00;345553,00;9
WINM26;13/02/2026;11:35:00;192175,00;192175,00;191790,00;191790,00;115193,00;3
WINM26;13/02/2026;11:30:00;192535,00;192535,00;192500,00;192500,00;77007,00;2
WINM26;13/02/2026;10:55:00;192950,00;192950,00;192950,00;192950,00;38590,00;1
WINM26;13/02/2026;10:45:00;193125,00;193125,00;193125,00;193125,00;38625,00;1
WINM26;13/02/2026;10:35:00;193115,00;193115,00;193115,00;193115,00;77246,00;2
WINM26;13/02/2026;10:30:00;193270,00;193300,00;192620,00;192620,00;154362,00;4
WINM26;13/02/2026;10:25:00;193100,00;193100,00;193100,00;193100,00;231720,00;6
WINM26;13/02/2026;10:20:00;192950,00;192950,00;192950,00;192950,00;231540,00;6
WINM26;13/02/2026;10:15:00;192750,00;192750,00;192650,00;192650,00;115623,00;3
WINM26;13/02/2026;10:10:00;192915,00;192915,00;192915,00;192915,00;38583,00;1
WINM26;13/02/2026;10:00:00;193015,00;193015,00;192815,00;192815,00;192923,00;5
WINM26;13/02/2026;09:55:00;193115,00;193115,00;193115,00;193115,00;38623,00;1
WINM26;13/02/2026;09:50:00;193115,00;193115,00;192850,00;192850,00;617593,00;16
WINM26;13/02/2026;09:45:00;193415,00;193415,00;193215,00;193215,00;309264,00;8
WINM26;13/02/2026;09:40:00;193070,00;193070,00;193070,00;193070,00;38614,00;1
WINM26;13/02/2026;09:30:00;193070,00;193070,00;193070,00;193070,00;38614,00;1
WINM26;13/02/2026;09:25:00;193170,00;193170,00;193170,00;193170,00;38634,00;1
WINM26;13/02/2026;09:20:00;193270,00;193270,00;193270,00;193270,00;38654,00;1
WINM26;13/02/2026;09:15:00;193670,00;193670,00;193250,00;193250,00;193466,00;5
WINM26;13/02/2026;09:10:00;193800,00;193800,00;193770,00;193770,00;77514,00;2
WINM26;13/02/2026;09:05:00;194000,00;194000,00;194000,00;194000,00;38800,00;1
WINM26;13/02/2026;09:00:00;194655,00;194750,00;194100,00;194320,00;233359,00;6
WINM26;12/02/2026;18:00:00;195750,00;195750,00;195650,00;195650,00;78280,00;2
WINM26;12/02/2026;17:50:00;195850,00;195850,00;195850,00;195850,00;39170,00;1
WINM26;12/02/2026;17:45:00;195945,00;195945,00;195945,00;195945,00;39189,00;1
WINM26;12/02/2026;17:40:00;196200,00;196200,00;196200,00;196200,00;39240,00;1
WINM26;12/02/2026;17:15:00;195850,00;195850,00;195850,00;195850,00;39170,00;1
WINM26;12/02/2026;17:05:00;196125,00;196125,00;196125,00;196125,00;39225,00;1
WINM26;12/02/2026;17:00:00;196050,00;196050,00;195950,00;195950,00;78400,00;2
WINM26;12/02/2026;16:50:00;195905,00;195905,00;195905,00;195905,00;391810,00;10
WINM26;12/02/2026;16:30:00;195795,00;195795,00;195500,00;195500,00;782590,00;20
WINM26;12/02/2026;16:15:00;195800,00;195800,00;195800,00;195800,00;39160,00;1
WINM26;12/02/2026;15:55:00;195355,00;195450,00;195355,00;195450,00;781610,00;20
WINM26;12/02/2026;15:50:00;195350,00;195350,00;195350,00;195350,00;195350,00;5
WINM26;12/02/2026;15:35:00;195100,00;195100,00;195100,00;195100,00;39020,00;1
WINM26;12/02/2026;15:20:00;195250,00;195250,00;195145,00;195145,00;78079,00;2
WINM26;12/02/2026;15:15:00;195500,00;195585,00;195500,00;195585,00;156434,00;4
WINM26;12/02/2026;15:10:00;195650,00;195650,00;195650,00;195650,00;39130,00;1
WINM26;12/02/2026;15:05:00;196050,00;196050,00;195750,00;195750,00;313471,00;8
WINM26;12/02/2026;15:00:00;196250,00;196250,00;196150,00;196150,00;78480,00;2
WINM26;12/02/2026;14:55:00;196600,00;196600,00;196350,00;196350,00;628741,00;16
WINM26;12/02/2026;14:50:00;196600,00;196600,00;196500,00;196500,00;78620,00;2
WINM26;12/02/2026;14:40:00;196700,00;196700,00;196700,00;196700,00;39340,00;1
WINM26;12/02/2026;14:35:00;196400,00;196400,00;196400,00;196400,00;78560,00;2
WINM26;12/02/2026;14:30:00;196400,00;196400,00;196400,00;196400,00;39280,00;1
WINM26;12/02/2026;14:25:00;196800,00;196800,00;196500,00;196500,00;157321,00;4
WINM26;12/02/2026;14:15:00;196350,00;196350,00;196350,00;196350,00;39270,00;1
WINM26;12/02/2026;14:05:00;196350,00;196350,00;196245,00;196245,00;157019,00;4
WINM26;12/02/2026;13:55:00;196350,00;196350,00;196250,00;196250,00;78520,00;2
WINM26;12/02/2026;13:50:00;196450,00;196450,00;196450,00;196450,00;39290,00;1
WINM26;12/02/2026;13:45:00;196550,00;196550,00;196550,00;196550,00;39310,00;1
WINM26;12/02/2026;13:40:00;196650,00;196650,00;196650,00;196650,00;39330,00;1
WINM26;12/02/2026;13:35:00;196740,00;196740,00;196740,00;196740,00;39348,00;1
WINM26;12/02/2026;13:20:00;196500,00;196500,00;196350,00;196350,00;157140,00;4
WINM26;12/02/2026;13:15:00;197050,00;197050,00;196550,00;196550,00;314910,00;8
WINM26;12/02/2026;13:10:00;197350,00;197355,00;197150,00;197150,00;236763,00;6
WINM26;12/02/2026;13:00:00;197350,00;197490,00;197175,00;197175,00;552342,00;14
WINM26;12/02/2026;12:15:00;198000,00;198000,00;198000,00;198000,00;158400,00;4
WINM26;12/02/2026;12:00:00;197250,00;197250,00;197250,00;197250,00;39450,00;1
WINM26;12/02/2026;11:50:00;197150,00;197150,00;197150,00;197150,00;39430,00;1
WINM26;12/02/2026;11:45:00;197350,00;197350,00;197350,00;197350,00;39470,00;1
WINM26;12/02/2026;11:40:00;197350,00;197350,00;197250,00;197250,00;78920,00;2
WINM26;12/02/2026;11:30:00;197350,00;197450,00;197350,00;197450,00;78960,00;2
WINM26;12/02/2026;11:20:00;197650,00;197650,00;197650,00;197650,00;39530,00;1
WINM26;12/02/2026;11:10:00;197200,00;197200,00;197200,00;197200,00;39440,00;1
WINM26;12/02/2026;11:05:00;196800,00;196800,00;196800,00;196800,00;39360,00;1
WINM26;12/02/2026;10:55:00;196800,00;196800,00;196800,00;196800,00;39360,00;1
WINM26;12/02/2026;10:50:00;197100,00;197100,00;196900,00;196900,00;118200,00;3
WINM26;12/02/2026;10:40:00;197300,00;197300,00;197200,00;197200,00;78900,00;2
WINM26;12/02/2026;10:35:00;197300,00;197300,00;197300,00;197300,00;39460,00;1
WINM26;12/02/2026;10:30:00;197200,00;197200,00;197200,00;197200,00;39440,00;1
WINM26;12/02/2026;10:25:00;197300,00;197300,00;197300,00;197300,00;39460,00;1
WINM26;12/02/2026;10:20:00;197500,00;197500,00;197400,00;197400,00;78980,00;2
WINM26;12/02/2026;10:15:00;197145,00;197145,00;197145,00;197145,00;39429,00;1
WINM26;12/02/2026;10:10:00;197000,00;197100,00;197000,00;197100,00;118240,00;3
WINM26;12/02/2026;10:05:00;197000,00;197000,00;197000,00;197000,00;78800,00;2
WINM26;12/02/2026;09:55:00;196800,00;196960,00;196800,00;196960,00;78752,00;2
WINM26;12/02/2026;09:50:00;196695,00;196695,00;196695,00;196695,00;39339,00;1
WINM26;12/02/2026;09:40:00;196800,00;196800,00;196700,00;196700,00;78700,00;2
WINM26;12/02/2026;09:35:00;196900,00;196900,00;196900,00;196900,00;39380,00;1
WINM26;12/02/2026;09:30:00;197000,00;197095,00;197000,00;197000,00;275819,00;7
WINM26;12/02/2026;09:15:00;197200,00;197200,00;197200,00;197200,00;39440,00;1
WINM26;12/02/2026;09:10:00;197300,00;197300,00;197300,00;197300,00;39460,00;1
WINM26;12/02/2026;09:05:00;197400,00;197500,00;197400,00;197500,00;78980,00;2
WINM26;12/02/2026;09:00:00;197600,00;197600,00;197300,00;197300,00;157960,00;4
WINM26;11/02/2026;18:20:00;197700,00;197700,00;197600,00;197600,00;118586,00;3
WINM26;11/02/2026;18:15:00;197740,00;197740,00;197600,00;197600,00;79068,00;2
WINM26;11/02/2026;18:05:00;197940,00;197940,00;197940,00;197940,00;39588,00;1
WINM26;11/02/2026;17:20:00;197780,00;197780,00;197715,00;197740,00;355927,00;9
WINM26;11/02/2026;17:10:00;197810,00;197810,00;197810,00;197810,00;39562,00;1
WINM26;11/02/2026;16:55:00;198000,00;198000,00;198000,00;198000,00;39600,00;1
WINM26;11/02/2026;16:20:00;198355,00;198355,00;198355,00;198355,00;39671,00;1
WINM26;11/02/2026;16:10:00;197870,00;197870,00;197870,00;197870,00;39574,00;1
WINM26;11/02/2026;16:05:00;197735,00;197735,00;197735,00;197735,00;39547,00;1
WINM26;11/02/2026;15:50:00;197635,00;197635,00;197635,00;197635,00;39527,00;1
WINM26;11/02/2026;15:40:00;197435,00;197535,00;197435,00;197535,00;78994,00;2
WINM26;11/02/2026;15:15:00;197760,00;197760,00;197760,00;197760,00;39552,00;1
WINM26;11/02/2026;15:10:00;197595,00;197595,00;197595,00;197595,00;39519,00;1
WINM26;11/02/2026;15:00:00;198200,00;198200,00;198075,00;198075,00;158485,00;4
WINM26;11/02/2026;14:35:00;198250,00;198250,00;198250,00;198250,00;39650,00;1
WINM26;11/02/2026;14:00:00;198250,00;198250,00;198250,00;198250,00;39650,00;1
WINM26;11/02/2026;13:40:00;198600,00;198600,00;198600,00;198600,00;39720,00;1
WINM26;11/02/2026;13:30:00;198335,00;198335,00;198335,00;198335,00;39667,00;1
WINM26;11/02/2026;13:15:00;198000,00;198000,00;197955,00;197955,00;435591,00;11
WINM26;11/02/2026;13:10:00;197730,00;198235,00;197730,00;198235,00;237614,00;6
WINM26;11/02/2026;13:05:00;197645,00;197645,00;197645,00;197645,00;39529,00;1
WINM26;11/02/2026;12:55:00;197080,00;197080,00;197080,00;197080,00;39416,00;1
WINM26;11/02/2026;12:45:00;196700,00;196700,00;196700,00;196700,00;39340,00;1
WINM26;11/02/2026;12:35:00;196500,00;196500,00;196500,00;196500,00;39300,00;1
WINM26;11/02/2026;11:35:00;197420,00;197420,00;197420,00;197420,00;78968,00;2
WINM26;11/02/2026;11:25:00;197220,00;197220,00;197220,00;197220,00;39444,00;1
WINM26;11/02/2026;11:15:00;197000,00;197000,00;197000,00;197000,00;118200,00;3
WINM26;11/02/2026;11:00:00;196600,00;196650,00;196600,00;196650,00;78650,00;2
WINM26;11/02/2026;10:45:00;196340,00;196385,00;196340,00;196385,00;117814,00;3
WINM26;11/02/2026;10:40:00;196100,00;196100,00;196100,00;196100,00;39220,00;1
WINM26;11/02/2026;10:30:00;196145,00;196190,00;196145,00;196190,00;117696,00;3
WINM26;11/02/2026;10:25:00;196200,00;196200,00;196200,00;196200,00;39240,00;1
WINM26;11/02/2026;10:15:00;195600,00;195600,00;195600,00;195600,00;39120,00;1
WINM26;11/02/2026;10:10:00;195605,00;195605,00;195600,00;195605,00;117362,00;3
WINM26;11/02/2026;09:50:00;196270,00;196270,00;196270,00;196270,00;39254,00;1
WINM26;11/02/2026;09:40:00;196000,00;196090,00;196000,00;196090,00;117618,00;3
WINM26;11/02/2026;09:30:00;195595,00;195595,00;195595,00;195595,00;39119,00;1
WINM26;11/02/2026;09:15:00;195615,00;195615,00;195615,00;195615,00;39123,00;1
WINM26;11/02/2026;09:05:00;196050,00;196050,00;196050,00;196050,00;78420,00;2
WINM26;11/02/2026;09:00:00;195685,00;196000,00;194750,00;196000,00;234701,00;6
WINM26;10/02/2026;18:20:00;194170,00;194175,00;194170,00;194175,00;155339,00;4
WINM26;10/02/2026;18:10:00;194040,00;194040,00;194040,00;194040,00;38808,00;1
WINM26;10/02/2026;17:45:00;193950,00;193950,00;193950,00;193950,00;38790,00;1
WINM26;10/02/2026;17:40:00;194200,00;194200,00;194040,00;194040,00;77648,00;2
WINM26;10/02/2026;17:30:00;194500,00;194500,00;194455,00;194455,00;77791,00;2
WINM26;10/02/2026;17:20:00;194385,00;194385,00;194385,00;194385,00;116631,00;3
WINM26;10/02/2026;17:10:00;194275,00;194300,00;194275,00;194300,00;77715,00;2
WINM26;10/02/2026;17:05:00;194150,00;194150,00;194150,00;194150,00;38830,00;1
WINM26;10/02/2026;17:00:00;194000,00;194000,00;194000,00;194000,00;77600,00;2
WINM26;10/02/2026;15:35:00;193400,00;193400,00;193400,00;193400,00;38680,00;1
WINM26;10/02/2026;15:30:00;193500,00;193500,00;193500,00;193500,00;38700,00;1
WINM26;10/02/2026;14:40:00;194000,00;194000,00;194000,00;194000,00;38800,00;1
WINM26;10/02/2026;13:50:00;194185,00;194185,00;194185,00;194185,00;77674,00;2
WINM26;10/02/2026;13:40:00;194300,00;194300,00;194300,00;194300,00;38860,00;1
WINM26;10/02/2026;12:25:00;194750,00;194750,00;194750,00;194750,00;38950,00;1
WINM26;10/02/2026;12:20:00;194490,00;194500,00;194490,00;194500,00;77798,00;2
WINM26;10/02/2026;12:15:00;194330,00;194330,00;194330,00;194330,00;38866,00;1
WINM26;10/02/2026;12:05:00;194000,00;194000,00;194000,00;194000,00;38800,00;1
WINM26;10/02/2026;10:25:00;193500,00;193500,00;193500,00;193500,00;38700,00;1
WINM26;10/02/2026;10:15:00;193940,00;193940,00;193940,00;193940,00;38788,00;1
WINM26;10/02/2026;10:00:00;193620,00;193620,00;193620,00;193620,00;38724,00;1
WINM26;10/02/2026;09:45:00;193650,00;193650,00;193650,00;193650,00;38730,00;1
WINM26;10/02/2026;09:00:00;194030,00;194030,00;194030,00;194030,00;155224,00;4
WINM26;09/02/2026;18:05:00;194490,00;194490,00;194490,00;194490,00;38898,00;1
WINM26;09/02/2026;17:10:00;194460,00;194460,00;194460,00;194460,00;38892,00;1
WINM26;09/02/2026;17:05:00;194460,00;194460,00;194460,00;194460,00;38892,00;1
WINM26;09/02/2026;16:15:00;193950,00;193950,00;193950,00;193950,00;193950,00;5
WINM26;09/02/2026;16:10:00;194000,00;194000,00;193950,00;193950,00;77590,00;2
WINM26;09/02/2026;15:20:00;193355,00;193355,00;193285,00;193285,00;425255,00;11
WINM26;09/02/2026;14:15:00;193250,00;193250,00;193250,00;193250,00;38650,00;1
WINM26;09/02/2026;14:05:00;192900,00;193000,00;192900,00;193000,00;77180,00;2
WINM26;09/02/2026;13:50:00;192500,00;192500,00;192500,00;192500,00;38500,00;1
WINM26;09/02/2026;10:10:00;191580,00;191580,00;191580,00;191580,00;38316,00;1
WINM26;09/02/2026;10:05:00;191700,00;191700,00;191700,00;191700,00;38340,00;1
WINM26;09/02/2026;10:00:00;191575,00;191575,00;191575,00;191575,00;38315,00;1
WINM26;09/02/2026;09:40:00;192465,00;192465,00;192000,00;192180,00;7731746,00;201
WINM26;09/02/2026;09:35:00;192000,00;192000,00;192000,00;192000,00;38400,00;1
WINM26;09/02/2026;09:30:00;191800,00;191800,00;191800,00;191800,00;38360,00;1
WINM26;09/02/2026;09:10:00;191400,00;191400,00;191400,00;191400,00;38280,00;1
WINM26;09/02/2026;09:05:00;191475,00;191530,00;191345,00;191345,00;1569316,00;41
WINM26;09/02/2026;09:00:00;191000,00;191505,00;191000,00;191505,00;76501,00;2
WINM26;06/02/2026;18:20:00;190750,00;190750,00;190600,00;190600,00;76270,00;2
WINM26;06/02/2026;17:50:00;191210,00;191210,00;191210,00;191210,00;191210,00;5
WINM26;06/02/2026;17:20:00;191000,00;191100,00;191000,00;191100,00;114620,00;3
WINM26;06/02/2026;15:35:00;190100,00;190100,00;190100,00;190100,00;38020,00;1
WINM26;06/02/2026;15:15:00;190400,00;190400,00;190400,00;190400,00;38080,00;1
WINM26;06/02/2026;15:05:00;190500,00;190500,00;190500,00;190500,00;723900,00;19
WINM26;06/02/2026;12:20:00;190300,00;190300,00;190300,00;190300,00;38060,00;1
WINM26;06/02/2026;11:55:00;189705,00;189705,00;189700,00;189700,00;75881,00;2
WINM26;06/02/2026;10:10:00;190200,00;190200,00;190200,00;190200,00;38040,00;1
WINM26;06/02/2026;09:25:00;190600,00;190600,00;190600,00;190600,00;38120,00;1
WINM26;06/02/2026;09:20:00;190655,00;190655,00;190400,00;190400,00;76211,00;2
WINM26;06/02/2026;09:05:00;191670,00;191670,00;191655,00;191655,00;153330,00;4
WINM26;06/02/2026;09:00:00;190740,00;191260,00;190740,00;191260,00;76400,00;2
WINM26;05/02/2026;18:15:00;190400,00;190400,00;190400,00;190400,00;38080,00;1
WINM26;05/02/2026;18:00:00;190410,00;190410,00;190410,00;190410,00;38082,00;1
WINM26;05/02/2026;17:25:00;190500,00;190500,00;190500,00;190500,00;38100,00;1
WINM26;05/02/2026;14:20:00;191250,00;191250,00;191250,00;191250,00;38250,00;1
WINM26;05/02/2026;14:15:00;191000,00;191000,00;191000,00;191000,00;114600,00;3
WINM26;05/02/2026;13:20:00;191250,00;191250,00;191250,00;191250,00;38250,00;1
WINM26;05/02/2026;13:05:00;190800,00;190800,00;190800,00;190800,00;38160,00;1
WINM26;05/02/2026;12:40:00;190830,00;190830,00;190830,00;190830,00;38166,00;1
WINM26;05/02/2026;12:35:00;189975,00;189975,00;189865,00;189865,00;113941,00;3
WINM26;05/02/2026;12:25:00;190450,00;190450,00;190450,00;190450,00;38090,00;1
WINM26;05/02/2026;12:00:00;191535,00;191535,00;191535,00;191535,00;76614,00;2
WINM26;05/02/2026;11:30:00;190965,00;190965,00;190965,00;190965,00;38193,00;1
WINM26;05/02/2026;11:20:00;191350,00;191500,00;191350,00;191500,00;114870,00;3
WINM26;05/02/2026;11:05:00;191000,00;191000,00;191000,00;191000,00;38200,00;1
WINM26;05/02/2026;10:45:00;191025,00;191100,00;191025,00;191100,00;191085,00;5
WINM26;05/02/2026;10:20:00;190900,00;190900,00;190900,00;190900,00;38180,00;1
WINM26;05/02/2026;10:15:00;190500,00;190500,00;190500,00;190500,00;38100,00;1
WINM26;05/02/2026;10:00:00;190500,00;190500,00;190500,00;190500,00;38100,00;1
WINM26;05/02/2026;09:45:00;189930,00;189930,00;189930,00;189930,00;37986,00;1
WINM26;05/02/2026;09:40:00;190000,00;190000,00;190000,00;190000,00;38000,00;1
WINM26;05/02/2026;09:30:00;190500,00;190500,00;190500,00;190500,00;38100,00;1
WINM26;05/02/2026;09:15:00;190120,00;190140,00;189940,00;189940,00;380083,00;10
WINM26;05/02/2026;09:05:00;189945,00;189945,00;189940,00;189940,00;189942,00;5
WINM26;05/02/2026;09:00:00;190130,00;190130,00;190130,00;190130,00;380260,00;10
WINM26;04/02/2026;18:05:00;189995,00;189995,00;189995,00;189995,00;37999,00;1
WINM26;04/02/2026;16:45:00;189010,00;189230,00;189010,00;189230,00;113494,00;3
WINM26;04/02/2026;16:15:00;188800,00;188800,00;188800,00;188800,00;37760,00;1
WINM26;04/02/2026;15:55:00;188740,00;188740,00;188740,00;188740,00;75496,00;2
WINM26;04/02/2026;15:30:00;189350,00;189350,00;189150,00;189150,00;454360,00;12
WINM26;04/02/2026;14:55:00;189350,00;189350,00;189350,00;189350,00;37870,00;1
WINM26;04/02/2026;14:40:00;189200,00;189350,00;189200,00;189350,00;113550,00;3
WINM26;04/02/2026;14:30:00;189575,00;189575,00;189575,00;189575,00;37915,00;1
WINM26;04/02/2026;14:25:00;189655,00;189655,00;189655,00;189655,00;75862,00;2
WINM26;04/02/2026;14:20:00;190050,00;190050,00;190050,00;190050,00;38010,00;1
WINM26;04/02/2026;13:55:00;190050,00;190050,00;190050,00;190050,00;38010,00;1
WINM26;04/02/2026;13:50:00;189850,00;189850,00;189850,00;189850,00;37970,00;1
WINM26;04/02/2026;13:45:00;190000,00;190000,00;190000,00;190000,00;114000,00;3
WINM26;04/02/2026;13:20:00;190535,00;190535,00;190535,00;190535,00;38107,00;1
WINM26;04/02/2026;13:15:00;190500,00;190500,00;190400,00;190400,00;76180,00;2
WINM26;04/02/2026;13:05:00;190555,00;190555,00;190555,00;190555,00;38111,00;1
WINM26;04/02/2026;13:00:00;190700,00;190700,00;190700,00;190700,00;38140,00;1
WINM26;04/02/2026;12:55:00;191000,00;191000,00;191000,00;191000,00;38200,00;1
WINM26;04/02/2026;12:50:00;191140,00;191140,00;191140,00;191140,00;38228,00;1
WINM26;04/02/2026;12:40:00;191425,00;191425,00;191425,00;191425,00;38285,00;1
WINM26;04/02/2026;12:35:00;191350,00;191350,00;191350,00;191350,00;38270,00;1
WINM26;04/02/2026;12:25:00;191850,00;191850,00;191850,00;191850,00;38370,00;1
WINM26;04/02/2026;12:15:00;191650,00;191650,00;191650,00;191650,00;38330,00;1
WINM26;04/02/2026;12:05:00;191265,00;191265,00;191265,00;191265,00;38253,00;1
WINM26;04/02/2026;12:00:00;191160,00;191160,00;191160,00;191160,00;38232,00;1
WINM26;04/02/2026;11:55:00;191435,00;191435,00;191350,00;191350,00;76557,00;2
WINM26;04/02/2026;11:45:00;191450,00;191450,00;191450,00;191450,00;38290,00;1
WINM26;04/02/2026;11:40:00;191300,00;191300,00;191300,00;191300,00;38260,00;1
WINM26;04/02/2026;11:35:00;191850,00;191850,00;191850,00;191850,00;38370,00;1
WINM26;04/02/2026;11:30:00;191750,00;191750,00;191705,00;191705,00;536834,00;14
WINM26;04/02/2026;11:25:00;191950,00;191950,00;191950,00;191950,00;38390,00;1
WINM26;04/02/2026;11:20:00;192100,00;192100,00;191850,00;191850,00;76790,00;2
WINM26;04/02/2026;11:15:00;192300,00;192300,00;192300,00;192300,00;38460,00;1
WINM26;04/02/2026;11:05:00;192160,00;192160,00;192125,00;192125,00;76857,00;2
WINM26;04/02/2026;11:00:00;192365,00;192365,00;192365,00;192365,00;38473,00;1
WINM26;04/02/2026;10:35:00;192650,00;192650,00;192650,00;192650,00;38530,00;1
WINM26;04/02/2026;10:20:00;192950,00;192950,00;192950,00;192950,00;38590,00;1
WINM26;04/02/2026;10:15:00;192800,00;192800,00;192800,00;192800,00;38560,00;1
WINM26;04/02/2026;10:05:00;192830,00;192830,00;192830,00;192830,00;38566,00;1
WINM26;04/02/2026;09:55:00;192995,00;192995,00;192995,00;192995,00;38599,00;1
WINM26;04/02/2026;09:50:00;193000,00;193000,00;193000,00;193000,00;38600,00;1
WINM26;04/02/2026;09:00:00;194500,00;194500,00;194500,00;194500,00;38900,00;1
WINM26;03/02/2026;18:15:00;193845,00;193845,00;193830,00;193830,00;116301,00;3
WINM26;03/02/2026;18:10:00;194000,00;194000,00;194000,00;194000,00;38800,00;1
WINM26;03/02/2026;17:30:00;194050,00;194050,00;194050,00;194050,00;38810,00;1
WINM26;03/02/2026;16:50:00;193295,00;193295,00;193295,00;193295,00;38659,00;1
WINM26;03/02/2026;16:15:00;193760,00;193815,00;193760,00;193815,00;193785,00;5
WINM26;03/02/2026;16:00:00;193250,00;193250,00;193250,00;193250,00;38650,00;1
WINM26;03/02/2026;15:40:00;193455,00;193455,00;193455,00;193455,00;38691,00;1
WINM26;03/02/2026;15:10:00;193500,00;193500,00;193500,00;193500,00;38700,00;1
WINM26;03/02/2026;14:55:00;193790,00;193790,00;193790,00;193790,00;38758,00;1
WINM26;03/02/2026;14:30:00;194000,00;194000,00;194000,00;194000,00;38800,00;1
WINM26;03/02/2026;14:25:00;194060,00;194080,00;193970,00;194075,00;388103,00;10
WINM26;03/02/2026;14:20:00;193930,00;194025,00;193930,00;194025,00;77591,00;2
WINM26;03/02/2026;12:35:00;194955,00;194955,00;194955,00;194955,00;77982,00;2
WINM26;03/02/2026;12:00:00;195140,00;195245,00;195060,00;195095,00;234157,00;6
WINM26;03/02/2026;11:55:00;195165,00;195165,00;195165,00;195165,00;39033,00;1
WINM26;03/02/2026;11:50:00;195725,00;195725,00;195725,00;195725,00;39145,00;1
WINM26;03/02/2026;11:30:00;195000,00;195000,00;195000,00;195000,00;78000,00;2
WINM26;03/02/2026;10:55:00;194500,00;194500,00;194500,00;194500,00;38900,00;1
WINM26;03/02/2026;10:50:00;194050,00;194100,00;194050,00;194100,00;77630,00;2
WINM26;03/02/2026;10:45:00;193990,00;193990,00;193990,00;193990,00;38798,00;1
WINM26;03/02/2026;10:30:00;193500,00;193650,00;193500,00;193650,00;77430,00;2
WINM26;03/02/2026;10:25:00;193230,00;193350,00;193190,00;193300,00;154614,00;4
WINM26;03/02/2026;10:20:00;192800,00;192900,00;192740,00;192900,00;115688,00;3
WINM26;03/02/2026;09:45:00;193020,00;193170,00;193020,00;193170,00;77238,00;2
WINM26;03/02/2026;09:35:00;193000,00;193000,00;193000,00;193000,00;38600,00;1
WINM26;03/02/2026;09:30:00;193200,00;193200,00;193200,00;193200,00;38640,00;1
WINM26;03/02/2026;09:25:00;193000,00;193000,00;193000,00;193000,00;38600,00;1
WINM26;03/02/2026;09:20:00;193200,00;193200,00;193200,00;193200,00;38640,00;1
WINM26;03/02/2026;09:15:00;192700,00;192700,00;192700,00;192700,00;38540,00;1
WINM26;03/02/2026;09:10:00;192400,00;192550,00;192400,00;192550,00;76990,00;2
WINM26;03/02/2026;09:00:00;191415,00;192500,00;191415,00;192500,00;76783,00;2
WINM26;02/02/2026;18:15:00;191250,00;191250,00;191200,00;191200,00;114740,00;3
WINM26;02/02/2026;18:10:00;191415,00;191415,00;191300,00;191300,00;76543,00;2
WINM26;02/02/2026;17:55:00;191350,00;191350,00;191350,00;191350,00;38270,00;1
WINM26;02/02/2026;17:50:00;191200,00;191200,00;191200,00;191200,00;38240,00;1
WINM26;02/02/2026;17:45:00;191100,00;191100,00;191100,00;191100,00;38220,00;1
WINM26;02/02/2026;17:40:00;190750,00;190915,00;190750,00;190915,00;76333,00;2
WINM26;02/02/2026;17:30:00;190750,00;190750,00;190750,00;190750,00;38150,00;1
WINM26;02/02/2026;17:20:00;190600,00;190600,00;190600,00;190600,00;38120,00;1
WINM26;02/02/2026;17:10:00;190450,00;190450,00;190450,00;190450,00;38090,00;1
WINM26;02/02/2026;17:00:00;190250,00;190250,00;190250,00;190250,00;38050,00;1
WINM26;02/02/2026;16:05:00;190110,00;190135,00;190110,00;190135,00;1597106,00;42
WINM26;02/02/2026;14:45:00;190800,00;190800,00;190800,00;190800,00;38160,00;1
WINM26;02/02/2026;14:30:00;191000,00;191000,00;191000,00;191000,00;38200,00;1
WINM26;02/02/2026;13:45:00;190900,00;190900,00;190900,00;190900,00;38180,00;1
WINM26;02/02/2026;11:30:00;190000,00;190180,00;190000,00;190180,00;76036,00;2
WINM26;02/02/2026;11:15:00;190525,00;190525,00;190525,00;190525,00;38105,00;1
WINM26;02/02/2026;10:35:00;191140,00;191140,00;191140,00;191140,00;38228,00;1
WINM26;02/02/2026;10:30:00;190780,00;190780,00;190780,00;190780,00;38156,00;1
WINM26;02/02/2026;10:25:00;190350,00;190350,00;190350,00;190350,00;38070,00;1
WINM26;02/02/2026;10:15:00;190020,00;190020,00;190020,00;190020,00;38004,00;1
WINM26;02/02/2026;10:05:00;190000,00;190000,00;190000,00;190000,00;38000,00;1
WINM26;02/02/2026;09:45:00;190360,00;190360,00;190360,00;190360,00;38072,00;1
WINM26;02/02/2026;09:40:00;190250,00;190250,00;190250,00;190250,00;38050,00;1
WINM26;02/02/2026;09:25:00;190000,00;190000,00;190000,00;190000,00;38000,00;1
WINM26;02/02/2026;09:20:00;190190,00;190190,00;190190,00;190190,00;38038,00;1
WINM26;02/02/2026;09:10:00;189750,00;189750,00;189750,00;189750,00;37950,00;1
WINM26;30/01/2026;18:00:00;189895,00;189980,00;189895,00;189980,00;75975,00;2
WINM26;30/01/2026;17:20:00;189465,00;189465,00;189465,00;189465,00;37893,00;1
WINM26;30/01/2026;17:05:00;189575,00;189575,00;189575,00;189575,00;37915,00;1
WINM26;30/01/2026;16:40:00;189700,00;189700,00;189700,00;189700,00;37940,00;1
WINM26;30/01/2026;16:35:00;189755,00;189755,00;189755,00;189755,00;37951,00;1
WINM26;30/01/2026;15:55:00;190000,00;190000,00;190000,00;190000,00;38000,00;1
WINM26;30/01/2026;15:50:00;189500,00;189500,00;189500,00;189500,00;37900,00;1
WINM26;30/01/2026;15:20:00;189470,00;189470,00;189000,00;189000,00;151296,00;4
WINM26;30/01/2026;15:10:00;189500,00;189500,00;189500,00;189500,00;75800,00;2
WINM26;30/01/2026;15:00:00;189750,00;189750,00;189750,00;189750,00;37950,00;1
WINM26;30/01/2026;14:55:00;189870,00;189870,00;189870,00;189870,00;37974,00;1
WINM26;30/01/2026;14:50:00;190000,00;190000,00;189915,00;189915,00;75983,00;2
WINM26;30/01/2026;14:15:00;190000,00;190000,00;190000,00;190000,00;38000,00;1
WINM26;30/01/2026;14:05:00;190500,00;190500,00;190255,00;190255,00;76151,00;2
WINM26;30/01/2026;13:15:00;191000,00;191000,00;191000,00;191000,00;38200,00;1
WINM26;30/01/2026;13:00:00;191460,00;191460,00;191460,00;191460,00;38292,00;1
WINM26;30/01/2026;12:50:00;191825,00;191825,00;191825,00;191825,00;268555,00;7
WINM26;30/01/2026;12:40:00;191995,00;192025,00;191995,00;192025,00;76804,00;2
WINM26;30/01/2026;12:35:00;191745,00;191745,00;191745,00;191745,00;115047,00;3
WINM26;30/01/2026;12:30:00;191675,00;191675,00;191675,00;191675,00;38335,00;1
WINM26;30/01/2026;12:20:00;191730,00;191730,00;191730,00;191730,00;38346,00;1
WINM26;30/01/2026;12:05:00;191635,00;191635,00;191635,00;191635,00;38327,00;1
WINM26;30/01/2026;10:40:00;191580,00;191580,00;191580,00;191580,00;38316,00;1
WINM26;30/01/2026;10:25:00;191730,00;191945,00;191665,00;191665,00;191783,00;5
WINM26;30/01/2026;10:15:00;191350,00;191495,00;191350,00;191495,00;76569,00;2
WINM26;30/01/2026;10:05:00;190940,00;190940,00;190940,00;190940,00;38188,00;1
WINM26;30/01/2026;10:00:00;190995,00;191150,00;190995,00;191150,00;76429,00;2
WINM26;30/01/2026;09:45:00;191125,00;191125,00;191125,00;191125,00;38225,00;1
WINM26;30/01/2026;09:25:00;191505,00;191535,00;191505,00;191535,00;76608,00;2
WINM26;30/01/2026;09:20:00;191140,00;191140,00;191140,00;191140,00;38228,00;1
WINM26;30/01/2026;09:15:00;191055,00;191420,00;191055,00;191420,00;153001,00;4
WINM26;30/01/2026;09:10:00;190620,00;191005,00;190340,00;191005,00;228970,00;6
WINM26;30/01/2026;09:05:00;190965,00;190965,00;190725,00;190725,00;152690,00;4
WINM26;29/01/2026;17:50:00;191910,00;191910,00;191805,00;191805,00;76743,00;2
WINM26;29/01/2026;17:25:00;192100,00;192100,00;192100,00;192100,00;38420,00;1
WINM26;29/01/2026;17:05:00;191900,00;191900,00;191900,00;191900,00;38380,00;1
WINM26;29/01/2026;16:25:00;192065,00;192065,00;192065,00;192065,00;38413,00;1
WINM26;29/01/2026;15:30:00;191655,00;191655,00;191650,00;191650,00;76661,00;2
WINM26;29/01/2026;15:20:00;191835,00;191835,00;191835,00;191835,00;38367,00;1
WINM26;29/01/2026;15:10:00;191650,00;191650,00;191650,00;191650,00;38330,00;1
WINM26;29/01/2026;15:00:00;191500,00;191500,00;191500,00;191500,00;38300,00;1
WINM26;29/01/2026;14:35:00;192425,00;192505,00;192425,00;192505,00;384930,00;10
WINM26;29/01/2026;14:30:00;192400,00;192400,00;192400,00;192400,00;38480,00;1
WINM26;29/01/2026;14:00:00;191390,00;191390,00;191390,00;191390,00;38278,00;1
WINM26;29/01/2026;13:35:00;191190,00;191190,00;191190,00;191190,00;38238,00;1
WINM26;29/01/2026;12:45:00;191000,00;191000,00;190800,00;190800,00;152720,00;4
WINM26;29/01/2026;12:35:00;191960,00;191965,00;191960,00;191965,00;76785,00;2
WINM26;29/01/2026;12:25:00;192120,00;192120,00;192000,00;192000,00;76824,00;2
WINM26;29/01/2026;12:15:00;192370,00;192370,00;192370,00;192370,00;76948,00;2
WINM26;29/01/2026;12:05:00;192680,00;192680,00;192680,00;192680,00;77072,00;2
WINM26;29/01/2026;12:00:00;192525,00;192525,00;192350,00;192350,00;153950,00;4
WINM26;29/01/2026;11:55:00;193250,00;193250,00;192920,00;192920,00;193068,00;5
WINM26;29/01/2026;11:50:00;194455,00;194455,00;193835,00;193835,00;155265,00;4
WINM26;29/01/2026;11:45:00;194460,00;194460,00;194460,00;194460,00;77784,00;2
WINM26;29/01/2026;11:35:00;194800,00;194800,00;194625,00;194625,00;155750,00;4
WINM26;29/01/2026;10:35:00;194600,00;194625,00;194600,00;194625,00;77845,00;2
WINM26;29/01/2026;10:30:00;195075,00;195075,00;194700,00;194700,00;351048,00;9
WINM26;29/01/2026;10:05:00;194680,00;194680,00;194680,00;194680,00;38936,00;1
WINM26;29/01/2026;10:00:00;194995,00;194995,00;194995,00;194995,00;38999,00;1
WINM26;29/01/2026;09:30:00;194900,00;194995,00;194900,00;194995,00;77979,00;2
WINM26;29/01/2026;09:05:00;195655,00;195655,00;195655,00;195655,00;39131,00;1
WINM26;29/01/2026;09:00:00;195760,00;196235,00;195600,00;195655,00;704957,00;18
WINM26;28/01/2026;18:20:00;193665,00;193665,00;193465,00;193465,00;928690,00;24
WINM26;28/01/2026;18:15:00;193500,00;193500,00;193355,00;193355,00;1121637,00;29
WINM26;28/01/2026;18:10:00;193625,00;193665,00;193625,00;193665,00;77458,00;2
WINM26;28/01/2026;18:05:00;193565,00;193565,00;193565,00;193565,00;38713,00;1
WINM26;28/01/2026;18:00:00;193520,00;193520,00;193500,00;193500,00;77404,00;2
WINM26;28/01/2026;17:55:00;193265,00;193265,00;193265,00;193265,00;38653,00;1
WINM26;28/01/2026;17:45:00;193380,00;193380,00;193380,00;193380,00;38676,00;1
WINM26;28/01/2026;17:40:00;193000,00;193200,00;193000,00;193200,00;115840,00;3
WINM26;28/01/2026;17:10:00;192700,00;192700,00;192700,00;192700,00;38540,00;1
WINM26;28/01/2026;13:35:00;192355,00;192355,00;192355,00;192355,00;38471,00;1
WINM26;28/01/2026;12:40:00;192000,00;192000,00;192000,00;192000,00;38400,00;1
WINM26;28/01/2026;12:35:00;192000,00;192000,00;192000,00;192000,00;38400,00;1
WINM26;28/01/2026;12:30:00;192150,00;192150,00;192150,00;192150,00;38430,00;1
WINM26;28/01/2026;12:10:00;192895,00;192895,00;192785,00;192785,00;154272,00;4
WINM26;28/01/2026;12:05:00;192900,00;192900,00;192900,00;192900,00;77160,00;2
WINM26;28/01/2026;11:45:00;193400,00;193500,00;193400,00;193500,00;77380,00;2
WINM26;28/01/2026;11:40:00;193150,00;193225,00;193150,00;193225,00;77275,00;2
WINM26;28/01/2026;10:35:00;193200,00;193205,00;193200,00;193205,00;77281,00;2
WINM26;28/01/2026;10:30:00;192860,00;193200,00;192860,00;193200,00;115812,00;3
WINM26;28/01/2026;10:25:00;192320,00;192700,00;192320,00;192700,00;115504,00;3
WINM26;28/01/2026;10:20:00;191860,00;192100,00;191860,00;192100,00;115192,00;3
WINM26;28/01/2026;10:10:00;191760,00;191760,00;191760,00;191760,00;76704,00;2
WINM26;28/01/2026;10:00:00;191660,00;191660,00;191660,00;191660,00;76664,00;2
WINM26;28/01/2026;09:50:00;191595,00;191595,00;191595,00;191595,00;38319,00;1
WINM26;28/01/2026;09:25:00;191180,00;191210,00;191180,00;191210,00;76478,00;2
WINM26;28/01/2026;09:05:00;191595,00;191595,00;191595,00;191595,00;38319,00;1
WINM26;28/01/2026;09:00:00;190970,00;190970,00;190940,00;190940,00;76382,00;2
WINM26;27/01/2026;18:15:00;190255,00;190255,00;190255,00;190255,00;38051,00;1
WINM26;27/01/2026;18:10:00;190300,00;190300,00;190255,00;190255,00;418570,00;11
WINM26;27/01/2026;18:05:00;190700,00;190700,00;190700,00;190700,00;38140,00;1
WINM26;27/01/2026;18:00:00;190935,00;190935,00;190935,00;190935,00;38187,00;1
WINM26;27/01/2026;17:15:00;191500,00;191500,00;191500,00;191500,00;38300,00;1
WINM26;27/01/2026;17:10:00;191300,00;191300,00;191300,00;191300,00;38260,00;1
WINM26;27/01/2026;15:00:00;190800,00;190800,00;190800,00;190800,00;38160,00;1
WINM26;27/01/2026;14:50:00;191200,00;191200,00;191000,00;191000,00;420600,00;11
WINM26;27/01/2026;14:00:00;192000,00;192000,00;192000,00;192000,00;384000,00;10
WINM26;27/01/2026;13:30:00;191775,00;191775,00;191775,00;191775,00;38355,00;1
WINM26;27/01/2026;13:20:00;191500,00;191500,00;191500,00;191500,00;38300,00;1
WINM26;27/01/2026;13:15:00;191450,00;191450,00;191450,00;191450,00;38290,00;1
WINM26;27/01/2026;12:35:00;191275,00;191275,00;191220,00;191220,00;152999,00;4
WINM26;27/01/2026;12:30:00;191355,00;191375,00;191310,00;191310,00;344458,00;9
WINM26;27/01/2026;12:25:00;191600,00;191600,00;191200,00;191200,00;114860,00;3
WINM26;27/01/2026;12:20:00;191600,00;191600,00;191600,00;191600,00;38320,00;1
WINM26;27/01/2026;11:40:00;191375,00;191375,00;191375,00;191375,00;38275,00;1
WINM26;27/01/2026;11:20:00;191280,00;191280,00;191280,00;191280,00;688608,00;18
WINM26;27/01/2026;11:10:00;190870,00;190870,00;190870,00;190870,00;38174,00;1
WINM26;27/01/2026;10:50:00;190220,00;190220,00;190220,00;190220,00;38044,00;1
WINM26;27/01/2026;10:40:00;189890,00;190120,00;189890,00;190120,00;114026,00;3
WINM26;27/01/2026;10:15:00;189600,00;189605,00;189575,00;189605,00;189597,00;5
WINM26;27/01/2026;09:40:00;190000,00;190000,00;190000,00;190000,00;38000,00;1
WINM26;27/01/2026;09:10:00;188845,00;188845,00;188845,00;188845,00;37769,00;1
WINM26;27/01/2026;09:00:00;189020,00;189020,00;189020,00;189020,00;37804,00;1
WINM26;26/01/2026;18:10:00;187385,00;187405,00;187385,00;187405,00;599656,00;16
WINM26;26/01/2026;17:40:00;187555,00;187555,00;187555,00;187555,00;37511,00;1
WINM26;26/01/2026;16:15:00;186620,00;186620,00;186620,00;186620,00;37324,00;1
WINM26;26/01/2026;16:05:00;186920,00;186920,00;186920,00;186920,00;37384,00;1
WINM26;26/01/2026;16:00:00;187165,00;187165,00;187165,00;187165,00;149732,00;4
WINM26;26/01/2026;15:35:00;187200,00;187200,00;187200,00;187200,00;37440,00;1
WINM26;26/01/2026;15:15:00;187065,00;187065,00;187065,00;187065,00;37413,00;1
WINM26;26/01/2026;15:05:00;186920,00;186920,00;186920,00;186920,00;37384,00;1
WINM26;26/01/2026;13:45:00;186960,00;186960,00;186960,00;186960,00;37392,00;1
WINM26;26/01/2026;13:35:00;186945,00;186945,00;186760,00;186760,00;261617,00;7
WINM26;26/01/2026;13:30:00;186790,00;186790,00;186790,00;186790,00;37358,00;1
WINM26;26/01/2026;13:25:00;187190,00;187190,00;186890,00;186890,00;224508,00;6
WINM26;26/01/2026;13:20:00;187195,00;187195,00;187195,00;187195,00;37439,00;1
WINM26;26/01/2026;12:10:00;187300,00;187300,00;187300,00;187300,00;37460,00;1
WINM26;26/01/2026;11:50:00;187350,00;187350,00;187350,00;187350,00;37470,00;1
WINM26;26/01/2026;11:45:00;187215,00;187545,00;187215,00;187545,00;374652,00;10
WINM26;26/01/2026;11:35:00;187660,00;187660,00;187660,00;187660,00;75064,00;2
WINM26;26/01/2026;11:30:00;187100,00;188325,00;187100,00;188135,00;338428,00;9
WINM26;26/01/2026;11:25:00;186615,00;186615,00;186615,00;186615,00;671814,00;18
WINM26;26/01/2026;11:20:00;186515,00;186515,00;186515,00;186515,00;37303,00;1
WINM26;26/01/2026;10:55:00;186800,00;186800,00;186800,00;186800,00;37360,00;1
WINM26;26/01/2026;10:45:00;187200,00;187200,00;187180,00;187180,00;74876,00;2
WINM26;26/01/2026;10:35:00;187420,00;187420,00;187420,00;187420,00;37484,00;1
WINM26;26/01/2026;10:05:00;187900,00;187900,00;187900,00;187900,00;37580,00;1
WINM26;26/01/2026;09:20:00;189245,00;189245,00;189100,00;189100,00;189187,00;5
WINM26;26/01/2026;09:00:00;189230,00;189230,00;188725,00;188725,00;226700,00;6
WINM26;23/01/2026;18:15:00;187705,00;187705,00;187705,00;187705,00;37541,00;1
WINM26;23/01/2026;18:00:00;187590,00;187590,00;187590,00;187590,00;37518,00;1
WINM26;23/01/2026;17:55:00;187590,00;187590,00;187590,00;187590,00;75036,00;2
WINM26;23/01/2026;17:30:00;188850,00;188850,00;188850,00;188850,00;37770,00;1
WINM26;23/01/2026;17:20:00;188905,00;189020,00;188905,00;189020,00;113366,00;3
WINM26;23/01/2026;17:15:00;187900,00;188125,00;187900,00;188125,00;75205,00;2
WINM26;23/01/2026;17:05:00;187100,00;187100,00;187100,00;187100,00;37420,00;1
WINM26;23/01/2026;16:45:00;187025,00;187025,00;187025,00;187025,00;37405,00;1
WINM26;23/01/2026;16:20:00;186825,00;186825,00;186825,00;186825,00;74730,00;2
WINM26;23/01/2026;16:15:00;186625,00;186625,00;186625,00;186625,00;74650,00;2
WINM26;23/01/2026;16:05:00;186425,00;186425,00;186425,00;186425,00;74570,00;2
WINM26;23/01/2026;15:45:00;186225,00;186225,00;186225,00;186225,00;74490,00;2
WINM26;23/01/2026;15:30:00;186025,00;186025,00;186025,00;186025,00;74410,00;2
WINM26;23/01/2026;15:00:00;185430,00;185430,00;185430,00;185430,00;37086,00;1
WINM26;23/01/2026;12:55:00;186095,00;186095,00;186095,00;186095,00;37219,00;1
WINM26;23/01/2026;12:30:00;186095,00;186095,00;186095,00;186095,00;37219,00;1
WINM26;23/01/2026;11:50:00;184780,00;184780,00;184580,00;184580,00;110808,00;3
WINM26;23/01/2026;11:20:00;184550,00;184550,00;184450,00;184450,00;110697,00;3
WINM26;23/01/2026;11:15:00;184950,00;184950,00;184650,00;184650,00;184820,00;5
WINM26;23/01/2026;10:55:00;184950,00;184950,00;184940,00;184940,00;73978,00;2
WINM26;23/01/2026;10:50:00;185065,00;185065,00;185065,00;185065,00;37013,00;1
WINM26;23/01/2026;10:15:00;185200,00;185200,00;185200,00;185200,00;37040,00;1
WINM26;23/01/2026;09:20:00;185000,00;185000,00;184900,00;184900,00;110980,00;3
WINM26;23/01/2026;09:10:00;185900,00;185900,00;185900,00;185900,00;37180,00;1
WINM26;23/01/2026;09:05:00;185340,00;185340,00;185340,00;185340,00;37068,00;1
WINM26;22/01/2026;17:30:00;184375,00;184375,00;184375,00;184375,00;36875,00;1
WINM26;22/01/2026;17:10:00;184395,00;184500,00;184395,00;184500,00;516508,00;14
WINM26;22/01/2026;16:55:00;184350,00;184350,00;184350,00;184350,00;184350,00;5
WINM26;22/01/2026;16:30:00;184655,00;184700,00;184655,00;184700,00;73871,00;2
WINM26;22/01/2026;16:15:00;184450,00;184450,00;184300,00;184300,00;737500,00;20
WINM26;22/01/2026;16:10:00;184700,00;184700,00;184550,00;184550,00;1255660,00;34
WINM26;22/01/2026;15:50:00;184700,00;184700,00;184700,00;184700,00;36940,00;1
WINM26;22/01/2026;15:40:00;184755,00;184930,00;184655,00;184655,00;184750,00;5
WINM26;22/01/2026;14:30:00;185270,00;185270,00;185270,00;185270,00;74108,00;2
WINM26;22/01/2026;13:45:00;185420,00;185420,00;185420,00;185420,00;185420,00;5
WINM26;22/01/2026;13:25:00;185595,00;185660,00;185595,00;185660,00;371255,00;10
WINM26;22/01/2026;13:20:00;185690,00;185690,00;185690,00;185690,00;185690,00;5
WINM26;22/01/2026;12:55:00;185645,00;185695,00;185645,00;185695,00;557015,00;15
WINM26;22/01/2026;12:45:00;185365,00;185500,00;185365,00;185450,00;593443,00;16
WINM26;22/01/2026;12:40:00;185830,00;185830,00;185700,00;185700,00;1003067,00;27
WINM26;22/01/2026;12:25:00;184505,00;185150,00;184505,00;185150,00;147772,00;4
WINM26;22/01/2026;11:35:00;183435,00;183435,00;183400,00;183400,00;73367,00;2
WINM26;22/01/2026;11:25:00;183615,00;183735,00;183515,00;183550,00;330463,00;9
WINM26;22/01/2026;11:05:00;182055,00;182055,00;182055,00;182055,00;36411,00;1
WINM26;22/01/2026;11:00:00;182000,00;182000,00;182000,00;182000,00;72800,00;2
WINM26;22/01/2026;10:55:00;181795,00;181795,00;181795,00;181795,00;36359,00;1
WINM26;22/01/2026;09:55:00;181655,00;181690,00;181655,00;181690,00;363366,00;10
WINM26;22/01/2026;09:50:00;181295,00;181355,00;180840,00;181355,00;615937,00;17
WINM26;22/01/2026;09:25:00;181300,00;181300,00;181040,00;181040,00;72468,00;2
WINM26;22/01/2026;09:15:00;181450,00;181460,00;181190,00;181190,00;471496,00;13
WINM26;22/01/2026;09:10:00;181250,00;181250,00;181250,00;181250,00;36250,00;1
WINM26;22/01/2026;09:05:00;180900,00;180900,00;180900,00;180900,00;36180,00;1
WINM26;22/01/2026;09:00:00;180700,00;181235,00;180480,00;180480,00;216986,00;6
WINM26;21/01/2026;18:10:00;180430,00;181035,00;180430,00;181035,00;108500,00;3
WINM26;21/01/2026;17:50:00;180430,00;180430,00;180430,00;180430,00;36086,00;1
WINM26;21/01/2026;17:40:00;180275,00;180400,00;180275,00;180400,00;252490,00;7
WINM26;21/01/2026;17:30:00;180330,00;180330,00;180330,00;180330,00;36066,00;1
WINM26;21/01/2026;17:20:00;180200,00;180200,00;180200,00;180200,00;36040,00;1
WINM26;21/01/2026;17:15:00;180115,00;180115,00;180115,00;180115,00;36023,00;1
WINM26;21/01/2026;17:10:00;180350,00;180350,00;180350,00;180350,00;36070,00;1
WINM26;21/01/2026;16:55:00;180000,00;180000,00;180000,00;180000,00;36000,00;1
WINM26;21/01/2026;16:40:00;179510,00;179510,00;179510,00;179510,00;35902,00;1
WINM26;21/01/2026;16:30:00;179750,00;179750,00;179750,00;179750,00;35950,00;1
WINM26;21/01/2026;16:25:00;179410,00;179525,00;179410,00;179525,00;287085,00;8
WINM26;21/01/2026;16:15:00;179250,00;179250,00;179250,00;179250,00;35850,00;1
WINM26;21/01/2026;16:10:00;179330,00;179330,00;179330,00;179330,00;717320,00;20
WINM26;21/01/2026;15:55:00;179215,00;179215,00;179215,00;179215,00;35843,00;1
WINM26;21/01/2026;15:50:00;179215,00;179215,00;179215,00;179215,00;35843,00;1
WINM26;21/01/2026;15:40:00;179000,00;179065,00;179000,00;179065,00;71613,00;2
WINM26;21/01/2026;15:25:00;178885,00;178885,00;178885,00;178885,00;35777,00;1
WINM26;21/01/2026;13:55:00;178395,00;178395,00;178395,00;178395,00;35679,00;1
WINM26;21/01/2026;13:10:00;178500,00;178500,00;178500,00;178500,00;214200,00;6
WINM26;21/01/2026;13:00:00;178305,00;178305,00;178305,00;178305,00;35661,00;1
WINM26;21/01/2026;11:45:00;178305,00;178305,00;178305,00;178305,00;35661,00;1
WINM26;21/01/2026;11:40:00;178130,00;178130,00;177920,00;178100,00;213622,00;6
WINM26;21/01/2026;11:35:00;177690,00;178125,00;177625,00;178125,00;604698,00;17
WINM26;21/01/2026;11:15:00;177305,00;177305,00;177305,00;177305,00;35461,00;1
WINM26;21/01/2026;11:00:00;177500,00;177500,00;177500,00;177500,00;71000,00;2
WINM26;21/01/2026;10:30:00;176905,00;176905,00;176905,00;176905,00;70762,00;2
WINM26;21/01/2026;10:20:00;177155,00;177155,00;177155,00;177155,00;177155,00;5
WINM26;21/01/2026;10:15:00;176935,00;177000,00;176935,00;177000,00;70787,00;2
WINM26;21/01/2026;10:10:00;176980,00;176980,00;176980,00;176980,00;35396,00;1
WINM26;21/01/2026;10:05:00;176800,00;176800,00;176800,00;176800,00;35360,00;1
WINM26;21/01/2026;10:00:00;176750,00;176750,00;176710,00;176750,00;282792,00;8
WINM26;21/01/2026;09:50:00;176500,00;176500,00;176500,00;176500,00;35300,00;1
WINM26;21/01/2026;09:40:00;176205,00;176340,00;176175,00;176340,00;211455,00;6
WINM26;21/01/2026;09:35:00;176055,00;176055,00;176055,00;176055,00;352110,00;10
WINM26;21/01/2026;09:30:00;176000,00;176000,00;176000,00;176000,00;35200,00;1
WINM26;21/01/2026;09:25:00;176100,00;176100,00;176100,00;176100,00;35220,00;1
WINM26;21/01/2026;09:20:00;175955,00;175955,00;175955,00;175955,00;35191,00;1
WINM26;21/01/2026;09:15:00;175975,00;176050,00;175875,00;176050,00;668467,00;19
WINM26;21/01/2026;09:10:00;176000,00;176015,00;175915,00;176015,00;140789,00;4
WINM26;21/01/2026;09:05:00;175650,00;175750,00;175650,00;175750,00;70280,00;2
WINM26;21/01/2026;09:00:00;175460,00;175460,00;175460,00;175460,00;35092,00;1
WINM26;20/01/2026;17:50:00;174600,00;174600,00;174600,00;174600,00;34920,00;1
WINM26;20/01/2026;17:45:00;174435,00;174435,00;174435,00;174435,00;139548,00;4
WINM26;20/01/2026;17:40:00;174500,00;174500,00;174500,00;174500,00;69800,00;2
WINM26;20/01/2026;16:10:00;174100,00;174100,00;174000,00;174000,00;208830,00;6
WINM26;20/01/2026;15:05:00;174250,00;174250,00;174250,00;174250,00;34850,00;1
WINM26;20/01/2026;13:10:00;174750,00;174750,00;174750,00;174750,00;34950,00;1
WINM26;20/01/2026;13:00:00;174650,00;174650,00;174650,00;174650,00;69860,00;2
WINM26;20/01/2026;12:45:00;174500,00;174500,00;174500,00;174500,00;34900,00;1
WINM26;20/01/2026;12:40:00;174500,00;174500,00;174500,00;174500,00;69800,00;2
WINM26;20/01/2026;12:25:00;174230,00;174230,00;174230,00;174230,00;34846,00;1
WINM26;20/01/2026;11:50:00;174275,00;174275,00;174150,00;174150,00;69685,00;2
WINM26;20/01/2026;11:45:00;174275,00;174275,00;174275,00;174275,00;34855,00;1
WINM26;20/01/2026;11:40:00;174055,00;174055,00;174055,00;174055,00;34811,00;1
WINM26;20/01/2026;11:35:00;173595,00;174035,00;173595,00;174035,00;243264,00;7
WINM26;20/01/2026;11:30:00;173350,00;173395,00;173350,00;173395,00;104028,00;3
WINM26;20/01/2026;11:25:00;173010,00;173010,00;173010,00;173010,00;34602,00;1
WINM26;20/01/2026;11:10:00;172750,00;172750,00;172750,00;172750,00;34550,00;1
WINM26;20/01/2026;11:05:00;172500,00;172500,00;172500,00;172500,00;34500,00;1
WINM26;20/01/2026;10:45:00;172570,00;172570,00;172570,00;172570,00;345140,00;10
WINM26;20/01/2026;10:30:00;171875,00;171875,00;171875,00;171875,00;68750,00;2
WINM26;20/01/2026;10:20:00;172650,00;172650,00;172650,00;172650,00;34530,00;1
WINM26;20/01/2026;10:15:00;172450,00;172550,00;172450,00;172550,00;69000,00;2
WINM26;20/01/2026;09:55:00;172550,00;172550,00;172550,00;172550,00;34510,00;1
WINM26;20/01/2026;09:50:00;172450,00;172450,00;172450,00;172450,00;34490,00;1
WINM26;20/01/2026;09:45:00;172050,00;172350,00;172050,00;172350,00;137760,00;4
WINM26;20/01/2026;09:35:00;171960,00;172015,00;171960,00;172015,00;68795,00;2
WINM26;20/01/2026;09:15:00;171955,00;171955,00;171935,00;171935,00;68778,00;2
WINM26;20/01/2026;09:10:00;172050,00;172050,00;172000,00;172050,00;103220,00;3
WINM26;20/01/2026;09:05:00;172755,00;172755,00;172500,00;172500,00;103580,00;3
WINM26;20/01/2026;09:00:00;172345,00;172650,00;172345,00;172650,00;138001,00;4
WINM26;19/01/2026;18:15:00;173300,00;173300,00;173250,00;173250,00;69310,00;2
WINM26;19/01/2026;18:05:00;173300,00;173300,00;173300,00;173300,00;34660,00;1
WINM26;19/01/2026;17:50:00;173300,00;173300,00;173250,00;173250,00;69310,00;2
WINM26;19/01/2026;17:25:00;173240,00;173240,00;173240,00;173240,00;34648,00;1
WINM26;19/01/2026;15:15:00;173230,00;173230,00;173230,00;173230,00;34646,00;1
WINM26;19/01/2026;13:05:00;173430,00;173430,00;173430,00;173430,00;34686,00;1
WINM26;19/01/2026;13:00:00;173330,00;173330,00;173330,00;173330,00;34666,00;1
WINM26;19/01/2026;12:45:00;173230,00;173230,00;173230,00;173230,00;34646,00;1
WINM26;19/01/2026;12:30:00;173130,00;173130,00;173130,00;173130,00;34626,00;1
WINM26;19/01/2026;11:55:00;173230,00;173230,00;173230,00;173230,00;34646,00;1
WINM26;19/01/2026;11:40:00;173130,00;173130,00;173130,00;173130,00;34626,00;1
WINM26;19/01/2026;11:30:00;173030,00;173030,00;173030,00;173030,00;34606,00;1
WINM26;19/01/2026;11:00:00;173130,00;173130,00;173130,00;173130,00;34626,00;1
WINM26;19/01/2026;10:50:00;173030,00;173030,00;173030,00;173030,00;34606,00;1
WINM26;19/01/2026;10:35:00;173030,00;173130,00;173030,00;173130,00;69232,00;2
WINM26;19/01/2026;10:25:00;172750,00;172930,00;172750,00;172930,00;69136,00;2
WINM26;19/01/2026;10:10:00;173430,00;173430,00;173430,00;173430,00;34686,00;1
WINM26;19/01/2026;10:05:00;173330,00;173330,00;173330,00;173330,00;34666,00;1
WINM26;19/01/2026;09:55:00;173230,00;173230,00;173230,00;173230,00;34646,00;1
WINM26;19/01/2026;09:35:00;173135,00;173135,00;173135,00;173135,00;34627,00;1
WINM26;19/01/2026;09:25:00;173030,00;173030,00;173030,00;173030,00;34606,00;1
WINM26;19/01/2026;09:20:00;172930,00;172930,00;172930,00;172930,00;69172,00;2
WINM26;19/01/2026;09:15:00;172830,00;172830,00;172830,00;172830,00;34566,00;1
WINM26;19/01/2026;09:00:00;172720,00;172720,00;172720,00;172720,00;34544,00;1
WINM26;16/01/2026;17:40:00;173035,00;173040,00;173035,00;173040,00;103822,00;3
WINM26;16/01/2026;15:30:00;173170,00;173170,00;173150,00;173150,00;103898,00;3
WINM26;16/01/2026;15:25:00;173140,00;173170,00;173140,00;173170,00;103890,00;3
WINM26;16/01/2026;15:05:00;173080,00;173080,00;173080,00;173080,00;34616,00;1
WINM26;16/01/2026;14:55:00;173080,00;173080,00;173080,00;173080,00;34616,00;1
WINM26;16/01/2026;14:40:00;173120,00;173120,00;173120,00;173120,00;69248,00;2
WINM26;16/01/2026;13:00:00;172750,00;172750,00;172750,00;172750,00;34550,00;1
WINM26;16/01/2026;11:50:00;173410,00;173410,00;173410,00;173410,00;34682,00;1
WINM26;16/01/2026;11:35:00;173305,00;173305,00;173290,00;173295,00;173295,00;5
WINM26;16/01/2026;11:30:00;173000,00;173000,00;173000,00;173000,00;34600,00;1
WINM26;16/01/2026;11:15:00;173450,00;173450,00;173450,00;173450,00;69380,00;2
WINM26;16/01/2026;11:05:00;173460,00;173460,00;173460,00;173460,00;34692,00;1
WINM26;16/01/2026;11:00:00;173500,00;173500,00;173500,00;173500,00;34700,00;1
WINM26;16/01/2026;09:25:00;174500,00;174500,00;174500,00;174500,00;34900,00;1
WINM26;16/01/2026;09:20:00;174600,00;174600,00;174600,00;174600,00;34920,00;1
WINM26;16/01/2026;09:00:00;174310,00;174310,00;174310,00;174310,00;174310,00;5
WINM26;15/01/2026;17:00:00;174225,00;174225,00;174225,00;174225,00;34845,00;1
WINM26;15/01/2026;16:00:00;174730,00;174730,00;174730,00;174730,00;34946,00;1
WINM26;15/01/2026;15:30:00;174800,00;174800,00;174800,00;174800,00;34960,00;1
WINM26;15/01/2026;15:25:00;174715,00;174715,00;174715,00;174715,00;34943,00;1
WINM26;15/01/2026;15:20:00;174730,00;174730,00;174730,00;174730,00;34946,00;1
WINM26;15/01/2026;15:10:00;174720,00;174720,00;174720,00;174720,00;69888,00;2
WINM26;15/01/2026;15:00:00;174530,00;174530,00;174530,00;174530,00;69812,00;2
WINM26;15/01/2026;14:00:00;174250,00;174250,00;174250,00;174250,00;34850,00;1
WINM26;15/01/2026;12:30:00;174000,00;174000,00;174000,00;174000,00;34800,00;1
WINM26;15/01/2026;12:00:00;173750,00;173750,00;173750,00;173750,00;34750,00;1
WINM26;15/01/2026;11:40:00;173500,00;173500,00;173500,00;173500,00;34700,00;1
WINM26;15/01/2026;11:20:00;173680,00;173680,00;173680,00;173680,00;34736,00;1
WINM26;15/01/2026;11:00:00;173750,00;173750,00;173750,00;173750,00;34750,00;1
WINM26;15/01/2026;10:30:00;173910,00;173910,00;173820,00;173820,00;139092,00;4
WINM26;15/01/2026;10:20:00;174000,00;174000,00;174000,00;174000,00;34800,00;1
WINM26;15/01/2026;10:15:00;174000,00;174250,00;174000,00;174250,00;69650,00;2
WINM26;15/01/2026;09:55:00;174250,00;174250,00;174250,00;174250,00;34850,00;1
WINM26;15/01/2026;09:45:00;174150,00;174150,00;174000,00;174000,00;69630,00;2
WINM26;15/01/2026;09:10:00;174150,00;174150,00;174150,00;174150,00;34830,00;1
WINM26;14/01/2026;18:20:00;174005,00;174005,00;174005,00;174005,00;139204,00;4
WINM26;14/01/2026;18:15:00;174005,00;174005,00;174005,00;174005,00;34801,00;1
WINM26;14/01/2026;18:10:00;174005,00;174005,00;174005,00;174005,00;34801,00;1
WINM26;14/01/2026;18:05:00;174000,00;174000,00;174000,00;174000,00;104400,00;3
WINM26;14/01/2026;18:00:00;173850,00;173850,00;173850,00;173850,00;104310,00;3
WINM26;14/01/2026;17:55:00;173800,00;173800,00;173800,00;173800,00;208560,00;6
WINM26;14/01/2026;17:50:00;173750,00;173770,00;173750,00;173770,00;382290,00;11
WINM26;14/01/2026;17:40:00;173770,00;173770,00;173770,00;173770,00;139016,00;4
WINM26;14/01/2026;17:35:00;173640,00;173640,00;173640,00;173640,00;69456,00;2
WINM26;14/01/2026;17:25:00;173500,00;173500,00;173500,00;173500,00;69400,00;2
WINM26;14/01/2026;16:35:00;173205,00;173205,00;173205,00;173205,00;34641,00;1
WINM26;14/01/2026;16:30:00;173250,00;173250,00;173250,00;173250,00;34650,00;1
WINM26;14/01/2026;16:20:00;173200,00;173200,00;173200,00;173200,00;138560,00;4
WINM26;14/01/2026;16:15:00;173060,00;173060,00;173060,00;173060,00;34612,00;1
WINM26;14/01/2026;16:10:00;173125,00;173125,00;173125,00;173125,00;34625,00;1
WINM26;14/01/2026;16:05:00;173025,00;173025,00;173025,00;173025,00;69210,00;2
WINM26;14/01/2026;15:45:00;173000,00;173000,00;173000,00;173000,00;69200,00;2
WINM26;14/01/2026;15:30:00;172750,00;172750,00;172750,00;172750,00;34550,00;1
WINM26;14/01/2026;14:25:00;172500,00;172500,00;172500,00;172500,00;34500,00;1
WINM26;14/01/2026;12:20:00;172500,00;172500,00;172500,00;172500,00;34500,00;1
WINM26;14/01/2026;12:00:00;172500,00;172500,00;172500,00;172500,00;34500,00;1
WINM26;14/01/2026;11:45:00;172100,00;172100,00;172100,00;172100,00;34420,00;1
WINM26;14/01/2026;11:35:00;171900,00;171900,00;171845,00;171845,00;68749,00;2
WINM26;14/01/2026;11:30:00;171780,00;171780,00;171780,00;171780,00;34356,00;1
WINM26;14/01/2026;11:15:00;171110,00;171165,00;171060,00;171165,00;239547,00;7
WINM26;14/01/2026;11:10:00;170880,00;171080,00;170780,00;171080,00;376081,00;11
WINM26;14/01/2026;11:05:00;171500,00;171500,00;170980,00;170980,00;308137,00;9
WINM26;14/01/2026;10:55:00;171910,00;171910,00;171750,00;171750,00;68732,00;2
WINM26;14/01/2026;10:30:00;172000,00;172000,00;172000,00;172000,00;34400,00;1
WINM26;14/01/2026;10:20:00;171750,00;171750,00;171750,00;171750,00;34350,00;1
WINM26;14/01/2026;10:15:00;172000,00;172000,00;171970,00;171970,00;171994,00;5
WINM26;14/01/2026;10:10:00;171900,00;171900,00;171900,00;171900,00;34380,00;1
WINM26;14/01/2026;10:00:00;171750,00;171750,00;171750,00;171750,00;34350,00;1
WINM26;14/01/2026;09:35:00;171590,00;171590,00;171590,00;171590,00;34318,00;1
WINM26;14/01/2026;09:25:00;171500,00;171500,00;171400,00;171400,00;240060,00;7
WINM26;13/01/2026;13:55:00;170845,00;170845,00;170845,00;170845,00;170845,00;5
WINM26;13/01/2026;13:10:00;170500,00;170500,00;170500,00;170500,00;34100,00;1
WINM26;13/01/2026;13:00:00;170595,00;170595,00;170595,00;170595,00;34119,00;1
WINM26;13/01/2026;12:50:00;170700,00;170700,00;170700,00;170700,00;34140,00;1
WINM26;13/01/2026;12:25:00;170500,00;170500,00;170500,00;170500,00;68200,00;2
WINM26;13/01/2026;12:20:00;170725,00;170725,00;170725,00;170725,00;34145,00;1
WINM26;13/01/2026;12:15:00;170725,00;170725,00;170725,00;170725,00;34145,00;1
WINM26;13/01/2026;12:10:00;170720,00;170720,00;170720,00;170720,00;34144,00;1
WINM26;13/01/2026;12:00:00;170900,00;170960,00;170800,00;170800,00;136712,00;4
WINM26;13/01/2026;11:50:00;171000,00;171000,00;171000,00;171000,00;102600,00;3
WINM26;13/01/2026;11:40:00;171100,00;171100,00;171100,00;171100,00;34220,00;1
WINM26;13/01/2026;11:10:00;171750,00;171750,00;171750,00;171750,00;34350,00;1
WINM26;13/01/2026;11:00:00;171250,00;171250,00;171250,00;171250,00;34250,00;1
WINM26;13/01/2026;10:50:00;171000,00;171000,00;171000,00;171000,00;34200,00;1
WINM26;13/01/2026;10:35:00;171325,00;171325,00;171325,00;171325,00;34265,00;1
WINM26;13/01/2026;10:30:00;170830,00;171250,00;170830,00;171250,00;444692,00;13
WINM26;13/01/2026;10:25:00;170800,00;170800,00;170600,00;170660,00;307204,00;9
WINM26;13/01/2026;10:05:00;170895,00;170895,00;170895,00;170895,00;34179,00;1
WINM26;13/01/2026;10:00:00;171100,00;171100,00;171000,00;171000,00;136820,00;4
WINM26;13/01/2026;09:40:00;171255,00;171255,00;171225,00;171255,00;239734,00;7
WINM26;13/01/2026;09:35:00;171395,00;171395,00;171395,00;171395,00;34279,00;1
WINM26;13/01/2026;09:15:00;171750,00;171750,00;171750,00;171750,00;34350,00;1
WINM26;13/01/2026;09:05:00;172200,00;172200,00;171900,00;171900,00;103223,00;3
WINM26;13/01/2026;09:00:00;172265,00;172300,00;172265,00;172300,00;68913,00;2
WINM26;12/01/2026;18:00:00;171900,00;172100,00;171900,00;172100,00;68800,00;2
WINM26;12/01/2026;17:30:00;171905,00;171905,00;171900,00;171900,00;68761,00;2
WINM26;12/01/2026;17:00:00;172095,00;172095,00;172095,00;172095,00;34419,00;1
WINM26;12/01/2026;15:10:00;172295,00;172295,00;172095,00;172095,00;68878,00;2
WINM26;12/01/2026;12:25:00;172200,00;172200,00;172200,00;172200,00;34440,00;1
WINM26;12/01/2026;12:20:00;172250,00;172285,00;172250,00;172285,00;68907,00;2
WINM26;12/01/2026;12:15:00;172150,00;172150,00;172005,00;172005,00;68831,00;2
WINM26;12/01/2026;11:45:00;171905,00;171905,00;171800,00;171800,00;103121,00;3
WINM26;12/01/2026;11:40:00;172150,00;172210,00;172100,00;172100,00;103292,00;3
WINM26;12/01/2026;11:35:00;172000,00;172000,00;172000,00;172000,00;34400,00;1
WINM26;12/01/2026;11:30:00;171655,00;171750,00;171655,00;171750,00;68681,00;2
WINM26;12/01/2026;11:10:00;171235,00;171235,00;171235,00;171235,00;34247,00;1
WINM26;12/01/2026;11:05:00;171300,00;171300,00;171115,00;171115,00;68483,00;2
WINM26;12/01/2026;11:00:00;171425,00;171425,00;171250,00;171250,00;102810,00;3
WINM26;12/01/2026;10:45:00;171445,00;171445,00;171445,00;171445,00;34289,00;1
WINM26;12/01/2026;10:10:00;171745,00;171745,00;171745,00;171745,00;34349,00;1
WINM26;12/01/2026;09:55:00;171900,00;171900,00;171900,00;171900,00;34380,00;1
WINM26;12/01/2026;09:15:00;172325,00;172325,00;172325,00;172325,00;34465,00;1
WINM26;12/01/2026;09:10:00;172500,00;172500,00;172500,00;172500,00;34500,00;1
WINM26;09/01/2026;17:55:00;172195,00;172195,00;172195,00;172195,00;34439,00;1
WINM26;09/01/2026;16:15:00;172500,00;172500,00;172500,00;172500,00;34500,00;1
WINM26;09/01/2026;15:25:00;172750,00;172750,00;172750,00;172750,00;34550,00;1
WINM26;09/01/2026;14:00:00;173000,00;173000,00;173000,00;173000,00;34600,00;1
WINM26;09/01/2026;12:00:00;173000,00;173000,00;173000,00;173000,00;34600,00;1
WINM26;09/01/2026;11:35:00;172750,00;172750,00;172750,00;172750,00;34550,00;1
WINM26;09/01/2026;10:45:00;172700,00;172700,00;172700,00;172700,00;34540,00;1
WINM26;09/01/2026;10:35:00;172500,00;172500,00;172500,00;172500,00;34500,00;1
WINM26;09/01/2026;10:30:00;171905,00;171905,00;171905,00;171905,00;68762,00;2
WINM26;09/01/2026;10:25:00;172000,00;172000,00;172000,00;172000,00;34400,00;1
WINM26;09/01/2026;09:55:00;171650,00;171650,00;171650,00;171650,00;34330,00;1
WINM26;09/01/2026;09:50:00;171500,00;171500,00;171500,00;171500,00;34300,00;1
WINM26;09/01/2026;09:40:00;171400,00;171400,00;171400,00;171400,00;34280,00;1
WINM26;09/01/2026;09:25:00;171445,00;171445,00;171445,00;171445,00;34289,00;1
WINM26;09/01/2026;09:00:00;172250,00;172250,00;172250,00;172250,00;34450,00;1
WINM26;08/01/2026;18:10:00;171745,00;171745,00;171745,00;171745,00;34349,00;1
WINM26;08/01/2026;17:40:00;171600,00;171600,00;171600,00;171600,00;34320,00;1
WINM26;08/01/2026;11:45:00;171500,00;171500,00;171500,00;171500,00;34300,00;1
WINM26;08/01/2026;11:40:00;171655,00;171655,00;171655,00;171655,00;102993,00;3
WINM26;08/01/2026;11:35:00;171750,00;171750,00;171750,00;171750,00;34350,00;1
WINM26;08/01/2026;11:15:00;171000,00;171000,00;171000,00;171000,00;34200,00;1
WINM26;08/01/2026;11:10:00;171100,00;171100,00;171100,00;171100,00;34220,00;1
WINM26;08/01/2026;10:55:00;171000,00;171000,00;171000,00;171000,00;34200,00;1
WINM26;08/01/2026;10:50:00;171100,00;171100,00;171100,00;171100,00;34220,00;1
WINM26;08/01/2026;10:35:00;171500,00;171500,00;171500,00;171500,00;34300,00;1
WINM26;08/01/2026;10:30:00;171500,00;171500,00;171500,00;171500,00;34300,00;1
WINM26;08/01/2026;09:30:00;170840,00;170840,00;170840,00;170840,00;34168,00;1
WINM26;08/01/2026;09:25:00;171060,00;171060,00;171060,00;171060,00;102636,00;3
WINM26;08/01/2026;09:00:00;170770,00;170770,00;170770,00;170770,00;34154,00;1
WINM26;07/01/2026;18:20:00;170900,00;170900,00;170870,00;170870,00;68354,00;2
WINM26;07/01/2026;17:55:00;171000,00;171000,00;171000,00;171000,00;34200,00;1
WINM26;07/01/2026;17:45:00;171150,00;171150,00;170900,00;170900,00;136830,00;4
WINM26;07/01/2026;17:40:00;171150,00;171150,00;171150,00;171150,00;34230,00;1
WINM26;07/01/2026;17:25:00;171150,00;171150,00;171150,00;171150,00;34230,00;1
WINM26;07/01/2026;17:15:00;171150,00;171150,00;171150,00;171150,00;34230,00;1
WINM26;07/01/2026;16:45:00;171150,00;171150,00;171150,00;171150,00;34230,00;1
WINM26;07/01/2026;13:00:00;171150,00;171150,00;171150,00;171150,00;34230,00;1
WINM26;07/01/2026;12:55:00;171200,00;171200,00;171200,00;171200,00;34240,00;1
WINM26;07/01/2026;12:00:00;171000,00;171000,00;171000,00;171000,00;68400,00;2
WINM26;07/01/2026;11:15:00;171500,00;171500,00;171370,00;171370,00;445640,00;13
WINM26;07/01/2026;10:55:00;171750,00;171750,00;171750,00;171750,00;34350,00;1
WINM26;07/01/2026;10:25:00;172000,00;172000,00;172000,00;172000,00;34400,00;1
WINM26;07/01/2026;09:35:00;172500,00;172500,00;172500,00;172500,00;34500,00;1
WINM26;06/01/2026;15:30:00;172750,00;172750,00;172750,00;172750,00;34550,00;1
WINM26;06/01/2026;14:50:00;173000,00;173000,00;173000,00;173000,00;34600,00;1
WINM26;06/01/2026;14:05:00;173000,00;173000,00;173000,00;173000,00;34600,00;1
WINM26;06/01/2026;13:25:00;172745,00;172745,00;172745,00;172745,00;34549,00;1
WINM26;06/01/2026;13:05:00;172750,00;172750,00;172750,00;172750,00;34550,00;1
WINM26;06/01/2026;12:30:00;172750,00;172750,00;172750,00;172750,00;34550,00;1
WINM26;06/01/2026;12:00:00;172800,00;172850,00;172800,00;172850,00;69130,00;2
WINM26;06/01/2026;11:45:00;173000,00;173000,00;173000,00;173000,00;34600,00;1
WINM26;06/01/2026;11:25:00;172750,00;172750,00;172750,00;172750,00;34550,00;1
WINM26;06/01/2026;11:05:00;173220,00;173250,00;173220,00;173250,00;69294,00;2
WINM26;06/01/2026;10:30:00;172990,00;173000,00;172990,00;173000,00;103798,00;3
WINM26;06/01/2026;10:05:00;172250,00;172500,00;172250,00;172500,00;68950,00;2
WINM26;06/01/2026;09:55:00;172090,00;172090,00;172090,00;172090,00;34418,00;1
WINM26;06/01/2026;09:35:00;172000,00;172000,00;171885,00;171885,00;68777,00;2
WINM26;06/01/2026;09:30:00;171990,00;171990,00;171990,00;171990,00;34398,00;1
WINM26;06/01/2026;09:20:00;172000,00;172000,00;172000,00;172000,00;34400,00;1
WINM26;06/01/2026;09:05:00;171500,00;171750,00;171500,00;171750,00;102950,00;3
WINM26;06/01/2026;09:00:00;171435,00;171435,00;171435,00;171435,00;171435,00;5
WINM26;05/01/2026;17:15:00;170890,00;170890,00;170800,00;170800,00;170818,00;5
WINM26;05/01/2026;17:05:00;170990,00;170990,00;170990,00;170990,00;34198,00;1
WINM26;05/01/2026;16:55:00;171090,00;171090,00;171090,00;171090,00;34218,00;1
WINM26;05/01/2026;16:05:00;171200,00;171200,00;171200,00;171200,00;34240,00;1
WINM26;05/01/2026;15:45:00;171020,00;171020,00;171020,00;171020,00;171020,00;5
WINM26;05/01/2026;15:35:00;171020,00;171020,00;171020,00;171020,00;34204,00;1
WINM26;05/01/2026;14:35:00;171000,00;171000,00;171000,00;171000,00;34200,00;1
WINM26;05/01/2026;13:05:00;170570,00;170570,00;170370,00;170370,00;102282,00;3
WINM26;05/01/2026;12:55:00;170625,00;170625,00;170625,00;170625,00;34125,00;1
WINM26;05/01/2026;12:35:00;170300,00;170300,00;170300,00;170300,00;34060,00;1
WINM26;05/01/2026;12:25:00;170255,00;170500,00;170255,00;170500,00;102251,00;3
WINM26;02/01/2026;17:55:00;169500,00;169500,00;169500,00;169500,00;33900,00;1
WINM26;02/01/2026;17:40:00;169610,00;169610,00;169610,00;169610,00;848050,00;25
WINM26;02/01/2026;16:45:00;169700,00;169700,00;169700,00;169700,00;33940,00;1
WINM26;02/01/2026;16:15:00;169750,00;169750,00;169750,00;169750,00;33950,00;1
WINM26;02/01/2026;15:05:00;169455,00;169455,00;169455,00;169455,00;33891,00;1
WINM26;02/01/2026;15:00:00;169400,00;169400,00;169400,00;169400,00;677600,00;20
WINM26;02/01/2026;14:10:00;169500,00;169500,00;169500,00;169500,00;101700,00;3
WINM26;02/01/2026;12:40:00;170000,00;170000,00;170000,00;170000,00;34000,00;1
WINM26;02/01/2026;12:15:00;170000,00;170000,00;170000,00;170000,00;34000,00;1
WINM26;02/01/2026;11:45:00;170180,00;170180,00;170180,00;170180,00;34036,00;1
WINM26;02/01/2026;10:55:00;170440,00;170440,00;170440,00;170440,00;34088,00;1
WINM26;02/01/2026;10:50:00;170820,00;170820,00;170695,00;170695,00;68303,00;2
WINM26;02/01/2026;10:45:00;170800,00;170800,00;170800,00;170800,00;34160,00;1
WINM26;02/01/2026;10:30:00;170925,00;170925,00;170925,00;170925,00;34185,00;1
WINM26;02/01/2026;10:25:00;171050,00;171050,00;171050,00;171050,00;34210,00;1
WINM26;02/01/2026;10:15:00;171170,00;171170,00;171170,00;171170,00;34234,00;1
WINM26;02/01/2026;10:05:00;171410,00;171410,00;171290,00;171290,00;102800,00;3
WINM26;02/01/2026;10:00:00;171550,00;171550,00;171550,00;171550,00;34310,00;1
WINM26;02/01/2026;09:55:00;171365,00;171365,00;171365,00;171365,00;34273,00;1
WINM26;02/01/2026;09:30:00;171030,00;171030,00;171030,00;171030,00;34206,00;1
WINM26;02/01/2026;09:10:00;171000,00;171000,00;171000,00;171000,00;34200,00;1
