WINM26;14/05/2026;18:20:00;180595,00;180720,00;180575,00;180675,00;1257595307,00;34803
WINM26;14/05/2026;18:10:00;180585,00;180635,00;180515,00;180585,00;1633981067,00;45244
WINM26;14/05/2026;18:00:00;180645,00;180645,00;180510,00;180585,00;2192104348,00;60698
WINM26;14/05/2026;17:50:00;180580,00;180705,00;180545,00;180635,00;2626541539,00;72701
WINM26;14/05/2026;17:40:00;180725,00;180730,00;180550,00;180580,00;3234326531,00;89532
WINM26;14/05/2026;17:30:00;180690,00;180735,00;180685,00;180725,00;1591668655,00;44039
WINM26;14/05/2026;17:20:00;180610,00;180745,00;180600,00;180685,00;2683716352,00;74272
WINM26;14/05/2026;17:10:00;180480,00;180670,00;180475,00;180610,00;3917771550,00;108467
WINM26;14/05/2026;17:00:00;180485,00;180550,00;180385,00;180480,00;4935453686,00;136749
WINM26;14/05/2026;16:50:00;180525,00;180530,00;180395,00;180490,00;6215140991,00;172202
WINM26;14/05/2026;16:40:00;180480,00;180545,00;180435,00;180520,00;4899772596,00;135737
WINM26;14/05/2026;16:30:00;180485,00;180600,00;180375,00;180485,00;7816990136,00;216535
WINM26;14/05/2026;16:20:00;180715,00;180755,00;180460,00;180485,00;8872289864,00;245666
WINM26;14/05/2026;16:10:00;180600,00;180815,00;180515,00;180715,00;8229384289,00;227745
WINM26;14/05/2026;16:00:00;180555,00;180710,00;180530,00;180600,00;8779831619,00;243033
WINM26;14/05/2026;15:50:00;180520,00;180600,00;180455,00;180550,00;6050831658,00;167590
WINM26;14/05/2026;15:40:00;180620,00;180675,00;180435,00;180520,00;8580492047,00;237613
WINM26;14/05/2026;15:30:00;180840,00;180870,00;180505,00;180620,00;1,128468437E10;312287
WINM26;14/05/2026;15:20:00;181050,00;181060,00;180755,00;180845,00;9134078816,00;252468
WINM26;14/05/2026;15:10:00;181050,00;181105,00;180950,00;181050,00;6577941280,00;181681
WINM26;14/05/2026;15:00:00;181120,00;181135,00;180880,00;181045,00;1,160728649E10;320611
WINM26;14/05/2026;14:50:00;181460,00;181485,00;181095,00;181125,00;9293363129,00;256311
WINM26;14/05/2026;14:40:00;181450,00;181550,00;181380,00;181460,00;7014034416,00;193267
WINM26;14/05/2026;14:30:00;181200,00;181500,00;181180,00;181455,00;8689604149,00;239576
WINM26;14/05/2026;14:20:00;181230,00;181280,00;181125,00;181195,00;8631082627,00;238163
WINM26;14/05/2026;14:10:00;181405,00;181485,00;181220,00;181230,00;9115544861,00;251290
WINM26;14/05/2026;14:00:00;181025,00;181465,00;181000,00;181410,00;1,005883872E10;277497
WINM26;14/05/2026;13:50:00;181015,00;181110,00;180950,00;181020,00;5817356680,00;160685
WINM26;14/05/2026;13:40:00;180815,00;181155,00;180815,00;181015,00;1,097169923E10;303036
WINM26;14/05/2026;13:30:00;180850,00;180920,00;180725,00;180815,00;8658232117,00;239413
WINM26;14/05/2026;13:20:00;181150,00;181170,00;180795,00;180855,00;1,004987212E10;277667
WINM26;14/05/2026;13:10:00;181090,00;181220,00;181070,00;181155,00;6240794715,00;172268
WINM26;14/05/2026;13:00:00;181070,00;181145,00;180960,00;181090,00;6725345959,00;185722
WINM26;14/05/2026;12:50:00;181120,00;181165,00;181020,00;181070,00;7086180764,00;195652
WINM26;14/05/2026;12:40:00;180955,00;181170,00;180890,00;181115,00;7718452825,00;213186
WINM26;14/05/2026;12:30:00;180980,00;181075,00;180860,00;180955,00;8853768103,00;244656
WINM26;14/05/2026;12:20:00;181075,00;181160,00;180970,00;180980,00;7651633416,00;211270
WINM26;14/05/2026;12:10:00;180995,00;181185,00;180955,00;181075,00;1,162921121E10;321129
WINM26;14/05/2026;12:00:00;180965,00;181095,00;180845,00;181000,00;9626919670,00;265994
WINM26;14/05/2026;11:50:00;180795,00;181080,00;180730,00;180960,00;1,261943958E10;348797
WINM26;14/05/2026;11:40:00;180890,00;180965,00;180630,00;180795,00;1,448278137E10;400553
WINM26;14/05/2026;11:30:00;180805,00;181110,00;180755,00;180890,00;1,755595154E10;485112
WINM26;14/05/2026;11:20:00;180765,00;180900,00;180595,00;180810,00;1,43721975E10;397576
WINM26;14/05/2026;11:10:00;180750,00;180950,00;180585,00;180765,00;1,805026344E10;499218
WINM26;14/05/2026;11:00:00;180105,00;180855,00;180035,00;180745,00;2,19443187E10;607884
WINM26;14/05/2026;10:50:00;180115,00;180475,00;179880,00;180105,00;2,048549247E10;568510
WINM26;14/05/2026;10:40:00;180415,00;180485,00;179705,00;180115,00;2,309140693E10;640944
WINM26;14/05/2026;10:30:00;180360,00;180520,00;179925,00;180415,00;3,020198724E10;837807
WINM26;14/05/2026;10:20:00;180435,00;180730,00;180200,00;180355,00;1,78486229E10;494464
WINM26;14/05/2026;10:10:00;180735,00;180815,00;180195,00;180435,00;2,029741213E10;562082
WINM26;14/05/2026;10:00:00;180675,00;180865,00;180475,00;180740,00;2,452611462E10;678777
WINM26;14/05/2026;09:50:00;180610,00;180740,00;180385,00;180680,00;1,301589314E10;360486
WINM26;14/05/2026;09:40:00;180440,00;180785,00;180405,00;180615,00;1,347148495E10;372986
WINM26;14/05/2026;09:30:00;180390,00;180645,00;180325,00;180435,00;1,501200966E10;415873
WINM26;14/05/2026;09:20:00;180315,00;180520,00;180280,00;180390,00;1,103999372E10;305962
WINM26;14/05/2026;09:10:00;180160,00;180390,00;180010,00;180315,00;1,778584309E10;493423
WINM26;14/05/2026;09:00:00;179055,00;180235,00;179055,00;180160,00;2,274819491E10;632457
WINM26;13/05/2026;18:20:00;179075,00;179150,00;179025,00;179105,00;1185669404,00;33102
WINM26;13/05/2026;18:10:00;179035,00;179095,00;178935,00;179075,00;2010491747,00;56150
WINM26;13/05/2026;18:00:00;179225,00;179260,00;179000,00;179030,00;1985215141,00;55416
WINM26;13/05/2026;17:50:00;179200,00;179330,00;179175,00;179230,00;3483736005,00;97181
WINM26;13/05/2026;17:40:00;179300,00;179325,00;179095,00;179200,00;3052514695,00;85174
WINM26;13/05/2026;17:30:00;179150,00;179350,00;179105,00;179300,00;3201806904,00;89326
WINM26;13/05/2026;17:20:00;179110,00;179235,00;179020,00;179155,00;2890374119,00;80686
WINM26;13/05/2026;17:10:00;179030,00;179200,00;178845,00;179105,00;6226924155,00;173901
WINM26;13/05/2026;17:00:00;179170,00;179290,00;178965,00;179035,00;7796431291,00;217643
WINM26;13/05/2026;16:50:00;179155,00;179195,00;179005,00;179170,00;7489551094,00;209072
WINM26;13/05/2026;16:40:00;179340,00;179410,00;179150,00;179155,00;7900762559,00;220322
WINM26;13/05/2026;16:30:00;179345,00;179390,00;178890,00;179340,00;1,209349385E10;337575
WINM26;13/05/2026;16:20:00;179325,00;179370,00;179140,00;179340,00;7722338586,00;215403
WINM26;13/05/2026;16:10:00;179375,00;179440,00;179165,00;179325,00;7684149356,00;214283
WINM26;13/05/2026;16:00:00;179590,00;179670,00;179270,00;179380,00;8668136398,00;241524
WINM26;13/05/2026;15:50:00;179150,00;179760,00;179110,00;179595,00;1,198930897E10;333953
WINM26;13/05/2026;15:40:00;179820,00;180020,00;178790,00;179150,00;1,926455992E10;536769
WINM26;13/05/2026;15:30:00;179860,00;179935,00;179505,00;179825,00;1,417888312E10;394477
WINM26;13/05/2026;15:20:00;180030,00;180285,00;179655,00;179860,00;1,756286949E10;488022
WINM26;13/05/2026;15:10:00;180505,00;180705,00;179755,00;180030,00;2,041164326E10;566262
WINM26;13/05/2026;15:00:00;180575,00;180860,00;180105,00;180500,00;3,078984759E10;852803
WINM26;13/05/2026;14:50:00;181645,00;181690,00;180385,00;180575,00;2,366550597E10;653199
WINM26;13/05/2026;14:40:00;181765,00;181800,00;181640,00;181645,00;6162572871,00;169553
WINM26;13/05/2026;14:30:00;181820,00;181850,00;181570,00;181765,00;1,349522681E10;371360
WINM26;13/05/2026;14:20:00;181925,00;182010,00;181795,00;181825,00;7946983409,00;218422
WINM26;13/05/2026;14:10:00;181805,00;181935,00;181635,00;181925,00;1,091407018E10;300197
WINM26;13/05/2026;14:00:00;182105,00;182125,00;181715,00;181805,00;1,387050518E10;381284
WINM26;13/05/2026;13:50:00;182340,00;182380,00;182080,00;182105,00;1,037646688E10;284693
WINM26;13/05/2026;13:40:00;182600,00;182605,00;182320,00;182340,00;8291377850,00;227240
WINM26;13/05/2026;13:30:00;182575,00;182670,00;182540,00;182600,00;5793906150,00;158652
WINM26;13/05/2026;13:20:00;182480,00;182740,00;182420,00;182575,00;1,077582152E10;295082
WINM26;13/05/2026;13:10:00;182480,00;182580,00;182400,00;182480,00;7800311718,00;213729
WINM26;13/05/2026;13:00:00;182465,00;182670,00;182415,00;182480,00;9420428478,00;258006
WINM26;13/05/2026;12:50:00;182365,00;182540,00;182330,00;182465,00;6004920387,00;164571
WINM26;13/05/2026;12:40:00;182465,00;182540,00;182305,00;182360,00;7332737941,00;200990
WINM26;13/05/2026;12:30:00;182460,00;182510,00;182355,00;182465,00;7725259667,00;211716
WINM26;13/05/2026;12:20:00;182195,00;182500,00;182155,00;182460,00;9718433523,00;266464
WINM26;13/05/2026;12:10:00;182455,00;182470,00;182175,00;182200,00;1,156101759E10;317114
WINM26;13/05/2026;12:00:00;182350,00;182560,00;182335,00;182460,00;8999894934,00;246616
WINM26;13/05/2026;11:50:00;182385,00;182485,00;182295,00;182350,00;7476497324,00;204958
WINM26;13/05/2026;11:40:00;182380,00;182475,00;182235,00;182390,00;9126320867,00;250221
WINM26;13/05/2026;11:30:00;182445,00;182520,00;182240,00;182385,00;1,216210351E10;333447
WINM26;13/05/2026;11:20:00;182145,00;182565,00;182115,00;182450,00;1,783506774E10;488947
WINM26;13/05/2026;11:10:00;182340,00;182435,00;182125,00;182150,00;1,445248763E10;396399
WINM26;13/05/2026;11:00:00;181950,00;182415,00;181805,00;182340,00;2,164525361E10;594360
WINM26;13/05/2026;10:50:00;181640,00;182150,00;181630,00;181955,00;1,823725077E10;501284
WINM26;13/05/2026;10:40:00;180995,00;181695,00;180825,00;181635,00;2,556971861E10;705402
WINM26;13/05/2026;10:30:00;181700,00;181745,00;180870,00;180995,00;3,586845344E10;989337
WINM26;13/05/2026;10:20:00;181890,00;182285,00;181655,00;181695,00;2,359689916E10;648229
WINM26;13/05/2026;10:10:00;182170,00;182440,00;181825,00;181895,00;2,444625623E10;671036
WINM26;13/05/2026;10:00:00;182075,00;182285,00;181950,00;182165,00;1,545815411E10;424309
WINM26;13/05/2026;09:50:00;181870,00;182180,00;181810,00;182075,00;1,278093692E10;351159
WINM26;13/05/2026;09:40:00;181830,00;182015,00;181790,00;181865,00;1,102382994E10;303010
WINM26;13/05/2026;09:30:00;181925,00;181940,00;181560,00;181830,00;1,565327747E10;430676
WINM26;13/05/2026;09:20:00;182290,00;182315,00;181870,00;181920,00;1,620108025E10;444993
WINM26;13/05/2026;09:10:00;182195,00;182380,00;182185,00;182290,00;1,060667833E10;290932
WINM26;13/05/2026;09:00:00;182750,00;182900,00;181735,00;182195,00;2,470499552E10;678055
WINM26;12/05/2026;18:20:00;182745,00;182820,00;182700,00;182770,00;1305878093,00;35725
WINM26;12/05/2026;18:10:00;182935,00;182950,00;182735,00;182745,00;2152733707,00;58866
WINM26;12/05/2026;18:00:00;182855,00;182960,00;182845,00;182940,00;2093391603,00;57224
WINM26;12/05/2026;17:50:00;182820,00;182875,00;182815,00;182855,00;1203596335,00;32913
WINM26;12/05/2026;17:40:00;182815,00;182880,00;182805,00;182820,00;1763268772,00;48219
WINM26;12/05/2026;17:30:00;182775,00;182845,00;182735,00;182810,00;2241153053,00;61307
WINM26;12/05/2026;17:20:00;182755,00;182830,00;182725,00;182770,00;2783452800,00;76146
WINM26;12/05/2026;17:10:00;182655,00;182780,00;182650,00;182755,00;3877129309,00;106097
WINM26;12/05/2026;17:00:00;182775,00;182780,00;182585,00;182655,00;6534987350,00;178878
WINM26;12/05/2026;16:50:00;182785,00;182955,00;182735,00;182775,00;8855633860,00;242179
WINM26;12/05/2026;16:40:00;182790,00;182870,00;182760,00;182785,00;5769389851,00;157798
WINM26;12/05/2026;16:30:00;182905,00;182985,00;182760,00;182790,00;8512542052,00;232735
WINM26;12/05/2026;16:20:00;183140,00;183145,00;182880,00;182910,00;9307916060,00;254355
WINM26;12/05/2026;16:10:00;182865,00;183185,00;182845,00;183140,00;1,164502552E10;318105
WINM26;12/05/2026;16:00:00;182665,00;182900,00;182660,00;182865,00;9181811504,00;251140
WINM26;12/05/2026;15:50:00;182610,00;182745,00;182580,00;182670,00;6684793686,00;182972
WINM26;12/05/2026;15:40:00;182700,00;182730,00;182570,00;182610,00;7320691998,00;200414
WINM26;12/05/2026;15:30:00;182715,00;182965,00;182685,00;182695,00;1,138704661E10;311439
WINM26;12/05/2026;15:20:00;182525,00;182845,00;182510,00;182710,00;1,084020849E10;296708
WINM26;12/05/2026;15:10:00;182235,00;182545,00;182170,00;182520,00;8723879096,00;239199
WINM26;12/05/2026;15:00:00;182350,00;182410,00;182170,00;182235,00;8468841005,00;232316
WINM26;12/05/2026;14:50:00;182390,00;182435,00;182280,00;182350,00;7352176693,00;201593
WINM26;12/05/2026;14:40:00;182665,00;182710,00;182380,00;182395,00;8317752217,00;227861
WINM26;12/05/2026;14:30:00;182635,00;182730,00;182575,00;182665,00;6754955423,00;184917
WINM26;12/05/2026;14:20:00;182590,00;182775,00;182495,00;182640,00;1,289552073E10;353033
WINM26;12/05/2026;14:10:00;182450,00;182610,00;182380,00;182590,00;6285333172,00;172220
WINM26;12/05/2026;14:00:00;182330,00;182625,00;182305,00;182450,00;8970973061,00;245782
WINM26;12/05/2026;13:50:00;182265,00;182440,00;182160,00;182330,00;9870864531,00;270758
WINM26;12/05/2026;13:40:00;182520,00;182560,00;182240,00;182260,00;8593516486,00;235585
WINM26;12/05/2026;13:30:00;182455,00;182550,00;182370,00;182520,00;6272687717,00;171896
WINM26;12/05/2026;13:20:00;182470,00;182550,00;182375,00;182455,00;6090447685,00;166898
WINM26;12/05/2026;13:10:00;182390,00;182600,00;182345,00;182475,00;7110617059,00;194832
WINM26;12/05/2026;13:00:00;182445,00;182510,00;182235,00;182390,00;9792220239,00;268443
WINM26;12/05/2026;12:50:00;182510,00;182580,00;182410,00;182445,00;8722528361,00;238973
WINM26;12/05/2026;12:40:00;182260,00;182520,00;182220,00;182510,00;6830415151,00;187287
WINM26;12/05/2026;12:30:00;182240,00;182435,00;182200,00;182255,00;9047065686,00;248092
WINM26;12/05/2026;12:20:00;182340,00;182355,00;182145,00;182245,00;1,076086347E10;295242
WINM26;12/05/2026;12:10:00;182830,00;182850,00;182295,00;182335,00;1,420097439E10;389072
WINM26;12/05/2026;12:00:00;182480,00;182880,00;182465,00;182830,00;1,267334955E10;346851
WINM26;12/05/2026;11:50:00;182405,00;182515,00;182205,00;182480,00;1,324446294E10;363075
WINM26;12/05/2026;11:40:00;182665,00;182800,00;182385,00;182400,00;1,570813146E10;430064
WINM26;12/05/2026;11:30:00;182580,00;182680,00;182290,00;182660,00;1,866560261E10;511502
WINM26;12/05/2026;11:20:00;182790,00;182970,00;182510,00;182580,00;2,024446364E10;553905
WINM26;12/05/2026;11:10:00;183505,00;183530,00;182780,00;182790,00;2,339167363E10;638588
WINM26;12/05/2026;11:00:00;183470,00;183645,00;183310,00;183505,00;1,746078574E10;475819
WINM26;12/05/2026;10:50:00;183670,00;184000,00;183435,00;183470,00;1,983621343E10;539986
WINM26;12/05/2026;10:40:00;183870,00;184090,00;183515,00;183670,00;2,57868187E10;701573
WINM26;12/05/2026;10:30:00;183090,00;183980,00;182945,00;183865,00;3,148013514E10;857576
WINM26;12/05/2026;10:20:00;182720,00;183315,00;182580,00;183085,00;2,712887573E10;741168
WINM26;12/05/2026;10:10:00;183295,00;183555,00;182520,00;182720,00;3,001661561E10;820218
WINM26;12/05/2026;10:00:00;183540,00;183645,00;183145,00;183295,00;2,723639309E10;742617
WINM26;12/05/2026;09:50:00;183545,00;183735,00;183355,00;183545,00;1,766853946E10;481348
WINM26;12/05/2026;09:40:00;183535,00;183870,00;183455,00;183550,00;1,874336923E10;510274
WINM26;12/05/2026;09:30:00;183410,00;183585,00;183115,00;183535,00;1,759696014E10;479773
WINM26;12/05/2026;09:20:00;183575,00;183590,00;183220,00;183410,00;1,300270262E10;354569
WINM26;12/05/2026;09:10:00;183565,00;183690,00;183440,00;183575,00;1,113232542E10;303205
WINM26;12/05/2026;09:00:00;183800,00;183935,00;183195,00;183565,00;2,154627532E10;586952
WINM26;11/05/2026;18:20:00;184780,00;184965,00;184600,00;184600,00;1854227076,00;50180
WINM26;11/05/2026;18:10:00;184430,00;184830,00;184430,00;184795,00;3979091107,00;107776
WINM26;11/05/2026;18:00:00;184365,00;184450,00;184310,00;184430,00;1865462877,00;50589
WINM26;11/05/2026;17:50:00;184235,00;184400,00;184210,00;184365,00;2815998008,00;76389
WINM26;11/05/2026;17:40:00;184235,00;184270,00;184190,00;184230,00;1881800794,00;51073
WINM26;11/05/2026;17:30:00;184280,00;184285,00;184230,00;184235,00;1515964400,00;41137
WINM26;11/05/2026;17:20:00;184295,00;184315,00;184225,00;184275,00;1890077831,00;51284
WINM26;11/05/2026;17:10:00;184290,00;184360,00;184165,00;184295,00;4785543430,00;129847
WINM26;11/05/2026;17:00:00;184370,00;184450,00;184250,00;184280,00;6096094931,00;165338
WINM26;11/05/2026;16:50:00;184270,00;184420,00;184220,00;184365,00;7647667637,00;207448
WINM26;11/05/2026;16:40:00;184205,00;184330,00;184085,00;184265,00;9236948881,00;250706
WINM26;11/05/2026;16:30:00;183985,00;184245,00;183980,00;184205,00;9481753094,00;257451
WINM26;11/05/2026;16:20:00;184105,00;184120,00;183940,00;183990,00;7983207086,00;216921
WINM26;11/05/2026;16:10:00;184330,00;184345,00;184080,00;184100,00;1,01737444E10;276186
WINM26;11/05/2026;16:00:00;184450,00;184475,00;184315,00;184335,00;6899152104,00;187074
WINM26;11/05/2026;15:50:00;184525,00;184625,00;184440,00;184445,00;6699367638,00;181525
WINM26;11/05/2026;15:40:00;184515,00;184675,00;184505,00;184530,00;6896071713,00;186796
WINM26;11/05/2026;15:30:00;184365,00;184650,00;184315,00;184520,00;1,037323856E10;281083
WINM26;11/05/2026;15:20:00;184310,00;184430,00;184215,00;184360,00;7047860888,00;191159
WINM26;11/05/2026;15:10:00;184305,00;184360,00;184205,00;184310,00;6087445064,00;165161
WINM26;11/05/2026;15:00:00;184400,00;184560,00;184280,00;184300,00;9078900883,00;246161
WINM26;11/05/2026;14:50:00;184265,00;184435,00;184235,00;184395,00;6940338983,00;188264
WINM26;11/05/2026;14:40:00;184455,00;184485,00;184180,00;184265,00;9253661659,00;251009
WINM26;11/05/2026;14:30:00;184415,00;184520,00;184395,00;184450,00;5550940929,00;150464
WINM26;11/05/2026;14:20:00;184350,00;184485,00;184305,00;184420,00;6988754050,00;189489
WINM26;11/05/2026;14:10:00;184475,00;184475,00;184285,00;184350,00;1,014280653E10;275077
WINM26;11/05/2026;14:00:00;184490,00;184610,00;184340,00;184470,00;9891723573,00;268111
WINM26;11/05/2026;13:50:00;184475,00;184575,00;184375,00;184495,00;8550086827,00;231725
WINM26;11/05/2026;13:40:00;184115,00;184545,00;184100,00;184470,00;1,405708851E10;381321
WINM26;11/05/2026;13:30:00;184160,00;184195,00;184040,00;184120,00;9195829677,00;249723
WINM26;11/05/2026;13:20:00;184365,00;184485,00;184130,00;184160,00;9390890783,00;254741
WINM26;11/05/2026;13:10:00;184525,00;184540,00;184310,00;184365,00;9582995808,00;259826
WINM26;11/05/2026;13:00:00;184655,00;184660,00;184435,00;184525,00;7722161618,00;209239
WINM26;11/05/2026;12:50:00;184735,00;184785,00;184600,00;184655,00;6701148623,00;181415
WINM26;11/05/2026;12:40:00;184820,00;184845,00;184525,00;184735,00;1,142084498E10;309241
WINM26;11/05/2026;12:30:00;184690,00;184835,00;184615,00;184820,00;7332923503,00;198500
WINM26;11/05/2026;12:20:00;184805,00;184825,00;184615,00;184685,00;8754150511,00;236966
WINM26;11/05/2026;12:10:00;184935,00;184970,00;184705,00;184805,00;1,089673705E10;294771
WINM26;11/05/2026;12:00:00;184965,00;185055,00;184640,00;184940,00;1,763806735E10;477171
WINM26;11/05/2026;11:50:00;185085,00;185255,00;184875,00;184965,00;1,430970514E10;386622
WINM26;11/05/2026;11:40:00;185090,00;185440,00;185040,00;185090,00;2,037161716E10;549820
WINM26;11/05/2026;11:30:00;184975,00;185205,00;184885,00;185090,00;1,889019081E10;510433
WINM26;11/05/2026;11:20:00;185190,00;185205,00;184840,00;184975,00;1,575894943E10;425958
WINM26;11/05/2026;11:10:00;185045,00;185240,00;184900,00;185195,00;1,768314859E10;477780
WINM26;11/05/2026;11:00:00;185650,00;185755,00;184965,00;185040,00;2,570264934E10;693325
WINM26;11/05/2026;10:50:00;185965,00;185970,00;185460,00;185655,00;2,518164408E10;678044
WINM26;11/05/2026;10:40:00;186695,00;186820,00;185820,00;185965,00;2,80590119E10;753125
WINM26;11/05/2026;10:30:00;186465,00;186890,00;186275,00;186700,00;3,141280196E10;841609
WINM26;11/05/2026;10:20:00;186895,00;186955,00;186275,00;186465,00;2,515726286E10;674128
WINM26;11/05/2026;10:10:00;185905,00;186940,00;185850,00;186900,00;2,953731564E10;792431
WINM26;11/05/2026;10:00:00;185920,00;186045,00;185635,00;185905,00;2,378192061E10;639741
WINM26;11/05/2026;09:50:00;185890,00;185980,00;185720,00;185920,00;1,224664596E10;329465
WINM26;11/05/2026;09:40:00;186150,00;186175,00;185755,00;185895,00;1,497643314E10;402595
WINM26;11/05/2026;09:30:00;186220,00;186250,00;185850,00;186155,00;1,751946716E10;470794
WINM26;11/05/2026;09:20:00;185905,00;186265,00;185740,00;186220,00;1,958294923E10;526327
WINM26;11/05/2026;09:10:00;185860,00;186030,00;185815,00;185910,00;1,221241449E10;328431
WINM26;11/05/2026;09:00:00;187400,00;187400,00;185670,00;185855,00;2,486401707E10;667843
WINM26;08/05/2026;18:20:00;187095,00;187190,00;186960,00;187190,00;674977757,00;18039
WINM26;08/05/2026;18:10:00;186975,00;187110,00;186920,00;187095,00;2210973498,00;59114
WINM26;08/05/2026;18:00:00;187000,00;187105,00;186855,00;186975,00;2988253290,00;79911
WINM26;08/05/2026;17:50:00;186930,00;187130,00;186870,00;186995,00;3753994154,00;100379
WINM26;08/05/2026;17:40:00;186840,00;186975,00;186780,00;186930,00;2933620588,00;78491
WINM26;08/05/2026;17:30:00;186815,00;186880,00;186715,00;186845,00;3549998911,00;95023
WINM26;08/05/2026;17:20:00;186815,00;186885,00;186790,00;186815,00;2890868355,00;77364
WINM26;08/05/2026;17:10:00;186705,00;186820,00;186685,00;186815,00;4051447683,00;108466
WINM26;08/05/2026;17:00:00;186925,00;186950,00;186635,00;186700,00;5709139830,00;152846
WINM26;08/05/2026;16:50:00;186825,00;186975,00;186800,00;186925,00;7949032033,00;212664
WINM26;08/05/2026;16:40:00;186815,00;186855,00;186745,00;186825,00;4689878684,00;125535
WINM26;08/05/2026;16:30:00;186895,00;186900,00;186700,00;186810,00;7859059620,00;210354
WINM26;08/05/2026;16:20:00;187005,00;187075,00;186885,00;186895,00;5026578383,00;134406
WINM26;08/05/2026;16:10:00;187070,00;187085,00;186950,00;187005,00;6210119194,00;166033
WINM26;08/05/2026;16:00:00;187180,00;187305,00;187065,00;187070,00;7456016761,00;199144
WINM26;08/05/2026;15:50:00;187280,00;187360,00;187080,00;187175,00;7519248809,00;200835
WINM26;08/05/2026;15:40:00;187395,00;187405,00;187220,00;187280,00;5087481973,00;135802
WINM26;08/05/2026;15:30:00;187190,00;187485,00;187185,00;187395,00;1,01967201E10;272123
WINM26;08/05/2026;15:20:00;187155,00;187255,00;187080,00;187190,00;6205848877,00;165784
WINM26;08/05/2026;15:10:00;187245,00;187295,00;187150,00;187160,00;4362448364,00;116502
WINM26;08/05/2026;15:00:00;187085,00;187300,00;187005,00;187250,00;1,050838097E10;280680
WINM26;08/05/2026;14:50:00;187145,00;187205,00;187075,00;187080,00;6177539619,00;165045
WINM26;08/05/2026;14:40:00;186965,00;187175,00;186895,00;187140,00;7900254255,00;211175
WINM26;08/05/2026;14:30:00;187170,00;187180,00;186890,00;186965,00;8971399593,00;239839
WINM26;08/05/2026;14:20:00;187155,00;187285,00;187150,00;187165,00;5453633975,00;145649
WINM26;08/05/2026;14:10:00;187165,00;187245,00;187040,00;187160,00;6712530745,00;179345
WINM26;08/05/2026;14:00:00;187145,00;187320,00;187105,00;187170,00;7124351813,00;190270
WINM26;08/05/2026;13:50:00;187365,00;187455,00;187135,00;187140,00;7759127556,00;207128
WINM26;08/05/2026;13:40:00;187315,00;187430,00;187230,00;187365,00;6109467237,00;163072
WINM26;08/05/2026;13:30:00;187350,00;187390,00;187190,00;187310,00;6233423299,00;166405
WINM26;08/05/2026;13:20:00;187150,00;187420,00;187100,00;187355,00;6942730220,00;185334
WINM26;08/05/2026;13:10:00;187350,00;187385,00;187100,00;187150,00;6432675513,00;171769
WINM26;08/05/2026;13:00:00;187100,00;187515,00;187090,00;187350,00;1,067923687E10;285005
WINM26;08/05/2026;12:50:00;187195,00;187220,00;187005,00;187105,00;6655205831,00;177853
WINM26;08/05/2026;12:40:00;187255,00;187295,00;187035,00;187195,00;8903910724,00;237846
WINM26;08/05/2026;12:30:00;187365,00;187425,00;187185,00;187255,00;8262466059,00;220548
WINM26;08/05/2026;12:20:00;187255,00;187405,00;187100,00;187360,00;1,021112642E10;272665
WINM26;08/05/2026;12:10:00;187500,00;187500,00;187200,00;187250,00;1,228551689E10;327916
WINM26;08/05/2026;12:00:00;187590,00;187650,00;187205,00;187500,00;1,371092696E10;365760
WINM26;08/05/2026;11:50:00;187745,00;187960,00;187440,00;187590,00;1,452607086E10;386987
WINM26;08/05/2026;11:40:00;187740,00;188065,00;187690,00;187750,00;1,532138976E10;407767
WINM26;08/05/2026;11:30:00;187560,00;187795,00;187340,00;187735,00;1,675555102E10;446616
WINM26;08/05/2026;11:20:00;187465,00;187930,00;187290,00;187565,00;1,791484525E10;477548
WINM26;08/05/2026;11:10:00;187170,00;187575,00;187035,00;187465,00;1,663133582E10;443979
WINM26;08/05/2026;11:00:00;187595,00;187625,00;187080,00;187170,00;2,124699558E10;567251
WINM26;08/05/2026;10:50:00;187845,00;188080,00;187470,00;187595,00;1,948025304E10;518775
WINM26;08/05/2026;10:40:00;188110,00;188255,00;187710,00;187845,00;2,465093472E10;655706
WINM26;08/05/2026;10:30:00;187865,00;188195,00;187410,00;188110,00;3,091500512E10;823126
WINM26;08/05/2026;10:20:00;188025,00;188045,00;187615,00;187865,00;1,795981726E10;478169
WINM26;08/05/2026;10:10:00;187710,00;188090,00;187475,00;188025,00;2,979431822E10;793111
WINM26;08/05/2026;10:00:00;187730,00;187740,00;187210,00;187705,00;2,832931606E10;755731
WINM26;08/05/2026;09:50:00;187490,00;187850,00;187460,00;187730,00;1,935678675E10;515745
WINM26;08/05/2026;09:40:00;187445,00;187585,00;187350,00;187490,00;1,203000636E10;320876
WINM26;08/05/2026;09:30:00;186920,00;187615,00;186520,00;187445,00;2,694609678E10;719591
WINM26;08/05/2026;09:20:00;186830,00;187035,00;186635,00;186910,00;1,668201608E10;446428
WINM26;08/05/2026;09:10:00;186390,00;186860,00;186360,00;186835,00;1,944212725E10;520868
WINM26;08/05/2026;09:00:00;186000,00;186400,00;185800,00;186395,00;2,106409611E10;565988
WINM26;07/05/2026;18:20:00;185295,00;185340,00;185180,00;185260,00;1829080894,00;49366
WINM26;07/05/2026;18:10:00;185395,00;185450,00;185285,00;185300,00;2728427096,00;73596
WINM26;07/05/2026;18:00:00;185500,00;185525,00;185375,00;185395,00;1924904121,00;51901
WINM26;07/05/2026;17:50:00;185515,00;185565,00;185465,00;185495,00;2051842649,00;55301
WINM26;07/05/2026;17:40:00;185430,00;185585,00;185415,00;185515,00;3435670071,00;92603
WINM26;07/05/2026;17:30:00;185550,00;185670,00;185360,00;185435,00;6448347912,00;173796
WINM26;07/05/2026;17:20:00;185645,00;185655,00;185510,00;185555,00;3782665185,00;101923
WINM26;07/05/2026;17:10:00;185755,00;185765,00;185610,00;185650,00;3830411917,00;103145
WINM26;07/05/2026;17:00:00;185605,00;185840,00;185570,00;185760,00;7400444550,00;199220
WINM26;07/05/2026;16:50:00;185735,00;185780,00;185385,00;185605,00;1,350008904E10;363751
WINM26;07/05/2026;16:40:00;185920,00;185945,00;185725,00;185735,00;6362078935,00;171193
WINM26;07/05/2026;16:30:00;185850,00;185955,00;185825,00;185925,00;5703812925,00;153420
WINM26;07/05/2026;16:20:00;185965,00;186015,00;185745,00;185850,00;9549395468,00;256872
WINM26;07/05/2026;16:10:00;186025,00;186115,00;185850,00;185970,00;8106927742,00;217938
WINM26;07/05/2026;16:00:00;186060,00;186105,00;185955,00;186030,00;6106638408,00;164144
WINM26;07/05/2026;15:50:00;185945,00;186170,00;185855,00;186065,00;9558938059,00;256929
WINM26;07/05/2026;15:40:00;186105,00;186165,00;185815,00;185945,00;1,246426855E10;335071
WINM26;07/05/2026;15:30:00;186175,00;186380,00;186010,00;186110,00;1,268964616E10;340776
WINM26;07/05/2026;15:20:00;186005,00;186240,00;185955,00;186175,00;9189101193,00;246845
WINM26;07/05/2026;15:10:00;185925,00;186080,00;185860,00;186005,00;7747617440,00;208306
WINM26;07/05/2026;15:00:00;186145,00;186195,00;185895,00;185925,00;9891330763,00;265882
WINM26;07/05/2026;14:50:00;185890,00;186200,00;185840,00;186145,00;1,147350824E10;308374
WINM26;07/05/2026;14:40:00;185820,00;185960,00;185810,00;185890,00;8371121928,00;225172
WINM26;07/05/2026;14:30:00;185685,00;185895,00;185555,00;185825,00;1,369684272E10;368715
WINM26;07/05/2026;14:20:00;186045,00;186300,00;185430,00;185680,00;2,547534284E10;685219
WINM26;07/05/2026;14:10:00;186310,00;186330,00;186000,00;186045,00;1,188834614E10;319320
WINM26;07/05/2026;14:00:00;186250,00;186440,00;186105,00;186315,00;1,244257776E10;333994
WINM26;07/05/2026;13:50:00;186465,00;186485,00;186160,00;186250,00;1,176489416E10;315705
WINM26;07/05/2026;13:40:00;186370,00;186545,00;186340,00;186465,00;8851656947,00;237380
WINM26;07/05/2026;13:30:00;186690,00;186730,00;186325,00;186375,00;1,058437211E10;283763
WINM26;07/05/2026;13:20:00;186615,00;186765,00;186600,00;186690,00;6889767262,00;184519
WINM26;07/05/2026;13:10:00;186620,00;186690,00;186475,00;186620,00;1,025734904E10;274846
WINM26;07/05/2026;13:00:00;186485,00;186640,00;186415,00;186625,00;9864028702,00;264391
WINM26;07/05/2026;12:50:00;186465,00;186560,00;186410,00;186490,00;8023855986,00;215141
WINM26;07/05/2026;12:40:00;186690,00;186780,00;186360,00;186465,00;1,136332993E10;304559
WINM26;07/05/2026;12:30:00;186705,00;186780,00;186620,00;186695,00;8263822733,00;221301
WINM26;07/05/2026;12:20:00;186965,00;186970,00;186470,00;186705,00;1,889397444E10;506012
WINM26;07/05/2026;12:10:00;187100,00;187230,00;186880,00;186960,00;1,330989674E10;355731
WINM26;07/05/2026;12:00:00;186950,00;187185,00;186805,00;187105,00;1,483620237E10;396706
WINM26;07/05/2026;11:50:00;186795,00;187045,00;186705,00;186950,00;1,356653455E10;362902
WINM26;07/05/2026;11:40:00;186675,00;186815,00;186515,00;186790,00;1,234421233E10;330643
WINM26;07/05/2026;11:30:00;186610,00;186835,00;186605,00;186670,00;1,31697255E10;352635
WINM26;07/05/2026;11:20:00;186725,00;186835,00;186555,00;186610,00;1,584711692E10;424360
WINM26;07/05/2026;11:10:00;186610,00;186775,00;186490,00;186725,00;1,725113509E10;462181
WINM26;07/05/2026;11:00:00;186585,00;186725,00;186280,00;186615,00;2,398675185E10;643016
WINM26;07/05/2026;10:50:00;186995,00;187190,00;186430,00;186590,00;2,407380807E10;644097
WINM26;07/05/2026;10:40:00;187325,00;187395,00;186800,00;186990,00;3,13268032E10;837291
WINM26;07/05/2026;10:30:00;188260,00;188275,00;187260,00;187320,00;3,513332952E10;935658
WINM26;07/05/2026;10:20:00;188840,00;188975,00;188200,00;188265,00;2,589896054E10;686961
WINM26;07/05/2026;10:10:00;189050,00;189070,00;188340,00;188840,00;3,248313726E10;860979
WINM26;07/05/2026;10:00:00;189625,00;189685,00;188825,00;189055,00;2,982019728E10;788293
WINM26;07/05/2026;09:50:00;189610,00;189700,00;189440,00;189625,00;1,47732751E10;389667
WINM26;07/05/2026;09:40:00;189720,00;189765,00;189340,00;189610,00;2,198546102E10;579908
WINM26;07/05/2026;09:30:00;189510,00;189795,00;189230,00;189715,00;2,120204664E10;559282
WINM26;07/05/2026;09:20:00;189385,00;189540,00;189200,00;189505,00;1,733143143E10;457629
WINM26;07/05/2026;09:10:00;189475,00;189655,00;189325,00;189385,00;1,512023001E10;398994
WINM26;07/05/2026;09:00:00;190300,00;190575,00;189460,00;189480,00;2,365982642E10;622635
WINM26;06/05/2026;18:20:00;190050,00;190080,00;190000,00;190000,00;1330360498,00;35007
WINM26;06/05/2026;18:10:00;190005,00;190065,00;189965,00;190050,00;1528952895,00;40233
WINM26;06/05/2026;18:00:00;190000,00;190065,00;189955,00;190000,00;1681244963,00;44240
WINM26;06/05/2026;17:50:00;189945,00;190085,00;189935,00;190000,00;2712014681,00;71358
WINM26;06/05/2026;17:40:00;189980,00;190020,00;189870,00;189945,00;3307380553,00;87066
WINM26;06/05/2026;17:30:00;190290,00;190310,00;189945,00;189985,00;6266332978,00;164824
WINM26;06/05/2026;17:20:00;190280,00;190340,00;190240,00;190285,00;2654394780,00;69746
WINM26;06/05/2026;17:10:00;190320,00;190330,00;190190,00;190275,00;4918746250,00;129267
WINM26;06/05/2026;17:00:00;190590,00;190660,00;190275,00;190320,00;8024305518,00;210664
WINM26;06/05/2026;16:50:00;190545,00;190745,00;190540,00;190590,00;9149595487,00;239981
WINM26;06/05/2026;16:40:00;190550,00;190620,00;190435,00;190545,00;8955397665,00;235018
WINM26;06/05/2026;16:30:00;190720,00;190725,00;190530,00;190550,00;7425861793,00;194776
WINM26;06/05/2026;16:20:00;190905,00;190980,00;190685,00;190720,00;7596777804,00;199024
WINM26;06/05/2026;16:10:00;190945,00;191010,00;190825,00;190900,00;1,034038149E10;270795
WINM26;06/05/2026;16:00:00;190720,00;190975,00;190675,00;190945,00;9914884192,00;259748
WINM26;06/05/2026;15:50:00;190585,00;190740,00;190535,00;190715,00;6637930458,00;174088
WINM26;06/05/2026;15:40:00;190465,00;190625,00;190415,00;190580,00;8039147673,00;210955
WINM26;06/05/2026;15:30:00;190310,00;190495,00;190275,00;190465,00;5549095894,00;145730
WINM26;06/05/2026;15:20:00;190300,00;190385,00;190230,00;190310,00;5202067592,00;136679
WINM26;06/05/2026;15:10:00;190415,00;190430,00;190245,00;190300,00;6032849262,00;158493
WINM26;06/05/2026;15:00:00;190300,00;190450,00;190230,00;190420,00;9424729348,00;247584
WINM26;06/05/2026;14:50:00;190210,00;190395,00;190175,00;190305,00;7904356699,00;207700
WINM26;06/05/2026;14:40:00;190425,00;190535,00;190145,00;190215,00;1,03804426E10;272670
WINM26;06/05/2026;14:30:00;190580,00;190600,00;190335,00;190420,00;7741429864,00;203232
WINM26;06/05/2026;14:20:00;190775,00;190875,00;190525,00;190580,00;7025659925,00;184202
WINM26;06/05/2026;14:10:00;190905,00;190950,00;190715,00;190770,00;8234477270,00;215760
WINM26;06/05/2026;14:00:00;190545,00;191010,00;190510,00;190900,00;1,086623442E10;284748
WINM26;06/05/2026;13:50:00;190770,00;190795,00;190440,00;190540,00;1,341047791E10;351787
WINM26;06/05/2026;13:40:00;191005,00;191045,00;190675,00;190770,00;9752969988,00;255516
WINM26;06/05/2026;13:30:00;190895,00;191020,00;190715,00;191010,00;7882160256,00;206517
WINM26;06/05/2026;13:20:00;191020,00;191080,00;190830,00;190900,00;7503883562,00;196495
WINM26;06/05/2026;13:10:00;190890,00;191115,00;190825,00;191020,00;9479166695,00;248164
WINM26;06/05/2026;13:00:00;190710,00;190900,00;190640,00;190890,00;7791636556,00;204199
WINM26;06/05/2026;12:50:00;190805,00;190910,00;190695,00;190710,00;7057772282,00;184941
WINM26;06/05/2026;12:40:00;190700,00;190850,00;190545,00;190805,00;1,00497016E10;263522
WINM26;06/05/2026;12:30:00;190780,00;190860,00;190635,00;190695,00;7911916287,00;207401
WINM26;06/05/2026;12:20:00;190825,00;190940,00;190630,00;190780,00;1,067011681E10;279617
WINM26;06/05/2026;12:10:00;190420,00;190865,00;190400,00;190830,00;1,371468283E10;359617
WINM26;06/05/2026;12:00:00;190490,00;190580,00;190195,00;190420,00;1,513295961E10;397462
WINM26;06/05/2026;11:50:00;190805,00;190870,00;190365,00;190485,00;1,476205892E10;387266
WINM26;06/05/2026;11:40:00;190440,00;191130,00;190430,00;190800,00;2,381969257E10;624189
WINM26;06/05/2026;11:30:00;189750,00;190515,00;189650,00;190440,00;2,05240639E10;539864
WINM26;06/05/2026;11:20:00;189845,00;190015,00;189635,00;189745,00;1,660635526E10;437414
WINM26;06/05/2026;11:10:00;189945,00;190040,00;189685,00;189840,00;2,029332978E10;534477
WINM26;06/05/2026;11:00:00;190195,00;190240,00;189755,00;189945,00;2,4959588E10;656951
WINM26;06/05/2026;10:50:00;191050,00;191055,00;190145,00;190200,00;2,780519082E10;729566
WINM26;06/05/2026;10:40:00;191220,00;191475,00;190870,00;191050,00;2,450082165E10;640684
WINM26;06/05/2026;10:30:00;191470,00;191515,00;190840,00;191225,00;3,180930256E10;832080
WINM26;06/05/2026;10:20:00;191060,00;191530,00;190900,00;191470,00;2,0714852E10;541635
WINM26;06/05/2026;10:10:00;190480,00;191100,00;190435,00;191060,00;2,502235006E10;655675
WINM26;06/05/2026;10:00:00;191390,00;191395,00;190350,00;190480,00;3,237468285E10;847780
WINM26;06/05/2026;09:50:00;191835,00;191835,00;191345,00;191390,00;1,641223313E10;428407
WINM26;06/05/2026;09:40:00;192105,00;192115,00;191730,00;191830,00;1,888866722E10;492225
WINM26;06/05/2026;09:30:00;192405,00;192560,00;192065,00;192110,00;2,123739888E10;552114
WINM26;06/05/2026;09:20:00;191485,00;192465,00;191395,00;192405,00;2,625255247E10;683819
WINM26;06/05/2026;09:10:00;191105,00;191700,00;191000,00;191485,00;2,479652351E10;647829
WINM26;06/05/2026;09:00:00;191440,00;191535,00;191035,00;191105,00;2,425116074E10;633908
WINM26;05/05/2026;18:20:00;189430,00;189460,00;189345,00;189400,00;1325067054,00;34980
WINM26;05/05/2026;18:10:00;189500,00;189540,00;189395,00;189430,00;1736823641,00;45836
WINM26;05/05/2026;18:00:00;189465,00;189615,00;189435,00;189500,00;2666262126,00;70338
WINM26;05/05/2026;17:50:00;189405,00;189495,00;189385,00;189465,00;2107326156,00;55618
WINM26;05/05/2026;17:40:00;189465,00;189470,00;189400,00;189405,00;2170108149,00;57277
WINM26;05/05/2026;17:30:00;189575,00;189600,00;189440,00;189465,00;2859109889,00;75427
WINM26;05/05/2026;17:20:00;189590,00;189640,00;189520,00;189575,00;3056307331,00;80611
WINM26;05/05/2026;17:10:00;189570,00;189650,00;189545,00;189590,00;3783698614,00;99782
WINM26;05/05/2026;17:00:00;189360,00;189585,00;189340,00;189565,00;6520199032,00;172078
WINM26;05/05/2026;16:50:00;189495,00;189500,00;189300,00;189350,00;8288043609,00;218809
WINM26;05/05/2026;16:40:00;189655,00;189675,00;189440,00;189500,00;7469372513,00;197039
WINM26;05/05/2026;16:30:00;189690,00;189725,00;189615,00;189655,00;5301527499,00;139756
WINM26;05/05/2026;16:20:00;189600,00;189725,00;189545,00;189685,00;6554250657,00;172810
WINM26;05/05/2026;16:10:00;189650,00;189650,00;189515,00;189595,00;6046099905,00;159460
WINM26;05/05/2026;16:00:00;189655,00;189725,00;189595,00;189645,00;5734938157,00;151188
WINM26;05/05/2026;15:50:00;189630,00;189720,00;189615,00;189660,00;5641279733,00;148717
WINM26;05/05/2026;15:40:00;189580,00;189675,00;189520,00;189625,00;5527561782,00;145762
WINM26;05/05/2026;15:30:00;189620,00;189670,00;189470,00;189580,00;7284694004,00;192131
WINM26;05/05/2026;15:20:00;189505,00;189730,00;189505,00;189625,00;9300077071,00;245224
WINM26;05/05/2026;15:10:00;189395,00;189680,00;189390,00;189510,00;1,196130742E10;315561
WINM26;05/05/2026;15:00:00;189315,00;189460,00;189275,00;189400,00;8195367681,00;216371
WINM26;05/05/2026;14:50:00;189365,00;189465,00;189275,00;189315,00;6269520073,00;165551
WINM26;05/05/2026;14:40:00;189105,00;189485,00;189090,00;189365,00;1,330380164E10;351369
WINM26;05/05/2026;14:30:00;189185,00;189195,00;189040,00;189105,00;8911525031,00;235597
WINM26;05/05/2026;14:20:00;189365,00;189380,00;189150,00;189185,00;8561980415,00;226204
WINM26;05/05/2026;14:10:00;189335,00;189445,00;189245,00;189365,00;8411716028,00;222110
WINM26;05/05/2026;14:00:00;189370,00;189495,00;189280,00;189335,00;1,090609053E10;287932
WINM26;05/05/2026;13:50:00;189745,00;189765,00;189320,00;189370,00;1,164197746E10;307124
WINM26;05/05/2026;13:40:00;189960,00;190000,00;189640,00;189750,00;1,123461593E10;295983
WINM26;05/05/2026;13:30:00;190125,00;190160,00;189935,00;189960,00;7127984346,00;187524
WINM26;05/05/2026;13:20:00;190195,00;190220,00;190030,00;190120,00;6689414992,00;175921
WINM26;05/05/2026;13:10:00;190205,00;190245,00;190145,00;190195,00;4860303166,00;127773
WINM26;05/05/2026;13:00:00;190155,00;190245,00;190125,00;190205,00;6212967147,00;163339
WINM26;05/05/2026;12:50:00;190140,00;190225,00;190075,00;190150,00;6660338981,00;175137
WINM26;05/05/2026;12:40:00;190075,00;190180,00;190020,00;190135,00;8900884498,00;234107
WINM26;05/05/2026;12:30:00;189830,00;190090,00;189795,00;190070,00;1,124081641E10;295923
WINM26;05/05/2026;12:20:00;189575,00;189895,00;189500,00;189835,00;1,313793698E10;346225
WINM26;05/05/2026;12:10:00;189095,00;189665,00;189065,00;189580,00;1,382536943E10;364998
WINM26;05/05/2026;12:00:00;189340,00;189540,00;189075,00;189095,00;1,609888621E10;425130
WINM26;05/05/2026;11:50:00;189345,00;189450,00;189255,00;189335,00;9748691685,00;257428
WINM26;05/05/2026;11:40:00;189015,00;189435,00;188950,00;189340,00;1,748306038E10;461853
WINM26;05/05/2026;11:30:00;188970,00;189275,00;188800,00;189015,00;1,694044347E10;448146
WINM26;05/05/2026;11:20:00;188715,00;189090,00;188600,00;188975,00;1,806121594E10;478102
WINM26;05/05/2026;11:10:00;189215,00;189230,00;188645,00;188710,00;2,247616938E10;594959
WINM26;05/05/2026;11:00:00;189010,00;189340,00;188920,00;189210,00;1,594287605E10;421337
WINM26;05/05/2026;10:50:00;189075,00;189285,00;188820,00;189010,00;1,96366142E10;519310
WINM26;05/05/2026;10:40:00;188385,00;189250,00;188290,00;189080,00;2,813277618E10;745098
WINM26;05/05/2026;10:30:00;189185,00;189230,00;188355,00;188380,00;3,165795018E10;839043
WINM26;05/05/2026;10:20:00;189055,00;189350,00;188920,00;189185,00;2,095820231E10;554115
WINM26;05/05/2026;10:10:00;188820,00;189375,00;188815,00;189060,00;2,857709875E10;755478
WINM26;05/05/2026;10:00:00;188155,00;189080,00;188080,00;188820,00;3,3677165E10;892957
WINM26;05/05/2026;09:50:00;188120,00;188225,00;188065,00;188155,00;8743796462,00;232364
WINM26;05/05/2026;09:40:00;188315,00;188370,00;188040,00;188120,00;1,220367556E10;324228
WINM26;05/05/2026;09:30:00;188710,00;188755,00;188240,00;188310,00;1,808392905E10;479813
WINM26;05/05/2026;09:20:00;188430,00;188730,00;188270,00;188710,00;1,747429804E10;463454
WINM26;05/05/2026;09:10:00;188295,00;188540,00;188100,00;188430,00;2,102052531E10;558120
WINM26;05/05/2026;09:00:00;189525,00;189600,00;188210,00;188295,00;2,507809647E10;664298
WINM26;04/05/2026;18:20:00;188505,00;188580,00;188495,00;188580,00;1460289031,00;38721
WINM26;04/05/2026;18:10:00;188455,00;188545,00;188425,00;188510,00;2303285020,00;61100
WINM26;04/05/2026;18:00:00;188350,00;188520,00;188335,00;188455,00;2859168267,00;75861
WINM26;04/05/2026;17:50:00;188350,00;188390,00;188295,00;188355,00;2524109572,00;67008
WINM26;04/05/2026;17:40:00;188285,00;188380,00;188270,00;188355,00;2077803879,00;55164
WINM26;04/05/2026;17:30:00;188335,00;188350,00;188260,00;188285,00;2103043366,00;55845
WINM26;04/05/2026;17:20:00;188255,00;188350,00;188230,00;188335,00;2672422763,00;70967
WINM26;04/05/2026;17:10:00;188310,00;188340,00;188195,00;188250,00;4781544823,00;126980
WINM26;04/05/2026;17:00:00;188380,00;188485,00;188300,00;188310,00;6228866574,00;165308
WINM26;04/05/2026;16:50:00;188585,00;188585,00;188355,00;188380,00;8859753221,00;235053
WINM26;04/05/2026;16:40:00;188625,00;188650,00;188505,00;188585,00;6885344005,00;182561
WINM26;04/05/2026;16:30:00;188680,00;188740,00;188570,00;188625,00;6643409419,00;176084
WINM26;04/05/2026;16:20:00;188680,00;188790,00;188645,00;188685,00;5783497573,00;153235
WINM26;04/05/2026;16:10:00;188675,00;188730,00;188635,00;188675,00;4452191915,00;117984
WINM26;04/05/2026;16:00:00;188615,00;188770,00;188455,00;188675,00;1,141093962E10;302474
WINM26;04/05/2026;15:50:00;188460,00;188630,00;188390,00;188620,00;8162209894,00;216496
WINM26;04/05/2026;15:40:00;188680,00;188705,00;188430,00;188460,00;7288547450,00;193284
WINM26;04/05/2026;15:30:00;188605,00;188705,00;188430,00;188685,00;9715134996,00;257609
WINM26;04/05/2026;15:20:00;188590,00;188635,00;188410,00;188605,00;9026556405,00;239403
WINM26;04/05/2026;15:10:00;188745,00;188775,00;188560,00;188585,00;6934110883,00;183749
WINM26;04/05/2026;15:00:00;188605,00;188815,00;188570,00;188745,00;7725832603,00;204702
WINM26;04/05/2026;14:50:00;188585,00;188660,00;188515,00;188610,00;5777589021,00;153183
WINM26;04/05/2026;14:40:00;188540,00;188595,00;188395,00;188580,00;7574417296,00;200913
WINM26;04/05/2026;14:30:00;188805,00;188805,00;188460,00;188540,00;9768177610,00;258955
WINM26;04/05/2026;14:20:00;188830,00;188885,00;188730,00;188800,00;6271288662,00;166071
WINM26;04/05/2026;14:10:00;188730,00;188895,00;188640,00;188825,00;1,057348276E10;280051
WINM26;04/05/2026;14:00:00;188490,00;188740,00;188460,00;188725,00;9531242329,00;252678
WINM26;04/05/2026;13:50:00;188670,00;188685,00;188415,00;188485,00;9864787448,00;261634
WINM26;04/05/2026;13:40:00;188705,00;188755,00;188585,00;188675,00;7876800963,00;208744
WINM26;04/05/2026;13:30:00;188960,00;189065,00;188660,00;188710,00;1,114761464E10;295143
WINM26;04/05/2026;13:20:00;189045,00;189160,00;188895,00;188955,00;7841706287,00;207405
WINM26;04/05/2026;13:10:00;188895,00;189175,00;188765,00;189050,00;1,270839396E10;336317
WINM26;04/05/2026;13:00:00;189025,00;189145,00;188710,00;188890,00;1,687787304E10;446623
WINM26;04/05/2026;12:50:00;188875,00;189130,00;188760,00;189030,00;1,494284194E10;395385
WINM26;04/05/2026;12:40:00;189115,00;189170,00;188825,00;188870,00;1,19137868E10;315162
WINM26;04/05/2026;12:30:00;189235,00;189295,00;188965,00;189110,00;1,388275472E10;367042
WINM26;04/05/2026;12:20:00;189450,00;189490,00;188975,00;189240,00;2,329977797E10;615776
WINM26;04/05/2026;12:10:00;189775,00;189975,00;189385,00;189455,00;1,571368435E10;414008
WINM26;04/05/2026;12:00:00;189630,00;189850,00;189430,00;189775,00;1,584161358E10;417733
WINM26;04/05/2026;11:50:00;189925,00;190015,00;189545,00;189630,00;1,702039998E10;448414
WINM26;04/05/2026;11:40:00;190375,00;190415,00;189925,00;189925,00;1,213383669E10;319004
WINM26;04/05/2026;11:30:00;190205,00;190420,00;190075,00;190370,00;1,493334413E10;392454
WINM26;04/05/2026;11:20:00;190240,00;190440,00;190130,00;190205,00;1,50986828E10;396742
WINM26;04/05/2026;11:10:00;189930,00;190300,00;189845,00;190240,00;1,524654612E10;401171
WINM26;04/05/2026;11:00:00;189930,00;190220,00;189800,00;189930,00;2,224632137E10;585480
WINM26;04/05/2026;10:50:00;190495,00;190510,00;189900,00;189930,00;1,989239039E10;523159
WINM26;04/05/2026;10:40:00;190425,00;190700,00;190320,00;190500,00;2,298993114E10;603350
WINM26;04/05/2026;10:30:00;190040,00;190465,00;189685,00;190435,00;2,57699417E10;677948
WINM26;04/05/2026;10:20:00;189980,00;190125,00;189805,00;190045,00;1,427188103E10;375646
WINM26;04/05/2026;10:10:00;190315,00;190490,00;189860,00;189980,00;2,234040244E10;587617
WINM26;04/05/2026;10:00:00;190280,00;190400,00;189850,00;190315,00;2,470040412E10;649490
WINM26;04/05/2026;09:50:00;190450,00;190520,00;190190,00;190285,00;1,407582655E10;369701
WINM26;04/05/2026;09:40:00;190295,00;190480,00;190120,00;190455,00;1,451497394E10;381392
WINM26;04/05/2026;09:30:00;190380,00;190405,00;189940,00;190295,00;2,193327583E10;576658
WINM26;04/05/2026;09:20:00;190740,00;190870,00;190370,00;190380,00;1,737587771E10;455729
WINM26;04/05/2026;09:10:00;190305,00;190750,00;190245,00;190740,00;2,053185365E10;538974
WINM26;04/05/2026;09:00:00;189490,00;190320,00;189490,00;190300,00;1,899506078E10;499880
WINM26;30/04/2026;18:20:00;190050,00;190120,00;189960,00;189980,00;1475828624,00;38836
WINM26;30/04/2026;18:10:00;190155,00;190175,00;189995,00;190050,00;2491415734,00;65540
WINM26;30/04/2026;18:00:00;190130,00;190215,00;190115,00;190160,00;1246615864,00;32777
WINM26;30/04/2026;17:50:00;190160,00;190235,00;190115,00;190135,00;2451266965,00;64449
WINM26;30/04/2026;17:40:00;190160,00;190200,00;190100,00;190155,00;2515131026,00;66137
WINM26;30/04/2026;17:30:00;190220,00;190255,00;190100,00;190160,00;4745790580,00;124766
WINM26;30/04/2026;17:20:00;190470,00;190480,00;190190,00;190225,00;4323934541,00;113593
WINM26;30/04/2026;17:10:00;190435,00;190510,00;190405,00;190470,00;4504071969,00;118243
WINM26;30/04/2026;17:00:00;190720,00;190780,00;190360,00;190440,00;1,270471078E10;333290
WINM26;30/04/2026;16:50:00;190905,00;190935,00;190710,00;190715,00;9638240159,00;252520
WINM26;30/04/2026;16:40:00;190940,00;190945,00;190810,00;190905,00;7293958720,00;191077
WINM26;30/04/2026;16:30:00;190965,00;191000,00;190835,00;190945,00;6837178843,00;179071
WINM26;30/04/2026;16:20:00;190950,00;191035,00;190925,00;190965,00;6150548604,00;161021
WINM26;30/04/2026;16:10:00;190920,00;191005,00;190905,00;190945,00;7059388781,00;184849
WINM26;30/04/2026;16:00:00;190685,00;190930,00;190670,00;190925,00;8289923460,00;217223
WINM26;30/04/2026;15:50:00;190745,00;190775,00;190670,00;190690,00;5990112176,00;157038
WINM26;30/04/2026;15:40:00;190650,00;190775,00;190615,00;190750,00;7444206787,00;195181
WINM26;30/04/2026;15:30:00;190515,00;190670,00;190485,00;190650,00;6652961771,00;174538
WINM26;30/04/2026;15:20:00;190555,00;190625,00;190495,00;190515,00;5488258238,00;143997
WINM26;30/04/2026;15:10:00;190535,00;190585,00;190465,00;190560,00;4711224057,00;123640
WINM26;30/04/2026;15:00:00;190370,00;190565,00;190360,00;190535,00;7279389709,00;191063
WINM26;30/04/2026;14:50:00;190390,00;190495,00;190315,00;190365,00;5691706007,00;149464
WINM26;30/04/2026;14:40:00;190485,00;190525,00;190365,00;190390,00;5695415137,00;149523
WINM26;30/04/2026;14:30:00;190300,00;190535,00;190295,00;190480,00;1,227025413E10;322192
WINM26;30/04/2026;14:20:00;190295,00;190355,00;190190,00;190300,00;6296167942,00;165444
WINM26;30/04/2026;14:10:00;190290,00;190375,00;190190,00;190290,00;5989428261,00;157390
WINM26;30/04/2026;14:00:00;190130,00;190385,00;190120,00;190285,00;7564712433,00;198773
WINM26;30/04/2026;13:50:00;190255,00;190310,00;190055,00;190130,00;8283705542,00;217775
WINM26;30/04/2026;13:40:00;190240,00;190265,00;190040,00;190250,00;8484099707,00;223074
WINM26;30/04/2026;13:30:00;190055,00;190325,00;190055,00;190240,00;8131641286,00;213743
WINM26;30/04/2026;13:20:00;190050,00;190115,00;189870,00;190060,00;7656601130,00;201507
WINM26;30/04/2026;13:10:00;190215,00;190240,00;189995,00;190050,00;5512664333,00;145003
WINM26;30/04/2026;13:00:00;190185,00;190280,00;190105,00;190220,00;6725570006,00;176809
WINM26;30/04/2026;12:50:00;190090,00;190265,00;190075,00;190180,00;5644787631,00;148410
WINM26;30/04/2026;12:40:00;190080,00;190175,00;189980,00;190085,00;6788971504,00;178581
WINM26;30/04/2026;12:30:00;190140,00;190280,00;190035,00;190080,00;8270619086,00;217460
WINM26;30/04/2026;12:20:00;190080,00;190350,00;190020,00;190140,00;1,044114492E10;274472
WINM26;30/04/2026;12:10:00;190030,00;190170,00;189940,00;190080,00;1,174573085E10;309014
WINM26;30/04/2026;12:00:00;190010,00;190085,00;189805,00;190035,00;1,285099357E10;338266
WINM26;30/04/2026;11:50:00;190200,00;190310,00;189970,00;190010,00;1,279057061E10;336338
WINM26;30/04/2026;11:40:00;189720,00;190310,00;189640,00;190195,00;1,775640997E10;467302
WINM26;30/04/2026;11:30:00;190080,00;190185,00;189600,00;189725,00;1,789608288E10;471157
WINM26;30/04/2026;11:20:00;189755,00;190260,00;189675,00;190085,00;1,880447119E10;494774
WINM26;30/04/2026;11:10:00;189550,00;189815,00;189395,00;189750,00;1,568361616E10;413535
WINM26;30/04/2026;11:00:00;189860,00;189920,00;189315,00;189550,00;2,218808497E10;585024
WINM26;30/04/2026;10:50:00;189670,00;189990,00;189650,00;189865,00;2,064139955E10;543623
WINM26;30/04/2026;10:40:00;189430,00;189710,00;189240,00;189675,00;1,89252254E10;499369
WINM26;30/04/2026;10:30:00;189530,00;189715,00;189290,00;189430,00;2,934361435E10;774211
WINM26;30/04/2026;10:20:00;189335,00;189550,00;189190,00;189530,00;1,998324694E10;527672
WINM26;30/04/2026;10:10:00;189055,00;189340,00;188925,00;189335,00;1,643819065E10;434610
WINM26;30/04/2026;10:00:00;188905,00;189150,00;188810,00;189060,00;1,878114623E10;496837
WINM26;30/04/2026;09:50:00;188995,00;189225,00;188840,00;188910,00;1,430724185E10;378347
WINM26;30/04/2026;09:40:00;188905,00;189135,00;188650,00;188995,00;1,433227934E10;379380
WINM26;30/04/2026;09:30:00;189005,00;189195,00;188625,00;188900,00;1,894980044E10;501718
WINM26;30/04/2026;09:20:00;188920,00;189045,00;188840,00;189000,00;6355697903,00;168172
WINM26;30/04/2026;09:10:00;188975,00;189085,00;188815,00;188915,00;1,20469929E10;318804
WINM26;30/04/2026;09:00:00;188500,00;189080,00;188305,00;188975,00;2,074354279E10;549514
WINM26;29/04/2026;18:20:00;187045,00;187080,00;186865,00;186900,00;1753830113,00;46909
WINM26;29/04/2026;18:10:00;187065,00;187130,00;186940,00;187055,00;2707827903,00;72388
WINM26;29/04/2026;18:00:00;187255,00;187265,00;187020,00;187065,00;2939754937,00;78545
WINM26;29/04/2026;17:50:00;187285,00;187320,00;187215,00;187260,00;2316552597,00;61847
WINM26;29/04/2026;17:40:00;187260,00;187375,00;187255,00;187285,00;3177811088,00;84822
WINM26;29/04/2026;17:30:00;187500,00;187545,00;187200,00;187260,00;6091458745,00;162568
WINM26;29/04/2026;17:20:00;187510,00;187530,00;187415,00;187500,00;3459675291,00;92269
WINM26;29/04/2026;17:10:00;187685,00;187705,00;187355,00;187515,00;8589194265,00;229046
WINM26;29/04/2026;17:00:00;187725,00;187905,00;187650,00;187685,00;1,102179982E10;293495
WINM26;29/04/2026;16:50:00;187630,00;187745,00;187495,00;187720,00;1,06899533E10;284870
WINM26;29/04/2026;16:40:00;187835,00;187855,00;187615,00;187635,00;8205158835,00;218503
WINM26;29/04/2026;16:30:00;188100,00;188105,00;187675,00;187840,00;1,327804059E10;353460
WINM26;29/04/2026;16:20:00;188195,00;188210,00;188060,00;188100,00;6773266606,00;180014
WINM26;29/04/2026;16:10:00;188130,00;188265,00;188050,00;188190,00;7600653453,00;201968
WINM26;29/04/2026;16:00:00;188205,00;188250,00;188015,00;188135,00;7851726699,00;208703
WINM26;29/04/2026;15:50:00;187995,00;188265,00;187975,00;188210,00;1,136755862E10;302094
WINM26;29/04/2026;15:40:00;188245,00;188245,00;187880,00;187990,00;1,302352469E10;346326
WINM26;29/04/2026;15:30:00;188360,00;188470,00;188045,00;188245,00;1,946340488E10;517016
WINM26;29/04/2026;15:20:00;188450,00;188530,00;188295,00;188360,00;7813508223,00;207362
WINM26;29/04/2026;15:10:00;188320,00;188515,00;188215,00;188450,00;1,011298371E10;268443
WINM26;29/04/2026;15:00:00;188775,00;188805,00;188245,00;188315,00;1,412520378E10;374721
WINM26;29/04/2026;14:50:00;188770,00;188840,00;188690,00;188775,00;5049514340,00;133755
WINM26;29/04/2026;14:40:00;188590,00;188860,00;188540,00;188770,00;8685884109,00;230165
WINM26;29/04/2026;14:30:00;188815,00;188930,00;188510,00;188585,00;1,135793981E10;300908
WINM26;29/04/2026;14:20:00;188885,00;188950,00;188755,00;188815,00;7026861457,00;186070
WINM26;29/04/2026;14:10:00;188875,00;188910,00;188775,00;188890,00;5229247568,00;138456
WINM26;29/04/2026;14:00:00;188870,00;188945,00;188790,00;188870,00;6512069118,00;172405
WINM26;29/04/2026;13:50:00;188890,00;188925,00;188790,00;188870,00;5275459100,00;139669
WINM26;29/04/2026;13:40:00;188925,00;188960,00;188755,00;188890,00;7659317478,00;202775
WINM26;29/04/2026;13:30:00;188965,00;188975,00;188770,00;188925,00;1,177094317E10;311632
WINM26;29/04/2026;13:20:00;188965,00;189055,00;188950,00;188970,00;4809375616,00;127228
WINM26;29/04/2026;13:10:00;189065,00;189125,00;188950,00;188965,00;6342269741,00;167758
WINM26;29/04/2026;13:00:00;188925,00;189155,00;188840,00;189060,00;1,122802354E10;297010
WINM26;29/04/2026;12:50:00;189175,00;189240,00;188685,00;188925,00;2,260447536E10;598274
WINM26;29/04/2026;12:40:00;189245,00;189325,00;189160,00;189180,00;8869069774,00;234344
WINM26;29/04/2026;12:30:00;189475,00;189510,00;189120,00;189240,00;1,420624498E10;375204
WINM26;29/04/2026;12:20:00;189590,00;189635,00;189375,00;189475,00;9999490570,00;263838
WINM26;29/04/2026;12:10:00;189575,00;189645,00;189360,00;189590,00;1,358776294E10;358490
WINM26;29/04/2026;12:00:00;189930,00;189985,00;189555,00;189575,00;1,6217831E10;427371
WINM26;29/04/2026;11:50:00;189595,00;189940,00;189555,00;189930,00;1,265859474E10;333471
WINM26;29/04/2026;11:40:00;189670,00;189775,00;189545,00;189590,00;1,083913586E10;285774
WINM26;29/04/2026;11:30:00;189610,00;189710,00;189460,00;189675,00;1,185196433E10;312605
WINM26;29/04/2026;11:20:00;189735,00;189855,00;189560,00;189610,00;1,445847551E10;381139
WINM26;29/04/2026;11:10:00;189520,00;189745,00;189470,00;189735,00;1,346747354E10;355127
WINM26;29/04/2026;11:00:00;189560,00;189610,00;189300,00;189515,00;2,021642538E10;533548
WINM26;29/04/2026;10:50:00;189635,00;189795,00;189480,00;189555,00;1,921269923E10;506525
WINM26;29/04/2026;10:40:00;190380,00;190390,00;189530,00;189635,00;2,59262817E10;682649
WINM26;29/04/2026;10:30:00;190325,00;190445,00;190055,00;190385,00;2,565895266E10;674405
WINM26;29/04/2026;10:20:00;190315,00;190475,00;190235,00;190320,00;1,815987659E10;476987
WINM26;29/04/2026;10:10:00;190575,00;190740,00;190295,00;190315,00;2,398685046E10;629594
WINM26;29/04/2026;10:00:00;190705,00;190800,00;190450,00;190575,00;2,1670901E10;568441
WINM26;29/04/2026;09:50:00;190845,00;190920,00;190640,00;190705,00;1,29852016E10;340380
WINM26;29/04/2026;09:40:00;191000,00;191125,00;190725,00;190840,00;1,688453977E10;442217
WINM26;29/04/2026;09:30:00;191235,00;191290,00;190935,00;191000,00;1,192264632E10;311891
WINM26;29/04/2026;09:20:00;191270,00;191350,00;190960,00;191235,00;1,364078514E10;356755
WINM26;29/04/2026;09:10:00;191125,00;191350,00;190975,00;191265,00;1,427126898E10;373249
WINM26;29/04/2026;09:00:00;191670,00;191695,00;190955,00;191130,00;1,816933753E10;475020
WINM26;28/04/2026;18:20:00;191725,00;191890,00;191645,00;191890,00;2217765401,00;57818
WINM26;28/04/2026;18:10:00;191900,00;191910,00;191715,00;191730,00;3200275930,00;83422
WINM26;28/04/2026;18:00:00;191895,00;191940,00;191845,00;191900,00;1556123612,00;40546
WINM26;28/04/2026;17:50:00;191895,00;191945,00;191870,00;191895,00;2074576593,00;54053
WINM26;28/04/2026;17:40:00;191855,00;191915,00;191830,00;191895,00;2180948433,00;56833
WINM26;28/04/2026;17:30:00;191870,00;191880,00;191810,00;191850,00;2708574867,00;70592
WINM26;28/04/2026;17:20:00;191850,00;191915,00;191805,00;191870,00;3981722913,00;103772
WINM26;28/04/2026;17:10:00;191915,00;191960,00;191845,00;191850,00;3391698478,00;88368
WINM26;28/04/2026;17:00:00;191825,00;191930,00;191765,00;191915,00;5164206665,00;134595
WINM26;28/04/2026;16:50:00;191990,00;192005,00;191795,00;191820,00;7888444891,00;205553
WINM26;28/04/2026;16:40:00;191925,00;192005,00;191880,00;191990,00;5392551994,00;140478
WINM26;28/04/2026;16:30:00;191810,00;191950,00;191735,00;191920,00;7168339469,00;186854
WINM26;28/04/2026;16:20:00;191760,00;191860,00;191725,00;191805,00;5847248577,00;152427
WINM26;28/04/2026;16:10:00;191695,00;191790,00;191675,00;191765,00;4979900726,00;129870
WINM26;28/04/2026;16:00:00;191800,00;191905,00;191670,00;191695,00;8525016750,00;222241
WINM26;28/04/2026;15:50:00;191930,00;191980,00;191780,00;191800,00;5547483155,00;144549
WINM26;28/04/2026;15:40:00;191985,00;192030,00;191905,00;191930,00;4650262596,00;121118
WINM26;28/04/2026;15:30:00;192085,00;192125,00;191925,00;191990,00;7902128400,00;205768
WINM26;28/04/2026;15:20:00;191970,00;192135,00;191960,00;192090,00;9897196995,00;257668
WINM26;28/04/2026;15:10:00;191855,00;191990,00;191745,00;191970,00;1,037984247E10;270520
WINM26;28/04/2026;15:00:00;192070,00;192180,00;191815,00;191855,00;1,129117938E10;294079
WINM26;28/04/2026;14:50:00;192160,00;192240,00;192050,00;192070,00;6929599227,00;180315
WINM26;28/04/2026;14:40:00;192185,00;192280,00;192085,00;192160,00;7961057186,00;207132
WINM26;28/04/2026;14:30:00;191995,00;192310,00;191955,00;192185,00;1,247384127E10;324606
WINM26;28/04/2026;14:20:00;191820,00;192085,00;191735,00;191990,00;9427926837,00;245650
WINM26;28/04/2026;14:10:00;191900,00;191940,00;191775,00;191820,00;6439451153,00;167824
WINM26;28/04/2026;14:00:00;191990,00;192035,00;191840,00;191900,00;6836323021,00;178096
WINM26;28/04/2026;13:50:00;191795,00;192095,00;191780,00;191990,00;1,199006529E10;312311
WINM26;28/04/2026;13:40:00;191705,00;191820,00;191655,00;191795,00;6256118289,00;163147
WINM26;28/04/2026;13:30:00;191805,00;191850,00;191675,00;191710,00;6809370014,00;177568
WINM26;28/04/2026;13:20:00;191690,00;191890,00;191670,00;191805,00;7547518760,00;196760
WINM26;28/04/2026;13:10:00;191750,00;191785,00;191635,00;191695,00;6818191343,00;177835
WINM26;28/04/2026;13:00:00;191820,00;191875,00;191740,00;191755,00;7316434897,00;190732
WINM26;28/04/2026;12:50:00;191650,00;191860,00;191650,00;191815,00;7955369148,00;207418
WINM26;28/04/2026;12:40:00;191700,00;191785,00;191595,00;191655,00;1,010462846E10;263563
WINM26;28/04/2026;12:30:00;191615,00;191760,00;191495,00;191695,00;9698886754,00;253075
WINM26;28/04/2026;12:20:00;191525,00;191725,00;191450,00;191610,00;1,038003364E10;270887
WINM26;28/04/2026;12:10:00;191230,00;191585,00;191210,00;191525,00;1,277670305E10;333707
WINM26;28/04/2026;12:00:00;191080,00;191515,00;191065,00;191230,00;1,954564577E10;510870
WINM26;28/04/2026;11:50:00;190925,00;191095,00;190640,00;191085,00;2,100569751E10;550284
WINM26;28/04/2026;11:40:00;190945,00;191175,00;190775,00;190920,00;1,817312865E10;475869
WINM26;28/04/2026;11:30:00;191145,00;191540,00;190880,00;190945,00;2,20286401E10;576043
WINM26;28/04/2026;11:20:00;191690,00;191730,00;190985,00;191140,00;2,047593261E10;535158
WINM26;28/04/2026;11:10:00;191555,00;191790,00;191470,00;191690,00;1,553766358E10;405379
WINM26;28/04/2026;11:00:00;191445,00;191620,00;191350,00;191555,00;1,591607305E10;415553
WINM26;28/04/2026;10:50:00;191550,00;191685,00;191345,00;191450,00;1,70945997E10;446338
WINM26;28/04/2026;10:40:00;191455,00;191915,00;191265,00;191550,00;3,197295758E10;834150
WINM26;28/04/2026;10:30:00;190890,00;191485,00;190690,00;191455,00;2,849432431E10;745605
WINM26;28/04/2026;10:20:00;190730,00;191030,00;190550,00;190895,00;2,121138525E10;556013
WINM26;28/04/2026;10:10:00;191030,00;191070,00;190675,00;190730,00;2,38921743E10;625943
WINM26;28/04/2026;10:00:00;191455,00;191460,00;190880,00;191025,00;2,224847428E10;582057
WINM26;28/04/2026;09:50:00;191570,00;191745,00;191260,00;191455,00;1,827261655E10;477159
WINM26;28/04/2026;09:40:00;191365,00;191625,00;191275,00;191570,00;1,449345882E10;378499
WINM26;28/04/2026;09:30:00;191440,00;191460,00;191210,00;191360,00;1,422945564E10;371876
WINM26;28/04/2026;09:20:00;191500,00;191745,00;191250,00;191435,00;2,097130452E10;547684
WINM26;28/04/2026;09:10:00;191470,00;191660,00;191400,00;191500,00;1,333888904E10;348205
WINM26;28/04/2026;09:00:00;192075,00;192195,00;191300,00;191475,00;2,371566713E10;618563
WINM26;27/04/2026;18:20:00;192700,00;192775,00;192600,00;192755,00;1766761151,00;45834
WINM26;27/04/2026;18:10:00;192785,00;192825,00;192690,00;192705,00;2332214489,00;60495
WINM26;27/04/2026;18:00:00;192790,00;192845,00;192755,00;192780,00;1294543021,00;33571
WINM26;27/04/2026;17:50:00;192885,00;192895,00;192745,00;192790,00;2925004794,00;75854
WINM26;27/04/2026;17:40:00;192830,00;192895,00;192825,00;192890,00;2037560733,00;52825
WINM26;27/04/2026;17:30:00;192920,00;192975,00;192825,00;192830,00;3477499509,00;90134
WINM26;27/04/2026;17:20:00;192895,00;192955,00;192885,00;192915,00;1918632814,00;49728
WINM26;27/04/2026;17:10:00;192950,00;193015,00;192820,00;192900,00;5136533378,00;133116
WINM26;27/04/2026;17:00:00;192970,00;193025,00;192860,00;192950,00;6239706928,00;161701
WINM26;27/04/2026;16:50:00;193075,00;193085,00;192930,00;192965,00;6041249352,00;156511
WINM26;27/04/2026;16:40:00;193115,00;193165,00;192955,00;193070,00;7725263184,00;200076
WINM26;27/04/2026;16:30:00;193275,00;193280,00;192980,00;193115,00;1,102999499E10;285608
WINM26;27/04/2026;16:20:00;193400,00;193420,00;193210,00;193280,00;6993236089,00;180890
WINM26;27/04/2026;16:10:00;193340,00;193410,00;193255,00;193405,00;6582120882,00;170237
WINM26;27/04/2026;16:00:00;193360,00;193450,00;193275,00;193340,00;7176619671,00;185578
WINM26;27/04/2026;15:50:00;193610,00;193625,00;193310,00;193360,00;8725433952,00;225537
WINM26;27/04/2026;15:40:00;193615,00;193645,00;193440,00;193610,00;7072370229,00;182701
WINM26;27/04/2026;15:30:00;193685,00;193700,00;193490,00;193610,00;8479286450,00;219009
WINM26;27/04/2026;15:20:00;193630,00;193760,00;193580,00;193685,00;6236542283,00;160997
WINM26;27/04/2026;15:10:00;193615,00;193670,00;193560,00;193635,00;3869849269,00;99939
WINM26;27/04/2026;15:00:00;193595,00;193650,00;193505,00;193610,00;6887126539,00;177886
WINM26;27/04/2026;14:50:00;193440,00;193625,00;193435,00;193595,00;6696629491,00;173015
WINM26;27/04/2026;14:40:00;193500,00;193525,00;193370,00;193445,00;5739506574,00;148346
WINM26;27/04/2026;14:30:00;193520,00;193715,00;193445,00;193500,00;1,229669498E10;317609
WINM26;27/04/2026;14:20:00;193210,00;193530,00;193170,00;193515,00;1,14828853E10;296961
WINM26;27/04/2026;14:10:00;193205,00;193235,00;193085,00;193215,00;8301092490,00;214865
WINM26;27/04/2026;14:00:00;193370,00;193480,00;193140,00;193205,00;9941050234,00;257129
WINM26;27/04/2026;13:50:00;193525,00;193530,00;193250,00;193370,00;1,277100712E10;330204
WINM26;27/04/2026;13:40:00;193530,00;193600,00;193475,00;193530,00;7427532603,00;191894
WINM26;27/04/2026;13:30:00;193765,00;193805,00;193520,00;193530,00;6544699365,00;168961
WINM26;27/04/2026;13:20:00;193655,00;193815,00;193605,00;193770,00;6170511664,00;159265
WINM26;27/04/2026;13:10:00;193740,00;193760,00;193610,00;193655,00;6793719441,00;175381
WINM26;27/04/2026;13:00:00;193815,00;193825,00;193645,00;193745,00;7270665333,00;187647
WINM26;27/04/2026;12:50:00;193605,00;193835,00;193565,00;193815,00;7723339033,00;199360
WINM26;27/04/2026;12:40:00;193675,00;193850,00;193595,00;193600,00;1,163317911E10;300238
WINM26;27/04/2026;12:30:00;193520,00;193715,00;193390,00;193680,00;9529118166,00;246169
WINM26;27/04/2026;12:20:00;193620,00;193675,00;193335,00;193520,00;1,377214691E10;355916
WINM26;27/04/2026;12:10:00;193460,00;193650,00;193450,00;193615,00;8693044795,00;224566
WINM26;27/04/2026;12:00:00;193520,00;193630,00;193400,00;193465,00;1,268432717E10;327765
WINM26;27/04/2026;11:50:00;193745,00;193775,00;193440,00;193515,00;1,682277948E10;434476
WINM26;27/04/2026;11:40:00;194355,00;194420,00;193670,00;193750,00;1,892362025E10;487734
WINM26;27/04/2026;11:30:00;194425,00;194440,00;194170,00;194360,00;1,447716783E10;372557
WINM26;27/04/2026;11:20:00;194360,00;194565,00;194320,00;194425,00;1,028947763E10;264588
WINM26;27/04/2026;11:10:00;194505,00;194685,00;194255,00;194355,00;1,517291939E10;390188
WINM26;27/04/2026;11:00:00;194435,00;194725,00;194215,00;194505,00;1,980234767E10;509090
WINM26;27/04/2026;10:50:00;193960,00;194660,00;193835,00;194435,00;2,352909491E10;605532
WINM26;27/04/2026;10:40:00;194090,00;194605,00;193935,00;193960,00;2,798997406E10;720274
WINM26;27/04/2026;10:30:00;194385,00;194615,00;193925,00;194085,00;3,630152004E10;934586
WINM26;27/04/2026;10:20:00;194445,00;194565,00;194280,00;194385,00;1,452858447E10;373645
WINM26;27/04/2026;10:10:00;194650,00;194735,00;194200,00;194450,00;2,429296497E10;624772
WINM26;27/04/2026;10:00:00;194485,00;194800,00;194340,00;194655,00;2,30006456E10;591043
WINM26;27/04/2026;09:50:00;194635,00;194690,00;194395,00;194485,00;1,050002433E10;269853
WINM26;27/04/2026;09:40:00;194795,00;194865,00;194535,00;194635,00;1,439237008E10;369654
WINM26;27/04/2026;09:30:00;194385,00;194920,00;194350,00;194800,00;1,860726168E10;477971
WINM26;27/04/2026;09:20:00;194620,00;194630,00;194315,00;194380,00;1,22841407E10;315910
WINM26;27/04/2026;09:10:00;194550,00;194795,00;194460,00;194615,00;1,484970165E10;381482
WINM26;27/04/2026;09:00:00;194760,00;195245,00;194510,00;194550,00;2,354794036E10;604241
WINM26;24/04/2026;18:20:00;194475,00;194485,00;194320,00;194355,00;1466277714,00;37718
WINM26;24/04/2026;18:10:00;194390,00;194565,00;194370,00;194485,00;2494420255,00;64139
WINM26;24/04/2026;18:00:00;194345,00;194415,00;194345,00;194395,00;1055735132,00;27157
WINM26;24/04/2026;17:50:00;194360,00;194420,00;194335,00;194350,00;1928084900,00;49597
WINM26;24/04/2026;17:40:00;194375,00;194405,00;194330,00;194360,00;1776483504,00;45700
WINM26;24/04/2026;17:30:00;194230,00;194440,00;194225,00;194375,00;4312975058,00;110965
WINM26;24/04/2026;17:20:00;194240,00;194255,00;194180,00;194235,00;2484691206,00;63966
WINM26;24/04/2026;17:10:00;194225,00;194390,00;194195,00;194240,00;5664880194,00;145786
WINM26;24/04/2026;17:00:00;194160,00;194295,00;194110,00;194225,00;5984250806,00;154070
WINM26;24/04/2026;16:50:00;194105,00;194185,00;193925,00;194165,00;8353880903,00;215250
WINM26;24/04/2026;16:40:00;193960,00;194145,00;193950,00;194105,00;7005641979,00;180491
WINM26;24/04/2026;16:30:00;193960,00;194020,00;193910,00;193965,00;5693995976,00;146777
WINM26;24/04/2026;16:20:00;193930,00;193980,00;193845,00;193960,00;5577767442,00;143813
WINM26;24/04/2026;16:10:00;194000,00;194050,00;193865,00;193925,00;6888126856,00;177575
WINM26;24/04/2026;16:00:00;194195,00;194295,00;193970,00;193995,00;9661735408,00;248837
WINM26;24/04/2026;15:50:00;194070,00;194240,00;194045,00;194195,00;5751495579,00;148120
WINM26;24/04/2026;15:40:00;193945,00;194155,00;193900,00;194075,00;8632137621,00;222407
WINM26;24/04/2026;15:30:00;193785,00;194020,00;193780,00;193950,00;7719765445,00;199039
WINM26;24/04/2026;15:20:00;193675,00;193795,00;193630,00;193785,00;6329665230,00;163376
WINM26;24/04/2026;15:10:00;193875,00;193895,00;193660,00;193675,00;8144630035,00;210183
WINM26;24/04/2026;15:00:00;193855,00;194000,00;193795,00;193875,00;7359472774,00;189787
WINM26;24/04/2026;14:50:00;193890,00;194065,00;193845,00;193860,00;8929107526,00;230206
WINM26;24/04/2026;14:40:00;193715,00;193955,00;193710,00;193885,00;9028994490,00;232886
WINM26;24/04/2026;14:30:00;193720,00;193815,00;193635,00;193715,00;6482342614,00;167315
WINM26;24/04/2026;14:20:00;193650,00;193780,00;193570,00;193720,00;6219452197,00;160556
WINM26;24/04/2026;14:10:00;193590,00;193700,00;193485,00;193645,00;6979119078,00;180262
WINM26;24/04/2026;14:00:00;193690,00;193760,00;193575,00;193595,00;7482763701,00;193181
WINM26;24/04/2026;13:50:00;193575,00;193740,00;193575,00;193690,00;6842210165,00;176659
WINM26;24/04/2026;13:40:00;193545,00;193665,00;193430,00;193575,00;8395027710,00;216871
WINM26;24/04/2026;13:30:00;193650,00;193710,00;193510,00;193545,00;6593025228,00;170283
WINM26;24/04/2026;13:20:00;193565,00;193710,00;193535,00;193655,00;7616690890,00;196688
WINM26;24/04/2026;13:10:00;193815,00;193840,00;193500,00;193565,00;9271109219,00;239377
WINM26;24/04/2026;13:00:00;194045,00;194065,00;193750,00;193820,00;1,028699765E10;265239
WINM26;24/04/2026;12:50:00;194050,00;194230,00;193955,00;194045,00;9973194140,00;256925
WINM26;24/04/2026;12:40:00;193755,00;194250,00;193665,00;194050,00;1,976515561E10;509325
WINM26;24/04/2026;12:30:00;193820,00;193855,00;193635,00;193760,00;7392069249,00;190784
WINM26;24/04/2026;12:20:00;193720,00;193875,00;193665,00;193815,00;8246197184,00;212765
WINM26;24/04/2026;12:10:00;193585,00;193820,00;193555,00;193715,00;1,139698916E10;294188
WINM26;24/04/2026;12:00:00;193775,00;193920,00;193520,00;193580,00;1,454065509E10;375259
WINM26;24/04/2026;11:50:00;193750,00;193795,00;193440,00;193775,00;1,595363226E10;412021
WINM26;24/04/2026;11:40:00;193990,00;194150,00;193690,00;193745,00;1,383282548E10;356640
WINM26;24/04/2026;11:30:00;194065,00;194165,00;193870,00;193990,00;1,565771694E10;403569
WINM26;24/04/2026;11:20:00;194460,00;194500,00;193930,00;194070,00;1,705320603E10;439116
WINM26;24/04/2026;11:10:00;194470,00;194550,00;194175,00;194480,00;1,878842857E10;483301
WINM26;24/04/2026;11:00:00;194660,00;194675,00;194245,00;194465,00;2,246738228E10;577738
WINM26;24/04/2026;10:50:00;194390,00;194685,00;194220,00;194655,00;2,044290363E10;525665
WINM26;24/04/2026;10:40:00;193820,00;194465,00;193705,00;194385,00;2,548815239E10;656567
WINM26;24/04/2026;10:30:00;194100,00;194150,00;193550,00;193820,00;2,763588334E10;713144
WINM26;24/04/2026;10:20:00;194350,00;194475,00;193970,00;194100,00;2,341142747E10;602781
WINM26;24/04/2026;10:10:00;194870,00;195025,00;194160,00;194350,00;2,757399518E10;708362
WINM26;24/04/2026;10:00:00;194645,00;194920,00;194555,00;194870,00;2,265221428E10;581470
WINM26;24/04/2026;09:50:00;194285,00;194690,00;194135,00;194640,00;1,702721527E10;437920
WINM26;24/04/2026;09:40:00;194645,00;194690,00;194220,00;194285,00;1,521217878E10;391126
WINM26;24/04/2026;09:30:00;194880,00;194890,00;194520,00;194650,00;1,500179916E10;385332
WINM26;24/04/2026;09:20:00;194960,00;194975,00;194655,00;194880,00;1,6912701E10;434088
WINM26;24/04/2026;09:10:00;195050,00;195305,00;194880,00;194960,00;1,637673022E10;419753
WINM26;24/04/2026;09:00:00;195330,00;195430,00;194855,00;195050,00;1,982287283E10;507879
WINM26;23/04/2026;18:20:00;194660,00;194705,00;194520,00;194520,00;1532973960,00;39396
WINM26;23/04/2026;18:10:00;194695,00;194760,00;194600,00;194650,00;2044655833,00;52515
WINM26;23/04/2026;18:00:00;194875,00;194875,00;194670,00;194695,00;2886279327,00;74095
WINM26;23/04/2026;17:50:00;194900,00;194955,00;194740,00;194870,00;3856995033,00;98970
WINM26;23/04/2026;17:40:00;194920,00;194955,00;194850,00;194900,00;2304986543,00;59135
WINM26;23/04/2026;17:30:00;194910,00;194970,00;194845,00;194920,00;2627718463,00;67412
WINM26;23/04/2026;17:20:00;194960,00;195050,00;194860,00;194910,00;3553601810,00;91140
WINM26;23/04/2026;17:10:00;195030,00;195085,00;194880,00;194955,00;4139244446,00;106155
WINM26;23/04/2026;17:00:00;195155,00;195185,00;195005,00;195025,00;4857645731,00;124497
WINM26;23/04/2026;16:50:00;195125,00;195245,00;194905,00;195155,00;9849608072,00;252431
WINM26;23/04/2026;16:40:00;195120,00;195270,00;195035,00;195120,00;7262179806,00;186088
WINM26;23/04/2026;16:30:00;195285,00;195410,00;194960,00;195120,00;9993481682,00;256026
WINM26;23/04/2026;16:20:00;195375,00;195385,00;195170,00;195285,00;6422058634,00;164440
WINM26;23/04/2026;16:10:00;195360,00;195470,00;195225,00;195370,00;7104841692,00;181851
WINM26;23/04/2026;16:00:00;195570,00;195620,00;195235,00;195355,00;1,41902418E10;363074
WINM26;23/04/2026;15:50:00;195550,00;195730,00;195460,00;195575,00;8193982393,00;209449
WINM26;23/04/2026;15:40:00;195575,00;195735,00;195475,00;195545,00;9992026647,00;255434
WINM26;23/04/2026;15:30:00;195755,00;195930,00;195560,00;195570,00;1,110370858E10;283578
WINM26;23/04/2026;15:20:00;195685,00;195785,00;195545,00;195760,00;7989360194,00;204158
WINM26;23/04/2026;15:10:00;195665,00;195845,00;195575,00;195685,00;1,35370544E10;345872
WINM26;23/04/2026;15:00:00;195515,00;195840,00;195425,00;195665,00;1,599208044E10;408640
WINM26;23/04/2026;14:50:00;194675,00;195570,00;194570,00;195515,00;2,839865291E10;727748
WINM26;23/04/2026;14:40:00;195050,00;195060,00;194425,00;194675,00;2,948961491E10;757220
WINM26;23/04/2026;14:30:00;195160,00;195520,00;194980,00;195055,00;1,878636137E10;481053
WINM26;23/04/2026;14:20:00;195175,00;195425,00;195010,00;195160,00;1,761960487E10;451343
WINM26;23/04/2026;14:10:00;195475,00;195675,00;195060,00;195180,00;2,408043955E10;616276
WINM26;23/04/2026;14:00:00;196200,00;196250,00;195440,00;195470,00;2,482908078E10;633801
WINM26;23/04/2026;13:50:00;196235,00;196315,00;196105,00;196200,00;8163327151,00;208018
WINM26;23/04/2026;13:40:00;196135,00;196420,00;196080,00;196235,00;1,269020194E10;323294
WINM26;23/04/2026;13:30:00;195880,00;196205,00;195830,00;196130,00;1,24136068E10;316608
WINM26;23/04/2026;13:20:00;195755,00;195995,00;195735,00;195880,00;9490994518,00;242270
WINM26;23/04/2026;13:10:00;195570,00;195785,00;195525,00;195750,00;7985684102,00;204075
WINM26;23/04/2026;13:00:00;195740,00;195780,00;195420,00;195565,00;1,150356525E10;294097
WINM26;23/04/2026;12:50:00;195845,00;195875,00;195655,00;195740,00;8659951903,00;221184
WINM26;23/04/2026;12:40:00;195985,00;196080,00;195640,00;195840,00;1,260576581E10;321812
WINM26;23/04/2026;12:30:00;196240,00;196285,00;195985,00;195985,00;9177564842,00;233949
WINM26;23/04/2026;12:20:00;196030,00;196310,00;195910,00;196240,00;1,199065274E10;305737
WINM26;23/04/2026;12:10:00;195735,00;196170,00;195735,00;196025,00;1,246689876E10;318119
WINM26;23/04/2026;12:00:00;195980,00;196010,00;195660,00;195735,00;1,476341232E10;376977
WINM26;23/04/2026;11:50:00;196235,00;196240,00;195965,00;195975,00;9454062710,00;241065
WINM26;23/04/2026;11:40:00;196140,00;196275,00;195930,00;196235,00;1,569150279E10;400096
WINM26;23/04/2026;11:30:00;196355,00;196480,00;196095,00;196145,00;1,48453421E10;378153
WINM26;23/04/2026;11:20:00;196030,00;196420,00;195875,00;196355,00;1,694248026E10;431801
WINM26;23/04/2026;11:10:00;196040,00;196370,00;195950,00;196030,00;1,912486346E10;487444
WINM26;23/04/2026;11:00:00;196160,00;196185,00;195780,00;196040,00;2,049182652E10;522898
WINM26;23/04/2026;10:50:00;196335,00;196780,00;196045,00;196160,00;2,63807104E10;671605
WINM26;23/04/2026;10:40:00;196245,00;196415,00;195620,00;196335,00;3,206491252E10;817723
WINM26;23/04/2026;10:30:00;196710,00;197040,00;196220,00;196240,00;3,11176222E10;791186
WINM26;23/04/2026;10:20:00;196860,00;196885,00;196625,00;196710,00;1,648145229E10;418833
WINM26;23/04/2026;10:10:00;196540,00;196865,00;196405,00;196855,00;2,477400507E10;629943
WINM26;23/04/2026;10:00:00;196385,00;196560,00;196285,00;196540,00;1,467170345E10;373487
WINM26;23/04/2026;09:50:00;196325,00;196480,00;196225,00;196385,00;1,206604693E10;307231
WINM26;23/04/2026;09:40:00;196535,00;196630,00;196165,00;196320,00;1,621877739E10;412919
WINM26;23/04/2026;09:30:00;196475,00;196610,00;196335,00;196540,00;1,557266902E10;396261
WINM26;23/04/2026;09:20:00;196360,00;196550,00;196140,00;196470,00;1,501346049E10;382354
WINM26;23/04/2026;09:10:00;196365,00;196610,00;196335,00;196355,00;1,401229027E10;356603
WINM26;23/04/2026;09:00:00;196275,00;196515,00;195965,00;196370,00;1,918018311E10;488578
WINM26;22/04/2026;18:20:00;196315,00;196360,00;196120,00;196135,00;2067050979,00;52678
WINM26;22/04/2026;18:10:00;196375,00;196490,00;196260,00;196310,00;3475292868,00;88485
WINM26;22/04/2026;18:00:00;196490,00;196515,00;196295,00;196375,00;3479697677,00;88587
WINM26;22/04/2026;17:50:00;196610,00;196620,00;196430,00;196490,00;3439574759,00;87512
WINM26;22/04/2026;17:40:00;196640,00;196655,00;196580,00;196610,00;1498456912,00;38106
WINM26;22/04/2026;17:30:00;196625,00;196665,00;196570,00;196640,00;2411847164,00;61330
WINM26;22/04/2026;17:20:00;196640,00;196645,00;196580,00;196625,00;1912549804,00;48637
WINM26;22/04/2026;17:10:00;196625,00;196705,00;196550,00;196635,00;4386038641,00;111534
WINM26;22/04/2026;17:00:00;196605,00;196700,00;196545,00;196625,00;6968880996,00;177216
WINM26;22/04/2026;16:50:00;196665,00;196765,00;196580,00;196605,00;8419687721,00;214067
WINM26;22/04/2026;16:40:00;196555,00;196670,00;196440,00;196660,00;5784412559,00;147158
WINM26;22/04/2026;16:30:00;196550,00;196590,00;196425,00;196550,00;7695785809,00;195814
WINM26;22/04/2026;16:20:00;196665,00;196710,00;196470,00;196550,00;8069485400,00;205232
WINM26;22/04/2026;16:10:00;196540,00;196720,00;196440,00;196665,00;8116466173,00;206450
WINM26;22/04/2026;16:00:00;196690,00;196705,00;196365,00;196545,00;1,330846329E10;338648
WINM26;22/04/2026;15:50:00;196610,00;196710,00;196590,00;196690,00;6417449819,00;163163
WINM26;22/04/2026;15:40:00;196740,00;196790,00;196575,00;196615,00;6107078288,00;155262
WINM26;22/04/2026;15:30:00;196735,00;196800,00;196665,00;196740,00;5262348814,00;133741
WINM26;22/04/2026;15:20:00;196810,00;196840,00;196690,00;196735,00;6862206888,00;174380
WINM26;22/04/2026;15:10:00;196840,00;196960,00;196770,00;196810,00;6906059155,00;175409
WINM26;22/04/2026;15:00:00;196735,00;196925,00;196665,00;196840,00;7096273022,00;180269
WINM26;22/04/2026;14:50:00;196825,00;196940,00;196685,00;196740,00;8109699462,00;206037
WINM26;22/04/2026;14:40:00;196715,00;196825,00;196580,00;196825,00;9502640167,00;241550
WINM26;22/04/2026;14:30:00;196985,00;197065,00;196705,00;196720,00;9035461215,00;229474
WINM26;22/04/2026;14:20:00;196855,00;197015,00;196790,00;196985,00;7785390438,00;197702
WINM26;22/04/2026;14:10:00;196865,00;197040,00;196765,00;196855,00;1,049831615E10;266545
WINM26;22/04/2026;14:00:00;196745,00;196900,00;196665,00;196870,00;8660107349,00;220026
WINM26;22/04/2026;13:50:00;196875,00;196890,00;196660,00;196745,00;8369403513,00;212657
WINM26;22/04/2026;13:40:00;196740,00;196955,00;196690,00;196875,00;1,123171277E10;285319
WINM26;22/04/2026;13:30:00;196865,00;196865,00;196540,00;196745,00;1,395243901E10;354682
WINM26;22/04/2026;13:20:00;197005,00;197085,00;196750,00;196865,00;1,056290683E10;268185
WINM26;22/04/2026;13:10:00;197335,00;197360,00;196905,00;197005,00;1,086048211E10;275484
WINM26;22/04/2026;13:00:00;197410,00;197510,00;197255,00;197335,00;9779709747,00;247748
WINM26;22/04/2026;12:50:00;197405,00;197530,00;197335,00;197410,00;9024223627,00;228541
WINM26;22/04/2026;12:40:00;197075,00;197415,00;196990,00;197405,00;1,094692243E10;277591
WINM26;22/04/2026;12:30:00;197230,00;197290,00;197015,00;197075,00;8786305971,00;222843
WINM26;22/04/2026;12:20:00;197260,00;197355,00;197155,00;197230,00;8250111433,00;209134
WINM26;22/04/2026;12:10:00;197220,00;197320,00;197150,00;197255,00;8140173620,00;206354
WINM26;22/04/2026;12:00:00;197465,00;197495,00;197145,00;197220,00;1,380994693E10;350010
WINM26;22/04/2026;11:50:00;197455,00;197510,00;197020,00;197470,00;1,578738625E10;400158
WINM26;22/04/2026;11:40:00;197370,00;197525,00;197125,00;197460,00;1,710696234E10;433412
WINM26;22/04/2026;11:30:00;197945,00;198120,00;197300,00;197365,00;2,253332591E10;570057
WINM26;22/04/2026;11:20:00;197900,00;198025,00;197605,00;197940,00;2,003165291E10;506298
WINM26;22/04/2026;11:10:00;198230,00;198430,00;197860,00;197905,00;1,996527254E10;503743
WINM26;22/04/2026;11:00:00;198615,00;198865,00;198195,00;198225,00;1,940048977E10;488633
WINM26;22/04/2026;10:50:00;198920,00;198990,00;198430,00;198610,00;2,088553126E10;525564
WINM26;22/04/2026;10:40:00;198160,00;198960,00;198000,00;198915,00;2,917682165E10;735010
WINM26;22/04/2026;10:30:00;199340,00;199365,00;198070,00;198155,00;3,190801547E10;803029
WINM26;22/04/2026;10:20:00;199495,00;199740,00;199110,00;199335,00;1,896400521E10;475415
WINM26;22/04/2026;10:10:00;199350,00;199540,00;199095,00;199495,00;2,171508424E10;544807
WINM26;22/04/2026;10:00:00;198950,00;199765,00;198855,00;199345,00;3,470982942E10;870729
WINM26;22/04/2026;09:50:00;198825,00;199080,00;198780,00;198950,00;1,202116916E10;302167
WINM26;22/04/2026;09:40:00;198740,00;199000,00;198685,00;198825,00;1,524403041E10;383254
WINM26;22/04/2026;09:30:00;199155,00;199165,00;198590,00;198740,00;2,157968993E10;542768
WINM26;22/04/2026;09:20:00;199045,00;199820,00;198995,00;199155,00;3,113015394E10;780404
WINM26;22/04/2026;09:10:00;199485,00;199535,00;198720,00;199045,00;2,909637845E10;730888
WINM26;22/04/2026;09:00:00;200550,00;200660,00;199335,00;199485,00;2,588134668E10;647353
WINM26;20/04/2026;18:20:00;200235,00;200430,00;200165,00;200430,00;1282000859,00;31993
WINM26;20/04/2026;18:10:00;200170,00;200290,00;200145,00;200235,00;1726492015,00;43115
WINM26;20/04/2026;18:00:00;200135,00;200185,00;200115,00;200165,00;1118763102,00;27946
WINM26;20/04/2026;17:50:00;200115,00;200155,00;200105,00;200135,00;1044970167,00;26107
WINM26;20/04/2026;17:40:00;200180,00;200200,00;200060,00;200115,00;2712040763,00;67760
WINM26;20/04/2026;17:30:00;200085,00;200200,00;200060,00;200175,00;2793640794,00;69792
WINM26;20/04/2026;17:20:00;200055,00;200130,00;200040,00;200080,00;2264559719,00;56591
WINM26;20/04/2026;17:10:00;200125,00;200215,00;200040,00;200050,00;3754304557,00;93797
WINM26;20/04/2026;17:00:00;200280,00;200305,00;200110,00;200125,00;5026845164,00;125550
WINM26;20/04/2026;16:50:00;200160,00;200300,00;200105,00;200280,00;7320849696,00;182833
WINM26;20/04/2026;16:40:00;200140,00;200180,00;200085,00;200160,00;4972333028,00;124229
WINM26;20/04/2026;16:30:00;200045,00;200165,00;199930,00;200145,00;7495391863,00;187342
WINM26;20/04/2026;16:20:00;200185,00;200190,00;200010,00;200045,00;5449753037,00;136179
WINM26;20/04/2026;16:10:00;200200,00;200345,00;200145,00;200185,00;7900546414,00;197269
WINM26;20/04/2026;16:00:00;200090,00;200205,00;200025,00;200200,00;6606052821,00;165062
WINM26;20/04/2026;15:50:00;200080,00;200130,00;200040,00;200095,00;3585265834,00;89595
WINM26;20/04/2026;15:40:00;200170,00;200185,00;200010,00;200085,00;6016446311,00;150343
WINM26;20/04/2026;15:30:00;200225,00;200275,00;200150,00;200170,00;5460332865,00;136365
WINM26;20/04/2026;15:20:00;200310,00;200385,00;200150,00;200220,00;6326626650,00;157937
WINM26;20/04/2026;15:10:00;200310,00;200380,00;200120,00;200305,00;8947844152,00;223423
WINM26;20/04/2026;15:00:00;200055,00;200385,00;200000,00;200310,00;1,137988865E10;284206
WINM26;20/04/2026;14:50:00;199970,00;200110,00;199890,00;200055,00;8169919251,00;204233
WINM26;20/04/2026;14:40:00;199940,00;200060,00;199925,00;199970,00;5443982068,00;136106
WINM26;20/04/2026;14:30:00;200000,00;200055,00;199885,00;199940,00;1,011926831E10;253023
WINM26;20/04/2026;14:20:00;200245,00;200270,00;199990,00;200000,00;8311573660,00;207647
WINM26;20/04/2026;14:10:00;200305,00;200450,00;200215,00;200240,00;6366038760,00;158879
WINM26;20/04/2026;14:00:00;200270,00;200455,00;200250,00;200310,00;7657113479,00;191095
WINM26;20/04/2026;13:50:00;200400,00;200480,00;200255,00;200275,00;6974034090,00;174032
WINM26;20/04/2026;13:40:00;200435,00;200595,00;200375,00;200405,00;7652337706,00;190823
WINM26;20/04/2026;13:30:00;200635,00;200685,00;200415,00;200435,00;8385842787,00;209088
WINM26;20/04/2026;13:20:00;200685,00;200760,00;200580,00;200640,00;6442344641,00;160525
WINM26;20/04/2026;13:10:00;200720,00;200735,00;200610,00;200685,00;5829184028,00;145241
WINM26;20/04/2026;13:00:00;200655,00;200785,00;200565,00;200725,00;7597657784,00;189299
WINM26;20/04/2026;12:50:00;200590,00;200740,00;200470,00;200655,00;7516706448,00;187347
WINM26;20/04/2026;12:40:00;200570,00;200705,00;200480,00;200595,00;8904162466,00;221955
WINM26;20/04/2026;12:30:00;200630,00;200630,00;200430,00;200570,00;9022301495,00;224947
WINM26;20/04/2026;12:20:00;200255,00;200660,00;200200,00;200625,00;1,307797577E10;326293
WINM26;20/04/2026;12:10:00;200210,00;200385,00;200180,00;200260,00;1,126485988E10;281237
WINM26;20/04/2026;12:00:00;200215,00;200310,00;199940,00;200215,00;1,277501237E10;319159
WINM26;20/04/2026;11:50:00;200530,00;200575,00;199975,00;200210,00;2,056143026E10;513546
WINM26;20/04/2026;11:40:00;200185,00;200580,00;200135,00;200530,00;1,546887534E10;385998
WINM26;20/04/2026;11:30:00;200145,00;200490,00;200105,00;200180,00;1,877639006E10;468714
WINM26;20/04/2026;11:20:00;199970,00;200155,00;199840,00;200145,00;1,508421477E10;377149
WINM26;20/04/2026;11:10:00;199485,00;200045,00;199365,00;199975,00;1,767417665E10;442521
WINM26;20/04/2026;11:00:00;199830,00;199835,00;199175,00;199490,00;2,335009478E10;585408
WINM26;20/04/2026;10:50:00;199875,00;200135,00;199695,00;199830,00;2,019630111E10;505212
WINM26;20/04/2026;10:40:00;200120,00;200220,00;199820,00;199875,00;2,217127902E10;554214
WINM26;20/04/2026;10:30:00;200675,00;200740,00;200095,00;200120,00;2,700397987E10;673656
WINM26;20/04/2026;10:20:00;200325,00;200745,00;200165,00;200675,00;2,445437604E10;610037
WINM26;20/04/2026;10:10:00;199870,00;200395,00;199830,00;200330,00;1,987376118E10;496641
WINM26;20/04/2026;10:00:00;200180,00;200185,00;199490,00;199865,00;2,874838425E10;719388
WINM26;20/04/2026;09:50:00;200065,00;200220,00;200000,00;200180,00;9441914661,00;235924
WINM26;20/04/2026;09:40:00;199990,00;200185,00;199900,00;200070,00;1,233665405E10;308329
WINM26;20/04/2026;09:30:00;199925,00;200080,00;199880,00;199985,00;1,154724979E10;288698
WINM26;20/04/2026;09:20:00;200175,00;200300,00;199845,00;199925,00;1,711393081E10;427662
WINM26;20/04/2026;09:10:00;199755,00;200225,00;199735,00;200175,00;1,655874846E10;413904
WINM26;20/04/2026;09:00:00;199660,00;199890,00;199290,00;199760,00;2,174418253E10;544611
WINM26;17/04/2026;18:20:00;199640,00;199675,00;199500,00;199650,00;1896364102,00;47498
WINM26;17/04/2026;18:10:00;199900,00;199935,00;199635,00;199640,00;2878619662,00;72041
WINM26;17/04/2026;18:00:00;199910,00;199960,00;199815,00;199905,00;1950930947,00;48801
WINM26;17/04/2026;17:50:00;199915,00;199960,00;199880,00;199910,00;1762635921,00;44084
WINM26;17/04/2026;17:40:00;200020,00;200035,00;199855,00;199915,00;3099264867,00;77506
WINM26;17/04/2026;17:30:00;199915,00;200025,00;199890,00;200020,00;2420068282,00;60513
WINM26;17/04/2026;17:20:00;200030,00;200065,00;199855,00;199915,00;4684748028,00;117150
WINM26;17/04/2026;17:10:00;200035,00;200135,00;200000,00;200030,00;5092663026,00;127276
WINM26;17/04/2026;17:00:00;199605,00;200220,00;199600,00;200040,00;1,173476921E10;293466
WINM26;17/04/2026;16:50:00;199665,00;199750,00;199580,00;199605,00;7390836388,00;185087
WINM26;17/04/2026;16:40:00;199740,00;199815,00;199620,00;199670,00;7941878567,00;198845
WINM26;17/04/2026;16:30:00;199855,00;199975,00;199665,00;199740,00;9219804029,00;230702
WINM26;17/04/2026;16:20:00;199925,00;199985,00;199840,00;199855,00;5801208019,00;145095
WINM26;17/04/2026;16:10:00;199875,00;199940,00;199775,00;199930,00;6592100804,00;164919
WINM26;17/04/2026;16:00:00;199765,00;199960,00;199640,00;199870,00;1,030497958E10;257839
WINM26;17/04/2026;15:50:00;199915,00;199920,00;199345,00;199770,00;1,852169821E10;463987
WINM26;17/04/2026;15:40:00;200165,00;200215,00;199835,00;199915,00;1,093721223E10;273425
WINM26;17/04/2026;15:30:00;200245,00;200295,00;200105,00;200165,00;5884552483,00;146964
WINM26;17/04/2026;15:20:00;200210,00;200295,00;200180,00;200240,00;6149976306,00;153572
WINM26;17/04/2026;15:10:00;200270,00;200285,00;200095,00;200210,00;9422428826,00;235335
WINM26;17/04/2026;15:00:00;200485,00;200505,00;200245,00;200270,00;8046272632,00;200784
WINM26;17/04/2026;14:50:00;200475,00;200580,00;200415,00;200485,00;5829952420,00;145388
WINM26;17/04/2026;14:40:00;200395,00;200525,00;200365,00;200475,00;5977747591,00;149103
WINM26;17/04/2026;14:30:00;200420,00;200495,00;200300,00;200395,00;6829029373,00;170390
WINM26;17/04/2026;14:20:00;200470,00;200620,00;200225,00;200420,00;1,67253465E10;417293
WINM26;17/04/2026;14:10:00;200310,00;200595,00;200245,00;200475,00;9753966132,00;243309
WINM26;17/04/2026;14:00:00;200485,00;200520,00;200115,00;200315,00;1,125016782E10;280759
WINM26;17/04/2026;13:50:00;200380,00;200510,00;200290,00;200490,00;7304792311,00;182253
WINM26;17/04/2026;13:40:00;200455,00;200470,00;200220,00;200380,00;8741050459,00;218183
WINM26;17/04/2026;13:30:00;200465,00;200590,00;200415,00;200450,00;7202323482,00;179623
WINM26;17/04/2026;13:20:00;200405,00;200530,00;200330,00;200465,00;8547209985,00;213212
WINM26;17/04/2026;13:10:00;200280,00;200410,00;200200,00;200410,00;7103232936,00;177299
WINM26;17/04/2026;13:00:00;200265,00;200320,00;200075,00;200285,00;8325848858,00;207955
WINM26;17/04/2026;12:50:00;200305,00;200315,00;200165,00;200270,00;6059611954,00;151311
WINM26;17/04/2026;12:40:00;200345,00;200450,00;200135,00;200305,00;1,139517621E10;284476
WINM26;17/04/2026;12:30:00;200365,00;200550,00;200165,00;200345,00;1,17997321E10;294426
WINM26;17/04/2026;12:20:00;200225,00;200475,00;200215,00;200360,00;1,1466211E10;286158
WINM26;17/04/2026;12:10:00;200205,00;200415,00;199895,00;200230,00;1,519275133E10;379498
WINM26;17/04/2026;12:00:00;200130,00;200255,00;199780,00;200200,00;1,745275077E10;436190
WINM26;17/04/2026;11:50:00;200495,00;200505,00;199565,00;200130,00;2,898140931E10;724668
WINM26;17/04/2026;11:40:00;200385,00;200770,00;200310,00;200495,00;2,127335678E10;530389
WINM26;17/04/2026;11:30:00;200950,00;200970,00;200355,00;200385,00;2,261446476E10;563534
WINM26;17/04/2026;11:20:00;201040,00;201370,00;200870,00;200950,00;1,945875856E10;483769
WINM26;17/04/2026;11:10:00;201515,00;201645,00;200980,00;201035,00;1,950552006E10;484648
WINM26;17/04/2026;11:00:00;201745,00;201765,00;201315,00;201515,00;1,714648615E10;425442
WINM26;17/04/2026;10:50:00;201545,00;201940,00;201425,00;201745,00;2,082896559E10;516285
WINM26;17/04/2026;10:40:00;201530,00;201820,00;201270,00;201550,00;2,818724561E10;699298
WINM26;17/04/2026;10:30:00;201975,00;202005,00;201400,00;201525,00;2,939429958E10;728650
WINM26;17/04/2026;10:20:00;202495,00;202625,00;201835,00;201980,00;2,866157295E10;708677
WINM26;17/04/2026;10:10:00;203280,00;203310,00;202385,00;202495,00;2,912113797E10;718044
WINM26;17/04/2026;10:00:00;202960,00;203470,00;202805,00;203280,00;2,718366901E10;669224
WINM26;17/04/2026;09:50:00;202950,00;203195,00;202620,00;202955,00;2,561471735E10;631286
WINM26;17/04/2026;09:40:00;202000,00;202995,00;201920,00;202955,00;2,747736787E10;678909
WINM26;17/04/2026;09:30:00;201935,00;202105,00;201645,00;202000,00;1,848826086E10;457898
WINM26;17/04/2026;09:20:00;201430,00;201990,00;201420,00;201935,00;2,182794978E10;541018
WINM26;17/04/2026;09:10:00;201460,00;201575,00;201165,00;201435,00;1,567956681E10;389290
WINM26;17/04/2026;09:00:00;201525,00;201720,00;201260,00;201460,00;1,688943482E10;419186
WINM26;16/04/2026;18:20:00;200815,00;200845,00;200705,00;200750,00;1653350854,00;41175
WINM26;16/04/2026;18:10:00;200920,00;200970,00;200810,00;200815,00;1643717942,00;40907
WINM26;16/04/2026;18:00:00;200925,00;200955,00;200835,00;200920,00;1625263249,00;40450
WINM26;16/04/2026;17:50:00;200950,00;200990,00;200910,00;200930,00;1862029880,00;46332
WINM26;16/04/2026;17:40:00;200910,00;200975,00;200905,00;200950,00;2217481907,00;55178
WINM26;16/04/2026;17:30:00;200880,00;200925,00;200855,00;200915,00;2171078114,00;54035
WINM26;16/04/2026;17:20:00;200960,00;200975,00;200820,00;200880,00;3947525593,00;98248
WINM26;16/04/2026;17:10:00;201100,00;201105,00;200935,00;200965,00;3692995582,00;91871
WINM26;16/04/2026;17:00:00;200930,00;201140,00;200900,00;201095,00;5253417237,00;130670
WINM26;16/04/2026;16:50:00;200940,00;201005,00;200885,00;200930,00;5996194441,00;149200
WINM26;16/04/2026;16:40:00;200885,00;201025,00;200855,00;200940,00;6721212718,00;167247
WINM26;16/04/2026;16:30:00;200865,00;200920,00;200785,00;200885,00;5772544933,00;143701
WINM26;16/04/2026;16:20:00;200925,00;200965,00;200845,00;200860,00;6075533088,00;151204
WINM26;16/04/2026;16:10:00;200790,00;200940,00;200650,00;200930,00;9053733347,00;225454
WINM26;16/04/2026;16:00:00;200660,00;200815,00;200640,00;200790,00;6726358600,00;167548
WINM26;16/04/2026;15:50:00;200765,00;200770,00;200535,00;200660,00;8480566699,00;211326
WINM26;16/04/2026;15:40:00;200850,00;200885,00;200665,00;200770,00;7691564054,00;191557
WINM26;16/04/2026;15:30:00;200870,00;200965,00;200800,00;200850,00;7407844241,00;184379
WINM26;16/04/2026;15:20:00;200955,00;201040,00;200820,00;200870,00;7568254515,00;188351
WINM26;16/04/2026;15:10:00;200800,00;201010,00;200760,00;200960,00;7812017874,00;194420
WINM26;16/04/2026;15:00:00;200760,00;201075,00;200680,00;200795,00;1,389041818E10;345731
WINM26;16/04/2026;14:50:00;200970,00;201000,00;200600,00;200765,00;1,266773628E10;315407
WINM26;16/04/2026;14:40:00;200840,00;200970,00;200790,00;200965,00;6692158776,00;166577
WINM26;16/04/2026;14:30:00;200870,00;200980,00;200770,00;200845,00;6627060194,00;164952
WINM26;16/04/2026;14:20:00;200870,00;200960,00;200820,00;200875,00;6146850330,00;152987
WINM26;16/04/2026;14:10:00;201120,00;201135,00;200775,00;200870,00;9708822488,00;241616
WINM26;16/04/2026;14:00:00;201140,00;201175,00;200950,00;201115,00;7384836843,00;183645
WINM26;16/04/2026;13:50:00;201085,00;201210,00;201070,00;201140,00;5877567281,00;146103
WINM26;16/04/2026;13:40:00;201260,00;201265,00;201065,00;201085,00;7138369050,00;177444
WINM26;16/04/2026;13:30:00;201360,00;201385,00;200885,00;201255,00;1,677209334E10;416898
WINM26;16/04/2026;13:20:00;201580,00;201590,00;201350,00;201365,00;8155206274,00;202426
WINM26;16/04/2026;13:10:00;201490,00;201655,00;201470,00;201585,00;7324598575,00;181699
WINM26;16/04/2026;13:00:00;201485,00;201590,00;201380,00;201490,00;9551197281,00;237010
WINM26;16/04/2026;12:50:00;201170,00;201560,00;201155,00;201480,00;1,004689332E10;249469
WINM26;16/04/2026;12:40:00;201185,00;201230,00;201025,00;201170,00;7941365445,00;197418
WINM26;16/04/2026;12:30:00;201150,00;201360,00;201010,00;201185,00;1,57707641E10;391949
WINM26;16/04/2026;12:20:00;201080,00;201300,00;201060,00;201145,00;9689596885,00;240788
WINM26;16/04/2026;12:10:00;201200,00;201330,00;201005,00;201080,00;1,372535E10;341088
WINM26;16/04/2026;12:00:00;200800,00;201290,00;200785,00;201200,00;1,557950348E10;387435
WINM26;16/04/2026;11:50:00;201050,00;201080,00;200655,00;200805,00;1,511215987E10;376167
WINM26;16/04/2026;11:40:00;200685,00;201100,00;200645,00;201050,00;1,737790999E10;432560
WINM26;16/04/2026;11:30:00;200860,00;200945,00;200640,00;200680,00;1,755590218E10;437204
WINM26;16/04/2026;11:20:00;201020,00;201135,00;200765,00;200865,00;1,884413323E10;468930
WINM26;16/04/2026;11:10:00;201570,00;201770,00;200990,00;201025,00;2,248163429E10;558097
WINM26;16/04/2026;11:00:00;201545,00;201660,00;201390,00;201570,00;1,661919638E10;412329
WINM26;16/04/2026;10:50:00;202135,00;202255,00;201360,00;201545,00;2,938703781E10;728363
WINM26;16/04/2026;10:40:00;202190,00;202225,00;201540,00;202135,00;3,214774408E10;796470
WINM26;16/04/2026;10:30:00;202500,00;202525,00;201965,00;202190,00;3,101711279E10;766945
WINM26;16/04/2026;10:20:00;202575,00;202770,00;202485,00;202495,00;1,680890227E10;414790
WINM26;16/04/2026;10:10:00;202385,00;202790,00;202280,00;202575,00;2,179731901E10;538052
WINM26;16/04/2026;10:00:00;202785,00;202835,00;202240,00;202380,00;2,715847653E10;670570
WINM26;16/04/2026;09:50:00;202685,00;202975,00;202675,00;202785,00;1,984497061E10;489170
WINM26;16/04/2026;09:40:00;202285,00;202760,00;202230,00;202690,00;1,819337709E10;449067
WINM26;16/04/2026;09:30:00;202255,00;202575,00;202110,00;202280,00;1,903953835E10;470391
WINM26;16/04/2026;09:20:00;202395,00;202415,00;202055,00;202255,00;1,410674896E10;348794
WINM26;16/04/2026;09:10:00;202565,00;202570,00;202005,00;202395,00;2,008616424E10;496586
WINM26;16/04/2026;09:00:00;202065,00;202650,00;202025,00;202565,00;2,092263347E10;516950
WINM26;15/04/2026;18:20:00;201820,00;201885,00;201720,00;201720,00;1373325295,00;34034
WINM26;15/04/2026;18:10:00;201875,00;201930,00;201815,00;201820,00;1696754424,00;42026
WINM26;15/04/2026;18:00:00;201820,00;201900,00;201745,00;201875,00;1676799158,00;41539
WINM26;15/04/2026;17:50:00;201895,00;201935,00;201725,00;201815,00;2545577320,00;63054
WINM26;15/04/2026;17:40:00;201900,00;201940,00;201815,00;201890,00;2523723701,00;62502
WINM26;15/04/2026;17:30:00;201830,00;201985,00;201795,00;201895,00;5877601284,00;145564
WINM26;15/04/2026;17:20:00;201900,00;201920,00;201715,00;201830,00;4162591377,00;103131
WINM26;15/04/2026;17:10:00;201950,00;201955,00;201825,00;201900,00;3082342184,00;76335
WINM26;15/04/2026;17:00:00;201810,00;202000,00;201795,00;201945,00;6930139855,00;171608
WINM26;15/04/2026;16:50:00;201775,00;201900,00;201720,00;201810,00;7748905562,00;191983
WINM26;15/04/2026;16:40:00;201740,00;201820,00;201605,00;201770,00;8414544926,00;208573
WINM26;15/04/2026;16:30:00;201925,00;201975,00;201725,00;201745,00;7954650459,00;197051
WINM26;15/04/2026;16:20:00;202200,00;202215,00;201875,00;201930,00;7285268435,00;180314
WINM26;15/04/2026;16:10:00;202105,00;202195,00;201915,00;202195,00;9794885241,00;242374
WINM26;15/04/2026;16:00:00;202275,00;202320,00;202090,00;202100,00;6837661694,00;169066
WINM26;15/04/2026;15:50:00;202260,00;202500,00;202210,00;202275,00;9885988784,00;244299
WINM26;15/04/2026;15:40:00;202185,00;202375,00;202115,00;202265,00;9206564339,00;227589
WINM26;15/04/2026;15:30:00;202005,00;202240,00;201955,00;202185,00;8805484732,00;217842
WINM26;15/04/2026;15:20:00;201915,00;202025,00;201880,00;202005,00;4861281518,00;120353
WINM26;15/04/2026;15:10:00;201955,00;202100,00;201815,00;201915,00;1,092694097E10;270536
WINM26;15/04/2026;15:00:00;201670,00;201980,00;201475,00;201955,00;1,494693355E10;370502
WINM26;15/04/2026;14:50:00;201475,00;201750,00;201470,00;201670,00;7741168118,00;191954
WINM26;15/04/2026;14:40:00;201555,00;201645,00;201350,00;201475,00;9841934489,00;244219
WINM26;15/04/2026;14:30:00;201600,00;201630,00;201460,00;201555,00;7012546996,00;173979
WINM26;15/04/2026;14:20:00;201535,00;201685,00;201515,00;201600,00;5417968662,00;134363
WINM26;15/04/2026;14:10:00;201570,00;201610,00;201410,00;201535,00;6957211179,00;172616
WINM26;15/04/2026;14:00:00;201450,00;201630,00;201420,00;201570,00;8504882925,00;211002
WINM26;15/04/2026;13:50:00;201410,00;201500,00;201260,00;201445,00;8836128036,00;219387
WINM26;15/04/2026;13:40:00;201545,00;201545,00;201210,00;201410,00;1,366144286E10;339230
WINM26;15/04/2026;13:30:00;201710,00;201770,00;201525,00;201545,00;5741351539,00;142362
WINM26;15/04/2026;13:20:00;201710,00;201800,00;201630,00;201710,00;5769595445,00;143002
WINM26;15/04/2026;13:10:00;201705,00;201750,00;201650,00;201700,00;4174437175,00;103482
WINM26;15/04/2026;13:00:00;201655,00;201765,00;201580,00;201710,00;7695634138,00;190793
WINM26;15/04/2026;12:50:00;201650,00;201710,00;201555,00;201655,00;6596022893,00;163559
WINM26;15/04/2026;12:40:00;201745,00;201825,00;201515,00;201645,00;9210947259,00;228333
WINM26;15/04/2026;12:30:00;201970,00;202000,00;201640,00;201745,00;1,067667804E10;264572
WINM26;15/04/2026;12:20:00;202045,00;202195,00;201915,00;201965,00;7614573877,00;188418
WINM26;15/04/2026;12:10:00;201945,00;202175,00;201935,00;202040,00;1,031349984E10;255202
WINM26;15/04/2026;12:00:00;201900,00;201975,00;201740,00;201940,00;1,047978615E10;259606
WINM26;15/04/2026;11:50:00;201950,00;202015,00;201815,00;201900,00;7446115975,00;184377
WINM26;15/04/2026;11:40:00;201775,00;201995,00;201750,00;201950,00;1,048141799E10;259571
WINM26;15/04/2026;11:30:00;201895,00;202045,00;201635,00;201780,00;1,829706166E10;453299
WINM26;15/04/2026;11:20:00;201975,00;202180,00;201750,00;201895,00;1,674158362E10;414453
WINM26;15/04/2026;11:10:00;202470,00;202540,00;201800,00;201970,00;1,666697736E10;412179
WINM26;15/04/2026;11:00:00;202635,00;202770,00;202385,00;202470,00;1,510926758E10;372940
WINM26;15/04/2026;10:50:00;202445,00;202725,00;202235,00;202630,00;2,029016551E10;501114
WINM26;15/04/2026;10:40:00;203080,00;203095,00;202415,00;202445,00;2,383885118E10;587987
WINM26;15/04/2026;10:30:00;203230,00;203495,00;202980,00;203080,00;3,066721061E10;754407
WINM26;15/04/2026;10:20:00;202305,00;203295,00;202285,00;203230,00;2,847111338E10;701926
WINM26;15/04/2026;10:10:00;202260,00;202645,00;202100,00;202305,00;2,089994231E10;516401
WINM26;15/04/2026;10:00:00;202235,00;202440,00;201870,00;202260,00;2,400506271E10;593723
WINM26;15/04/2026;09:50:00;202180,00;202420,00;202150,00;202235,00;1,577009561E10;389804
WINM26;15/04/2026;09:40:00;202085,00;202230,00;201990,00;202175,00;9617069883,00;237921
WINM26;15/04/2026;09:30:00;201920,00;202300,00;201905,00;202090,00;1,520201638E10;376080
WINM26;15/04/2026;09:20:00;202215,00;202315,00;201860,00;201920,00;1,540999136E10;381215
WINM26;15/04/2026;09:10:00;202125,00;202380,00;202010,00;202210,00;1,648379244E10;407573
WINM26;15/04/2026;09:00:00;202885,00;203005,00;202040,00;202125,00;1,902467703E10;469860
WINM26;14/04/2026;18:20:00;202820,00;202870,00;202705,00;202710,00;62781901,00;1548
WINM26;14/04/2026;18:10:00;202910,00;203050,00;202800,00;202800,00;84505320,00;2082
WINM26;14/04/2026;18:00:00;202945,00;202960,00;202840,00;202915,00;91017402,00;2243
WINM26;14/04/2026;17:50:00;202980,00;203035,00;202875,00;202945,00;598144341,00;14735
WINM26;14/04/2026;17:40:00;202995,00;203045,00;202915,00;202985,00;382647564,00;9426
WINM26;14/04/2026;17:30:00;203070,00;203090,00;202830,00;202995,00;385549725,00;9499
WINM26;14/04/2026;17:20:00;203130,00;203170,00;203035,00;203070,00;130509227,00;3213
WINM26;14/04/2026;17:10:00;203140,00;203180,00;203030,00;203140,00;276781513,00;6814
WINM26;14/04/2026;17:00:00;203280,00;203320,00;202990,00;203135,00;629392495,00;15491
WINM26;14/04/2026;16:50:00;203240,00;203330,00;203185,00;203285,00;386169488,00;9499
WINM26;14/04/2026;16:40:00;203190,00;203305,00;203160,00;203240,00;489678584,00;12047
WINM26;14/04/2026;16:30:00;203270,00;203355,00;203100,00;203185,00;424120407,00;10435
WINM26;14/04/2026;16:20:00;203325,00;203400,00;203235,00;203270,00;498130358,00;12250
WINM26;14/04/2026;16:10:00;203215,00;203350,00;203080,00;203315,00;360264834,00;8864
WINM26;14/04/2026;16:00:00;202965,00;203290,00;202960,00;203210,00;561916532,00;13828
WINM26;14/04/2026;15:50:00;202870,00;203025,00;202820,00;202955,00;325937392,00;8030
WINM26;14/04/2026;15:40:00;202990,00;203040,00;202795,00;202885,00;306184300,00;7546
WINM26;14/04/2026;15:30:00;202870,00;203070,00;202860,00;203005,00;309060294,00;7613
WINM26;14/04/2026;15:20:00;203090,00;203120,00;202715,00;202870,00;525240924,00;12944
WINM26;14/04/2026;15:10:00;203175,00;203195,00;203020,00;203080,00;200279159,00;4930
WINM26;14/04/2026;15:00:00;203030,00;203200,00;203010,00;203180,00;427906303,00;10533
WINM26;14/04/2026;14:50:00;203200,00;203215,00;202925,00;203020,00;400161970,00;9854
WINM26;14/04/2026;14:40:00;203100,00;203220,00;202985,00;203190,00;342734393,00;8438
WINM26;14/04/2026;14:30:00;203130,00;203205,00;203085,00;203100,00;289854541,00;7134
WINM26;14/04/2026;14:20:00;203330,00;203410,00;203110,00;203120,00;560898398,00;13795
WINM26;14/04/2026;14:10:00;203210,00;203380,00;203045,00;203320,00;646829860,00;15914
WINM26;14/04/2026;14:00:00;202995,00;203300,00;202995,00;203205,00;550627799,00;13552
WINM26;14/04/2026;13:50:00;202860,00;203065,00;202760,00;202995,00;381093984,00;9390
WINM26;14/04/2026;13:40:00;202860,00;202925,00;202785,00;202850,00;254871666,00;6282
WINM26;14/04/2026;13:30:00;202930,00;202935,00;202700,00;202855,00;356277632,00;8783
WINM26;14/04/2026;13:20:00;202735,00;202980,00;202695,00;202925,00;482083618,00;11883
WINM26;14/04/2026;13:10:00;203045,00;203060,00;202715,00;202730,00;398432906,00;9821
WINM26;14/04/2026;13:00:00;202815,00;203115,00;202775,00;203045,00;494098162,00;12170
WINM26;14/04/2026;12:50:00;202775,00;202885,00;202760,00;202810,00;416928219,00;10278
WINM26;14/04/2026;12:40:00;203045,00;203125,00;202725,00;202765,00;460975653,00;11359
WINM26;14/04/2026;12:30:00;203060,00;203255,00;202985,00;203040,00;461648377,00;11364
WINM26;14/04/2026;12:20:00;202775,00;203210,00;202765,00;203055,00;716211309,00;17637
WINM26;14/04/2026;12:10:00;202735,00;202850,00;202665,00;202790,00;473219364,00;11670
WINM26;14/04/2026;12:00:00;203070,00;203075,00;202725,00;202730,00;737804652,00;18184
WINM26;14/04/2026;11:50:00;203340,00;203340,00;203075,00;203080,00;497498068,00;12244
WINM26;14/04/2026;11:40:00;203145,00;203420,00;203120,00;203335,00;409199211,00;10065
WINM26;14/04/2026;11:30:00;203250,00;203500,00;203060,00;203135,00;684743745,00;16843
WINM26;14/04/2026;11:20:00;203275,00;203315,00;203110,00;203250,00;641565996,00;15786
WINM26;14/04/2026;11:10:00;203640,00;203720,00;203260,00;203280,00;634785571,00;15598
WINM26;14/04/2026;11:00:00;203545,00;203795,00;203375,00;203640,00;1022466241,00;25107
WINM26;14/04/2026;10:50:00;203115,00;203645,00;202985,00;203540,00;945027050,00;23233
WINM26;14/04/2026;10:40:00;203235,00;203495,00;203075,00;203105,00;978603164,00;24063
WINM26;14/04/2026;10:30:00;203075,00;203370,00;202760,00;203230,00;1253806506,00;30875
WINM26;14/04/2026;10:20:00;202980,00;203130,00;202610,00;203075,00;886221154,00;21844
WINM26;14/04/2026;10:10:00;202730,00;203180,00;202665,00;202980,00;1055056043,00;25997
WINM26;14/04/2026;10:00:00;202930,00;203045,00;202385,00;202735,00;1550014695,00;38243
WINM26;14/04/2026;09:50:00;202905,00;203005,00;202610,00;202930,00;869426622,00;21435
WINM26;14/04/2026;09:40:00;202645,00;202985,00;202640,00;202910,00;1015246069,00;25025
WINM26;14/04/2026;09:30:00;202625,00;202760,00;202390,00;202645,00;780230273,00;19260
WINM26;14/04/2026;09:20:00;202585,00;202660,00;202335,00;202615,00;567997740,00;14025
WINM26;14/04/2026;09:10:00;202770,00;202810,00;202430,00;202595,00;572708531,00;14135
WINM26;14/04/2026;09:00:00;202750,00;203390,00;202660,00;202760,00;666418433,00;16413
WINM26;13/04/2026;18:20:00;202160,00;202285,00;202150,00;202150,00;4529235,00;112
WINM26;13/04/2026;18:10:00;202420,00;202435,00;202150,00;202170,00;22945881,00;567
WINM26;13/04/2026;18:00:00;202410,00;202450,00;202300,00;202385,00;9592667,00;237
WINM26;13/04/2026;17:50:00;202385,00;202405,00;202265,00;202385,00;64629269,00;1597
WINM26;13/04/2026;17:40:00;202415,00;202455,00;202350,00;202370,00;76830689,00;1898
WINM26;13/04/2026;17:30:00;202200,00;202445,00;202190,00;202415,00;37433790,00;925
WINM26;13/04/2026;17:20:00;202240,00;202335,00;202200,00;202200,00;38428911,00;950
WINM26;13/04/2026;17:10:00;202305,00;202400,00;202220,00;202245,00;82470160,00;2038
WINM26;13/04/2026;17:00:00;202545,00;202605,00;202270,00;202295,00;147854536,00;3652
WINM26;13/04/2026;16:50:00;202430,00;202660,00;202430,00;202540,00;237675877,00;5867
WINM26;13/04/2026;16:40:00;202555,00;202605,00;202395,00;202430,00;181693871,00;4486
WINM26;13/04/2026;16:30:00;202575,00;202670,00;202505,00;202560,00;206323678,00;5092
WINM26;13/04/2026;16:20:00;202460,00;202605,00;202440,00;202575,00;123752236,00;3055
WINM26;13/04/2026;16:10:00;202310,00;202480,00;202290,00;202460,00;78481234,00;1939
WINM26;13/04/2026;16:00:00;202420,00;202490,00;202255,00;202320,00;89776521,00;2218
WINM26;13/04/2026;15:50:00;202380,00;202550,00;202370,00;202410,00;184205528,00;4549
WINM26;13/04/2026;15:40:00;202200,00;202415,00;202160,00;202380,00;124735308,00;3083
WINM26;13/04/2026;15:30:00;202195,00;202255,00;202065,00;202200,00;158303661,00;3915
WINM26;13/04/2026;15:20:00;202330,00;202360,00;202095,00;202205,00;287633933,00;7113
WINM26;13/04/2026;15:10:00;202360,00;202565,00;202295,00;202325,00;204480559,00;5051
WINM26;13/04/2026;15:00:00;202390,00;202550,00;202320,00;202370,00;247472805,00;6112
WINM26;13/04/2026;14:50:00;202385,00;202425,00;202255,00;202385,00;137183845,00;3390
WINM26;13/04/2026;14:40:00;202365,00;202455,00;202250,00;202385,00;91995980,00;2273
WINM26;13/04/2026;14:30:00;202225,00;202450,00;202175,00;202370,00;201354498,00;4976
WINM26;13/04/2026;14:20:00;201970,00;202260,00;201905,00;202220,00;148639543,00;3678
WINM26;13/04/2026;14:10:00;201705,00;202120,00;201650,00;201985,00;152989118,00;3789
WINM26;13/04/2026;14:00:00;201605,00;201735,00;201555,00;201695,00;72636342,00;1801
WINM26;13/04/2026;13:50:00;201680,00;201845,00;201310,00;201595,00;174927619,00;4339
WINM26;13/04/2026;13:40:00;201630,00;201820,00;201565,00;201685,00;201055275,00;4984
WINM26;13/04/2026;13:30:00;201485,00;201790,00;201385,00;201625,00;222156925,00;5510
WINM26;13/04/2026;13:20:00;201420,00;201605,00;201340,00;201480,00;116018509,00;2879
WINM26;13/04/2026;13:10:00;201310,00;201485,00;201225,00;201420,00;102854156,00;2554
WINM26;13/04/2026;13:00:00;201015,00;201480,00;201005,00;201305,00;162512415,00;4038
WINM26;13/04/2026;12:50:00;200980,00;201075,00;200925,00;201025,00;73806676,00;1836
WINM26;13/04/2026;12:40:00;200925,00;201010,00;200885,00;200990,00;48188541,00;1199
WINM26;13/04/2026;12:30:00;200735,00;201010,00;200570,00;200925,00;151370118,00;3770
WINM26;13/04/2026;12:20:00;200745,00;200915,00;200725,00;200745,00;83825318,00;2087
WINM26;13/04/2026;12:10:00;200880,00;200945,00;200715,00;200745,00;150019322,00;3735
WINM26;13/04/2026;12:00:00;201075,00;201085,00;200770,00;200875,00;124877208,00;3108
WINM26;13/04/2026;11:50:00;200965,00;201205,00;200950,00;201075,00;93982511,00;2337
WINM26;13/04/2026;11:40:00;201155,00;201260,00;200935,00;200960,00;93040785,00;2313
WINM26;13/04/2026;11:30:00;201230,00;201365,00;201070,00;201155,00;127537157,00;3169
WINM26;13/04/2026;11:20:00;201165,00;201260,00;200910,00;201225,00;240289144,00;5974
WINM26;13/04/2026;11:10:00;201225,00;201240,00;200935,00;201170,00;146058621,00;3632
WINM26;13/04/2026;11:00:00;201105,00;201345,00;200905,00;201235,00;169060520,00;4203
WINM26;13/04/2026;10:50:00;201105,00;201430,00;200875,00;201120,00;300884637,00;7479
WINM26;13/04/2026;10:40:00;201010,00;201210,00;200635,00;201120,00;270905005,00;6741
WINM26;13/04/2026;10:30:00;201550,00;201595,00;200985,00;201015,00;319721265,00;7941
WINM26;13/04/2026;10:20:00;201135,00;201565,00;201045,00;201545,00;190834076,00;4741
WINM26;13/04/2026;10:10:00;201000,00;201215,00;200960,00;201130,00;160239868,00;3984
WINM26;13/04/2026;10:00:00;200945,00;201275,00;200825,00;201005,00;277912646,00;6912
WINM26;13/04/2026;09:50:00;200975,00;201015,00;200820,00;200940,00;124531576,00;3099
WINM26;13/04/2026;09:40:00;200685,00;201015,00;200625,00;200975,00;166028125,00;4134
WINM26;13/04/2026;09:30:00;200865,00;200925,00;200655,00;200690,00;268233843,00;6680
WINM26;13/04/2026;09:20:00;201320,00;201385,00;200750,00;200860,00;346264336,00;8613
WINM26;13/04/2026;09:10:00;200925,00;201390,00;200915,00;201315,00;227867623,00;5663
WINM26;13/04/2026;09:00:00;201415,00;201445,00;200500,00;200930,00;387661876,00;9651
WINM26;10/04/2026;18:20:00;202350,00;202550,00;202295,00;202550,00;29926316,00;739
WINM26;10/04/2026;18:10:00;202115,00;202375,00;202095,00;202350,00;72054961,00;1781
WINM26;10/04/2026;18:00:00;202075,00;202210,00;201950,00;202115,00;16894329,00;418
WINM26;10/04/2026;17:50:00;202070,00;202090,00;201970,00;202050,00;10181699,00;252
WINM26;10/04/2026;17:40:00;202000,00;202110,00;201955,00;202075,00;14829414,00;367
WINM26;10/04/2026;17:30:00;201955,00;202060,00;201955,00;202015,00;33491526,00;829
WINM26;10/04/2026;17:20:00;201845,00;201995,00;201840,00;201935,00;10903884,00;270
WINM26;10/04/2026;17:10:00;201805,00;201880,00;201760,00;201825,00;8193681,00;203
WINM26;10/04/2026;17:00:00;201790,00;201865,00;201625,00;201800,00;11296557,00;280
WINM26;10/04/2026;16:50:00;201690,00;201850,00;201685,00;201770,00;26674974,00;661
WINM26;10/04/2026;16:40:00;201650,00;201865,00;201600,00;201695,00;33042039,00;819
WINM26;10/04/2026;16:30:00;201490,00;201750,00;201485,00;201645,00;42826099,00;1062
WINM26;10/04/2026;16:20:00;201595,00;201605,00;201445,00;201485,00;27890267,00;692
WINM26;10/04/2026;16:10:00;201470,00;201640,00;201435,00;201600,00;29787961,00;739
WINM26;10/04/2026;16:00:00;201390,00;201530,00;201390,00;201470,00;28324969,00;703
WINM26;10/04/2026;15:50:00;201470,00;201495,00;201320,00;201395,00;31097378,00;772
WINM26;10/04/2026;15:40:00;201645,00;201650,00;201370,00;201450,00;35134563,00;872
WINM26;10/04/2026;15:30:00;201510,00;201780,00;201500,00;201635,00;46179787,00;1145
WINM26;10/04/2026;15:20:00;201225,00;201570,00;201220,00;201515,00;67924705,00;1686
WINM26;10/04/2026;15:10:00;200995,00;201225,00;200925,00;201225,00;37992880,00;945
WINM26;10/04/2026;15:00:00;201155,00;201205,00;200870,00;200980,00;53800913,00;1338
WINM26;10/04/2026;14:50:00;201095,00;201190,00;201040,00;201155,00;35757443,00;889
WINM26;10/04/2026;14:40:00;200985,00;201130,00;200875,00;201100,00;38793223,00;965
WINM26;10/04/2026;14:30:00;200820,00;200995,00;200785,00;200985,00;38251905,00;952
WINM26;10/04/2026;14:20:00;200910,00;201010,00;200805,00;200805,00;33875777,00;843
WINM26;10/04/2026;14:10:00;200930,00;201025,00;200845,00;200915,00;29618976,00;737
WINM26;10/04/2026;14:00:00;201105,00;201105,00;200780,00;200930,00;33705978,00;839
WINM26;10/04/2026;13:50:00;200900,00;201145,00;200875,00;201100,00;29589623,00;736
WINM26;10/04/2026;13:40:00;201030,00;201035,00;200825,00;200895,00;42270458,00;1052
WINM26;10/04/2026;13:30:00;200975,00;201110,00;200935,00;201030,00;31761632,00;790
WINM26;10/04/2026;13:20:00;201150,00;201160,00;200975,00;200980,00;36633343,00;911
WINM26;10/04/2026;13:10:00;201015,00;201340,00;201015,00;201140,00;38707188,00;962
WINM26;10/04/2026;13:00:00;201000,00;201040,00;200880,00;201005,00;38464326,00;957
WINM26;10/04/2026;12:50:00;201260,00;201320,00;200860,00;200990,00;57917085,00;1440
WINM26;10/04/2026;12:40:00;201590,00;201620,00;201225,00;201270,00;68329073,00;1696
WINM26;10/04/2026;12:30:00;201665,00;201805,00;201465,00;201580,00;70178137,00;1740
WINM26;10/04/2026;12:20:00;201485,00;201800,00;201470,00;201655,00;54611088,00;1354
WINM26;10/04/2026;12:10:00;201365,00;201650,00;201330,00;201475,00;69956476,00;1736
WINM26;10/04/2026;12:00:00;201315,00;201380,00;201020,00;201365,00;85132713,00;2116
WINM26;10/04/2026;11:50:00;201345,00;201490,00;201225,00;201325,00;72568848,00;1802
WINM26;10/04/2026;11:40:00;201765,00;201870,00;201335,00;201350,00;153686138,00;3812
WINM26;10/04/2026;11:30:00;201950,00;202060,00;201655,00;201770,00;91755658,00;2273
WINM26;10/04/2026;11:20:00;201925,00;202125,00;201900,00;201945,00;88315864,00;2186
WINM26;10/04/2026;11:10:00;201720,00;202115,00;201605,00;201915,00;79678599,00;1973
WINM26;10/04/2026;11:00:00;202060,00;202175,00;201705,00;201730,00;88122836,00;2182
WINM26;10/04/2026;10:50:00;201430,00;202100,00;201420,00;202065,00;122128794,00;3026
WINM26;10/04/2026;10:40:00;201220,00;201575,00;201005,00;201450,00;138323030,00;3436
WINM26;10/04/2026;10:30:00;200915,00;201265,00;200535,00;201220,00;169129429,00;4210
WINM26;10/04/2026;10:20:00;200730,00;201025,00;200645,00;200915,00;108033882,00;2689
WINM26;10/04/2026;10:10:00;201045,00;201045,00;200435,00;200715,00;129949208,00;3238
WINM26;10/04/2026;10:00:00;200435,00;201125,00;200345,00;201040,00;145337753,00;3617
WINM26;10/04/2026;09:50:00;200315,00;200575,00;200175,00;200460,00;76072156,00;1898
WINM26;10/04/2026;09:40:00;200390,00;200400,00;200060,00;200310,00;41604756,00;1039
WINM26;10/04/2026;09:30:00;199770,00;200485,00;199770,00;200380,00;95785783,00;2392
WINM26;10/04/2026;09:20:00;200055,00;200055,00;199615,00;199735,00;85465671,00;2139
WINM26;10/04/2026;09:10:00;200065,00;200200,00;199850,00;200055,00;123223353,00;3081
WINM26;10/04/2026;09:00:00;199965,00;200575,00;199855,00;200025,00;122781194,00;3066
WINM26;09/04/2026;18:20:00;200070,00;200165,00;200060,00;200165,00;4482390,00;112
WINM26;09/04/2026;18:10:00;200015,00;200085,00;199980,00;200040,00;19244380,00;481
WINM26;09/04/2026;18:00:00;200010,00;200185,00;199955,00;199980,00;35651249,00;891
WINM26;09/04/2026;17:50:00;199955,00;200060,00;199945,00;200015,00;30602763,00;765
WINM26;09/04/2026;17:40:00;199970,00;200000,00;199930,00;199950,00;6998817,00;175
WINM26;09/04/2026;17:30:00;199960,00;200055,00;199960,00;199960,00;5960366,00;149
WINM26;09/04/2026;17:20:00;199930,00;200045,00;199920,00;200000,00;14479171,00;362
WINM26;09/04/2026;17:10:00;199900,00;199930,00;199850,00;199900,00;3198656,00;80
WINM26;09/04/2026;17:00:00;199835,00;199925,00;199760,00;199900,00;82525714,00;2065
WINM26;09/04/2026;16:50:00;199730,00;200000,00;199725,00;199830,00;9874275,00;247
WINM26;09/04/2026;16:40:00;199965,00;199965,00;199735,00;199735,00;11950929,00;299
WINM26;09/04/2026;16:30:00;199840,00;200075,00;199770,00;199960,00;19114748,00;478
WINM26;09/04/2026;16:20:00;199710,00;199880,00;199670,00;199835,00;11907724,00;298
WINM26;09/04/2026;16:10:00;199995,00;200000,00;199695,00;199705,00;22904081,00;573
WINM26;09/04/2026;16:00:00;199665,00;200000,00;199560,00;199995,00;22855452,00;572
WINM26;09/04/2026;15:50:00;199700,00;199830,00;199620,00;199660,00;16216345,00;406
WINM26;09/04/2026;15:40:00;199520,00;199700,00;199475,00;199700,00;13730108,00;344
WINM26;09/04/2026;15:30:00;199515,00;199545,00;199260,00;199525,00;19261521,00;483
WINM26;09/04/2026;15:20:00;199505,00;199575,00;199400,00;199500,00;19151875,00;480
WINM26;09/04/2026;15:10:00;199545,00;199625,00;199415,00;199500,00;14004688,00;351
WINM26;09/04/2026;15:00:00;199775,00;199775,00;199395,00;199530,00;31413454,00;787
WINM26;09/04/2026;14:50:00;199910,00;199910,00;199760,00;199760,00;12029232,00;301
WINM26;09/04/2026;14:40:00;199975,00;200000,00;199770,00;199920,00;18029229,00;451
WINM26;09/04/2026;14:30:00;199925,00;200065,00;199800,00;200000,00;19674353,00;492
WINM26;09/04/2026;14:20:00;199715,00;199985,00;199675,00;199930,00;38849279,00;972
WINM26;09/04/2026;14:10:00;199515,00;199770,00;199445,00;199690,00;20955786,00;525
WINM26;09/04/2026;14:00:00;199545,00;199570,00;199440,00;199515,00;12608675,00;316
WINM26;09/04/2026;13:50:00;199405,00;199625,00;199400,00;199485,00;13486446,00;338
WINM26;09/04/2026;13:40:00;199435,00;199455,00;199290,00;199410,00;14952315,00;375
WINM26;09/04/2026;13:30:00;199375,00;199480,00;199245,00;199445,00;12759291,00;320
WINM26;09/04/2026;13:20:00;199495,00;199495,00;199270,00;199385,00;10047890,00;252
WINM26;09/04/2026;13:10:00;199370,00;199535,00;199300,00;199525,00;11008508,00;276
WINM26;09/04/2026;13:00:00;199505,00;199670,00;199325,00;199340,00;40984201,00;1027
WINM26;09/04/2026;12:50:00;199650,00;199720,00;199390,00;199495,00;36867833,00;924
WINM26;09/04/2026;12:40:00;199705,00;199845,00;199525,00;199660,00;25563839,00;640
WINM26;09/04/2026;12:30:00;199325,00;199970,00;199285,00;199665,00;97618075,00;2444
WINM26;09/04/2026;12:20:00;199345,00;199490,00;199195,00;199360,00;46450042,00;1165
WINM26;09/04/2026;12:10:00;198495,00;199430,00;198495,00;199355,00;75224939,00;1889
WINM26;09/04/2026;12:00:00;198745,00;198745,00;198400,00;198525,00;15645652,00;394
WINM26;09/04/2026;11:50:00;198705,00;198970,00;198690,00;198745,00;35355583,00;889
WINM26;09/04/2026;11:40:00;198345,00;198775,00;198200,00;198700,00;45267564,00;1140
WINM26;09/04/2026;11:30:00;198305,00;198360,00;198000,00;198350,00;74982959,00;1892
WINM26;09/04/2026;11:20:00;198340,00;198620,00;198205,00;198310,00;35737616,00;901
WINM26;09/04/2026;11:10:00;198800,00;198925,00;198250,00;198320,00;56140556,00;1414
WINM26;09/04/2026;11:00:00;198760,00;199005,00;198725,00;198800,00;33769621,00;849
WINM26;09/04/2026;10:50:00;199050,00;199050,00;198610,00;198765,00;29540523,00;743
WINM26;09/04/2026;10:40:00;198725,00;199170,00;198650,00;199100,00;70845286,00;1781
WINM26;09/04/2026;10:30:00;197995,00;198740,00;197955,00;198720,00;123332036,00;3107
WINM26;09/04/2026;10:20:00;197430,00;198075,00;197430,00;197990,00;29718547,00;751
WINM26;09/04/2026;10:10:00;197575,00;197785,00;197420,00;197455,00;22761937,00;576
WINM26;09/04/2026;10:00:00;197850,00;198100,00;197480,00;197490,00;56800398,00;1435
WINM26;09/04/2026;09:50:00;197630,00;197890,00;197470,00;197835,00;63753132,00;1612
WINM26;09/04/2026;09:40:00;197325,00;197690,00;197105,00;197645,00;103852035,00;2631
WINM26;09/04/2026;09:30:00;197090,00;197425,00;197000,00;197300,00;27250797,00;691
WINM26;09/04/2026;09:20:00;196975,00;197290,00;196935,00;197075,00;59445505,00;1508
WINM26;09/04/2026;09:10:00;196830,00;196935,00;196600,00;196895,00;6455419,00;164
WINM26;09/04/2026;09:00:00;196195,00;197055,00;196165,00;196910,00;28439501,00;723
WINM26;08/04/2026;18:20:00;196800,00;196880,00;196600,00;196600,00;6336770,00;161
WINM26;08/04/2026;18:10:00;196950,00;196950,00;196810,00;196815,00;4803333,00;122
WINM26;08/04/2026;18:00:00;197000,00;197020,00;196800,00;196930,00;1260242,00;32
WINM26;08/04/2026;17:50:00;196875,00;197020,00;196835,00;197000,00;4963123,00;126
WINM26;08/04/2026;17:40:00;196890,00;196935,00;196760,00;196850,00;8149494,00;207
WINM26;08/04/2026;17:30:00;197070,00;197130,00;196900,00;196900,00;37820360,00;960
WINM26;08/04/2026;17:20:00;197060,00;197150,00;197035,00;197045,00;3902434,00;99
WINM26;08/04/2026;17:10:00;196860,00;197070,00;196820,00;196975,00;10828660,00;275
WINM26;08/04/2026;17:00:00;196910,00;196975,00;196845,00;196850,00;2323338,00;59
WINM26;08/04/2026;16:50:00;196880,00;197000,00;196855,00;196945,00;3229375,00;82
WINM26;08/04/2026;16:40:00;196975,00;196975,00;196800,00;196905,00;5512835,00;140
WINM26;08/04/2026;16:30:00;196715,00;197100,00;196685,00;196965,00;20707598,00;526
WINM26;08/04/2026;16:20:00;196680,00;196785,00;196575,00;196575,00;7670468,00;195
WINM26;08/04/2026;16:10:00;196400,00;196705,00;196395,00;196605,00;23936909,00;609
WINM26;08/04/2026;16:00:00;196295,00;196460,00;196145,00;196380,00;20531464,00;523
WINM26;08/04/2026;15:50:00;196405,00;196515,00;196260,00;196295,00;30902244,00;787
WINM26;08/04/2026;15:40:00;196445,00;196590,00;196350,00;196430,00;6129349,00;156
WINM26;08/04/2026;15:30:00;196720,00;196930,00;196455,00;196515,00;5468475,00;139
WINM26;08/04/2026;15:20:00;196620,00;196830,00;196605,00;196750,00;4918606,00;125
WINM26;08/04/2026;15:10:00;197110,00;197260,00;196520,00;196665,00;8230800,00;209
WINM26;08/04/2026;15:00:00;196980,00;197200,00;196850,00;197130,00;4098584,00;104
WINM26;08/04/2026;14:50:00;196975,00;197055,00;196950,00;197005,00;8353032,00;212
WINM26;08/04/2026;14:40:00;197020,00;197095,00;196875,00;196915,00;3821327,00;97
WINM26;08/04/2026;14:30:00;196935,00;197140,00;196875,00;197025,00;9455877,00;240
WINM26;08/04/2026;14:20:00;196930,00;196990,00;196725,00;196970,00;22564390,00;573
WINM26;08/04/2026;14:10:00;197060,00;197160,00;196800,00;196890,00;32828208,00;833
WINM26;08/04/2026;14:00:00;197210,00;197390,00;197065,00;197065,00;89860120,00;2278
WINM26;08/04/2026;13:50:00;197010,00;197220,00;196955,00;197125,00;3390192,00;86
WINM26;08/04/2026;13:40:00;196820,00;197105,00;196800,00;196975,00;11031584,00;280
WINM26;08/04/2026;13:30:00;196460,00;196810,00;196410,00;196705,00;3815151,00;97
WINM26;08/04/2026;13:20:00;196450,00;196525,00;196330,00;196465,00;5972285,00;152
WINM26;08/04/2026;13:10:00;196525,00;196570,00;196370,00;196460,00;5186390,00;132
WINM26;08/04/2026;13:00:00;196685,00;196750,00;196400,00;196575,00;8098553,00;206
WINM26;08/04/2026;12:50:00;196625,00;196800,00;196565,00;196700,00;8260633,00;210
WINM26;08/04/2026;12:40:00;196570,00;196675,00;196425,00;196655,00;10182964,00;259
WINM26;08/04/2026;12:30:00;196380,00;196600,00;196315,00;196600,00;3693591,00;94
WINM26;08/04/2026;12:20:00;196500,00;196680,00;196320,00;196365,00;10416130,00;265
WINM26;08/04/2026;12:10:00;196265,00;196650,00;196160,00;196535,00;24313604,00;619
WINM26;08/04/2026;12:00:00;196060,00;196515,00;196040,00;196280,00;23511459,00;599
WINM26;08/04/2026;11:50:00;196160,00;196220,00;195610,00;195975,00;39165901,00;1000
WINM26;08/04/2026;11:40:00;196100,00;196450,00;195915,00;196165,00;19619292,00;500
WINM26;08/04/2026;11:30:00;195925,00;196340,00;195705,00;196020,00;25443624,00;649
WINM26;08/04/2026;11:20:00;196005,00;196250,00;195835,00;195865,00;40514136,00;1033
WINM26;08/04/2026;11:10:00;196280,00;196440,00;195975,00;196095,00;7104671,00;181
WINM26;08/04/2026;11:00:00;196265,00;196700,00;195880,00;196320,00;31852190,00;811
WINM26;08/04/2026;10:50:00;196755,00;196770,00;196120,00;196235,00;38790201,00;988
WINM26;08/04/2026;10:40:00;196685,00;197000,00;196300,00;196785,00;68719619,00;1748
WINM26;08/04/2026;10:30:00;197730,00;197780,00;196535,00;196685,00;81789209,00;2076
WINM26;08/04/2026;10:20:00;198110,00;198420,00;197600,00;197600,00;44817058,00;1132
WINM26;08/04/2026;10:10:00;199270,00;199270,00;198130,00;198130,00;43473770,00;1094
WINM26;08/04/2026;10:00:00;198765,00;199410,00;198660,00;199260,00;66847015,00;1678
WINM26;08/04/2026;09:50:00;198700,00;198925,00;198615,00;198800,00;43050586,00;1083
WINM26;08/04/2026;09:40:00;198415,00;198720,00;198205,00;198720,00;31083351,00;783
WINM26;08/04/2026;09:30:00;198160,00;198455,00;197865,00;198405,00;32360383,00;816
WINM26;08/04/2026;09:20:00;197660,00;198260,00;197465,00;198190,00;22754042,00;575
WINM26;08/04/2026;09:10:00;197525,00;198145,00;197500,00;197665,00;20463887,00;517
WINM26;08/04/2026;09:00:00;198125,00;198350,00;197540,00;197540,00;148071380,00;3742
WINM26;07/04/2026;18:20:00;193360,00;193420,00;193260,00;193260,00;4136877,00;107
WINM26;07/04/2026;18:10:00;193190,00;193410,00;193110,00;193350,00;3633884,00;94
WINM26;07/04/2026;18:00:00;193175,00;193315,00;193035,00;193165,00;4404852,00;114
WINM26;07/04/2026;17:50:00;193070,00;193385,00;193060,00;193230,00;5332788,00;138
WINM26;07/04/2026;17:40:00;192970,00;193270,00;192900,00;193075,00;5909088,00;153
WINM26;07/04/2026;17:30:00;192890,00;193080,00;192890,00;193025,00;2084384,00;54
WINM26;07/04/2026;17:20:00;192775,00;193030,00;192660,00;192940,00;5014073,00;130
WINM26;07/04/2026;17:10:00;192835,00;193175,00;192795,00;192820,00;10921412,00;283
WINM26;07/04/2026;17:00:00;192590,00;192955,00;192590,00;192885,00;13034333,00;338
WINM26;07/04/2026;16:50:00;192250,00;192735,00;192250,00;192620,00;16023683,00;416
WINM26;07/04/2026;16:40:00;191560,00;192480,00;191540,00;192155,00;36153584,00;940
WINM26;07/04/2026;16:30:00;191985,00;191985,00;191600,00;191635,00;2032367,00;53
WINM26;07/04/2026;16:20:00;191995,00;192260,00;191875,00;191990,00;12097421,00;315
WINM26;07/04/2026;16:10:00;191260,00;192195,00;191260,00;192120,00;7324261,00;191
WINM26;07/04/2026;16:00:00;191400,00;191495,00;191115,00;191215,00;5854887,00;153
WINM26;07/04/2026;15:50:00;191605,00;191615,00;191150,00;191375,00;5739895,00;150
WINM26;07/04/2026;15:40:00;191735,00;191735,00;191525,00;191625,00;2145807,00;56
WINM26;07/04/2026;15:30:00;191925,00;191950,00;191700,00;191700,00;2532470,00;66
WINM26;07/04/2026;15:20:00;191910,00;191940,00;191770,00;191925,00;3875322,00;101
WINM26;07/04/2026;15:10:00;191920,00;191985,00;191865,00;191985,00;383842,00;10
WINM26;07/04/2026;15:00:00;191960,00;192100,00;191845,00;191845,00;1766394,00;46
WINM26;07/04/2026;14:50:00;192000,00;192120,00;191825,00;191955,00;9481492,00;247
WINM26;07/04/2026;14:40:00;192205,00;192275,00;191920,00;192015,00;5838639,00;152
WINM26;07/04/2026;14:30:00;191820,00;192450,00;191785,00;192225,00;15533298,00;404
WINM26;07/04/2026;14:20:00;191880,00;191880,00;191700,00;191770,00;1687649,00;44
WINM26;07/04/2026;14:10:00;191920,00;192030,00;191820,00;191960,00;2571390,00;67
WINM26;07/04/2026;14:00:00;191725,00;192085,00;191685,00;191940,00;5604089,00;146
WINM26;07/04/2026;13:50:00;191880,00;192000,00;191725,00;191725,00;5218974,00;136
WINM26;07/04/2026;13:40:00;191695,00;191985,00;191650,00;191920,00;4105589,00;107
WINM26;07/04/2026;13:30:00;191850,00;192000,00;191670,00;191670,00;4756848,00;124
WINM26;07/04/2026;13:20:00;191600,00;191960,00;191600,00;191900,00;4680703,00;122
WINM26;07/04/2026;13:10:00;191570,00;191820,00;191560,00;191635,00;2070419,00;54
WINM26;07/04/2026;13:00:00;191480,00;191920,00;191475,00;191555,00;5941499,00;155
WINM26;07/04/2026;12:50:00;191310,00;191600,00;191260,00;191430,00;4135583,00;108
WINM26;07/04/2026;12:40:00;191255,00;191400,00;191200,00;191240,00;3022562,00;79
WINM26;07/04/2026;12:30:00;191405,00;191430,00;191250,00;191250,00;1415952,00;37
WINM26;07/04/2026;12:20:00;191420,00;191485,00;191280,00;191345,00;3367693,00;88
WINM26;07/04/2026;12:10:00;190735,00;191635,00;190735,00;191440,00;26048494,00;681
WINM26;07/04/2026;12:00:00;191340,00;191350,00;190690,00;190695,00;30501301,00;798
WINM26;07/04/2026;11:50:00;191660,00;191700,00;191340,00;191340,00;11681124,00;305
WINM26;07/04/2026;11:40:00;191765,00;192050,00;191625,00;191695,00;6790663,00;177
WINM26;07/04/2026;11:30:00;191500,00;191985,00;191325,00;191690,00;22694564,00;592
WINM26;07/04/2026;11:20:00;190800,00;191500,00;190800,00;191485,00;37305139,00;976
WINM26;07/04/2026;11:10:00;190580,00;190875,00;190505,00;190600,00;8010307,00;210
WINM26;07/04/2026;11:00:00;190680,00;190680,00;190310,00;190565,00;23540399,00;618
WINM26;07/04/2026;10:50:00;190725,00;191125,00;190500,00;190730,00;16068636,00;421
WINM26;07/04/2026;10:40:00;191385,00;191500,00;190550,00;190805,00;21119605,00;553
WINM26;07/04/2026;10:30:00;191875,00;192025,00;191395,00;191395,00;35265316,00;919
WINM26;07/04/2026;10:20:00;191720,00;191900,00;191350,00;191855,00;12224740,00;319
WINM26;07/04/2026;10:10:00;191650,00;192205,00;191640,00;191780,00;14319914,00;373
WINM26;07/04/2026;10:00:00;191640,00;192000,00;191435,00;191600,00;19981128,00;521
WINM26;07/04/2026;09:50:00;191225,00;191900,00;191195,00;191615,00;21694872,00;566
WINM26;07/04/2026;09:40:00;191700,00;191700,00;191160,00;191185,00;11905870,00;311
WINM26;07/04/2026;09:30:00;191410,00;191700,00;191200,00;191700,00;11370446,00;297
WINM26;07/04/2026;09:20:00;191660,00;191745,00;191355,00;191415,00;10804299,00;282
WINM26;07/04/2026;09:10:00;191950,00;192135,00;191505,00;191680,00;19368225,00;505
WINM26;07/04/2026;09:00:00;192095,00;192765,00;191815,00;191870,00;34029846,00;885
WINM26;06/04/2026;18:20:00;192780,00;192810,00;192730,00;192765,00;1734962,00;45
WINM26;06/04/2026;18:10:00;192800,00;192930,00;192800,00;192805,00;655624,00;17
WINM26;06/04/2026;18:00:00;192850,00;192850,00;192650,00;192720,00;2390196,00;62
WINM26;06/04/2026;17:50:00;192725,00;192815,00;192700,00;192760,00;1850591,00;48
WINM26;06/04/2026;17:40:00;192825,00;192835,00;192715,00;192735,00;3045717,00;79
WINM26;06/04/2026;17:30:00;192875,00;192980,00;192850,00;192850,00;2121822,00;55
WINM26;06/04/2026;17:20:00;192900,00;192940,00;192875,00;192940,00;462965,00;12
WINM26;06/04/2026;17:10:00;192965,00;192980,00;192750,00;192770,00;1272807,00;33
WINM26;06/04/2026;17:00:00;193000,00;193000,00;192775,00;192850,00;1349938,00;35
WINM26;06/04/2026;16:50:00;193040,00;193100,00;192875,00;192980,00;2084137,00;54
WINM26;06/04/2026;16:40:00;192905,00;193070,00;192810,00;192995,00;3744002,00;97
WINM26;06/04/2026;16:30:00;192775,00;192880,00;192775,00;192865,00;1118321,00;29
WINM26;06/04/2026;16:20:00;192720,00;192805,00;192720,00;192750,00;2313172,00;60
WINM26;06/04/2026;16:10:00;192700,00;192750,00;192665,00;192675,00;2543781,00;66
WINM26;06/04/2026;16:00:00;192860,00;192985,00;192740,00;192790,00;5670597,00;147
WINM26;06/04/2026;15:50:00;192790,00;192895,00;192735,00;192880,00;3470921,00;90
WINM26;06/04/2026;15:40:00;192675,00;192795,00;192560,00;192795,00;5047828,00;131
WINM26;06/04/2026;15:30:00;192980,00;193050,00;192675,00;192675,00;8600755,00;223
WINM26;06/04/2026;15:20:00;192790,00;193000,00;192790,00;192905,00;1929212,00;50
WINM26;06/04/2026;15:10:00;192700,00;193005,00;192700,00;192815,00;3740595,00;97
WINM26;06/04/2026;15:00:00;192415,00;192720,00;192340,00;192700,00;6121873,00;159
WINM26;06/04/2026;14:50:00;192580,00;192600,00;192420,00;192565,00;2656649,00;69
WINM26;06/04/2026;14:40:00;192900,00;192900,00;192500,00;192515,00;42906664,00;1114
WINM26;06/04/2026;14:30:00;192800,00;193000,00;192745,00;192800,00;3124926,00;81
WINM26;06/04/2026;14:20:00;192675,00;192940,00;192595,00;192855,00;5049810,00;131
WINM26;06/04/2026;14:10:00;192680,00;192700,00;192450,00;192650,00;4391414,00;114
WINM26;06/04/2026;14:00:00;192930,00;192930,00;192520,00;192760,00;7709986,00;200
WINM26;06/04/2026;13:50:00;193155,00;193180,00;192975,00;192975,00;1158188,00;30
WINM26;06/04/2026;13:40:00;193175,00;193320,00;193060,00;193120,00;4751850,00;123
WINM26;06/04/2026;13:30:00;193005,00;193100,00;192870,00;193040,00;1582506,00;41
WINM26;06/04/2026;13:20:00;193000,00;193000,00;192800,00;193000,00;2353677,00;61
WINM26;06/04/2026;13:10:00;193020,00;193160,00;193020,00;193065,00;2857667,00;74
WINM26;06/04/2026;13:00:00;192950,00;193265,00;192950,00;193065,00;1931504,00;50
WINM26;06/04/2026;12:50:00;192920,00;193220,00;192880,00;193080,00;5252673,00;136
WINM26;06/04/2026;12:40:00;192895,00;193115,00;192845,00;192985,00;4978493,00;129
WINM26;06/04/2026;12:30:00;192900,00;192975,00;192700,00;192870,00;3123810,00;81
WINM26;06/04/2026;12:20:00;192815,00;192920,00;192735,00;192920,00;4318829,00;112
WINM26;06/04/2026;12:10:00;192855,00;192900,00;192450,00;192810,00;11252733,00;292
WINM26;06/04/2026;12:00:00;192900,00;192995,00;192650,00;192995,00;8370586,00;217
WINM26;06/04/2026;11:50:00;193200,00;193200,00;192850,00;192900,00;3280798,00;85
WINM26;06/04/2026;11:40:00;193100,00;193420,00;193065,00;193070,00;9235944,00;239
WINM26;06/04/2026;11:30:00;193200,00;193325,00;192905,00;193030,00;11049132,00;286
WINM26;06/04/2026;11:20:00;193340,00;193500,00;192765,00;193115,00;21113392,00;547
WINM26;06/04/2026;11:10:00;193100,00;193390,00;193100,00;193295,00;3439611,00;89
WINM26;06/04/2026;11:00:00;193400,00;193810,00;192920,00;193120,00;39873292,00;1031
WINM26;06/04/2026;10:50:00;193235,00;193615,00;193100,00;193510,00;51055196,00;1320
WINM26;06/04/2026;10:40:00;193450,00;193910,00;192200,00;192205,00;59644168,00;1542
WINM26;06/04/2026;10:30:00;192845,00;193605,00;192845,00;193590,00;39538930,00;1023
WINM26;06/04/2026;10:20:00;192585,00;192835,00;192325,00;192745,00;15757785,00;409
WINM26;06/04/2026;10:10:00;193195,00;193195,00;192525,00;192525,00;15542745,00;403
WINM26;06/04/2026;10:00:00;193285,00;193300,00;192875,00;193225,00;6951044,00;180
WINM26;06/04/2026;09:50:00;193320,00;193530,00;193185,00;193250,00;9786565,00;253
WINM26;06/04/2026;09:40:00;193215,00;193410,00;193150,00;193255,00;3170338,00;82
WINM26;06/04/2026;09:30:00;193620,00;193620,00;193160,00;193210,00;8314853,00;215
WINM26;06/04/2026;09:20:00;193355,00;193660,00;193265,00;193640,00;21556991,00;557
WINM26;06/04/2026;09:10:00;193430,00;193515,00;193165,00;193400,00;30202977,00;781
WINM26;06/04/2026;09:00:00;192900,00;193800,00;192600,00;193455,00;39009977,00;1009
WINM26;02/04/2026;18:20:00;192440,00;192500,00;192400,00;192400,00;2732873,00;71
WINM26;02/04/2026;18:10:00;192480,00;192580,00;192430,00;192455,00;4081333,00;106
WINM26;02/04/2026;18:00:00;192485,00;192555,00;192310,00;192410,00;9815989,00;255
WINM26;02/04/2026;17:50:00;192435,00;192445,00;192375,00;192435,00;654241,00;17
WINM26;02/04/2026;17:40:00;192420,00;192485,00;192380,00;192380,00;4349241,00;113
WINM26;02/04/2026;17:30:00;192480,00;192510,00;192435,00;192460,00;7121708,00;185
WINM26;02/04/2026;17:20:00;192600,00;192600,00;192370,00;192470,00;7931073,00;206
WINM26;02/04/2026;17:10:00;192500,00;192760,00;192500,00;192620,00;6318790,00;164
WINM26;02/04/2026;17:00:00;192630,00;192665,00;192400,00;192430,00;9704876,00;252
WINM26;02/04/2026;16:50:00;192485,00;192745,00;192445,00;192625,00;27354443,00;710
WINM26;02/04/2026;16:40:00;192745,00;192860,00;192365,00;192495,00;26507943,00;688
WINM26;02/04/2026;16:30:00;192650,00;192810,00;192610,00;192790,00;7284358,00;189
WINM26;02/04/2026;16:20:00;192600,00;192705,00;192440,00;192650,00;7317172,00;190
WINM26;02/04/2026;16:10:00;192365,00;192675,00;192360,00;192615,00;10898504,00;283
WINM26;02/04/2026;16:00:00;192415,00;192560,00;192290,00;192375,00;15392709,00;400
WINM26;02/04/2026;15:50:00;192335,00;192565,00;192295,00;192330,00;10544536,00;274
WINM26;02/04/2026;15:40:00;191940,00;192380,00;191940,00;192355,00;10568207,00;275
WINM26;02/04/2026;15:30:00;192050,00;192100,00;191880,00;191935,00;9753682,00;254
WINM26;02/04/2026;15:20:00;192110,00;192185,00;192050,00;192175,00;4265066,00;111
WINM26;02/04/2026;15:10:00;192265,00;192315,00;192060,00;192115,00;7379662,00;192
WINM26;02/04/2026;15:00:00;192120,00;192320,00;192120,00;192195,00;11493275,00;299
WINM26;02/04/2026;14:50:00;191820,00;192115,00;191820,00;192070,00;12748179,00;332
WINM26;02/04/2026;14:40:00;192240,00;192290,00;191800,00;191820,00;19248572,00;501
WINM26;02/04/2026;14:30:00;192445,00;192450,00;192120,00;192185,00;11916935,00;310
WINM26;02/04/2026;14:20:00;192405,00;192575,00;192345,00;192500,00;4850267,00;126
WINM26;02/04/2026;14:10:00;192475,00;192500,00;192215,00;192385,00;16003744,00;416
WINM26;02/04/2026;14:00:00;192200,00;192495,00;192100,00;192495,00;3923953,00;102
WINM26;02/04/2026;13:50:00;192455,00;192525,00;192250,00;192250,00;9003749,00;234
WINM26;02/04/2026;13:40:00;192390,00;192700,00;192360,00;192435,00;15205814,00;395
WINM26;02/04/2026;13:30:00;192085,00;192540,00;192020,00;192310,00;9769733,00;254
WINM26;02/04/2026;13:20:00;192300,00;192350,00;192070,00;192140,00;23873598,00;621
WINM26;02/04/2026;13:10:00;192835,00;192835,00;192300,00;192300,00;22641154,00;588
WINM26;02/04/2026;13:00:00;192890,00;192980,00;192630,00;192800,00;12915487,00;335
WINM26;02/04/2026;12:50:00;193100,00;193100,00;192835,00;192860,00;5595129,00;145
WINM26;02/04/2026;12:40:00;193435,00;193510,00;193090,00;193110,00;21531150,00;557
WINM26;02/04/2026;12:30:00;193475,00;193610,00;193310,00;193550,00;12031644,00;311
WINM26;02/04/2026;12:20:00;193770,00;193780,00;193015,00;193420,00;22352733,00;578
WINM26;02/04/2026;12:10:00;193200,00;194030,00;193150,00;193780,00;34049017,00;879
WINM26;02/04/2026;12:00:00;192800,00;193175,00;192680,00;193165,00;10804931,00;280
WINM26;02/04/2026;11:50:00;192605,00;193075,00;192465,00;192945,00;41129922,00;1067
WINM26;02/04/2026;11:40:00;193465,00;193490,00;192540,00;192550,00;53082067,00;1375
WINM26;02/04/2026;11:30:00;191620,00;193570,00;191620,00;193570,00;55147232,00;1430
WINM26;02/04/2026;11:20:00;191885,00;192010,00;191495,00;191605,00;14536752,00;379
WINM26;02/04/2026;11:10:00;191590,00;191905,00;191450,00;191865,00;8973362,00;234
WINM26;02/04/2026;11:00:00;191700,00;191800,00;191415,00;191635,00;14717940,00;384
WINM26;02/04/2026;10:50:00;190575,00;191750,00;190575,00;191545,00;29407837,00;769
WINM26;02/04/2026;10:40:00;189915,00;190620,00;189905,00;190550,00;9248883,00;243
WINM26;02/04/2026;10:30:00;190245,00;190560,00;189885,00;189885,00;11489881,00;302
WINM26;02/04/2026;10:20:00;189950,00;190505,00;189800,00;190210,00;23507293,00;618
WINM26;02/04/2026;10:10:00;189725,00;190160,00;189555,00;190035,00;10140568,00;267
WINM26;02/04/2026;10:00:00;189565,00;189920,00;189280,00;189690,00;30854045,00;814
WINM26;02/04/2026;09:50:00;190260,00;190380,00;189595,00;189710,00;33521102,00;882
WINM26;02/04/2026;09:40:00;189800,00;190280,00;189720,00;190280,00;21432024,00;564
WINM26;02/04/2026;09:30:00;189550,00;189795,00;189345,00;189765,00;30558026,00;806
WINM26;02/04/2026;09:20:00;189810,00;189925,00;189340,00;189470,00;24344228,00;642
WINM26;02/04/2026;09:10:00;189500,00;190080,00;189470,00;189765,00;48769433,00;1285
WINM26;02/04/2026;09:00:00;190100,00;190400,00;189460,00;189535,00;43625180,00;1148
WINM26;01/04/2026;18:20:00;192605,00;192705,00;192585,00;192600,00;1425399,00;37
WINM26;01/04/2026;18:10:00;192860,00;192905,00;192660,00;192660,00;1118345,00;29
WINM26;01/04/2026;18:00:00;192735,00;192920,00;192705,00;192850,00;2854859,00;74
WINM26;01/04/2026;17:50:00;192710,00;192710,00;192615,00;192615,00;770554,00;20
WINM26;01/04/2026;17:40:00;192695,00;192795,00;192675,00;192795,00;2544152,00;66
WINM26;01/04/2026;17:30:00;192650,00;192690,00;192635,00;192675,00;1233063,00;32
WINM26;01/04/2026;17:20:00;192720,00;192740,00;192515,00;192600,00;6934620,00;180
WINM26;01/04/2026;17:10:00;192820,00;192830,00;192630,00;192745,00;2928909,00;76
WINM26;01/04/2026;17:00:00;192800,00;192840,00;192670,00;192795,00;3739279,00;97
WINM26;01/04/2026;16:50:00;192895,00;192940,00;192600,00;192740,00;10601956,00;275
WINM26;01/04/2026;16:40:00;193235,00;193250,00;192885,00;192905,00;7294731,00;189
WINM26;01/04/2026;16:30:00;193025,00;193245,00;193005,00;193180,00;8536538,00;221
WINM26;01/04/2026;16:20:00;192715,00;193115,00;192695,00;193035,00;4515383,00;117
WINM26;01/04/2026;16:10:00;192535,00;192840,00;192530,00;192710,00;4662505,00;121
WINM26;01/04/2026;16:00:00;192505,00;192695,00;192325,00;192560,00;27987688,00;727
WINM26;01/04/2026;15:50:00;192595,00;192720,00;192530,00;192580,00;5971120,00;155
WINM26;01/04/2026;15:40:00;192645,00;193065,00;192505,00;192685,00;22742953,00;590
WINM26;01/04/2026;15:30:00;192625,00;192735,00;192395,00;192600,00;16407782,00;426
WINM26;01/04/2026;15:20:00;192635,00;192765,00;192495,00;192615,00;25891521,00;672
WINM26;01/04/2026;15:10:00;193030,00;193035,00;192550,00;192625,00;9909565,00;257
WINM26;01/04/2026;15:00:00;193455,00;193505,00;192950,00;193005,00;32791384,00;849
WINM26;01/04/2026;14:50:00;193630,00;193740,00;193390,00;193410,00;12579334,00;325
WINM26;01/04/2026;14:40:00;193695,00;193695,00;193570,00;193630,00;18005124,00;465
WINM26;01/04/2026;14:30:00;193760,00;193800,00;193530,00;193680,00;4609322,00;119
WINM26;01/04/2026;14:20:00;193875,00;193905,00;193710,00;193775,00;3294037,00;85
WINM26;01/04/2026;14:10:00;193935,00;194010,00;193790,00;193825,00;7057930,00;182
WINM26;01/04/2026;14:00:00;193760,00;194020,00;193670,00;193935,00;10045264,00;259
WINM26;01/04/2026;13:50:00;193750,00;193900,00;193615,00;193745,00;8525261,00;220
WINM26;01/04/2026;13:40:00;193825,00;193885,00;193700,00;193700,00;6433880,00;166
WINM26;01/04/2026;13:30:00;193015,00;193840,00;193015,00;193785,00;28285545,00;731
WINM26;01/04/2026;13:20:00;193105,00;193215,00;193015,00;193020,00;8188074,00;212
WINM26;01/04/2026;13:10:00;193215,00;193215,00;193045,00;193075,00;5754848,00;149
WINM26;01/04/2026;13:00:00;193355,00;193435,00;193205,00;193290,00;7190381,00;186
WINM26;01/04/2026;12:50:00;193255,00;193525,00;193220,00;193370,00;10984417,00;284
WINM26;01/04/2026;12:40:00;193185,00;193435,00;193060,00;193335,00;15809536,00;409
WINM26;01/04/2026;12:30:00;193040,00;193175,00;192960,00;193110,00;8494836,00;220
WINM26;01/04/2026;12:20:00;193590,00;193590,00;193025,00;193115,00;10015761,00;259
WINM26;01/04/2026;12:10:00;193580,00;193745,00;193305,00;193635,00;15290883,00;395
WINM26;01/04/2026;12:00:00;193270,00;193635,00;193270,00;193545,00;28478555,00;736
WINM26;01/04/2026;11:50:00;192880,00;193270,00;192770,00;193225,00;9224245,00;239
WINM26;01/04/2026;11:40:00;192410,00;192875,00;192275,00;192875,00;9785904,00;254
WINM26;01/04/2026;11:30:00;192385,00;192695,00;192020,00;192505,00;35953414,00;934
WINM26;01/04/2026;11:20:00;192600,00;192655,00;192050,00;192380,00;40133860,00;1043
WINM26;01/04/2026;11:10:00;192735,00;192735,00;192365,00;192500,00;15517847,00;403
WINM26;01/04/2026;11:00:00;192880,00;192990,00;192520,00;192785,00;26710182,00;693
WINM26;01/04/2026;10:50:00;193035,00;193250,00;192905,00;192955,00;9077536,00;235
WINM26;01/04/2026;10:40:00;193480,00;193480,00;192900,00;193060,00;9539452,00;247
WINM26;01/04/2026;10:30:00;193270,00;193635,00;193225,00;193480,00;14621127,00;378
WINM26;01/04/2026;10:20:00;193075,00;193435,00;192785,00;193245,00;27034063,00;700
WINM26;01/04/2026;10:10:00;193255,00;193855,00;192870,00;193065,00;34278159,00;886
WINM26;01/04/2026;10:00:00;193225,00;193310,00;192705,00;193295,00;39734467,00;1030
WINM26;01/04/2026;09:50:00;193300,00;193420,00;193005,00;193135,00;12982250,00;336
WINM26;01/04/2026;09:40:00;193460,00;194110,00;193180,00;193235,00;88503873,00;2284
WINM26;01/04/2026;09:30:00;193665,00;193735,00;193360,00;193490,00;13586541,00;351
WINM26;01/04/2026;09:20:00;193775,00;193865,00;193400,00;193640,00;10454918,00;270
WINM26;01/04/2026;09:10:00;193130,00;193745,00;193100,00;193600,00;20463128,00;529
WINM26;01/04/2026;09:00:00;193900,00;194300,00;193140,00;193230,00;155189788,00;4011
WINM26;31/03/2026;18:20:00;192600,00;192990,00;192585,00;192790,00;9371284,00;243
WINM26;31/03/2026;18:10:00;192510,00;192655,00;192490,00;192640,00;2002662,00;52
WINM26;31/03/2026;18:00:00;192435,00;192550,00;192245,00;192400,00;3963575,00;103
WINM26;31/03/2026;17:50:00;192575,00;192810,00;192440,00;192510,00;45735630,00;1187
WINM26;31/03/2026;17:40:00;192515,00;192525,00;192450,00;192450,00;692963,00;18
WINM26;31/03/2026;17:30:00;192515,00;192615,00;192440,00;192615,00;1309329,00;34
WINM26;31/03/2026;17:20:00;192585,00;192660,00;192450,00;192570,00;5584330,00;145
WINM26;31/03/2026;17:10:00;192440,00;192625,00;192440,00;192530,00;4851987,00;126
WINM26;31/03/2026;17:00:00;192540,00;192575,00;192300,00;192410,00;3734294,00;97
WINM26;31/03/2026;16:50:00;192355,00;192560,00;192175,00;192500,00;8005109,00;208
WINM26;31/03/2026;16:40:00;192170,00;192365,00;192050,00;192260,00;9607981,00;250
WINM26;31/03/2026;16:30:00;192035,00;192285,00;192035,00;192210,00;7879523,00;205
WINM26;31/03/2026;16:20:00;191915,00;192095,00;191775,00;192035,00;4991005,00;130
WINM26;31/03/2026;16:10:00;192085,00;192250,00;191825,00;191825,00;6684609,00;174
WINM26;31/03/2026;16:00:00;192095,00;192300,00;191970,00;192070,00;189161942,00;4921
WINM26;31/03/2026;15:50:00;192155,00;192255,00;192070,00;192125,00;2651569,00;69
WINM26;31/03/2026;15:40:00;192085,00;192400,00;192030,00;192065,00;8111806,00;211
WINM26;31/03/2026;15:30:00;192100,00;192260,00;191835,00;192125,00;6568191,00;171
WINM26;31/03/2026;15:20:00;192270,00;192305,00;192000,00;192135,00;5265795,00;137
WINM26;31/03/2026;15:10:00;192205,00;192435,00;192080,00;192300,00;6268639,00;163
WINM26;31/03/2026;15:00:00;191685,00;192300,00;191685,00;192225,00;9451206,00;246
WINM26;31/03/2026;14:50:00;191875,00;191975,00;191595,00;191615,00;2224028,00;58
WINM26;31/03/2026;14:40:00;191950,00;192050,00;191800,00;191800,00;1151551,00;30
WINM26;31/03/2026;14:30:00;191700,00;192085,00;191595,00;191930,00;5065470,00;132
WINM26;31/03/2026;14:20:00;192100,00;192100,00;191550,00;191550,00;6485761,00;169
WINM26;31/03/2026;14:10:00;191970,00;192335,00;191850,00;192140,00;9069715,00;236
WINM26;31/03/2026;14:00:00;191795,00;192290,00;191795,00;191910,00;16707467,00;435
WINM26;31/03/2026;13:50:00;191600,00;191935,00;191450,00;191735,00;7745099,00;202
WINM26;31/03/2026;13:40:00;191330,00;192200,00;191220,00;191630,00;87773920,00;2291
WINM26;31/03/2026;13:30:00;190400,00;191325,00;190350,00;191325,00;26260973,00;688
WINM26;31/03/2026;13:20:00;190325,00;190635,00;190200,00;190500,00;5332850,00;140
WINM26;31/03/2026;13:10:00;190195,00;190400,00;189935,00;190200,00;3233466,00;85
WINM26;31/03/2026;13:00:00;189995,00;190420,00;189995,00;190200,00;2626049,00;69
WINM26;31/03/2026;12:50:00;190355,00;190520,00;189945,00;190040,00;5326286,00;140
WINM26;31/03/2026;12:40:00;190165,00;190420,00;189890,00;190410,00;3689702,00;97
WINM26;31/03/2026;12:30:00;189760,00;190275,00;189700,00;190245,00;3229968,00;85
WINM26;31/03/2026;12:20:00;190160,00;190205,00;189745,00;189810,00;9766922,00;257
WINM26;31/03/2026;12:10:00;190150,00;190330,00;190080,00;190180,00;3385650,00;89
WINM26;31/03/2026;12:00:00;189350,00;190265,00;189350,00;190085,00;11651698,00;307
WINM26;31/03/2026;11:50:00;189545,00;189695,00;189220,00;189325,00;8864211,00;234
WINM26;31/03/2026;11:40:00;190025,00;190200,00;189385,00;189490,00;22194285,00;585
WINM26;31/03/2026;11:30:00;190430,00;190845,00;189930,00;189950,00;27237246,00;716
WINM26;31/03/2026;11:20:00;190670,00;190670,00;190270,00;190295,00;7009616,00;184
WINM26;31/03/2026;11:10:00;191175,00;191320,00;190685,00;190725,00;13216603,00;346
WINM26;31/03/2026;11:00:00;191010,00;191275,00;190945,00;191155,00;10586891,00;277
WINM26;31/03/2026;10:50:00;190750,00;191265,00;190750,00;190985,00;19642588,00;514
WINM26;31/03/2026;10:40:00;190125,00;190710,00;190125,00;190650,00;24986764,00;656
WINM26;31/03/2026;10:30:00;190320,00;190385,00;189780,00;190180,00;9959164,00;262
WINM26;31/03/2026;10:20:00;191140,00;191185,00;190150,00;190255,00;15052158,00;395
WINM26;31/03/2026;10:10:00;190300,00;191270,00;190300,00;191180,00;16226718,00;425
WINM26;31/03/2026;10:00:00;190430,00;190500,00;189850,00;190340,00;18369256,00;483
WINM26;31/03/2026;09:50:00;190525,00;190745,00;190245,00;190315,00;8764008,00;230
WINM26;31/03/2026;09:40:00;190745,00;190885,00;190475,00;190535,00;9078751,00;238
WINM26;31/03/2026;09:30:00;190510,00;190815,00;190390,00;190745,00;6595941,00;173
WINM26;31/03/2026;09:20:00;190080,00;190620,00;190025,00;190510,00;12634419,00;332
WINM26;31/03/2026;09:10:00;189980,00;190275,00;189440,00;190120,00;14772131,00;389
WINM26;31/03/2026;09:00:00;188800,00;190155,00;188785,00;190050,00;20910091,00;551
WINM26;30/03/2026;18:20:00;187145,00;187215,00;187125,00;187125,00;1385036,00;37
WINM26;30/03/2026;18:10:00;187425,00;187425,00;187155,00;187235,00;4682195,00;125
WINM26;30/03/2026;18:00:00;187410,00;187525,00;187385,00;187450,00;1462122,00;39
WINM26;30/03/2026;17:50:00;187440,00;187540,00;187440,00;187520,00;1087465,00;29
WINM26;30/03/2026;17:40:00;187280,00;187460,00;187265,00;187390,00;4047061,00;108
WINM26;30/03/2026;17:30:00;187420,00;187420,00;187260,00;187285,00;1835798,00;49
WINM26;30/03/2026;17:20:00;187520,00;187580,00;187460,00;187495,00;1050150,00;28
WINM26;30/03/2026;17:10:00;187415,00;187675,00;187390,00;187480,00;6713518,00;179
WINM26;30/03/2026;17:00:00;187490,00;187490,00;187190,00;187365,00;3334793,00;89
WINM26;30/03/2026;16:50:00;187235,00;187550,00;187235,00;187505,00;4536101,00;121
WINM26;30/03/2026;16:40:00;187150,00;187375,00;187120,00;187265,00;3183574,00;85
WINM26;30/03/2026;16:30:00;186955,00;187305,00;186920,00;187135,00;5015115,00;134
WINM26;30/03/2026;16:20:00;186885,00;186975,00;186690,00;186895,00;2353884,00;63
WINM26;30/03/2026;16:10:00;186960,00;187005,00;186730,00;186990,00;6428456,00;172
WINM26;30/03/2026;16:00:00;187155,00;187340,00;186960,00;186960,00;3068693,00;82
WINM26;30/03/2026;15:50:00;187285,00;187285,00;187025,00;187160,00;2245647,00;60
WINM26;30/03/2026;15:40:00;187250,00;187400,00;187180,00;187360,00;4045534,00;108
WINM26;30/03/2026;15:30:00;187395,00;187490,00;187205,00;187225,00;4721884,00;126
WINM26;30/03/2026;15:20:00;187665,00;187750,00;187330,00;187385,00;4275644,00;114
WINM26;30/03/2026;15:10:00;187495,00;187715,00;187375,00;187715,00;5512698,00;147
WINM26;30/03/2026;15:00:00;187555,00;187700,00;187490,00;187530,00;5516007,00;147
WINM26;30/03/2026;14:50:00;187785,00;187880,00;187500,00;187595,00;22817240,00;608
WINM26;30/03/2026;14:40:00;187615,00;188010,00;187560,00;187785,00;13674612,00;364
WINM26;30/03/2026;14:30:00;187610,00;187700,00;187255,00;187625,00;20731097,00;553
WINM26;30/03/2026;14:20:00;187770,00;187820,00;187515,00;187580,00;11565417,00;308
WINM26;30/03/2026;14:10:00;188475,00;188485,00;187770,00;187840,00;6431662,00;171
WINM26;30/03/2026;14:00:00;188350,00;188470,00;188280,00;188465,00;1846472,00;49
WINM26;30/03/2026;13:50:00;188355,00;188420,00;188190,00;188295,00;2033278,00;54
WINM26;30/03/2026;13:40:00;188515,00;188580,00;188390,00;188390,00;2072995,00;55
WINM26;30/03/2026;13:30:00;188435,00;188625,00;188295,00;188595,00;6444920,00;171
WINM26;30/03/2026;13:20:00;188755,00;188810,00;188405,00;188405,00;6300017,00;167
WINM26;30/03/2026;13:10:00;188800,00;188920,00;188695,00;188730,00;1963385,00;52
WINM26;30/03/2026;13:00:00;189085,00;189085,00;188815,00;188840,00;3967721,00;105
WINM26;30/03/2026;12:50:00;189155,00;189335,00;189025,00;189075,00;3027493,00;80
WINM26;30/03/2026;12:40:00;189040,00;189285,00;189040,00;189225,00;14190733,00;375
WINM26;30/03/2026;12:30:00;188660,00;189130,00;188645,00;189040,00;4950580,00;131
WINM26;30/03/2026;12:20:00;188645,00;188855,00;188570,00;188720,00;3698299,00;98
WINM26;30/03/2026;12:10:00;188730,00;188820,00;188440,00;188650,00;4150467,00;110
WINM26;30/03/2026;12:00:00;188895,00;189250,00;188670,00;188695,00;15233467,00;403
WINM26;30/03/2026;11:50:00;188165,00;188980,00;188165,00;188935,00;7353307,00;195
WINM26;30/03/2026;11:40:00;188205,00;188460,00;187775,00;188305,00;11547643,00;307
WINM26;30/03/2026;11:30:00;187770,00;188290,00;187770,00;188125,00;9738904,00;259
WINM26;30/03/2026;11:20:00;187805,00;187900,00;187535,00;187670,00;6871436,00;183
WINM26;30/03/2026;11:10:00;187880,00;188215,00;187675,00;187825,00;11167981,00;297
WINM26;30/03/2026;11:00:00;187520,00;188150,00;187505,00;187840,00;18708625,00;498
WINM26;30/03/2026;10:50:00;188240,00;188240,00;187245,00;187470,00;68402455,00;1821
WINM26;30/03/2026;10:40:00;188650,00;188650,00;188200,00;188300,00;65112086,00;1727
WINM26;30/03/2026;10:30:00;188145,00;188820,00;188100,00;188690,00;44953752,00;1192
WINM26;30/03/2026;10:20:00;188190,00;188580,00;187955,00;188170,00;11032679,00;293
WINM26;30/03/2026;10:10:00;188000,00;188340,00;187930,00;188160,00;12310773,00;327
WINM26;30/03/2026;10:00:00;188045,00;188550,00;187945,00;187980,00;26238882,00;697
WINM26;30/03/2026;09:50:00;187850,00;188000,00;187780,00;187990,00;5261823,00;140
WINM26;30/03/2026;09:40:00;187940,00;188100,00;187790,00;187870,00;6163874,00;164
WINM26;30/03/2026;09:30:00;187505,00;188000,00;187505,00;188000,00;8485360,00;226
WINM26;30/03/2026;09:20:00;187215,00;187500,00;187150,00;187430,00;13483870,00;360
WINM26;30/03/2026;09:10:00;186535,00;187285,00;186475,00;187215,00;13305454,00;356
WINM26;30/03/2026;09:00:00;186700,00;186800,00;185820,00;186600,00;22825375,00;612
WINM26;27/03/2026;18:20:00;185975,00;186130,00;185885,00;185885,00;2492166,00;67
WINM26;27/03/2026;18:10:00;186000,00;186130,00;185940,00;185940,00;1488024,00;40
WINM26;27/03/2026;18:00:00;186190,00;186250,00;186055,00;186100,00;1377186,00;37
WINM26;27/03/2026;17:50:00;186185,00;186215,00;186180,00;186215,00;260668,00;7
WINM26;27/03/2026;17:40:00;186205,00;186205,00;186135,00;186135,00;111695,00;3
WINM26;27/03/2026;17:30:00;186345,00;186360,00;186045,00;186115,00;521329,00;14
WINM26;27/03/2026;17:20:00;186000,00;186335,00;185945,00;186335,00;1489571,00;40
WINM26;27/03/2026;17:10:00;186340,00;186340,00;186195,00;186275,00;745019,00;20
WINM26;27/03/2026;17:00:00;186290,00;186645,00;186165,00;186475,00;20168698,00;541
WINM26;27/03/2026;16:50:00;186025,00;186345,00;185915,00;186345,00;2792033,00;75
WINM26;27/03/2026;16:40:00;186270,00;186270,00;185890,00;186040,00;3609480,00;97
WINM26;27/03/2026;16:30:00;186355,00;186425,00;186265,00;186365,00;894547,00;24
WINM26;27/03/2026;16:20:00;186280,00;186330,00;186170,00;186330,00;782309,00;21
WINM26;27/03/2026;16:10:00;186110,00;186395,00;186075,00;186395,00;1117439,00;30
WINM26;27/03/2026;16:00:00;186360,00;186450,00;186060,00;186080,00;1377853,00;37
WINM26;27/03/2026;15:50:00;186300,00;186430,00;186290,00;186380,00;745482,00;20
WINM26;27/03/2026;15:40:00;186500,00;186505,00;186400,00;186435,00;2200399,00;59
WINM26;27/03/2026;15:30:00;186260,00;186420,00;186205,00;186395,00;633630,00;17
WINM26;27/03/2026;15:20:00;186160,00;186225,00;186090,00;186170,00;930840,00;25
WINM26;27/03/2026;15:10:00;186310,00;186385,00;186115,00;186255,00;5661174,00;152
WINM26;27/03/2026;15:00:00;186450,00;186450,00;186310,00;186350,00;1677229,00;45
WINM26;27/03/2026;14:50:00;186565,00;186640,00;186410,00;186475,00;2088541,00;56
WINM26;27/03/2026;14:40:00;186735,00;186735,00;186500,00;186570,00;1828144,00;49
WINM26;27/03/2026;14:30:00;186685,00;186745,00;186620,00;186680,00;2799768,00;75
WINM26;27/03/2026;14:20:00;186750,00;186885,00;186545,00;186645,00;4741818,00;127
WINM26;27/03/2026;14:10:00;186815,00;186950,00;186800,00;186830,00;1756430,00;47
WINM26;27/03/2026;14:00:00;187260,00;187300,00;186750,00;186955,00;7780824,00;208
WINM26;27/03/2026;13:50:00;187585,00;187595,00;187300,00;187330,00;1986463,00;53
WINM26;27/03/2026;13:40:00;187250,00;187600,00;187115,00;187600,00;2622751,00;70
WINM26;27/03/2026;13:30:00;187500,00;187500,00;187275,00;187275,00;937169,00;25
WINM26;27/03/2026;13:20:00;187510,00;187510,00;187235,00;187410,00;1648854,00;44
WINM26;27/03/2026;13:10:00;187685,00;187685,00;187385,00;187485,00;3638279,00;97
WINM26;27/03/2026;13:00:00;187705,00;187835,00;187610,00;187790,00;2327358,00;62
WINM26;27/03/2026;12:50:00;187975,00;187975,00;187700,00;187700,00;1990928,00;53
WINM26;27/03/2026;12:40:00;188135,00;188135,00;187975,00;188015,00;2519599,00;67
WINM26;27/03/2026;12:30:00;188000,00;188315,00;188000,00;188050,00;3387100,00;90
WINM26;27/03/2026;12:20:00;187715,00;188375,00;187650,00;188005,00;25988538,00;691
WINM26;27/03/2026;12:10:00;188265,00;188265,00;187670,00;187710,00;14276739,00;380
WINM26;27/03/2026;12:00:00;187790,00;188485,00;187700,00;188215,00;24870671,00;661
WINM26;27/03/2026;11:50:00;187555,00;187800,00;187375,00;187760,00;3864893,00;103
WINM26;27/03/2026;11:40:00;186880,00;187550,00;186850,00;187530,00;4381079,00;117
WINM26;27/03/2026;11:30:00;187005,00;187080,00;186850,00;186910,00;635635,00;17
WINM26;27/03/2026;11:20:00;187275,00;187450,00;187000,00;187080,00;4755376,00;127
WINM26;27/03/2026;11:10:00;186810,00;187250,00;186675,00;187250,00;2505941,00;67
WINM26;27/03/2026;11:00:00;186650,00;187130,00;186650,00;186900,00;4523709,00;121
WINM26;27/03/2026;10:50:00;187060,00;187060,00;186435,00;186740,00;5862454,00;157
WINM26;27/03/2026;10:40:00;186700,00;187350,00;186435,00;187075,00;8865656,00;237
WINM26;27/03/2026;10:30:00;186400,00;186810,00;186200,00;186760,00;8877151,00;238
WINM26;27/03/2026;10:20:00;186260,00;186470,00;186100,00;186415,00;6817891,00;183
WINM26;27/03/2026;10:10:00;186365,00;186610,00;186200,00;186280,00;11594054,00;311
WINM26;27/03/2026;10:00:00;187060,00;187070,00;186300,00;186325,00;8846102,00;237
WINM26;27/03/2026;09:50:00;187085,00;187230,00;186700,00;187205,00;4636377,00;124
WINM26;27/03/2026;09:40:00;187175,00;187330,00;187035,00;187065,00;2732662,00;73
WINM26;27/03/2026;09:30:00;187050,00;187300,00;186935,00;187115,00;8232045,00;220
WINM26;27/03/2026;09:20:00;187255,00;187295,00;186845,00;187060,00;21662825,00;579
WINM26;27/03/2026;09:10:00;186800,00;187375,00;186530,00;187280,00;33987465,00;909
WINM26;27/03/2026;09:00:00;187270,00;187615,00;186665,00;186785,00;26617070,00;712
WINM26;26/03/2026;18:20:00;188200,00;188200,00;188055,00;188055,00;677266,00;18
WINM26;26/03/2026;18:10:00;188250,00;188250,00;188015,00;188200,00;2972522,00;79
WINM26;26/03/2026;18:00:00;188130,00;188280,00;188120,00;188215,00;1317497,00;35
WINM26;26/03/2026;17:50:00;188255,00;188315,00;187895,00;188120,00;4439641,00;118
WINM26;26/03/2026;17:40:00;188435,00;188485,00;188265,00;188290,00;2185238,00;58
WINM26;26/03/2026;17:30:00;188305,00;188515,00;188185,00;188395,00;4858055,00;129
WINM26;26/03/2026;17:20:00;188395,00;188450,00;187995,00;188295,00;9711636,00;258
WINM26;26/03/2026;17:10:00;187815,00;189690,00;187795,00;188330,00;46502332,00;1231
WINM26;26/03/2026;17:00:00;187600,00;187815,00;187600,00;187735,00;976154,00;26
WINM26;26/03/2026;16:50:00;187815,00;187905,00;187600,00;187605,00;8186616,00;218
WINM26;26/03/2026;16:40:00;187795,00;187835,00;187610,00;187780,00;3153397,00;84
WINM26;26/03/2026;16:30:00;187795,00;187830,00;187590,00;187745,00;3603828,00;96
WINM26;26/03/2026;16:20:00;187875,00;187945,00;187635,00;187825,00;4620520,00;123
WINM26;26/03/2026;16:10:00;187735,00;187935,00;187580,00;187885,00;6232459,00;166
WINM26;26/03/2026;16:00:00;188375,00;188375,00;187715,00;187840,00;5826714,00;155
WINM26;26/03/2026;15:50:00;188200,00;188370,00;188160,00;188305,00;2033418,00;54
WINM26;26/03/2026;15:40:00;188155,00;188295,00;188045,00;188250,00;3123606,00;83
WINM26;26/03/2026;15:30:00;187955,00;188150,00;187900,00;188130,00;2030719,00;54
WINM26;26/03/2026;15:20:00;187915,00;188055,00;187855,00;187860,00;1090019,00;29
WINM26;26/03/2026;15:10:00;187890,00;188000,00;187840,00;187990,00;1879227,00;50
WINM26;26/03/2026;15:00:00;187810,00;187930,00;187755,00;187835,00;1314805,00;35
WINM26;26/03/2026;14:50:00;188050,00;188055,00;187715,00;187815,00;45529099,00;1211
WINM26;26/03/2026;14:40:00;188165,00;188265,00;188000,00;188150,00;2783999,00;74
WINM26;26/03/2026;14:30:00;188200,00;188320,00;188125,00;188215,00;2258935,00;60
WINM26;26/03/2026;14:20:00;188295,00;188295,00;188065,00;188185,00;2935506,00;78
WINM26;26/03/2026;14:10:00;188400,00;188475,00;188265,00;188320,00;1017080,00;27
WINM26;26/03/2026;14:00:00;188545,00;188700,00;188500,00;188580,00;1659984,00;44
WINM26;26/03/2026;13:50:00;188340,00;188550,00;188335,00;188495,00;979763,00;26
WINM26;26/03/2026;13:40:00;188100,00;188280,00;188090,00;188265,00;2371319,00;63
WINM26;26/03/2026;13:30:00;188440,00;188460,00;188120,00;188150,00;11559037,00;307
WINM26;26/03/2026;13:20:00;188930,00;188930,00;188415,00;188430,00;8866270,00;235
WINM26;26/03/2026;13:10:00;189205,00;189235,00;188785,00;188900,00;2872624,00;76
WINM26;26/03/2026;13:00:00;189200,00;189260,00;189135,00;189150,00;1135169,00;30
WINM26;26/03/2026;12:50:00;189350,00;189500,00;189250,00;189250,00;568132,00;15
WINM26;26/03/2026;12:40:00;189085,00;189400,00;188950,00;189365,00;3064323,00;81
WINM26;26/03/2026;12:30:00;189280,00;189310,00;188990,00;189085,00;2269396,00;60
WINM26;26/03/2026;12:20:00;189150,00;189465,00;189150,00;189400,00;1022480,00;27
WINM26;26/03/2026;12:10:00;189350,00;189350,00;189055,00;189105,00;1172713,00;31
WINM26;26/03/2026;12:00:00;189450,00;189540,00;189150,00;189170,00;3180908,00;84
WINM26;26/03/2026;11:50:00;188755,00;189420,00;188705,00;189415,00;3630567,00;96
WINM26;26/03/2026;11:40:00;189545,00;189780,00;188490,00;188815,00;19880200,00;526
WINM26;26/03/2026;11:30:00;189755,00;190185,00;189480,00;189535,00;7667623,00;202
WINM26;26/03/2026;11:20:00;190000,00;190100,00;189670,00;189670,00;5013286,00;132
WINM26;26/03/2026;11:10:00;189555,00;190030,00;189400,00;190030,00;4250563,00;112
WINM26;26/03/2026;11:00:00;189650,00;189825,00;189400,00;189575,00;7053148,00;186
WINM26;26/03/2026;10:50:00;189395,00;189805,00;189280,00;189600,00;4548792,00;120
WINM26;26/03/2026;10:40:00;188870,00;189875,00;188675,00;189360,00;10258951,00;271
WINM26;26/03/2026;10:30:00;189045,00;189475,00;188885,00;188885,00;11616402,00;307
WINM26;26/03/2026;10:20:00;189075,00;189200,00;188775,00;189020,00;6915971,00;183
WINM26;26/03/2026;10:10:00;188395,00;189240,00;188395,00;189040,00;10051861,00;266
WINM26;26/03/2026;10:00:00;188440,00;188660,00;188350,00;188430,00;5277551,00;140
WINM26;26/03/2026;09:50:00;187930,00;188490,00;187920,00;188440,00;15916248,00;423
WINM26;26/03/2026;09:40:00;188045,00;188295,00;187820,00;187890,00;19024621,00;506
WINM26;26/03/2026;09:30:00;188555,00;188555,00;187835,00;188040,00;21849356,00;581
WINM26;26/03/2026;09:20:00;188650,00;188715,00;188350,00;188570,00;6145545,00;163
WINM26;26/03/2026;09:10:00;188635,00;188815,00;188500,00;188650,00;6828086,00;181
WINM26;26/03/2026;09:00:00;188695,00;189200,00;187930,00;188680,00;28517529,00;756
WINM26;25/03/2026;18:20:00;190630,00;190650,00;190565,00;190635,00;915023,00;24
WINM26;25/03/2026;18:10:00;190665,00;190725,00;190480,00;190685,00;1830439,00;48
WINM26;25/03/2026;18:00:00;190800,00;190800,00;190425,00;190630,00;2325774,00;61
WINM26;25/03/2026;17:50:00;190765,00;190845,00;190715,00;190845,00;305213,00;8
WINM26;25/03/2026;17:40:00;190765,00;190820,00;190735,00;190735,00;534194,00;14
WINM26;25/03/2026;17:30:00;190680,00;190905,00;190680,00;190710,00;4387428,00;115
WINM26;25/03/2026;17:20:00;190880,00;190980,00;190650,00;190650,00;11720346,00;307
WINM26;25/03/2026;17:10:00;190650,00;190985,00;190500,00;190885,00;8246308,00;216
WINM26;25/03/2026;17:00:00;190750,00;191035,00;190570,00;190570,00;4044521,00;106
WINM26;25/03/2026;16:50:00;190400,00;190720,00;190400,00;190695,00;5526749,00;145
WINM26;25/03/2026;16:40:00;190340,00;190495,00;190340,00;190360,00;2246854,00;59
WINM26;25/03/2026;16:30:00;190430,00;190450,00;190250,00;190350,00;3159782,00;83
WINM26;25/03/2026;16:20:00;190490,00;190630,00;190445,00;190530,00;2553073,00;67
WINM26;25/03/2026;16:10:00;190320,00;190530,00;190110,00;190505,00;6282248,00;165
WINM26;25/03/2026;16:00:00;190595,00;190595,00;190270,00;190315,00;4455267,00;117
WINM26;25/03/2026;15:50:00;190805,00;190815,00;190150,00;190625,00;11239772,00;295
WINM26;25/03/2026;15:40:00;190985,00;191005,00;190745,00;190765,00;7558327,00;198
WINM26;25/03/2026;15:30:00;191075,00;191245,00;190915,00;191065,00;3745529,00;98
WINM26;25/03/2026;15:20:00;191285,00;191440,00;191050,00;191050,00;6236793,00;163
WINM26;25/03/2026;15:10:00;191100,00;191375,00;191100,00;191250,00;4627508,00;121
WINM26;25/03/2026;15:00:00;190760,00;191175,00;190760,00;191175,00;5270545,00;138
WINM26;25/03/2026;14:50:00;190850,00;191035,00;190600,00;190750,00;10648767,00;279
WINM26;25/03/2026;14:40:00;191120,00;191255,00;190855,00;190880,00;4662123,00;122
WINM26;25/03/2026;14:30:00;190545,00;191130,00;190545,00;191130,00;7099173,00;186
WINM26;25/03/2026;14:20:00;190520,00;190810,00;190520,00;190550,00;4957403,00;130
WINM26;25/03/2026;14:10:00;190555,00;190630,00;190470,00;190580,00;3201384,00;84
WINM26;25/03/2026;14:00:00;190745,00;190855,00;190535,00;190535,00;6102962,00;160
WINM26;25/03/2026;13:50:00;190825,00;190850,00;190635,00;190745,00;3662076,00;96
WINM26;25/03/2026;13:40:00;191080,00;191080,00;190730,00;190775,00;3435348,00;90
WINM26;25/03/2026;13:30:00;190565,00;191120,00;190480,00;191035,00;20961170,00;549
WINM26;25/03/2026;13:20:00;190330,00;190695,00;190265,00;190535,00;6932141,00;182
WINM26;25/03/2026;13:10:00;190285,00;190380,00;190080,00;190305,00;5632372,00;148
WINM26;25/03/2026;13:00:00;190755,00;190780,00;190230,00;190365,00;6933597,00;182
WINM26;25/03/2026;12:50:00;190615,00;190850,00;190515,00;190740,00;8655847,00;227
WINM26;25/03/2026;12:40:00;190505,00;190615,00;190380,00;190565,00;4724474,00;124
WINM26;25/03/2026;12:30:00;190550,00;190760,00;190460,00;190510,00;4651627,00;122
WINM26;25/03/2026;12:20:00;190260,00;190675,00;190250,00;190525,00;5218794,00;137
WINM26;25/03/2026;12:10:00;190825,00;190865,00;189900,00;190210,00;9404264,00;247
WINM26;25/03/2026;12:00:00;191180,00;191245,00;190790,00;190815,00;5614988,00;147
WINM26;25/03/2026;11:50:00;191465,00;191675,00;191100,00;191185,00;18720383,00;489
WINM26;25/03/2026;11:40:00;190785,00;191460,00;190605,00;191460,00;13838306,00;362
WINM26;25/03/2026;11:30:00;190535,00;190855,00;190450,00;190800,00;7513020,00;197
WINM26;25/03/2026;11:20:00;190320,00;190775,00;190260,00;190525,00;8842109,00;232
WINM26;25/03/2026;11:10:00;189940,00;190430,00;189900,00;190300,00;8747811,00;230
WINM26;25/03/2026;11:00:00;190200,00;190285,00;189810,00;190050,00;10376889,00;273
WINM26;25/03/2026;10:50:00;190235,00;190420,00;189995,00;190190,00;11563126,00;304
WINM26;25/03/2026;10:40:00;190815,00;191050,00;190225,00;190225,00;6827158,00;179
WINM26;25/03/2026;10:30:00;190050,00;191085,00;189950,00;190770,00;15472903,00;406
WINM26;25/03/2026;10:20:00;189660,00;190000,00;189380,00;190000,00;3603181,00;95
WINM26;25/03/2026;10:10:00;189815,00;190015,00;189425,00;189595,00;7475549,00;197
WINM26;25/03/2026;10:00:00;190280,00;190360,00;189600,00;189785,00;12415657,00;327
WINM26;25/03/2026;09:50:00;189790,00;190305,00;189790,00;190275,00;3877509,00;102
WINM26;25/03/2026;09:40:00;189850,00;189900,00;189530,00;189795,00;3642825,00;96
WINM26;25/03/2026;09:30:00;189640,00;189950,00;189385,00;189950,00;8950412,00;236
WINM26;25/03/2026;09:20:00;190155,00;190520,00;189585,00;189720,00;13070840,00;344
WINM26;25/03/2026;09:10:00;190705,00;190940,00;190100,00;190150,00;7011320,00;184
WINM26;25/03/2026;09:00:00;190700,00;191355,00;190040,00;190725,00;29355486,00;770
WINM26;24/03/2026;18:20:00;189685,00;189685,00;189585,00;189585,00;2578537,00;68
WINM26;24/03/2026;18:10:00;189645,00;189935,00;189600,00;189715,00;15563473,00;410
WINM26;24/03/2026;18:00:00;189400,00;189745,00;189320,00;189535,00;1554192,00;41
WINM26;24/03/2026;17:50:00;189750,00;189750,00;189430,00;189440,00;2350757,00;62
WINM26;24/03/2026;17:40:00;190420,00;190425,00;189475,00;189625,00;3682507,00;97
WINM26;24/03/2026;17:30:00;189410,00;190405,00;189205,00;190320,00;13892997,00;366
WINM26;24/03/2026;17:20:00;188100,00;190600,00;188100,00;189675,00;38550821,00;1017
WINM26;24/03/2026;17:10:00;187775,00;188055,00;187765,00;188055,00;1804228,00;48
WINM26;24/03/2026;17:00:00;187690,00;187800,00;187690,00;187740,00;638256,00;17
WINM26;24/03/2026;16:50:00;187800,00;187920,00;187585,00;187685,00;18505633,00;493
WINM26;24/03/2026;16:40:00;187550,00;187780,00;187505,00;187765,00;1539137,00;41
WINM26;24/03/2026;16:30:00;187400,00;187500,00;187345,00;187500,00;1049550,00;28
WINM26;24/03/2026;16:20:00;187820,00;187820,00;187440,00;187440,00;1012939,00;27
WINM26;24/03/2026;16:10:00;187675,00;187810,00;187630,00;187810,00;1351711,00;36
WINM26;24/03/2026;16:00:00;187275,00;187650,00;187275,00;187650,00;1087421,00;29
WINM26;24/03/2026;15:50:00;187240,00;187500,00;187150,00;187270,00;1948230,00;52
WINM26;24/03/2026;15:40:00;187415,00;187415,00;187140,00;187180,00;749042,00;20
WINM26;24/03/2026;15:30:00;187275,00;187525,00;187070,00;187400,00;3296541,00;88
WINM26;24/03/2026;15:20:00;186850,00;187390,00;186745,00;187370,00;3367571,00;90
WINM26;24/03/2026;15:10:00;186790,00;186875,00;186600,00;186745,00;1494180,00;40
WINM26;24/03/2026;15:00:00;186760,00;187140,00;186600,00;186745,00;11880369,00;318
WINM26;24/03/2026;14:50:00;186205,00;186785,00;186065,00;186775,00;11818503,00;317
WINM26;24/03/2026;14:40:00;186550,00;186550,00;186130,00;186240,00;5475952,00;147
WINM26;24/03/2026;14:30:00;186510,00;186675,00;186250,00;186675,00;2200488,00;59
WINM26;24/03/2026;14:20:00;186400,00;186550,00;186340,00;186550,00;1528689,00;41
WINM26;24/03/2026;14:10:00;186325,00;186550,00;186180,00;186300,00;2645720,00;71
WINM26;24/03/2026;14:00:00;186920,00;187010,00;186215,00;186320,00;8922369,00;239
WINM26;24/03/2026;13:50:00;187060,00;187200,00;186910,00;186980,00;4861533,00;130
WINM26;24/03/2026;13:40:00;187050,00;187200,00;186965,00;187055,00;3068140,00;82
WINM26;24/03/2026;13:30:00;187315,00;187365,00;186850,00;186915,00;2208635,00;59
WINM26;24/03/2026;13:20:00;187260,00;187315,00;187100,00;187315,00;1048256,00;28
WINM26;24/03/2026;13:10:00;186875,00;187260,00;186785,00;187260,00;3478477,00;93
WINM26;24/03/2026;13:00:00;187115,00;187120,00;186860,00;186860,00;1907501,00;51
WINM26;24/03/2026;12:50:00;187500,00;187550,00;187060,00;187155,00;3108451,00;83
WINM26;24/03/2026;12:40:00;187550,00;187550,00;187390,00;187450,00;2587012,00;69
WINM26;24/03/2026;12:30:00;187500,00;187875,00;187500,00;187585,00;4204808,00;112
WINM26;24/03/2026;12:20:00;187250,00;187550,00;187250,00;187355,00;1087106,00;29
WINM26;24/03/2026;12:10:00;187000,00;187400,00;187000,00;187280,00;786606,00;21
WINM26;24/03/2026;12:00:00;187200,00;187350,00;186980,00;186980,00;1871590,00;50
WINM26;24/03/2026;11:50:00;186950,00;187700,00;186650,00;187030,00;8350235,00;223
WINM26;24/03/2026;11:40:00;186895,00;187370,00;186895,00;186985,00;9054710,00;242
WINM26;24/03/2026;11:30:00;187030,00;187205,00;186735,00;186935,00;7368716,00;197
WINM26;24/03/2026;11:20:00;187150,00;187300,00;186975,00;187090,00;1722261,00;46
WINM26;24/03/2026;11:10:00;187065,00;187210,00;186565,00;187015,00;4000244,00;107
WINM26;24/03/2026;11:00:00;186120,00;187085,00;186095,00;187085,00;23325546,00;625
WINM26;24/03/2026;10:50:00;185785,00;186150,00;185750,00;186140,00;8477833,00;228
WINM26;24/03/2026;10:40:00;185350,00;185930,00;185200,00;185790,00;10209472,00;275
WINM26;24/03/2026;10:30:00;185125,00;185600,00;185035,00;185355,00;4635264,00;125
WINM26;24/03/2026;10:20:00;185755,00;185775,00;185055,00;185125,00;8007985,00;216
WINM26;24/03/2026;10:10:00;185875,00;186400,00;185770,00;185770,00;14665519,00;394
WINM26;24/03/2026;10:00:00;186330,00;186530,00;185600,00;185885,00;7519804,00;202
WINM26;24/03/2026;09:50:00;186350,00;186650,00;186175,00;186325,00;6935181,00;186
WINM26;24/03/2026;09:40:00;186450,00;186625,00;186305,00;186435,00;8094396,00;217
WINM26;24/03/2026;09:30:00;187200,00;187200,00;186285,00;186420,00;35632658,00;955
WINM26;24/03/2026;09:20:00;186740,00;187300,00;186700,00;187295,00;3703264,00;99
WINM26;24/03/2026;09:10:00;187015,00;187030,00;186575,00;186685,00;13894239,00;372
WINM26;24/03/2026;09:00:00;187500,00;187510,00;186720,00;187010,00;12163720,00;325
WINM26;23/03/2026;18:20:00;188000,00;188130,00;187945,00;187995,00;4250282,00;113
WINM26;23/03/2026;18:10:00;188000,00;188050,00;187745,00;188000,00;13488890,00;359
WINM26;23/03/2026;18:00:00;188095,00;188135,00;187890,00;188025,00;5526677,00;147
WINM26;23/03/2026;17:50:00;188065,00;188125,00;188000,00;188085,00;2407300,00;64
WINM26;23/03/2026;17:40:00;188050,00;188160,00;188000,00;188050,00;6659235,00;177
WINM26;23/03/2026;17:30:00;188050,00;188175,00;187900,00;188100,00;3158351,00;84
WINM26;23/03/2026;17:20:00;187760,00;188200,00;187760,00;188050,00;5529766,00;147
WINM26;23/03/2026;17:10:00;187810,00;188010,00;187735,00;187830,00;8756247,00;233
WINM26;23/03/2026;17:00:00;187580,00;187875,00;187315,00;187825,00;9077394,00;242
WINM26;23/03/2026;16:50:00;187975,00;188100,00;187470,00;187620,00;7621896,00;203
WINM26;23/03/2026;16:40:00;187555,00;188035,00;187390,00;188035,00;11115961,00;296
WINM26;23/03/2026;16:30:00;187470,00;187630,00;187410,00;187595,00;5475948,00;146
WINM26;23/03/2026;16:20:00;187825,00;187825,00;187405,00;187450,00;9117534,00;243
WINM26;23/03/2026;16:10:00;187950,00;188015,00;187690,00;187780,00;6273394,00;167
WINM26;23/03/2026;16:00:00;188040,00;188080,00;187800,00;187935,00;6163441,00;164
WINM26;23/03/2026;15:50:00;188010,00;188150,00;187840,00;188020,00;7707771,00;205
WINM26;23/03/2026;15:40:00;188150,00;188220,00;187650,00;188015,00;13080541,00;348
WINM26;23/03/2026;15:30:00;187110,00;188425,00;187110,00;188160,00;102535913,00;2732
WINM26;23/03/2026;15:20:00;187000,00;187200,00;187000,00;187115,00;4490389,00;120
WINM26;23/03/2026;15:10:00;186950,00;187095,00;186900,00;186995,00;6208157,00;166
WINM26;23/03/2026;15:00:00;187405,00;187450,00;186485,00;186930,00;16034520,00;429
WINM26;23/03/2026;14:50:00;187255,00;187500,00;187255,00;187400,00;6409270,00;171
WINM26;23/03/2026;14:40:00;187515,00;187560,00;187090,00;187250,00;5617704,00;150
WINM26;23/03/2026;14:30:00;187080,00;187800,00;187080,00;187585,00;11961965,00;319
WINM26;23/03/2026;14:20:00;186875,00;187150,00;186700,00;187100,00;9122830,00;244
WINM26;23/03/2026;14:10:00;186950,00;186950,00;186625,00;186860,00;8815929,00;236
WINM26;23/03/2026;14:00:00;186850,00;187000,00;186660,00;186960,00;7586964,00;203
WINM26;23/03/2026;13:50:00;187090,00;187255,00;186700,00;186840,00;6957579,00;186
WINM26;23/03/2026;13:40:00;186995,00;187145,00;186870,00;187070,00;4974045,00;133
WINM26;23/03/2026;13:30:00;186265,00;187045,00;186265,00;186920,00;11803388,00;316
WINM26;23/03/2026;13:20:00;186650,00;186750,00;186220,00;186225,00;9996199,00;268
WINM26;23/03/2026;13:10:00;186725,00;187045,00;186575,00;186685,00;9338489,00;250
WINM26;23/03/2026;13:00:00;186680,00;186945,00;186575,00;186770,00;11578768,00;310
WINM26;23/03/2026;12:50:00;187180,00;187365,00;186550,00;186655,00;50957015,00;1364
WINM26;23/03/2026;12:40:00;187275,00;187405,00;187100,00;187265,00;23629032,00;631
WINM26;23/03/2026;12:30:00;187600,00;187725,00;187225,00;187300,00;5325283,00;142
WINM26;23/03/2026;12:20:00;187590,00;187800,00;187375,00;187620,00;12533697,00;334
WINM26;23/03/2026;12:10:00;188035,00;188170,00;187595,00;187600,00;9618686,00;256
WINM26;23/03/2026;12:00:00;187875,00;188230,00;187830,00;187950,00;6659451,00;177
WINM26;23/03/2026;11:50:00;187910,00;188120,00;187700,00;187850,00;63263335,00;1683
WINM26;23/03/2026;11:40:00;187550,00;187920,00;187535,00;187880,00;16182532,00;431
WINM26;23/03/2026;11:30:00;187655,00;187655,00;187155,00;187505,00;5323199,00;142
WINM26;23/03/2026;11:20:00;187455,00;187735,00;187335,00;187720,00;6976151,00;186
WINM26;23/03/2026;11:10:00;187145,00;187555,00;186850,00;187475,00;11640759,00;311
WINM26;23/03/2026;11:00:00;186545,00;187330,00;186545,00;187250,00;29649971,00;793
WINM26;23/03/2026;10:50:00;185505,00;186580,00;185505,00;186580,00;15671861,00;421
WINM26;23/03/2026;10:40:00;185340,00;186175,00;185260,00;185475,00;32043644,00;863
WINM26;23/03/2026;10:30:00;184580,00;185350,00;184255,00;185325,00;29566664,00;800
WINM26;23/03/2026;10:20:00;184880,00;185175,00;184425,00;184625,00;41116299,00;1112
WINM26;23/03/2026;10:10:00;184025,00;184950,00;183950,00;184885,00;28873843,00;782
WINM26;23/03/2026;10:00:00;184500,00;184670,00;183830,00;184045,00;16391429,00;445
WINM26;23/03/2026;09:50:00;184285,00;184605,00;184060,00;184450,00;17401446,00;472
WINM26;23/03/2026;09:40:00;183450,00;184455,00;183225,00;184185,00;38796687,00;1054
WINM26;23/03/2026;09:30:00;183265,00;183690,00;182925,00;183435,00;25368608,00;692
WINM26;23/03/2026;09:20:00;183125,00;183420,00;182850,00;183300,00;23038671,00;629
WINM26;23/03/2026;09:10:00;182410,00;183375,00;182410,00;183200,00;44679980,00;1221
WINM26;23/03/2026;09:00:00;183445,00;183445,00;181750,00;182485,00;43427935,00;1191
WINM26;20/03/2026;18:20:00;182505,00;183515,00;182505,00;183000,00;6841108,00;187
WINM26;20/03/2026;18:10:00;181775,00;182515,00;181690,00;182450,00;6524184,00;179
WINM26;20/03/2026;18:00:00;181600,00;181705,00;181600,00;181635,00;581236,00;16
WINM26;20/03/2026;17:50:00;181720,00;181890,00;181470,00;181775,00;2397534,00;66
WINM26;20/03/2026;17:40:00;181515,00;181720,00;181485,00;181710,00;1598107,00;44
WINM26;20/03/2026;17:30:00;181430,00;181500,00;181425,00;181500,00;217753,00;6
WINM26;20/03/2026;17:20:00;181460,00;181470,00;181295,00;181295,00;761737,00;21
WINM26;20/03/2026;17:10:00;181360,00;181575,00;181280,00;181480,00;8709814,00;240
WINM26;20/03/2026;17:00:00;180935,00;181345,00;180800,00;181260,00;7244955,00;200
WINM26;20/03/2026;16:50:00;180705,00;181020,00;180600,00;180940,00;10922082,00;302
WINM26;20/03/2026;16:40:00;180395,00;180965,00;180350,00;180695,00;19584842,00;542
WINM26;20/03/2026;16:30:00;180680,00;180680,00;180135,00;180370,00;5084314,00;141
WINM26;20/03/2026;16:20:00;180800,00;180800,00;180600,00;180735,00;2494131,00;69
WINM26;20/03/2026;16:10:00;180575,00;180875,00;180575,00;180840,00;7303642,00;202
WINM26;20/03/2026;16:00:00;180595,00;180705,00;180505,00;180675,00;8706548,00;241
WINM26;20/03/2026;15:50:00;180285,00;180575,00;180250,00;180535,00;7615886,00;211
WINM26;20/03/2026;15:40:00;180525,00;180660,00;180225,00;180245,00;11727352,00;325
WINM26;20/03/2026;15:30:00;180795,00;180880,00;180465,00;180635,00;14270343,00;395
WINM26;20/03/2026;15:20:00;181145,00;181175,00;180180,00;180725,00;55534501,00;1538
WINM26;20/03/2026;15:10:00;181505,00;181505,00;181080,00;181080,00;10875005,00;300
WINM26;20/03/2026;15:00:00;181500,00;181645,00;181435,00;181535,00;8605786,00;237
WINM26;20/03/2026;14:50:00;181205,00;181500,00;181205,00;181475,00;7618245,00;210
WINM26;20/03/2026;14:40:00;181305,00;181375,00;181110,00;181245,00;14243230,00;393
WINM26;20/03/2026;14:30:00;181300,00;181400,00;181060,00;181400,00;8591399,00;237
WINM26;20/03/2026;14:20:00;181280,00;181600,00;181200,00;181200,00;3699756,00;102
WINM26;20/03/2026;14:10:00;181800,00;181800,00;181300,00;181345,00;10638187,00;293
WINM26;20/03/2026;14:00:00;181810,00;181870,00;181300,00;181840,00;16317026,00;449
WINM26;20/03/2026;13:50:00;181810,00;181965,00;181600,00;181965,00;509049,00;14
WINM26;20/03/2026;13:40:00;181965,00;181965,00;181700,00;181700,00;181864,00;5
WINM26;20/03/2026;13:30:00;181925,00;181970,00;181590,00;181770,00;2399216,00;66
WINM26;20/03/2026;13:20:00;182280,00;182350,00;181990,00;182000,00;6815870,00;187
WINM26;20/03/2026;13:10:00;182010,00;182200,00;181910,00;182200,00;2148188,00;59
WINM26;20/03/2026;13:00:00;182065,00;182200,00;181930,00;181975,00;764706,00;21
WINM26;20/03/2026;12:50:00;182245,00;182245,00;181980,00;182120,00;2986510,00;82
WINM26;20/03/2026;12:40:00;182255,00;182325,00;182045,00;182085,00;4334971,00;119
WINM26;20/03/2026;12:30:00;182200,00;182500,00;182200,00;182340,00;1786861,00;49
WINM26;20/03/2026;12:20:00;182405,00;182900,00;182100,00;182200,00;11131326,00;305
WINM26;20/03/2026;12:10:00;182575,00;182730,00;182450,00;182495,00;5479260,00;150
WINM26;20/03/2026;12:00:00;182295,00;182655,00;182295,00;182495,00;7918484,00;217
WINM26;20/03/2026;11:50:00;182460,00;182565,00;181960,00;182240,00;23762802,00;652
WINM26;20/03/2026;11:40:00;182110,00;182435,00;181920,00;182380,00;19411520,00;533
WINM26;20/03/2026;11:30:00;182070,00;182465,00;181960,00;182130,00;12356604,00;339
WINM26;20/03/2026;11:20:00;181540,00;182175,00;181425,00;181985,00;14875578,00;409
WINM26;20/03/2026;11:10:00;182400,00;182515,00;181545,00;181570,00;27520866,00;756
WINM26;20/03/2026;11:00:00;182605,00;182725,00;182295,00;182430,00;16683607,00;457
WINM26;20/03/2026;10:50:00;183410,00;183410,00;182310,00;182645,00;31244927,00;854
WINM26;20/03/2026;10:40:00;183225,00;183780,00;183075,00;183600,00;19721502,00;538
WINM26;20/03/2026;10:30:00;183900,00;184035,00;183175,00;183255,00;21133269,00;576
WINM26;20/03/2026;10:20:00;184220,00;184535,00;183905,00;183955,00;9838006,00;267
WINM26;20/03/2026;10:10:00;184675,00;184700,00;184020,00;184145,00;11392854,00;309
WINM26;20/03/2026;10:00:00;184730,00;184920,00;184600,00;184650,00;9829157,00;266
WINM26;20/03/2026;09:50:00;184655,00;184830,00;184525,00;184665,00;3766710,00;102
WINM26;20/03/2026;09:40:00;184585,00;184800,00;184515,00;184630,00;2658316,00;72
WINM26;20/03/2026;09:30:00;185240,00;185350,00;184590,00;184675,00;4180866,00;113
WINM26;20/03/2026;09:20:00;184820,00;185220,00;184450,00;185220,00;4731604,00;128
WINM26;20/03/2026;09:10:00;184700,00;184970,00;184575,00;184945,00;2549767,00;69
WINM26;20/03/2026;09:00:00;184500,00;184770,00;183905,00;184755,00;14155192,00;384
WINM26;19/03/2026;18:20:00;185855,00;185855,00;185750,00;185850,00;1672473,00;45
WINM26;19/03/2026;18:10:00;185850,00;185870,00;185725,00;185825,00;2675615,00;72
WINM26;19/03/2026;18:00:00;186105,00;186125,00;185860,00;185875,00;2008505,00;54
WINM26;19/03/2026;17:50:00;185900,00;186040,00;185875,00;186000,00;1524960,00;41
WINM26;19/03/2026;17:40:00;185980,00;186085,00;185830,00;185925,00;5168789,00;139
WINM26;19/03/2026;17:30:00;186225,00;186225,00;185920,00;186000,00;8707622,00;234
WINM26;19/03/2026;17:20:00;186025,00;186420,00;186020,00;186250,00;6817173,00;183
WINM26;19/03/2026;17:10:00;185765,00;186080,00;185765,00;186010,00;17110411,00;460
WINM26;19/03/2026;17:00:00;185545,00;185865,00;185475,00;185750,00;7427126,00;200
WINM26;19/03/2026;16:50:00;185580,00;185845,00;185445,00;185545,00;16752085,00;451
WINM26;19/03/2026;16:40:00;185785,00;185835,00;185480,00;185505,00;3898792,00;105
WINM26;19/03/2026;16:30:00;185580,00;185870,00;185375,00;185780,00;4047355,00;109
WINM26;19/03/2026;16:20:00;186010,00;186010,00;185335,00;185575,00;11212261,00;302
WINM26;19/03/2026;16:10:00;186100,00;186545,00;185800,00;186150,00;10720210,00;288
WINM26;19/03/2026;16:00:00;184955,00;187015,00;184935,00;186085,00;54259514,00;1458
WINM26;19/03/2026;15:50:00;183975,00;185000,00;183965,00;184925,00;8601338,00;233
WINM26;19/03/2026;15:40:00;183980,00;184150,00;183935,00;184105,00;3165826,00;86
WINM26;19/03/2026;15:30:00;184280,00;184395,00;183980,00;183980,00;9693804,00;263
WINM26;19/03/2026;15:20:00;184160,00;184275,00;184125,00;184275,00;736770,00;20
WINM26;19/03/2026;15:10:00;184040,00;184350,00;184000,00;184200,00;6631776,00;180
WINM26;19/03/2026;15:00:00;183925,00;184085,00;183835,00;183955,00;2501727,00;68
WINM26;19/03/2026;14:50:00;184135,00;184145,00;183960,00;183960,00;956812,00;26
WINM26;19/03/2026;14:40:00;184185,00;184330,00;183985,00;184150,00;2687750,00;73
WINM26;19/03/2026;14:30:00;184270,00;184340,00;184080,00;184245,00;2394689,00;65
WINM26;19/03/2026;14:20:00;184235,00;184410,00;184190,00;184195,00;6819141,00;185
WINM26;19/03/2026;14:10:00;183645,00;184235,00;183645,00;184205,00;2908027,00;79
WINM26;19/03/2026;14:00:00;184005,00;184025,00;183600,00;183670,00;4079118,00;111
WINM26;19/03/2026;13:50:00;183870,00;184070,00;183710,00;184050,00;7684690,00;209
WINM26;19/03/2026;13:40:00;184080,00;184315,00;183870,00;183910,00;4380685,00;119
WINM26;19/03/2026;13:30:00;184100,00;184230,00;183965,00;184070,00;1840664,00;50
WINM26;19/03/2026;13:20:00;184075,00;184360,00;183920,00;184160,00;6112735,00;166
WINM26;19/03/2026;13:10:00;184420,00;184455,00;184070,00;184090,00;6888376,00;187
WINM26;19/03/2026;13:00:00;184270,00;184635,00;184270,00;184420,00;6898769,00;187
WINM26;19/03/2026;12:50:00;183900,00;184520,00;183895,00;184310,00;5491375,00;149
WINM26;19/03/2026;12:40:00;184075,00;184085,00;183540,00;184005,00;8492195,00;231
WINM26;19/03/2026;12:30:00;184335,00;184375,00;183890,00;184135,00;3644600,00;99
WINM26;19/03/2026;12:20:00;184530,00;184600,00;184200,00;184275,00;3724946,00;101
WINM26;19/03/2026;12:10:00;184765,00;184965,00;184430,00;184550,00;4987110,00;135
WINM26;19/03/2026;12:00:00;184110,00;184970,00;184110,00;184700,00;8532404,00;231
WINM26;19/03/2026;11:50:00;184100,00;184370,00;184010,00;184085,00;2321214,00;63
WINM26;19/03/2026;11:40:00;183975,00;184260,00;183890,00;184090,00;4454314,00;121
WINM26;19/03/2026;11:30:00;183395,00;184430,00;183360,00;183965,00;10669289,00;290
WINM26;19/03/2026;11:20:00;183550,00;183685,00;183250,00;183410,00;7044174,00;192
WINM26;19/03/2026;11:10:00;184165,00;184490,00;183580,00;183695,00;9647832,00;262
WINM26;19/03/2026;11:00:00;183665,00;184300,00;183665,00;184170,00;9972767,00;271
WINM26;19/03/2026;10:50:00;182925,00;183645,00;182835,00;183645,00;24368427,00;665
WINM26;19/03/2026;10:40:00;183190,00;183400,00;182775,00;182900,00;35790572,00;978
WINM26;19/03/2026;10:30:00;182325,00;183320,00;182000,00;183215,00;53985349,00;1479
WINM26;19/03/2026;10:20:00;182605,00;182915,00;182100,00;182370,00;31677190,00;868
WINM26;19/03/2026;10:10:00;181830,00;182690,00;181510,00;182605,00;34428666,00;946
WINM26;19/03/2026;10:00:00;182200,00;182200,00;181705,00;181995,00;21112480,00;580
WINM26;19/03/2026;09:50:00;181960,00;182350,00;181885,00;182225,00;10271621,00;282
WINM26;19/03/2026;09:40:00;181585,00;182180,00;181445,00;181915,00;41063187,00;1129
WINM26;19/03/2026;09:30:00;181770,00;181950,00;181320,00;181555,00;21065548,00;580
WINM26;19/03/2026;09:20:00;183045,00;183085,00;181520,00;181705,00;32678397,00;895
WINM26;19/03/2026;09:10:00;183730,00;183730,00;182950,00;183055,00;10148789,00;277
WINM26;19/03/2026;09:00:00;183870,00;184035,00;182735,00;183730,00;13865717,00;378
WINM26;18/03/2026;18:20:00;184785,00;184785,00;184600,00;184785,00;2105407,00;57
WINM26;18/03/2026;18:10:00;184305,00;184875,00;184280,00;184870,00;3950726,00;107
WINM26;18/03/2026;18:00:00;184345,00;184410,00;184130,00;184300,00;3390247,00;92
WINM26;18/03/2026;17:50:00;184745,00;184745,00;184300,00;184300,00;2731308,00;74
WINM26;18/03/2026;17:40:00;184565,00;184780,00;184565,00;184725,00;1440882,00;39
WINM26;18/03/2026;17:30:00;184555,00;184605,00;184495,00;184565,00;959719,00;26
WINM26;18/03/2026;17:20:00;184665,00;184855,00;184405,00;184500,00;3101774,00;84
WINM26;18/03/2026;17:10:00;184930,00;184930,00;184675,00;184685,00;4249784,00;115
WINM26;18/03/2026;17:00:00;185200,00;185240,00;184830,00;184965,00;1776979,00;48
WINM26;18/03/2026;16:50:00;185500,00;185510,00;185265,00;185320,00;3039641,00;82
WINM26;18/03/2026;16:40:00;185790,00;185820,00;185395,00;185500,00;10173239,00;274
WINM26;18/03/2026;16:30:00;185640,00;185860,00;185580,00;185745,00;4752679,00;128
WINM26;18/03/2026;16:20:00;185740,00;185800,00;185345,00;185650,00;40732863,00;1098
WINM26;18/03/2026;16:10:00;185925,00;185955,00;185670,00;185750,00;9364487,00;252
WINM26;18/03/2026;16:00:00;185540,00;186100,00;185325,00;185970,00;12927108,00;348
WINM26;18/03/2026;15:50:00;186285,00;186290,00;185550,00;185580,00;13086370,00;352
WINM26;18/03/2026;15:40:00;186175,00;186520,00;186135,00;186265,00;16656291,00;447
WINM26;18/03/2026;15:30:00;186595,00;186690,00;186175,00;186205,00;9546286,00;256
WINM26;18/03/2026;15:20:00;186465,00;186645,00;186355,00;186645,00;6639216,00;178
WINM26;18/03/2026;15:10:00;186615,00;186830,00;186270,00;186475,00;8469415,00;227
WINM26;18/03/2026;15:00:00;186875,00;187120,00;186480,00;186590,00;9633605,00;258
WINM26;18/03/2026;14:50:00;186660,00;187280,00;186510,00;186865,00;13792869,00;369
WINM26;18/03/2026;14:40:00;186385,00;186750,00;186205,00;186710,00;11379118,00;305
WINM26;18/03/2026;14:30:00;186340,00;186530,00;186025,00;186375,00;11586122,00;311
WINM26;18/03/2026;14:20:00;186470,00;186530,00;186340,00;186340,00;7420042,00;199
WINM26;18/03/2026;14:10:00;186500,00;186575,00;186375,00;186455,00;7683152,00;206
WINM26;18/03/2026;14:00:00;186830,00;186830,00;186420,00;186485,00;8283641,00;222
WINM26;18/03/2026;13:50:00;186160,00;186900,00;186160,00;186815,00;16484696,00;442
WINM26;18/03/2026;13:40:00;186000,00;186355,00;186000,00;186150,00;20788454,00;558
WINM26;18/03/2026;13:30:00;186245,00;186300,00;185845,00;186120,00;2270577,00;61
WINM26;18/03/2026;13:20:00;186020,00;186285,00;186000,00;186195,00;13777841,00;370
WINM26;18/03/2026;13:10:00;185725,00;186025,00;185700,00;185960,00;2045675,00;55
WINM26;18/03/2026;13:00:00;185700,00;185815,00;185495,00;185735,00;1336377,00;36
WINM26;18/03/2026;12:50:00;185875,00;185895,00;185685,00;185745,00;1003184,00;27
WINM26;18/03/2026;12:40:00;185750,00;185840,00;185750,00;185835,00;780401,00;21
WINM26;18/03/2026;12:30:00;185675,00;185715,00;185575,00;185655,00;1633903,00;44
WINM26;18/03/2026;12:20:00;185525,00;185625,00;185385,00;185615,00;3412937,00;92
WINM26;18/03/2026;12:10:00;186075,00;186075,00;185565,00;185565,00;1560737,00;42
WINM26;18/03/2026;12:00:00;185870,00;186220,00;185685,00;186140,00;2417817,00;65
WINM26;18/03/2026;11:50:00;185830,00;185895,00;185470,00;185875,00;1893974,00;51
WINM26;18/03/2026;11:40:00;185665,00;185800,00;185510,00;185755,00;1113959,00;30
WINM26;18/03/2026;11:30:00;185695,00;185890,00;185630,00;185635,00;1671601,00;45
WINM26;18/03/2026;11:20:00;186115,00;186160,00;185450,00;185570,00;6467278,00;174
WINM26;18/03/2026;11:10:00;186715,00;186715,00;186125,00;186155,00;2720951,00;73
WINM26;18/03/2026;11:00:00;186500,00;186800,00;186250,00;186730,00;4850832,00;130
WINM26;18/03/2026;10:50:00;186025,00;186495,00;185910,00;186490,00;12517889,00;336
WINM26;18/03/2026;10:40:00;186145,00;186145,00;185900,00;186045,00;7812075,00;210
WINM26;18/03/2026;10:30:00;185895,00;186295,00;185800,00;186055,00;9752095,00;262
WINM26;18/03/2026;10:20:00;185605,00;185980,00;185550,00;185845,00;3863625,00;104
WINM26;18/03/2026;10:10:00;185255,00;185675,00;185125,00;185600,00;8563263,00;231
WINM26;18/03/2026;10:00:00;184870,00;185270,00;184785,00;185255,00;17432534,00;471
WINM26;18/03/2026;09:50:00;185305,00;185395,00;184810,00;184900,00;31465412,00;850
WINM26;18/03/2026;09:40:00;185980,00;185990,00;185225,00;185295,00;34645312,00;934
WINM26;18/03/2026;09:30:00;186145,00;186215,00;185840,00;185900,00;19898348,00;535
WINM26;18/03/2026;09:20:00;186000,00;186310,00;185590,00;186280,00;22156557,00;595
WINM26;18/03/2026;09:10:00;186100,00;186400,00;185815,00;186015,00;5398991,00;145
WINM26;18/03/2026;09:00:00;186350,00;187100,00;185555,00;186195,00;23062352,00;618
WINM26;17/03/2026;18:20:00;186125,00;186240,00;186085,00;186085,00;8193499,00;220
WINM26;17/03/2026;18:10:00;186200,00;186230,00;186125,00;186135,00;819216,00;22
WINM26;17/03/2026;18:00:00;186200,00;186250,00;186065,00;186190,00;1749501,00;47
WINM26;17/03/2026;17:50:00;186195,00;186280,00;186100,00;186190,00;1712799,00;46
WINM26;17/03/2026;17:40:00;186030,00;186240,00;185980,00;186195,00;2233265,00;60
WINM26;17/03/2026;17:30:00;186125,00;186125,00;186050,00;186050,00;781555,00;21
WINM26;17/03/2026;17:20:00;186200,00;186230,00;186145,00;186165,00;1154290,00;31
WINM26;17/03/2026;17:10:00;186200,00;186250,00;186075,00;186220,00;13591837,00;365
WINM26;17/03/2026;17:00:00;185850,00;186190,00;185830,00;186130,00;3386402,00;91
WINM26;17/03/2026;16:50:00;185730,00;185915,00;185615,00;185905,00;6576585,00;177
WINM26;17/03/2026;16:40:00;185700,00;185940,00;185660,00;185775,00;11520545,00;310
WINM26;17/03/2026;16:30:00;185940,00;186000,00;185685,00;185780,00;9105113,00;245
WINM26;17/03/2026;16:20:00;185950,00;186120,00;185735,00;185865,00;4759358,00;128
WINM26;17/03/2026;16:10:00;186205,00;186415,00;185860,00;186005,00;32259978,00;866
WINM26;17/03/2026;16:00:00;186245,00;186285,00;185975,00;186200,00;5658349,00;152
WINM26;17/03/2026;15:50:00;186310,00;186525,00;186175,00;186240,00;7304978,00;196
WINM26;17/03/2026;15:40:00;186410,00;186410,00;185765,00;186300,00;23069335,00;620
WINM26;17/03/2026;15:30:00;186660,00;186780,00;186300,00;186360,00;13437170,00;360
WINM26;17/03/2026;15:20:00;187150,00;187155,00;186575,00;186610,00;33092666,00;886
WINM26;17/03/2026;15:10:00;187520,00;187580,00;187090,00;187150,00;7642324,00;204
WINM26;17/03/2026;15:00:00;187395,00;187715,00;187395,00;187545,00;2100544,00;56
WINM26;17/03/2026;14:50:00;187255,00;187515,00;187225,00;187385,00;2773297,00;74
WINM26;17/03/2026;14:40:00;187245,00;187325,00;187125,00;187300,00;3145617,00;84
WINM26;17/03/2026;14:30:00;187180,00;187235,00;186985,00;187235,00;4490168,00;120
WINM26;17/03/2026;14:20:00;187120,00;187205,00;187040,00;187185,00;1609347,00;43
WINM26;17/03/2026;14:10:00;186990,00;187025,00;186925,00;186975,00;934936,00;25
WINM26;17/03/2026;14:00:00;187075,00;187245,00;186975,00;187025,00;3517903,00;94
WINM26;17/03/2026;13:50:00;186950,00;187200,00;186950,00;187125,00;4864050,00;130
WINM26;17/03/2026;13:40:00;186900,00;187075,00;186795,00;186955,00;6916502,00;185
WINM26;17/03/2026;13:30:00;187205,00;187220,00;186725,00;186825,00;11033026,00;295
WINM26;17/03/2026;13:20:00;186925,00;187285,00;186840,00;187225,00;9990224,00;267
WINM26;17/03/2026;13:10:00;186505,00;186925,00;186500,00;186865,00;6984900,00;187
WINM26;17/03/2026;13:00:00;186540,00;186685,00;186350,00;186415,00;3208094,00;86
WINM26;17/03/2026;12:50:00;186225,00;186540,00;186225,00;186540,00;5256216,00;141
WINM26;17/03/2026;12:40:00;186060,00;186400,00;186000,00;186240,00;4506472,00;121
WINM26;17/03/2026;12:30:00;186345,00;186455,00;186080,00;186140,00;2495971,00;67
WINM26;17/03/2026;12:20:00;186500,00;186595,00;186100,00;186285,00;23627101,00;634
WINM26;17/03/2026;12:10:00;187240,00;187300,00;186470,00;186500,00;25175228,00;674
WINM26;17/03/2026;12:00:00;187575,00;187635,00;187105,00;187305,00;8770978,00;234
WINM26;17/03/2026;11:50:00;187600,00;187740,00;187560,00;187620,00;2889678,00;77
WINM26;17/03/2026;11:40:00;187430,00;187800,00;187430,00;187615,00;3752694,00;100
WINM26;17/03/2026;11:30:00;187645,00;187820,00;187375,00;187375,00;6679222,00;178
WINM26;17/03/2026;11:20:00;187955,00;188070,00;187580,00;187690,00;10743277,00;286
WINM26;17/03/2026;11:10:00;188280,00;188280,00;187785,00;187950,00;12860239,00;342
WINM26;17/03/2026;11:00:00;188300,00;188560,00;188015,00;188400,00;7794618,00;207
WINM26;17/03/2026;10:50:00;188375,00;188545,00;188135,00;188385,00;22366644,00;594
WINM26;17/03/2026;10:40:00;187455,00;188380,00;187415,00;188325,00;17296350,00;460
WINM26;17/03/2026;10:30:00;187635,00;187655,00;186940,00;187600,00;17451771,00;466
WINM26;17/03/2026;10:20:00;186740,00;187615,00;186725,00;187580,00;12435642,00;332
WINM26;17/03/2026;10:10:00;186140,00;186915,00;186105,00;186795,00;14277421,00;383
WINM26;17/03/2026;10:00:00;185875,00;186200,00;185630,00;186105,00;7811378,00;210
WINM26;17/03/2026;09:50:00;186290,00;186290,00;185855,00;185900,00;2269761,00;61
WINM26;17/03/2026;09:40:00;186685,00;186715,00;186250,00;186250,00;1491934,00;40
WINM26;17/03/2026;09:30:00;186340,00;186650,00;186270,00;186595,00;23467729,00;629
WINM26;17/03/2026;09:20:00;185745,00;186240,00;185745,00;186205,00;4428503,00;119
WINM26;17/03/2026;09:10:00;186275,00;186540,00;185745,00;185860,00;15299476,00;411
WINM26;17/03/2026;09:00:00;185895,00;186365,00;184715,00;186360,00;25227398,00;680
WINM26;16/03/2026;18:20:00;186005,00;186095,00;185960,00;186095,00;706793,00;19
WINM26;16/03/2026;18:10:00;185940,00;186045,00;185940,00;186005,00;6323448,00;170
WINM26;16/03/2026;18:00:00;185960,00;186000,00;185900,00;186000,00;5877125,00;158
WINM26;16/03/2026;17:50:00;185980,00;186075,00;185955,00;185970,00;1339401,00;36
WINM26;16/03/2026;17:40:00;186065,00;186100,00;185910,00;185945,00;1896769,00;51
WINM26;16/03/2026;17:30:00;185855,00;186050,00;185855,00;185945,00;1227439,00;33
WINM26;16/03/2026;17:20:00;185855,00;185945,00;185800,00;185905,00;9479524,00;255
WINM26;16/03/2026;17:10:00;185840,00;186015,00;185840,00;185855,00;2045445,00;55
WINM26;16/03/2026;17:00:00;186085,00;186085,00;185680,00;185800,00;11414530,00;307
WINM26;16/03/2026;16:50:00;185900,00;186165,00;185900,00;186085,00;1934807,00;52
WINM26;16/03/2026;16:40:00;186230,00;186230,00;185955,00;186005,00;1860455,00;50
WINM26;16/03/2026;16:30:00;186235,00;186450,00;186235,00;186280,00;484551,00;13
WINM26;16/03/2026;16:20:00;186740,00;186740,00;186300,00;186360,00;2125280,00;57
WINM26;16/03/2026;16:10:00;186875,00;186980,00;186600,00;186725,00;12782859,00;342
WINM26;16/03/2026;16:00:00;186690,00;186800,00;186500,00;186790,00;1903850,00;51
WINM26;16/03/2026;15:50:00;186665,00;186775,00;186590,00;186635,00;933441,00;25
WINM26;16/03/2026;15:40:00;186650,00;186835,00;186650,00;186700,00;1643528,00;44
WINM26;16/03/2026;15:30:00;186575,00;186750,00;186530,00;186595,00;2538862,00;68
WINM26;16/03/2026;15:20:00;186695,00;186855,00;186550,00;186605,00;4517436,00;121
WINM26;16/03/2026;15:10:00;186725,00;186805,00;186560,00;186600,00;2389673,00;64
WINM26;16/03/2026;15:00:00;186400,00;186705,00;186400,00;186665,00;12354762,00;331
WINM26;16/03/2026;14:50:00;186000,00;186350,00;185980,00;186350,00;1266320,00;34
WINM26;16/03/2026;14:40:00;186075,00;186240,00;186020,00;186030,00;2010591,00;54
WINM26;16/03/2026;14:30:00;186125,00;186140,00;185945,00;186050,00;781341,00;21
WINM26;16/03/2026;14:20:00;185975,00;186270,00;185965,00;186125,00;4392715,00;118
WINM26;16/03/2026;14:10:00;185800,00;186065,00;185800,00;185920,00;9262043,00;249
WINM26;16/03/2026;14:00:00;185640,00;185855,00;185555,00;185770,00;3193811,00;86
WINM26;16/03/2026;13:50:00;185620,00;185670,00;185560,00;185605,00;668183,00;18
WINM26;16/03/2026;13:40:00;185675,00;185900,00;185600,00;185710,00;4271803,00;115
WINM26;16/03/2026;13:30:00;185545,00;185675,00;185235,00;185675,00;5935261,00;160
WINM26;16/03/2026;13:20:00;186000,00;186000,00;185535,00;185545,00;41424387,00;1115
WINM26;16/03/2026;13:10:00;186110,00;186145,00;185910,00;186055,00;2306935,00;62
WINM26;16/03/2026;13:00:00;185955,00;186140,00;185885,00;186090,00;2864193,00;77
WINM26;16/03/2026;12:50:00;185950,00;186005,00;185740,00;185995,00;8846436,00;238
WINM26;16/03/2026;12:40:00;186020,00;186200,00;186000,00;186000,00;4167131,00;112
WINM26;16/03/2026;12:30:00;186115,00;186325,00;186055,00;186100,00;48083588,00;1291
WINM26;16/03/2026;12:20:00;186000,00;186115,00;186000,00;186000,00;558183,00;15
WINM26;16/03/2026;12:10:00;186000,00;186050,00;185800,00;186000,00;1264183,00;34
WINM26;16/03/2026;12:00:00;186150,00;186200,00;185900,00;186045,00;1861131,00;50
WINM26;16/03/2026;11:50:00;185740,00;186140,00;185700,00;186035,00;8144404,00;219
WINM26;16/03/2026;11:40:00;185955,00;186055,00;185735,00;185855,00;25776935,00;693
WINM26;16/03/2026;11:30:00;186620,00;186620,00;185865,00;185940,00;11466103,00;308
WINM26;16/03/2026;11:20:00;186800,00;186800,00;186590,00;186590,00;14260305,00;382
WINM26;16/03/2026;11:10:00;186885,00;187000,00;186750,00;186855,00;897026,00;24
WINM26;16/03/2026;11:00:00;186980,00;187080,00;186685,00;186910,00;3102369,00;83
WINM26;16/03/2026;10:50:00;186715,00;187165,00;186600,00;187030,00;2729067,00;73
WINM26;16/03/2026;10:40:00;186840,00;187190,00;186500,00;186700,00;6953702,00;186
WINM26;16/03/2026;10:30:00;186135,00;186865,00;186075,00;186850,00;3357577,00;90
WINM26;16/03/2026;10:20:00;186300,00;186535,00;186100,00;186235,00;3278845,00;88
WINM26;16/03/2026;10:10:00;186500,00;186750,00;186375,00;186460,00;4178821,00;112
WINM26;16/03/2026;10:00:00;186245,00;186710,00;186160,00;186480,00;4252390,00;114
WINM26;16/03/2026;09:50:00;186825,00;186865,00;186300,00;186305,00;15764314,00;422
WINM26;16/03/2026;09:40:00;187095,00;187095,00;186695,00;186785,00;48685139,00;1303
WINM26;16/03/2026;09:30:00;186780,00;187215,00;186750,00;187100,00;9502915,00;254
WINM26;16/03/2026;09:20:00;186400,00;186820,00;186305,00;186795,00;7947161,00;213
WINM26;16/03/2026;09:10:00;186135,00;186690,00;186115,00;186560,00;5704186,00;153
WINM26;16/03/2026;09:00:00;185815,00;186275,00;185125,00;186135,00;15741209,00;424
WINM26;13/03/2026;18:20:00;183460,00;183860,00;183400,00;183860,00;2386505,00;65
WINM26;13/03/2026;18:10:00;183350,00;183565,00;183305,00;183420,00;10530145,00;287
WINM26;13/03/2026;18:00:00;183565,00;183600,00;183365,00;183380,00;5686322,00;155
WINM26;13/03/2026;17:50:00;183500,00;183575,00;183415,00;183575,00;1761435,00;48
WINM26;13/03/2026;17:40:00;183675,00;183750,00;183540,00;183605,00;5361356,00;146
WINM26;13/03/2026;17:30:00;183695,00;183715,00;183580,00;183680,00;1506135,00;41
WINM26;13/03/2026;17:20:00;183835,00;183835,00;183700,00;183700,00;1065833,00;29
WINM26;13/03/2026;17:10:00;183935,00;183935,00;183775,00;183800,00;3089509,00;84
WINM26;13/03/2026;17:00:00;183740,00;183960,00;183600,00;183915,00;8896506,00;242
WINM26;13/03/2026;16:50:00;183325,00;183800,00;183270,00;183800,00;17216610,00;469
WINM26;13/03/2026;16:40:00;183390,00;183415,00;183175,00;183360,00;13452661,00;367
WINM26;13/03/2026;16:30:00;183525,00;183545,00;183300,00;183405,00;7118551,00;194
WINM26;13/03/2026;16:20:00;183975,00;183975,00;183390,00;183390,00;8189262,00;223
WINM26;13/03/2026;16:10:00;184190,00;184265,00;183950,00;184085,00;27772294,00;754
WINM26;13/03/2026;16:00:00;184340,00;184385,00;184150,00;184190,00;31578735,00;857
WINM26;13/03/2026;15:50:00;184550,00;184575,00;184250,00;184350,00;37278292,00;1011
WINM26;13/03/2026;15:40:00;184640,00;184850,00;184570,00;184570,00;13965691,00;378
WINM26;13/03/2026;15:30:00;184250,00;184715,00;184250,00;184645,00;6275293,00;170
WINM26;13/03/2026;15:20:00;183970,00;184335,00;183905,00;184285,00;24485880,00;665
WINM26;13/03/2026;15:10:00;184090,00;184275,00;183900,00;183960,00;26398493,00;717
WINM26;13/03/2026;15:00:00;184150,00;184420,00;184000,00;184115,00;38575850,00;1047
WINM26;13/03/2026;14:50:00;183750,00;184150,00;183600,00;184110,00;30351040,00;825
WINM26;13/03/2026;14:40:00;184505,00;184505,00;183800,00;183835,00;62722746,00;1703
WINM26;13/03/2026;14:30:00;184520,00;184615,00;184340,00;184455,00;51579343,00;1398
WINM26;13/03/2026;14:20:00;184885,00;184900,00;184435,00;184455,00;40982692,00;1110
WINM26;13/03/2026;14:10:00;184800,00;185100,00;184630,00;184890,00;35524315,00;961
WINM26;13/03/2026;14:00:00;185140,00;185165,00;184900,00;184900,00;6327066,00;171
WINM26;13/03/2026;13:50:00;185025,00;185305,00;185025,00;185130,00;10295727,00;278
WINM26;13/03/2026;13:40:00;184910,00;185140,00;184800,00;184960,00;3773957,00;102
WINM26;13/03/2026;13:30:00;184780,00;185090,00;184645,00;184885,00;18640493,00;504
WINM26;13/03/2026;13:20:00;184870,00;184870,00;184530,00;184560,00;12413915,00;336
WINM26;13/03/2026;13:10:00;184640,00;184925,00;184590,00;184890,00;17000748,00;460
WINM26;13/03/2026;13:00:00;184630,00;184910,00;184555,00;184600,00;8649121,00;234
WINM26;13/03/2026;12:50:00;184780,00;184850,00;184600,00;184700,00;25859218,00;700
WINM26;13/03/2026;12:40:00;184860,00;185200,00;184540,00;184770,00;30846661,00;834
WINM26;13/03/2026;12:30:00;184580,00;184800,00;184475,00;184735,00;2621930,00;71
WINM26;13/03/2026;12:20:00;184845,00;184855,00;184290,00;184505,00;7679428,00;208
WINM26;13/03/2026;12:10:00;185135,00;185300,00;184800,00;184800,00;35276747,00;953
WINM26;13/03/2026;12:00:00;185245,00;185330,00;184985,00;185150,00;32594858,00;880
WINM26;13/03/2026;11:50:00;185685,00;185775,00;185100,00;185300,00;62959718,00;1698
WINM26;13/03/2026;11:40:00;185825,00;185865,00;185425,00;185625,00;11100856,00;299
WINM26;13/03/2026;11:30:00;185675,00;186355,00;185675,00;185985,00;4652270,00;125
WINM26;13/03/2026;11:20:00;186055,00;186090,00;185630,00;185730,00;4682728,00;126
WINM26;13/03/2026;11:10:00;186330,00;186350,00;185825,00;185960,00;5581774,00;150
WINM26;13/03/2026;11:00:00;186600,00;186705,00;186240,00;186450,00;7791617,00;209
WINM26;13/03/2026;10:50:00;186625,00;186865,00;186550,00;186750,00;4293728,00;115
WINM26;13/03/2026;10:40:00;186945,00;187055,00;186600,00;186625,00;4858578,00;130
WINM26;13/03/2026;10:30:00;186815,00;187070,00;186500,00;186910,00;11402489,00;305
WINM26;13/03/2026;10:20:00;186450,00;186950,00;186400,00;186775,00;9899078,00;265
WINM26;13/03/2026;10:10:00;186100,00;186610,00;186100,00;186445,00;7944463,00;213
WINM26;13/03/2026;10:00:00;185700,00;186110,00;185645,00;185985,00;3234432,00;87
WINM26;13/03/2026;09:50:00;186060,00;186230,00;185800,00;185815,00;1747324,00;47
WINM26;13/03/2026;09:40:00;185990,00;186500,00;185800,00;186095,00;5028324,00;135
WINM26;13/03/2026;09:30:00;186315,00;186485,00;185990,00;186020,00;3278337,00;88
WINM26;13/03/2026;09:20:00;186090,00;186350,00;186000,00;186180,00;4393580,00;118
WINM26;13/03/2026;09:10:00;185800,00;186210,00;185415,00;186045,00;8472371,00;228
WINM26;13/03/2026;09:00:00;186000,00;186215,00;185600,00;185930,00;17624834,00;474
WINM26;12/03/2026;18:20:00;185050,00;185125,00;185020,00;185120,00;4552110,00;123
WINM26;12/03/2026;18:10:00;185080,00;185100,00;184880,00;185100,00;1221115,00;33
WINM26;12/03/2026;18:00:00;184925,00;184980,00;184900,00;184980,00;480817,00;13
WINM26;12/03/2026;17:50:00;185035,00;185110,00;184970,00;184970,00;1628513,00;44
WINM26;12/03/2026;17:40:00;184965,00;185050,00;184965,00;184975,00;1257850,00;34
WINM26;12/03/2026;17:30:00;185075,00;185075,00;184825,00;184900,00;2811176,00;76
WINM26;12/03/2026;17:20:00;185135,00;185180,00;185090,00;185180,00;370302,00;10
WINM26;12/03/2026;17:10:00;185080,00;185210,00;184955,00;185145,00;4219987,00;114
WINM26;12/03/2026;17:00:00;185010,00;185330,00;185010,00;185145,00;7520768,00;203
WINM26;12/03/2026;16:50:00;185075,00;185120,00;184900,00;185035,00;5994048,00;162
WINM26;12/03/2026;16:40:00;185655,00;185655,00;185075,00;185135,00;6447473,00;174
WINM26;12/03/2026;16:30:00;185550,00;185870,00;185550,00;185795,00;14046231,00;378
WINM26;12/03/2026;16:20:00;185490,00;185645,00;185395,00;185485,00;2671421,00;72
WINM26;12/03/2026;16:10:00;185590,00;185675,00;185400,00;185465,00;2226722,00;60
WINM26;12/03/2026;16:00:00;185410,00;185600,00;185240,00;185600,00;6749712,00;182
WINM26;12/03/2026;15:50:00;185145,00;185590,00;185130,00;185475,00;22356501,00;603
WINM26;12/03/2026;15:40:00;185260,00;185260,00;185075,00;185135,00;12923953,00;349
WINM26;12/03/2026;15:30:00;185210,00;185295,00;185065,00;185250,00;25480556,00;688
WINM26;12/03/2026;15:20:00;185390,00;185415,00;185125,00;185245,00;27676942,00;747
WINM26;12/03/2026;15:10:00;185465,00;185600,00;185305,00;185425,00;2002911,00;54
WINM26;12/03/2026;15:00:00;185350,00;185525,00;185260,00;185470,00;24878428,00;671
WINM26;12/03/2026;14:50:00;185460,00;185550,00;185095,00;185310,00;39239688,00;1059
WINM26;12/03/2026;14:40:00;185840,00;185960,00;185360,00;185445,00;8238422,00;222
WINM26;12/03/2026;14:30:00;185690,00;185860,00;185560,00;185860,00;9545155,00;257
WINM26;12/03/2026;14:20:00;185600,00;185975,00;185600,00;185675,00;4718607,00;127
WINM26;12/03/2026;14:10:00;185790,00;185930,00;185610,00;185680,00;2897650,00;78
WINM26;12/03/2026;14:00:00;185830,00;186080,00;185790,00;185800,00;5653090,00;152
WINM26;12/03/2026;13:50:00;185800,00;185855,00;185655,00;185680,00;1857515,00;50
WINM26;12/03/2026;13:40:00;185770,00;185875,00;185465,00;185765,00;1076698,00;29
WINM26;12/03/2026;13:30:00;185540,00;185855,00;185440,00;185855,00;2116483,00;57
WINM26;12/03/2026;13:20:00;185625,00;185985,00;185485,00;185610,00;3900847,00;105
WINM26;12/03/2026;13:10:00;185410,00;185720,00;185260,00;185640,00;6379358,00;172
WINM26;12/03/2026;13:00:00;185405,00;185850,00;185380,00;185410,00;5083642,00;137
WINM26;12/03/2026;12:50:00;185400,00;185500,00;185250,00;185500,00;4115714,00;111
WINM26;12/03/2026;12:40:00;185560,00;185810,00;185200,00;185305,00;6602164,00;178
WINM26;12/03/2026;12:30:00;184970,00;185660,00;184945,00;185660,00;22667206,00;612
WINM26;12/03/2026;12:20:00;184805,00;185200,00;184620,00;185015,00;52934815,00;1431
WINM26;12/03/2026;12:10:00;184780,00;184805,00;184440,00;184705,00;46915931,00;1270
WINM26;12/03/2026;12:00:00;185230,00;185325,00;184740,00;184795,00;70384257,00;1903
WINM26;12/03/2026;11:50:00;185385,00;185425,00;185115,00;185255,00;113459561,00;3062
WINM26;12/03/2026;11:40:00;185425,00;186115,00;185275,00;185320,00;68294016,00;1840
WINM26;12/03/2026;11:30:00;185680,00;185770,00;185335,00;185415,00;105102405,00;2833
WINM26;12/03/2026;11:20:00;185560,00;185895,00;185450,00;185735,00;16114540,00;434
WINM26;12/03/2026;11:10:00;185800,00;186040,00;185535,00;185600,00;32355182,00;871
WINM26;12/03/2026;11:00:00;185855,00;185990,00;185590,00;185800,00;14937764,00;402
WINM26;12/03/2026;10:50:00;186000,00;186300,00;185465,00;185700,00;74205272,00;1997
WINM26;12/03/2026;10:40:00;186260,00;186260,00;185230,00;185970,00;127159341,00;3425
WINM26;12/03/2026;10:30:00;187185,00;187300,00;186290,00;186325,00;9265669,00;248
WINM26;12/03/2026;10:20:00;186860,00;187300,00;186600,00;187300,00;9644266,00;258
WINM26;12/03/2026;10:10:00;187700,00;187835,00;186860,00;186900,00;6178483,00;165
WINM26;12/03/2026;10:00:00;187695,00;188000,00;187400,00;187870,00;3940939,00;105
WINM26;12/03/2026;09:50:00;188005,00;188250,00;187550,00;187615,00;6724761,00;179
WINM26;12/03/2026;09:40:00;187765,00;188005,00;187610,00;188005,00;2216280,00;59
WINM26;12/03/2026;09:30:00;188000,00;188010,00;187600,00;187765,00;12770840,00;340
WINM26;12/03/2026;09:20:00;187630,00;188000,00;187280,00;187985,00;10886478,00;290
WINM26;12/03/2026;09:10:00;187755,00;187785,00;187355,00;187555,00;9676700,00;258
WINM26;12/03/2026;09:00:00;189135,00;189240,00;187685,00;187770,00;24250055,00;643
WINM26;11/03/2026;18:20:00;189895,00;189895,00;189870,00;189870,00;493672,00;13
WINM26;11/03/2026;18:10:00;189900,00;189985,00;189875,00;189940,00;911744,00;24
WINM26;11/03/2026;18:00:00;190100,00;190175,00;189700,00;189840,00;5087067,00;134
WINM26;11/03/2026;17:50:00;190075,00;190095,00;190000,00;190055,00;1064187,00;28
WINM26;11/03/2026;17:40:00;190225,00;190225,00;190075,00;190075,00;228173,00;6
WINM26;11/03/2026;17:30:00;190065,00;190200,00;190000,00;190200,00;2319261,00;61
WINM26;11/03/2026;17:20:00;190100,00;190100,00;189975,00;190040,00;2508466,00;66
WINM26;11/03/2026;17:10:00;190210,00;190275,00;190100,00;190175,00;1635576,00;43
WINM26;11/03/2026;17:00:00;190135,00;190280,00;190010,00;190260,00;1825803,00;48
WINM26;11/03/2026;16:50:00;190000,00;190225,00;190000,00;190165,00;1330861,00;35
WINM26;11/03/2026;16:40:00;190230,00;190245,00;189950,00;189950,00;1178725,00;31
WINM26;11/03/2026;16:30:00;189910,00;190200,00;189820,00;190200,00;3837988,00;101
WINM26;11/03/2026;16:20:00;189640,00;189875,00;189640,00;189860,00;1973516,00;52
WINM26;11/03/2026;16:10:00;189375,00;189680,00;189305,00;189680,00;2653245,00;70
WINM26;11/03/2026;16:00:00;189600,00;189600,00;189330,00;189420,00;4016125,00;106
WINM26;11/03/2026;15:50:00;189615,00;189805,00;189570,00;189675,00;2010886,00;53
WINM26;11/03/2026;15:40:00;189555,00;189745,00;189540,00;189550,00;3299988,00;87
WINM26;11/03/2026;15:30:00;189435,00;189690,00;189435,00;189660,00;1213236,00;32
WINM26;11/03/2026;15:20:00;189445,00;189545,00;189270,00;189435,00;1742682,00;46
WINM26;11/03/2026;15:10:00;189090,00;189530,00;188945,00;189455,00;4694702,00;124
WINM26;11/03/2026;15:00:00;189245,00;189345,00;189095,00;189140,00;2081686,00;55
WINM26;11/03/2026;14:50:00;189290,00;189500,00;189100,00;189255,00;2574523,00;68
WINM26;11/03/2026;14:40:00;188955,00;189320,00;188955,00;189250,00;3215446,00;85
WINM26;11/03/2026;14:30:00;189800,00;189805,00;188750,00;188930,00;8360585,00;221
WINM26;11/03/2026;14:20:00;189390,00;189750,00;189390,00;189730,00;1517432,00;40
WINM26;11/03/2026;14:10:00;189760,00;189775,00;189230,00;189275,00;7200865,00;190
WINM26;11/03/2026;14:00:00;189730,00;189785,00;189610,00;189690,00;1441547,00;38
WINM26;11/03/2026;13:50:00;189675,00;189815,00;189675,00;189675,00;1517862,00;40
WINM26;11/03/2026;13:40:00;189485,00;189660,00;189405,00;189530,00;2084726,00;55
WINM26;11/03/2026;13:30:00;189330,00;189820,00;189330,00;189390,00;8190211,00;216
WINM26;11/03/2026;13:20:00;189255,00;189415,00;189170,00;189260,00;4429473,00;117
WINM26;11/03/2026;13:10:00;189465,00;189515,00;189200,00;189245,00;4998469,00;132
WINM26;11/03/2026;13:00:00;189520,00;189615,00;189375,00;189410,00;4017296,00;106
WINM26;11/03/2026;12:50:00;189700,00;189915,00;189535,00;189580,00;2162410,00;57
WINM26;11/03/2026;12:40:00;189960,00;189965,00;189625,00;189750,00;3833289,00;101
WINM26;11/03/2026;12:30:00;190240,00;190240,00;189775,00;189955,00;7105521,00;187
WINM26;11/03/2026;12:20:00;190245,00;190540,00;190185,00;190195,00;9477126,00;249
WINM26;11/03/2026;12:10:00;190800,00;190915,00;190170,00;190270,00;51336401,00;1349
WINM26;11/03/2026;12:00:00;190985,00;191105,00;190505,00;190615,00;3356744,00;88
WINM26;11/03/2026;11:50:00;190985,00;191200,00;190600,00;190975,00;4085795,00;107
WINM26;11/03/2026;11:40:00;190780,00;191130,00;190650,00;190950,00;4810622,00;126
WINM26;11/03/2026;11:30:00;190905,00;191135,00;190630,00;190750,00;4428331,00;116
WINM26;11/03/2026;11:20:00;191590,00;191780,00;190850,00;190990,00;7918031,00;207
WINM26;11/03/2026;11:10:00;191960,00;191990,00;191500,00;191625,00;11966998,00;312
WINM26;11/03/2026;11:00:00;191300,00;192080,00;191250,00;192035,00;16215985,00;423
WINM26;11/03/2026;10:50:00;191155,00;191445,00;190810,00;191350,00;7418327,00;194
WINM26;11/03/2026;10:40:00;190755,00;191145,00;190445,00;191080,00;33464400,00;877
WINM26;11/03/2026;10:30:00;190145,00;190760,00;189800,00;190730,00;64024496,00;1683
WINM26;11/03/2026;10:20:00;189340,00;190165,00;189150,00;190130,00;12477118,00;329
WINM26;11/03/2026;10:10:00;188280,00;189390,00;188270,00;189390,00;11675548,00;309
WINM26;11/03/2026;10:00:00;187955,00;188380,00;187915,00;188250,00;15992205,00;425
WINM26;11/03/2026;09:50:00;187685,00;188025,00;187600,00;187920,00;8865783,00;236
WINM26;11/03/2026;09:40:00;188085,00;188300,00;187655,00;187705,00;12813831,00;341
WINM26;11/03/2026;09:30:00;189000,00;189095,00;187900,00;188015,00;19737288,00;524
WINM26;11/03/2026;09:20:00;189025,00;189200,00;188840,00;188930,00;4384638,00;116
WINM26;11/03/2026;09:10:00;189555,00;189565,00;188900,00;188965,00;17242995,00;456
WINM26;11/03/2026;09:00:00;189850,00;190250,00;189300,00;189595,00;11770084,00;310
WINM26;10/03/2026;18:20:00;189745,00;189860,00;189740,00;189805,00;873079,00;23
WINM26;10/03/2026;18:10:00;190125,00;190125,00;189745,00;189745,00;2583133,00;68
WINM26;10/03/2026;18:00:00;190125,00;190180,00;189965,00;190145,00;2053140,00;54
WINM26;10/03/2026;17:50:00;190000,00;190200,00;189985,00;190145,00;1597069,00;42
WINM26;10/03/2026;17:40:00;190145,00;190145,00;190025,00;190025,00;532228,00;14
WINM26;10/03/2026;17:30:00;190110,00;190245,00;190050,00;190130,00;2471972,00;65
WINM26;10/03/2026;17:20:00;189980,00;190105,00;189980,00;190105,00;2622882,00;69
WINM26;10/03/2026;17:10:00;189750,00;190015,00;189700,00;189900,00;18729959,00;493
WINM26;10/03/2026;17:00:00;189595,00;189890,00;189500,00;189715,00;27663813,00;729
WINM26;10/03/2026;16:50:00;189820,00;189820,00;189385,00;189575,00;15842289,00;418
WINM26;10/03/2026;16:40:00;189815,00;190120,00;189720,00;189725,00;6038830,00;159
WINM26;10/03/2026;16:30:00;190005,00;190005,00;189540,00;189840,00;7933259,00;209
WINM26;10/03/2026;16:20:00;190580,00;190595,00;189925,00;190015,00;5401316,00;142
WINM26;10/03/2026;16:10:00;190350,00;190600,00;190240,00;190540,00;1142480,00;30
WINM26;10/03/2026;16:00:00;190260,00;190410,00;190260,00;190370,00;456878,00;12
WINM26;10/03/2026;15:50:00;190460,00;190650,00;190175,00;190310,00;5367726,00;141
WINM26;10/03/2026;15:40:00;190550,00;190555,00;190240,00;190335,00;4949438,00;130
WINM26;10/03/2026;15:30:00;190645,00;190830,00;190470,00;190555,00;2516581,00;66
WINM26;10/03/2026;15:20:00;190135,00;190865,00;190085,00;190610,00;10551659,00;277
WINM26;10/03/2026;15:10:00;191015,00;191155,00;189875,00;190140,00;102472299,00;2690
WINM26;10/03/2026;15:00:00;191015,00;191180,00;190925,00;191095,00;5961568,00;156
WINM26;10/03/2026;14:50:00;190915,00;191080,00;190880,00;191050,00;6645897,00;174
WINM26;10/03/2026;14:40:00;191025,00;191200,00;190900,00;190900,00;3553858,00;93
WINM26;10/03/2026;14:30:00;191725,00;191730,00;190950,00;190950,00;21802369,00;570
WINM26;10/03/2026;14:20:00;191500,00;191805,00;191300,00;191735,00;16670497,00;435
WINM26;10/03/2026;14:10:00;191135,00;191705,00;191125,00;191455,00;19483358,00;509
WINM26;10/03/2026;14:00:00;190740,00;191160,00;190715,00;191110,00;76807153,00;2011
WINM26;10/03/2026;13:50:00;190325,00;190805,00;190325,00;190715,00;28983481,00;761
WINM26;10/03/2026;13:40:00;190380,00;190550,00;190255,00;190350,00;13171047,00;346
WINM26;10/03/2026;13:30:00;190260,00;190480,00;190260,00;190385,00;11341766,00;298
WINM26;10/03/2026;13:20:00;190250,00;190260,00;190080,00;190240,00;1293295,00;34
WINM26;10/03/2026;13:10:00;190215,00;190360,00;190080,00;190320,00;3157405,00;83
WINM26;10/03/2026;13:00:00;190355,00;190500,00;190010,00;190215,00;4488210,00;118
WINM26;10/03/2026;12:50:00;190200,00;190500,00;190020,00;190415,00;16399124,00;431
WINM26;10/03/2026;12:40:00;189995,00;190175,00;189880,00;190155,00;3345476,00;88
WINM26;10/03/2026;12:30:00;189860,00;190135,00;189685,00;190025,00;5354930,00;141
WINM26;10/03/2026;12:20:00;190440,00;190500,00;189835,00;189835,00;5323669,00;140
WINM26;10/03/2026;12:10:00;190185,00;190420,00;190000,00;190370,00;13692381,00;360
WINM26;10/03/2026;12:00:00;190225,00;190495,00;190075,00;190235,00;18576974,00;488
WINM26;10/03/2026;11:50:00;189845,00;190265,00;189640,00;190245,00;16220514,00;427
WINM26;10/03/2026;11:40:00;188725,00;189810,00;188595,00;189810,00;31727114,00;839
WINM26;10/03/2026;11:30:00;188250,00;188800,00;188180,00;188800,00;16732398,00;444
WINM26;10/03/2026;11:20:00;187525,00;188220,00;187520,00;188220,00;6273649,00;167
WINM26;10/03/2026;11:10:00;186950,00;187500,00;186885,00;187450,00;2396269,00;64
WINM26;10/03/2026;11:00:00;187570,00;187660,00;187000,00;187000,00;5433020,00;145
WINM26;10/03/2026;10:50:00;187600,00;187740,00;187355,00;187570,00;3749889,00;100
WINM26;10/03/2026;10:40:00;187980,00;187980,00;187475,00;187800,00;3041427,00;81
WINM26;10/03/2026;10:30:00;187980,00;188115,00;187600,00;188085,00;14885046,00;396
WINM26;10/03/2026;10:20:00;187600,00;187935,00;187450,00;187935,00;3152758,00;84
WINM26;10/03/2026;10:10:00;187780,00;187845,00;187365,00;187615,00;7279999,00;194
WINM26;10/03/2026;10:00:00;188710,00;188870,00;187800,00;187855,00;8354130,00;222
WINM26;10/03/2026;09:50:00;188660,00;188975,00;188440,00;188710,00;2227540,00;59
WINM26;10/03/2026;09:40:00;188295,00;188740,00;188295,00;188710,00;8370688,00;222
WINM26;10/03/2026;09:30:00;187695,00;188370,00;187595,00;188300,00;3046911,00;81
WINM26;10/03/2026;09:20:00;187605,00;188170,00;187510,00;187700,00;4283156,00;114
WINM26;10/03/2026;09:10:00;187420,00;188005,00;187355,00;187800,00;4993277,00;133
WINM26;10/03/2026;09:00:00;187885,00;188215,00;187100,00;187555,00;18619870,00;496
WINM26;09/03/2026;18:20:00;187800,00;187960,00;187750,00;187750,00;1615395,00;43
WINM26;09/03/2026;18:10:00;187845,00;188050,00;187675,00;187675,00;2441992,00;65
WINM26;09/03/2026;18:00:00;187800,00;187830,00;187710,00;187710,00;863784,00;23
WINM26;09/03/2026;17:50:00;187990,00;188050,00;187880,00;187970,00;1127770,00;30
WINM26;09/03/2026;17:40:00;187770,00;187815,00;187760,00;187815,00;7511549,00;200
WINM26;09/03/2026;17:30:00;187800,00;187965,00;187765,00;187780,00;1615586,00;43
WINM26;09/03/2026;17:20:00;187420,00;187935,00;187420,00;187895,00;5743320,00;153
WINM26;09/03/2026;17:10:00;187115,00;187470,00;187070,00;187400,00;17572300,00;469
WINM26;09/03/2026;17:00:00;187700,00;187715,00;187110,00;187185,00;4835231,00;129
WINM26;09/03/2026;16:50:00;187700,00;187805,00;187535,00;187720,00;46356692,00;1235
WINM26;09/03/2026;16:40:00;188260,00;188260,00;187680,00;187790,00;8082109,00;215
WINM26;09/03/2026;16:30:00;188130,00;188440,00;187700,00;188200,00;16668441,00;443
WINM26;09/03/2026;16:20:00;187400,00;188150,00;187070,00;188150,00;36349689,00;969
WINM26;09/03/2026;16:10:00;186375,00;187420,00;186285,00;187420,00;27589765,00;738
WINM26;09/03/2026;16:00:00;186015,00;186440,00;186015,00;186405,00;6366700,00;171
WINM26;09/03/2026;15:50:00;186115,00;186220,00;185950,00;185990,00;13959643,00;375
WINM26;09/03/2026;15:40:00;186295,00;186365,00;186095,00;186120,00;11915654,00;320
WINM26;09/03/2026;15:30:00;186030,00;186365,00;185970,00;186305,00;10123825,00;272
WINM26;09/03/2026;15:20:00;186020,00;186310,00;185990,00;186065,00;24628770,00;662
WINM26;09/03/2026;15:10:00;185475,00;186020,00;185475,00;186020,00;5574163,00;150
WINM26;09/03/2026;15:00:00;185180,00;185550,00;185180,00;185415,00;7304759,00;197
WINM26;09/03/2026;14:50:00;185080,00;185245,00;185080,00;185175,00;2703548,00;73
WINM26;09/03/2026;14:40:00;185280,00;185295,00;185095,00;185135,00;8667618,00;234
WINM26;09/03/2026;14:30:00;185305,00;185385,00;185190,00;185275,00;4521584,00;122
WINM26;09/03/2026;14:20:00;185490,00;185505,00;185250,00;185270,00;14049096,00;379
WINM26;09/03/2026;14:10:00;185765,00;185895,00;185410,00;185450,00;9615957,00;259
WINM26;09/03/2026;14:00:00;185810,00;185860,00;185625,00;185760,00;8208931,00;221
WINM26;09/03/2026;13:50:00;185835,00;185880,00;185655,00;185760,00;4123923,00;111
WINM26;09/03/2026;13:40:00;185940,00;186115,00;185800,00;185805,00;2752291,00;74
WINM26;09/03/2026;13:30:00;186025,00;186050,00;185850,00;185850,00;818332,00;22
WINM26;09/03/2026;13:20:00;185785,00;186240,00;185630,00;186065,00;3645069,00;98
WINM26;09/03/2026;13:10:00;186240,00;186240,00;185675,00;185765,00;13232105,00;356
WINM26;09/03/2026;13:00:00;186030,00;186405,00;185960,00;186305,00;3129260,00;84
WINM26;09/03/2026;12:50:00;186145,00;186270,00;185940,00;186000,00;3052857,00;82
WINM26;09/03/2026;12:40:00;186105,00;186230,00;186000,00;186115,00;2196052,00;59
WINM26;09/03/2026;12:30:00;186495,00;186550,00;186025,00;186105,00;5066713,00;136
WINM26;09/03/2026;12:20:00;186050,00;186570,00;186050,00;186460,00;9986341,00;268
WINM26;09/03/2026;12:10:00;185390,00;186050,00;185390,00;185985,00;10364679,00;279
WINM26;09/03/2026;12:00:00;184970,00;185425,00;184900,00;185395,00;7630209,00;206
WINM26;09/03/2026;11:50:00;184830,00;185205,00;184830,00;184950,00;8438478,00;228
WINM26;09/03/2026;11:40:00;184915,00;185030,00;184715,00;184845,00;4511312,00;122
WINM26;09/03/2026;11:30:00;184595,00;185115,00;184555,00;184970,00;9540587,00;258
WINM26;09/03/2026;11:20:00;184435,00;185050,00;184375,00;184540,00;9676857,00;262
WINM26;09/03/2026;11:10:00;184535,00;184675,00;183900,00;184465,00;15845024,00;430
WINM26;09/03/2026;11:00:00;185040,00;185095,00;184135,00;184535,00;22364966,00;606
WINM26;09/03/2026;10:50:00;185150,00;185235,00;184800,00;185040,00;6549450,00;177
WINM26;09/03/2026;10:40:00;185365,00;185575,00;185140,00;185200,00;8045371,00;217
WINM26;09/03/2026;10:30:00;185295,00;185685,00;185085,00;185440,00;126771843,00;3417
WINM26;09/03/2026;10:20:00;185115,00;185625,00;185075,00;185285,00;1964953,00;53
WINM26;09/03/2026;10:10:00;185185,00;185515,00;185105,00;185270,00;4076835,00;110
WINM26;09/03/2026;10:00:00;184920,00;185385,00;184920,00;185220,00;5295902,00;143
WINM26;09/03/2026;09:50:00;184645,00;184940,00;184600,00;184865,00;2142961,00;58
WINM26;09/03/2026;09:40:00;184595,00;184925,00;184595,00;184625,00;1736707,00;47
WINM26;09/03/2026;09:30:00;184860,00;185030,00;184425,00;184595,00;11523078,00;312
WINM26;09/03/2026;09:20:00;184915,00;185130,00;184750,00;184985,00;4733073,00;128
WINM26;09/03/2026;09:10:00;184765,00;185150,00;184630,00;184805,00;3291100,00;89
WINM26;09/03/2026;09:00:00;184560,00;185315,00;184395,00;184870,00;10685045,00;289
WINM26;06/03/2026;18:20:00;185980,00;186150,00;185940,00;186100,00;930339,00;25
WINM26;06/03/2026;18:10:00;185930,00;186060,00;185855,00;185940,00;8965348,00;241
WINM26;06/03/2026;18:00:00;186075,00;186075,00;185710,00;185890,00;10409856,00;280
WINM26;06/03/2026;17:50:00;185400,00;186120,00;185400,00;186000,00;11340238,00;305
WINM26;06/03/2026;17:40:00;185470,00;185750,00;185400,00;185475,00;9279748,00;250
WINM26;06/03/2026;17:30:00;185695,00;185755,00;185085,00;185530,00;17565963,00;474
WINM26;06/03/2026;17:20:00;186250,00;186255,00;185690,00;185755,00;11779811,00;317
WINM26;06/03/2026;17:10:00;186380,00;186455,00;186270,00;186450,00;819919,00;22
WINM26;06/03/2026;17:00:00;186230,00;186580,00;186220,00;186450,00;2535128,00;68
WINM26;06/03/2026;16:50:00;186210,00;186260,00;186010,00;186200,00;12469955,00;335
WINM26;06/03/2026;16:40:00;186375,00;186550,00;186070,00;186135,00;3462878,00;93
WINM26;06/03/2026;16:30:00;186510,00;186680,00;186255,00;186370,00;3914791,00;105
WINM26;06/03/2026;16:20:00;186555,00;186655,00;186350,00;186535,00;3654711,00;98
WINM26;06/03/2026;16:10:00;186245,00;186585,00;186200,00;186585,00;7008328,00;188
WINM26;06/03/2026;16:00:00;186410,00;186660,00;186270,00;186295,00;11967853,00;321
WINM26;06/03/2026;15:50:00;186515,00;186600,00;186350,00;186395,00;11710032,00;314
WINM26;06/03/2026;15:40:00;186560,00;186625,00;186495,00;186520,00;1716671,00;46
WINM26;06/03/2026;15:30:00;186425,00;186905,00;186425,00;186630,00;7167257,00;192
WINM26;06/03/2026;15:20:00;186395,00;186605,00;186380,00;186425,00;18021488,00;483
WINM26;06/03/2026;15:10:00;186115,00;186565,00;186050,00;186515,00;14933491,00;401
WINM26;06/03/2026;15:00:00;185720,00;186175,00;185715,00;186175,00;4610641,00;124
WINM26;06/03/2026;14:50:00;185895,00;186020,00;185740,00;185740,00;4237047,00;114
WINM26;06/03/2026;14:40:00;185750,00;185875,00;185510,00;185875,00;15708647,00;423
WINM26;06/03/2026;14:30:00;186105,00;186175,00;185705,00;185720,00;52082330,00;1401
WINM26;06/03/2026;14:20:00;186330,00;186520,00;185970,00;186100,00;78199223,00;2099
WINM26;06/03/2026;14:10:00;186175,00;186295,00;186055,00;186295,00;11919299,00;320
WINM26;06/03/2026;14:00:00;186115,00;186275,00;185830,00;186075,00;42469051,00;1142
WINM26;06/03/2026;13:50:00;186410,00;186475,00;186000,00;186115,00;6960494,00;187
WINM26;06/03/2026;13:40:00;186635,00;186715,00;186400,00;186400,00;2164087,00;58
WINM26;06/03/2026;13:30:00;186515,00;186860,00;186415,00;186695,00;3099390,00;83
WINM26;06/03/2026;13:20:00;186620,00;186700,00;186250,00;186550,00;2573846,00;69
WINM26;06/03/2026;13:10:00;186200,00;186695,00;186090,00;186640,00;11818178,00;317
WINM26;06/03/2026;13:00:00;186305,00;186585,00;186200,00;186330,00;29762188,00;798
WINM26;06/03/2026;12:50:00;185980,00;186510,00;185970,00;186400,00;13408647,00;360
WINM26;06/03/2026;12:40:00;186205,00;186250,00;185935,00;186050,00;6585398,00;177
WINM26;06/03/2026;12:30:00;186320,00;186450,00;186090,00;186245,00;17294161,00;464
WINM26;06/03/2026;12:20:00;185560,00;186330,00;185560,00;186305,00;10825403,00;291
WINM26;06/03/2026;12:10:00;185070,00;185780,00;184955,00;185600,00;14157663,00;382
WINM26;06/03/2026;12:00:00;185175,00;185875,00;185050,00;185050,00;16137607,00;435
WINM26;06/03/2026;11:50:00;185650,00;185905,00;184975,00;185165,00;41686880,00;1126
WINM26;06/03/2026;11:40:00;185480,00;185815,00;185200,00;185595,00;43410190,00;1170
WINM26;06/03/2026;11:30:00;185915,00;186055,00;185395,00;185600,00;17528740,00;472
WINM26;06/03/2026;11:20:00;185465,00;185970,00;185415,00;185885,00;8281003,00;223
WINM26;06/03/2026;11:10:00;185080,00;185700,00;185015,00;185500,00;26107210,00;704
WINM26;06/03/2026;11:00:00;185635,00;185800,00;185090,00;185155,00;13568126,00;366
WINM26;06/03/2026;10:50:00;186400,00;186500,00;185450,00;185665,00;11819781,00;318
WINM26;06/03/2026;10:40:00;186900,00;187030,00;186030,00;186300,00;7537357,00;202
WINM26;06/03/2026;10:30:00;186925,00;187720,00;186920,00;186975,00;16599677,00;443
WINM26;06/03/2026;10:20:00;186760,00;187260,00;186675,00;186990,00;10733252,00;287
WINM26;06/03/2026;10:10:00;186650,00;186990,00;186485,00;186800,00;5379134,00;144
WINM26;06/03/2026;10:00:00;185985,00;186910,00;185985,00;186630,00;9067073,00;243
WINM26;06/03/2026;09:50:00;185985,00;185985,00;185585,00;185955,00;8172017,00;220
WINM26;06/03/2026;09:40:00;186280,00;186300,00;185885,00;185920,00;4056384,00;109
WINM26;06/03/2026;09:30:00;186555,00;186615,00;186145,00;186275,00;4361812,00;117
WINM26;06/03/2026;09:20:00;185890,00;186585,00;185790,00;186530,00;10132213,00;272
WINM26;06/03/2026;09:10:00;185385,00;186120,00;185000,00;185910,00;20770896,00;560
WINM26;06/03/2026;09:00:00;186505,00;186600,00;184600,00;185370,00;25422571,00;685
WINM26;05/03/2026;18:20:00;187010,00;187060,00;186650,00;186650,00;17767187,00;475
WINM26;05/03/2026;18:10:00;186910,00;187005,00;186655,00;186990,00;3736420,00;100
WINM26;05/03/2026;18:00:00;187195,00;187220,00;186780,00;186940,00;6281807,00;168
WINM26;05/03/2026;17:50:00;187500,00;187505,00;187060,00;187060,00;5581486,00;149
WINM26;05/03/2026;17:40:00;187365,00;187400,00;186985,00;187400,00;88451026,00;2364
WINM26;05/03/2026;17:30:00;187550,00;187600,00;187350,00;187400,00;3786761,00;101
WINM26;05/03/2026;17:20:00;187560,00;188080,00;187560,00;187600,00;6425015,00;171
WINM26;05/03/2026;17:10:00;187355,00;187750,00;187325,00;187610,00;21532241,00;574
WINM26;05/03/2026;17:00:00;187085,00;187400,00;186800,00;187290,00;7481149,00;200
WINM26;05/03/2026;16:50:00;187250,00;187395,00;186880,00;186980,00;3592736,00;96
WINM26;05/03/2026;16:40:00;187160,00;187310,00;187080,00;187125,00;2620366,00;70
WINM26;05/03/2026;16:30:00;186965,00;187105,00;186640,00;187025,00;5156107,00;138
WINM26;05/03/2026;16:20:00;187125,00;187665,00;186930,00;187000,00;46713979,00;1247
WINM26;05/03/2026;16:10:00;187035,00;187210,00;186800,00;187085,00;5385160,00;144
WINM26;05/03/2026;16:00:00;187080,00;187200,00;186900,00;187030,00;4227126,00;113
WINM26;05/03/2026;15:50:00;186935,00;187210,00;186770,00;187065,00;5085618,00;136
WINM26;05/03/2026;15:40:00;186845,00;187320,00;186830,00;186960,00;7073022,00;189
WINM26;05/03/2026;15:30:00;186745,00;187080,00;186590,00;186945,00;5456338,00;146
WINM26;05/03/2026;15:20:00;186990,00;187180,00;186405,00;186740,00;16471632,00;441
WINM26;05/03/2026;15:10:00;187260,00;187500,00;186905,00;186930,00;3369166,00;90
WINM26;05/03/2026;15:00:00;187375,00;187420,00;187040,00;187315,00;3632303,00;97
WINM26;05/03/2026;14:50:00;187385,00;187780,00;187310,00;187505,00;9118202,00;243
WINM26;05/03/2026;14:40:00;187285,00;187570,00;187100,00;187310,00;10420705,00;278
WINM26;05/03/2026;14:30:00;187560,00;187560,00;186850,00;187270,00;31638453,00;845
WINM26;05/03/2026;14:20:00;187935,00;187970,00;187510,00;187560,00;5855986,00;156
WINM26;05/03/2026;14:10:00;188155,00;188155,00;187760,00;187920,00;18181003,00;484
WINM26;05/03/2026;14:00:00;188420,00;188520,00;188060,00;188230,00;38717631,00;1028
WINM26;05/03/2026;13:50:00;188280,00;188565,00;188200,00;188310,00;2712989,00;72
WINM26;05/03/2026;13:40:00;188180,00;188360,00;187900,00;188100,00;3274208,00;87
WINM26;05/03/2026;13:30:00;188100,00;188520,00;187930,00;188100,00;11074988,00;294
WINM26;05/03/2026;13:20:00;187785,00;188140,00;187700,00;188060,00;7969087,00;212
WINM26;05/03/2026;13:10:00;187305,00;187780,00;187295,00;187770,00;7687380,00;205
WINM26;05/03/2026;13:00:00;188245,00;188250,00;187320,00;187365,00;4953894,00;132
WINM26;05/03/2026;12:50:00;188070,00;188215,00;187640,00;188070,00;6235702,00;166
WINM26;05/03/2026;12:40:00;188125,00;188365,00;188000,00;188025,00;3425274,00;91
WINM26;05/03/2026;12:30:00;188045,00;188230,00;187810,00;188095,00;7146103,00;190
WINM26;05/03/2026;12:20:00;188295,00;188385,00;187760,00;188035,00;25234000,00;671
WINM26;05/03/2026;12:10:00;189000,00;189000,00;188300,00;188350,00;28047074,00;743
WINM26;05/03/2026;12:00:00;189355,00;189585,00;189000,00;189125,00;6323273,00;167
WINM26;05/03/2026;11:50:00;188560,00;189355,00;188540,00;189185,00;13987337,00;370
WINM26;05/03/2026;11:40:00;188765,00;188910,00;188330,00;188605,00;13542374,00;359
WINM26;05/03/2026;11:30:00;189215,00;189660,00;188500,00;188645,00;21202204,00;560
WINM26;05/03/2026;11:20:00;189405,00;189530,00;188925,00;189210,00;16268977,00;430
WINM26;05/03/2026;11:10:00;190270,00;190325,00;189330,00;189445,00;15443334,00;407
WINM26;05/03/2026;11:00:00;190145,00;190530,00;190075,00;190265,00;8448549,00;222
WINM26;05/03/2026;10:50:00;191160,00;191300,00;190180,00;190195,00;25605321,00;672
WINM26;05/03/2026;10:40:00;190785,00;191180,00;190600,00;191180,00;7406641,00;194
WINM26;05/03/2026;10:30:00;191125,00;191275,00;190720,00;190755,00;6840055,00;179
WINM26;05/03/2026;10:20:00;190840,00;191400,00;190785,00;191205,00;14138695,00;370
WINM26;05/03/2026;10:10:00;191245,00;191300,00;190710,00;190810,00;8596449,00;225
WINM26;05/03/2026;10:00:00;191280,00;191410,00;190810,00;191310,00;17306495,00;453
WINM26;05/03/2026;09:50:00;191255,00;191285,00;190950,00;191185,00;5388837,00;141
WINM26;05/03/2026;09:40:00;191375,00;191440,00;191075,00;191125,00;3366754,00;88
WINM26;05/03/2026;09:30:00;191860,00;191860,00;191200,00;191355,00;8155004,00;213
WINM26;05/03/2026;09:20:00;191050,00;192345,00;191050,00;191965,00;9358138,00;244
WINM26;05/03/2026;09:10:00;190920,00;191110,00;190625,00;191000,00;3550951,00;93
WINM26;05/03/2026;09:00:00;191530,00;191530,00;190380,00;190955,00;7018963,00;184
WINM26;04/03/2026;18:20:00;191655,00;191740,00;191475,00;191645,00;3832071,00;100
WINM26;04/03/2026;18:10:00;192025,00;192025,00;191655,00;191655,00;13851407,00;361
WINM26;04/03/2026;18:00:00;192000,00;192180,00;191800,00;192080,00;14243459,00;371
WINM26;04/03/2026;17:50:00;192775,00;192775,00;192000,00;192115,00;16346069,00;425
WINM26;04/03/2026;17:40:00;192620,00;192875,00;192590,00;192855,00;3585705,00;93
WINM26;04/03/2026;17:30:00;192685,00;192905,00;192630,00;192630,00;3585805,00;93
WINM26;04/03/2026;17:20:00;192420,00;192610,00;192405,00;192510,00;4311585,00;112
WINM26;04/03/2026;17:10:00;192190,00;192565,00;192180,00;192455,00;2269776,00;59
WINM26;04/03/2026;17:00:00;192425,00;192425,00;192105,00;192225,00;3614595,00;94
WINM26;04/03/2026;16:50:00;192485,00;192625,00;192350,00;192485,00;4928328,00;128
WINM26;04/03/2026;16:40:00;192150,00;192510,00;192150,00;192510,00;10040841,00;261
WINM26;04/03/2026;16:30:00;191920,00;192120,00;191870,00;192120,00;1920179,00;50
WINM26;04/03/2026;16:20:00;191850,00;191895,00;191760,00;191805,00;882340,00;23
WINM26;04/03/2026;16:10:00;191875,00;192060,00;191790,00;191980,00;2417814,00;63
WINM26;04/03/2026;16:00:00;192025,00;192050,00;191920,00;191920,00;1382286,00;36
WINM26;04/03/2026;15:50:00;192035,00;192100,00;191845,00;191975,00;3493574,00;91
WINM26;04/03/2026;15:40:00;191795,00;192040,00;191775,00;191980,00;3185641,00;83
WINM26;04/03/2026;15:30:00;191520,00;191880,00;191495,00;191820,00;10467398,00;273
WINM26;04/03/2026;15:20:00;191065,00;191560,00;191065,00;191505,00;1875211,00;49
WINM26;04/03/2026;15:10:00;191225,00;191240,00;191110,00;191150,00;1682439,00;44
WINM26;04/03/2026;15:00:00;191455,00;191540,00;191280,00;191380,00;1952123,00;51
WINM26;04/03/2026;14:50:00;191635,00;191750,00;191510,00;191510,00;805009,00;21
WINM26;04/03/2026;14:40:00;191560,00;191710,00;191520,00;191620,00;1226466,00;32
WINM26;04/03/2026;14:30:00;191295,00;191560,00;191025,00;191550,00;4592660,00;120
WINM26;04/03/2026;14:20:00;191480,00;191585,00;191280,00;191455,00;4326695,00;113
WINM26;04/03/2026;14:10:00;191550,00;191655,00;191430,00;191430,00;4864342,00;127
WINM26;04/03/2026;14:00:00;191285,00;191585,00;191285,00;191490,00;5283745,00;138
WINM26;04/03/2026;13:50:00;190980,00;191265,00;190955,00;191265,00;1452316,00;38
WINM26;04/03/2026;13:40:00;190710,00;191040,00;190680,00;191040,00;1832303,00;48
WINM26;04/03/2026;13:30:00;190720,00;190935,00;190705,00;190880,00;4923731,00;129
WINM26;04/03/2026;13:20:00;190660,00;190820,00;190435,00;190760,00;8082060,00;212
WINM26;04/03/2026;13:10:00;191015,00;191015,00;190580,00;190700,00;4082132,00;107
WINM26;04/03/2026;13:00:00;191100,00;191110,00;190775,00;191040,00;3245774,00;85
WINM26;04/03/2026;12:50:00;190855,00;191165,00;190855,00;191070,00;4584983,00;120
WINM26;04/03/2026;12:40:00;191045,00;191060,00;190780,00;190800,00;4696212,00;123
WINM26;04/03/2026;12:30:00;191205,00;191300,00;190925,00;191025,00;5656043,00;148
WINM26;04/03/2026;12:20:00;190935,00;191315,00;190935,00;191315,00;6726801,00;176
WINM26;04/03/2026;12:10:00;190865,00;190990,00;190590,00;190915,00;38213986,00;1001
WINM26;04/03/2026;12:00:00;190595,00;190925,00;190340,00;190925,00;12582939,00;330
WINM26;04/03/2026;11:50:00;190225,00;190650,00;190110,00;190560,00;15575999,00;409
WINM26;04/03/2026;11:40:00;191020,00;191020,00;190070,00;190350,00;13064592,00;343
WINM26;04/03/2026;11:30:00;191355,00;191475,00;190500,00;191035,00;37796593,00;990
WINM26;04/03/2026;11:20:00;191880,00;191945,00;191385,00;191525,00;4254289,00;111
WINM26;04/03/2026;11:10:00;192000,00;192090,00;191640,00;191905,00;18806486,00;490
WINM26;04/03/2026;11:00:00;192060,00;192315,00;191950,00;192055,00;7571558,00;197
WINM26;04/03/2026;10:50:00;192170,00;192205,00;191800,00;192085,00;5451862,00;142
WINM26;04/03/2026;10:40:00;192270,00;192375,00;191830,00;192055,00;13632703,00;355
WINM26;04/03/2026;10:30:00;193010,00;193010,00;192110,00;192170,00;15982533,00;415
WINM26;04/03/2026;10:20:00;193045,00;193250,00;192880,00;193020,00;3821958,00;99
WINM26;04/03/2026;10:10:00;192415,00;193130,00;192415,00;193000,00;23699010,00;615
WINM26;04/03/2026;10:00:00;192350,00;192540,00;192265,00;192445,00;5733733,00;149
WINM26;04/03/2026;09:50:00;191810,00;192350,00;191760,00;192320,00;8682280,00;226
WINM26;04/03/2026;09:40:00;191310,00;191980,00;191310,00;191840,00;8167291,00;213
WINM26;04/03/2026;09:30:00;191295,00;191475,00;191130,00;191235,00;2257269,00;59
WINM26;04/03/2026;09:20:00;191345,00;191465,00;191105,00;191285,00;3252335,00;85
WINM26;04/03/2026;09:10:00;191305,00;191685,00;191115,00;191220,00;2833250,00;74
WINM26;04/03/2026;09:00:00;189400,00;191800,00;189400,00;191405,00;14057818,00;368
WINM26;03/03/2026;18:20:00;189130,00;189155,00;188500,00;188500,00;1623068,00;43
WINM26;03/03/2026;18:10:00;189635,00;189640,00;189100,00;189100,00;2005840,00;53
WINM26;03/03/2026;18:00:00;189560,00;189705,00;189560,00;189660,00;758497,00;20
WINM26;03/03/2026;17:50:00;189620,00;189830,00;189475,00;189740,00;1138206,00;30
WINM26;03/03/2026;17:40:00;189765,00;189800,00;189400,00;189550,00;3374258,00;89
WINM26;03/03/2026;17:30:00;190250,00;190370,00;189735,00;189790,00;4297013,00;113
WINM26;03/03/2026;17:20:00;190250,00;190430,00;190135,00;190400,00;3806220,00;100
WINM26;03/03/2026;17:10:00;189950,00;190210,00;189760,00;190150,00;7750952,00;204
WINM26;03/03/2026;17:00:00;189900,00;190050,00;189600,00;189965,00;20427794,00;538
WINM26;03/03/2026;16:50:00;190700,00;190860,00;189870,00;189880,00;12020980,00;316
WINM26;03/03/2026;16:40:00;190465,00;191020,00;190450,00;190680,00;14870580,00;390
WINM26;03/03/2026;16:30:00;190175,00;190340,00;189725,00;190340,00;9237145,00;243
WINM26;03/03/2026;16:20:00;190450,00;190480,00;189925,00;190005,00;3500172,00;92
WINM26;03/03/2026;16:10:00;190645,00;190665,00;190145,00;190335,00;6474555,00;170
WINM26;03/03/2026;16:00:00;191060,00;191325,00;190655,00;190655,00;16276043,00;426
WINM26;03/03/2026;15:50:00;191405,00;191590,00;190925,00;191010,00;21565790,00;564
WINM26;03/03/2026;15:40:00;191360,00;191595,00;191275,00;191420,00;9762760,00;255
WINM26;03/03/2026;15:30:00;190605,00;191385,00;190605,00;191385,00;9248683,00;242
WINM26;03/03/2026;15:20:00;190390,00;190820,00;190390,00;190660,00;8655821,00;227
WINM26;03/03/2026;15:10:00;190295,00;190400,00;190150,00;190320,00;3996988,00;105
WINM26;03/03/2026;15:00:00;189745,00;190295,00;189695,00;190295,00;7143648,00;188
WINM26;03/03/2026;14:50:00;189880,00;190120,00;189660,00;189770,00;8848971,00;233
WINM26;03/03/2026;14:40:00;189670,00;190050,00;189635,00;189925,00;6074242,00;160
WINM26;03/03/2026;14:30:00;189825,00;189900,00;189355,00;189610,00;3527204,00;93
WINM26;03/03/2026;14:20:00;189610,00;190045,00;189470,00;189990,00;2961031,00;78
WINM26;03/03/2026;14:10:00;189170,00;189640,00;189070,00;189560,00;2160170,00;57
WINM26;03/03/2026;14:00:00;189450,00;189540,00;189120,00;189120,00;4696028,00;124
WINM26;03/03/2026;13:50:00;189315,00;189710,00;189245,00;189555,00;9662629,00;255
WINM26;03/03/2026;13:40:00;189105,00;189570,00;188835,00;189300,00;36186396,00;956
WINM26;03/03/2026;13:30:00;189365,00;189435,00;188755,00;189105,00;8620509,00;228
WINM26;03/03/2026;13:20:00;189165,00;189565,00;189090,00;189440,00;9465730,00;250
WINM26;03/03/2026;13:10:00;188905,00;189160,00;188640,00;189160,00;11676462,00;309
WINM26;03/03/2026;13:00:00;188400,00;189025,00;188375,00;188895,00;21056644,00;558
WINM26;03/03/2026;12:50:00;187740,00;188380,00;187705,00;188380,00;12041235,00;320
WINM26;03/03/2026;12:40:00;187820,00;188040,00;187510,00;187815,00;3005495,00;80
WINM26;03/03/2026;12:30:00;187915,00;188105,00;187595,00;187615,00;5035504,00;134
WINM26;03/03/2026;12:20:00;187560,00;188150,00;187500,00;187870,00;10297643,00;274
WINM26;03/03/2026;12:10:00;187380,00;187680,00;187235,00;187520,00;5361917,00;143
WINM26;03/03/2026;12:00:00;187975,00;188125,00;187160,00;187420,00;19010112,00;507
WINM26;03/03/2026;11:50:00;187910,00;188335,00;187735,00;187810,00;6320618,00;168
WINM26;03/03/2026;11:40:00;188880,00;188905,00;187390,00;187860,00;77001949,00;2049
WINM26;03/03/2026;11:30:00;189065,00;189665,00;188505,00;188980,00;116476113,00;3075
WINM26;03/03/2026;11:20:00;189190,00;189245,00;188970,00;189135,00;18642066,00;493
WINM26;03/03/2026;11:10:00;189350,00;189440,00;188900,00;189205,00;93779435,00;2480
WINM26;03/03/2026;11:00:00;189515,00;189730,00;189295,00;189350,00;16380153,00;432
WINM26;03/03/2026;10:50:00;189635,00;189880,00;189355,00;189595,00;16422042,00;433
WINM26;03/03/2026;10:40:00;190165,00;190190,00;189520,00;189615,00;12033416,00;317
WINM26;03/03/2026;10:30:00;190050,00;190280,00;189885,00;190170,00;14484757,00;381
WINM26;03/03/2026;10:20:00;190470,00;190650,00;189910,00;190125,00;25941308,00;682
WINM26;03/03/2026;10:10:00;190470,00;190710,00;190090,00;190285,00;28627132,00;752
WINM26;03/03/2026;10:00:00;191230,00;191400,00;190450,00;190480,00;21784564,00;571
WINM26;03/03/2026;09:50:00;191110,00;191360,00;190925,00;191200,00;5428807,00;142
WINM26;03/03/2026;09:40:00;191585,00;191680,00;191050,00;191185,00;10759164,00;281
WINM26;03/03/2026;09:30:00;192045,00;192050,00;191500,00;191615,00;13983670,00;365
WINM26;03/03/2026;09:20:00;192020,00;192335,00;191985,00;192055,00;4574542,00;119
WINM26;03/03/2026;09:10:00;191345,00;192295,00;191345,00;192110,00;23662010,00;617
WINM26;03/03/2026;09:00:00;192000,00;192095,00;190875,00;191340,00;119348525,00;3115
WINM26;02/03/2026;18:20:00;196250,00;196500,00;196250,00;196500,00;13424907,00;342
WINM26;02/03/2026;18:10:00;196250,00;196350,00;196250,00;196265,00;6123749,00;156
WINM26;02/03/2026;18:00:00;196300,00;196470,00;196280,00;196280,00;3692530,00;94
WINM26;02/03/2026;17:50:00;196245,00;196430,00;196225,00;196225,00;1963400,00;50
WINM26;02/03/2026;17:40:00;196350,00;196420,00;196210,00;196280,00;2590580,00;66
WINM26;02/03/2026;17:30:00;196085,00;196445,00;196085,00;196340,00;5968025,00;152
WINM26;02/03/2026;17:20:00;196295,00;196295,00;195995,00;196075,00;1961358,00;50
WINM26;02/03/2026;17:10:00;196095,00;196505,00;195910,00;196260,00;9141432,00;233
WINM26;02/03/2026;17:00:00;196905,00;196905,00;196000,00;196230,00;29115911,00;741
WINM26;02/03/2026;16:50:00;196930,00;197015,00;196850,00;197000,00;3701955,00;94
WINM26;02/03/2026;16:40:00;197160,00;197165,00;196930,00;196930,00;16076946,00;408
WINM26;02/03/2026;16:30:00;197180,00;197285,00;197170,00;197220,00;3353140,00;85
WINM26;02/03/2026;16:20:00;197130,00;197270,00;197015,00;197095,00;15178871,00;385
WINM26;02/03/2026;16:10:00;196815,00;197105,00;196795,00;197105,00;42765047,00;1086
WINM26;02/03/2026;16:00:00;196200,00;196815,00;196200,00;196815,00;33332765,00;848
WINM26;02/03/2026;15:50:00;196050,00;196265,00;196050,00;196160,00;4785659,00;122
WINM26;02/03/2026;15:40:00;196295,00;196310,00;196025,00;196080,00;4708881,00;120
WINM26;02/03/2026;15:30:00;196155,00;196330,00;196025,00;196330,00;7376889,00;188
WINM26;02/03/2026;15:20:00;196000,00;196090,00;195855,00;196090,00;5759519,00;147
WINM26;02/03/2026;15:10:00;195970,00;196205,00;195970,00;196050,00;8316599,00;212
WINM26;02/03/2026;15:00:00;196065,00;196125,00;195870,00;195960,00;4938209,00;126
WINM26;02/03/2026;14:50:00;195885,00;196120,00;195885,00;196050,00;9174126,00;234
WINM26;02/03/2026;14:40:00;195645,00;195935,00;195645,00;195850,00;8343693,00;213
WINM26;02/03/2026;14:30:00;195840,00;195950,00;195575,00;195640,00;8807512,00;225
WINM26;02/03/2026;14:20:00;195760,00;195815,00;195665,00;195815,00;5168463,00;132
WINM26;02/03/2026;14:10:00;195525,00;195890,00;195465,00;195720,00;11000644,00;281
WINM26;02/03/2026;14:00:00;195475,00;195670,00;195350,00;195595,00;1994419,00;51
WINM26;02/03/2026;13:50:00;195740,00;195780,00;195370,00;195370,00;4342916,00;111
WINM26;02/03/2026;13:40:00;195485,00;195870,00;195460,00;195725,00;37379531,00;955
WINM26;02/03/2026;13:30:00;195255,00;195450,00;195125,00;195410,00;11442708,00;293
WINM26;02/03/2026;13:20:00;195255,00;195365,00;195095,00;195270,00;6327995,00;162
WINM26;02/03/2026;13:10:00;195435,00;195620,00;195300,00;195315,00;7463140,00;191
WINM26;02/03/2026;13:00:00;195010,00;195420,00;194895,00;195420,00;6048642,00;155
WINM26;02/03/2026;12:50:00;195235,00;195295,00;195000,00;195045,00;3863536,00;99
WINM26;02/03/2026;12:40:00;195410,00;195470,00;195225,00;195285,00;3126107,00;80
WINM26;02/03/2026;12:30:00;195485,00;195590,00;195020,00;195410,00;7967154,00;204
WINM26;02/03/2026;12:20:00;195650,00;195715,00;195315,00;195430,00;29708969,00;760
WINM26;02/03/2026;12:10:00;195650,00;196150,00;195645,00;195670,00;35502741,00;906
WINM26;02/03/2026;12:00:00;195350,00;195780,00;195300,00;195625,00;5318266,00;136
WINM26;02/03/2026;11:50:00;195300,00;195740,00;195225,00;195350,00;20753861,00;531
WINM26;02/03/2026;11:40:00;194585,00;195390,00;194585,00;195370,00;7171374,00;184
WINM26;02/03/2026;11:30:00;194475,00;194755,00;194300,00;194630,00;8521207,00;219
WINM26;02/03/2026;11:20:00;194055,00;194590,00;194000,00;194485,00;10763957,00;277
WINM26;02/03/2026;11:10:00;194465,00;194500,00;193980,00;194055,00;9516414,00;245
WINM26;02/03/2026;11:00:00;193770,00;194535,00;193600,00;194495,00;11641003,00;300
WINM26;02/03/2026;10:50:00;194140,00;194265,00;193700,00;193780,00;6982423,00;180
WINM26;02/03/2026;10:40:00;194925,00;194925,00;194135,00;194190,00;31103314,00;800
WINM26;02/03/2026;10:30:00;194650,00;195140,00;194550,00;194975,00;3820071,00;98
WINM26;02/03/2026;10:20:00;194620,00;195040,00;194600,00;194670,00;11140080,00;286
WINM26;02/03/2026;10:10:00;194360,00;194565,00;194170,00;194530,00;5831187,00;150
WINM26;02/03/2026;10:00:00;194120,00;194500,00;194075,00;194145,00;11188866,00;288
WINM26;02/03/2026;09:50:00;194090,00;194240,00;193720,00;193720,00;9425131,00;243
WINM26;02/03/2026;09:40:00;194210,00;194210,00;193875,00;194180,00;17224222,00;444
WINM26;02/03/2026;09:30:00;194840,00;194840,00;194240,00;194320,00;8869406,00;228
WINM26;02/03/2026;09:20:00;194890,00;194905,00;194580,00;194825,00;8960468,00;230
WINM26;02/03/2026;09:10:00;194720,00;195140,00;194720,00;195090,00;6474933,00;166
WINM26;02/03/2026;09:00:00;194240,00;194810,00;193905,00;194620,00;23051068,00;593
WINM26;27/02/2026;18:20:00;195805,00;195805,00;195725,00;195725,00;1252807,00;32
WINM26;27/02/2026;18:10:00;195790,00;195865,00;195710,00;195795,00;26935603,00;688
WINM26;27/02/2026;18:00:00;195940,00;196030,00;195775,00;195775,00;9995942,00;255
WINM26;27/02/2026;17:50:00;195985,00;195985,00;195690,00;195960,00;7870842,00;201
WINM26;27/02/2026;17:40:00;196050,00;196145,00;195995,00;196005,00;9605049,00;245
WINM26;27/02/2026;17:30:00;196200,00;196415,00;196050,00;196050,00;50080555,00;1276
WINM26;27/02/2026;17:20:00;196055,00;196235,00;196055,00;196175,00;2550403,00;65
WINM26;27/02/2026;17:10:00;195875,00;196170,00;195790,00;196100,00;8783648,00;224
WINM26;27/02/2026;17:00:00;195985,00;196025,00;195880,00;195905,00;3605158,00;92
WINM26;27/02/2026;16:50:00;195915,00;195985,00;195825,00;195875,00;12263355,00;313
WINM26;27/02/2026;16:40:00;195940,00;195950,00;195700,00;195890,00;7008633,00;179
WINM26;27/02/2026;16:30:00;195965,00;196060,00;195765,00;195925,00;4153453,00;106
WINM26;27/02/2026;16:20:00;196400,00;196425,00;195985,00;195990,00;6627961,00;169
WINM26;27/02/2026;16:10:00;196695,00;196735,00;196400,00;196415,00;1100667,00;28
WINM26;27/02/2026;16:00:00;196855,00;196940,00;196635,00;196635,00;1298953,00;33
WINM26;27/02/2026;15:50:00;196660,00;196880,00;196660,00;196845,00;826513,00;21
WINM26;27/02/2026;15:40:00;196805,00;196840,00;196585,00;196655,00;904663,00;23
WINM26;27/02/2026;15:30:00;196725,00;196850,00;196725,00;196725,00;983920,00;25
WINM26;27/02/2026;15:20:00;196755,00;196780,00;196625,00;196775,00;944269,00;24
WINM26;27/02/2026;15:10:00;196740,00;196845,00;196645,00;196760,00;2085679,00;53
WINM26;27/02/2026;15:00:00;196505,00;196785,00;196505,00;196725,00;1927390,00;49
WINM26;27/02/2026;14:50:00;196415,00;196585,00;196400,00;196520,00;3812363,00;97
WINM26;27/02/2026;14:40:00;196345,00;196475,00;196290,00;196450,00;2042446,00;52
WINM26;27/02/2026;14:30:00;196565,00;196655,00;196350,00;196495,00;5304725,00;135
WINM26;27/02/2026;14:20:00;196855,00;196855,00;196500,00;196555,00;15020611,00;382
WINM26;27/02/2026;14:10:00;196875,00;196890,00;196725,00;196865,00;15901098,00;404
WINM26;27/02/2026;14:00:00;196880,00;197050,00;196830,00;196930,00;2638577,00;67
WINM26;27/02/2026;13:50:00;197050,00;197150,00;196800,00;196850,00;4410969,00;112
WINM26;27/02/2026;13:40:00;197040,00;197080,00;196950,00;196975,00;2836979,00;72
WINM26;27/02/2026;13:30:00;197075,00;197125,00;196920,00;196955,00;3900148,00;99
WINM26;27/02/2026;13:20:00;197485,00;197485,00;196980,00;196980,00;4259466,00;108
WINM26;27/02/2026;13:10:00;197440,00;197700,00;197365,00;197485,00;2371008,00;60
WINM26;27/02/2026;13:00:00;197485,00;197600,00;197440,00;197485,00;710950,00;18
WINM26;27/02/2026;12:50:00;197410,00;197600,00;197285,00;197485,00;1263743,00;32
WINM26;27/02/2026;12:40:00;197525,00;197650,00;197350,00;197485,00;2133877,00;54
WINM26;27/02/2026;12:30:00;197305,00;197505,00;197055,00;197405,00;1617616,00;41
WINM26;27/02/2026;12:20:00;197175,00;197305,00;197120,00;197205,00;2011772,00;51
WINM26;27/02/2026;12:10:00;197455,00;197600,00;196885,00;197070,00;3351395,00;85
WINM26;27/02/2026;12:00:00;197215,00;197700,00;197080,00;197435,00;5092759,00;129
WINM26;27/02/2026;11:50:00;197215,00;197480,00;196980,00;197015,00;6353316,00;161
WINM26;27/02/2026;11:40:00;197470,00;197480,00;197045,00;197320,00;7456725,00;189
WINM26;27/02/2026;11:30:00;197260,00;198210,00;197220,00;197475,00;26608991,00;673
WINM26;27/02/2026;11:20:00;197075,00;197300,00;197005,00;197300,00;2089474,00;53
WINM26;27/02/2026;11:10:00;197140,00;197440,00;196965,00;197005,00;18276172,00;463
WINM26;27/02/2026;11:00:00;197160,00;197190,00;197015,00;197170,00;2365612,00;60
WINM26;27/02/2026;10:50:00;196845,00;197250,00;196845,00;197120,00;49219755,00;1249
WINM26;27/02/2026;10:40:00;196630,00;197015,00;196565,00;196810,00;8067720,00;205
WINM26;27/02/2026;10:30:00;196800,00;197015,00;196650,00;196725,00;76443930,00;1942
WINM26;27/02/2026;10:20:00;197610,00;197680,00;196785,00;196895,00;5045747,00;128
WINM26;27/02/2026;10:10:00;197575,00;197650,00;197155,00;197650,00;3947941,00;100
WINM26;27/02/2026;10:00:00;197440,00;197685,00;197250,00;197470,00;2883254,00;73
WINM26;27/02/2026;09:50:00;196980,00;197660,00;196980,00;197620,00;4301775,00;109
WINM26;27/02/2026;09:40:00;197565,00;197570,00;196930,00;197015,00;4100896,00;104
WINM26;27/02/2026;09:30:00;197480,00;197700,00;197355,00;197605,00;2212343,00;56
WINM26;27/02/2026;09:20:00;197645,00;198040,00;197225,00;197485,00;41116854,00;1040
WINM26;27/02/2026;09:10:00;196565,00;197640,00;196500,00;197555,00;67186989,00;1704
WINM26;27/02/2026;09:00:00;198155,00;198225,00;196255,00;196595,00;63567388,00;1613
WINM26;26/02/2026;18:20:00;198200,00;198380,00;198180,00;198380,00;5748186,00;145
WINM26;26/02/2026;18:10:00;198280,00;198315,00;198140,00;198160,00;39483641,00;996
WINM26;26/02/2026;18:00:00;198390,00;198550,00;198280,00;198280,00;17381685,00;438
WINM26;26/02/2026;17:50:00;198490,00;198490,00;198250,00;198460,00;67838826,00;1710
WINM26;26/02/2026;17:40:00;198500,00;198565,00;198500,00;198565,00;794181,00;20
WINM26;26/02/2026;17:30:00;198455,00;198500,00;198455,00;198490,00;674847,00;17
WINM26;26/02/2026;17:20:00;198355,00;198455,00;198210,00;198455,00;5909524,00;149
WINM26;26/02/2026;17:10:00;198320,00;198400,00;198260,00;198350,00;33445368,00;843
WINM26;26/02/2026;17:00:00;198260,00;198430,00;198260,00;198350,00;3848378,00;97
WINM26;26/02/2026;16:50:00;198155,00;198260,00;198155,00;198260,00;951437,00;24
WINM26;26/02/2026;16:40:00;198075,00;198255,00;198025,00;198255,00;1228640,00;31
WINM26;26/02/2026;16:30:00;198015,00;198110,00;198000,00;198070,00;1109107,00;28
WINM26;26/02/2026;16:20:00;198130,00;198285,00;198035,00;198035,00;2576254,00;65
WINM26;26/02/2026;16:10:00;198025,00;198200,00;198020,00;198180,00;3525983,00;89
WINM26;26/02/2026;16:00:00;197870,00;198075,00;197855,00;198075,00;7957776,00;201
WINM26;26/02/2026;15:50:00;197855,00;198000,00;197835,00;197835,00;2018934,00;51
WINM26;26/02/2026;15:40:00;197850,00;197975,00;197800,00;197880,00;31979283,00;808
WINM26;26/02/2026;15:30:00;197420,00;197935,00;197390,00;197935,00;3242830,00;82
WINM26;26/02/2026;15:20:00;197550,00;197615,00;197445,00;197485,00;1145662,00;29
WINM26;26/02/2026;15:10:00;197390,00;197660,00;197380,00;197550,00;33299573,00;843
WINM26;26/02/2026;15:00:00;197370,00;197375,00;197265,00;197340,00;1302142,00;33
WINM26;26/02/2026;14:50:00;197185,00;197365,00;197180,00;197340,00;8126983,00;206
WINM26;26/02/2026;14:40:00;197340,00;197380,00;197100,00;197100,00;3392446,00;86
WINM26;26/02/2026;14:30:00;197195,00;197505,00;197110,00;197280,00;5681818,00;144
WINM26;26/02/2026;14:20:00;197390,00;197390,00;197200,00;197200,00;2683341,00;68
WINM26;26/02/2026;14:10:00;197665,00;197665,00;197325,00;197325,00;1184812,00;30
WINM26;26/02/2026;14:00:00;197400,00;197570,00;197340,00;197465,00;6316414,00;160
WINM26;26/02/2026;13:50:00;197480,00;197640,00;197380,00;197380,00;8613107,00;218
WINM26;26/02/2026;13:40:00;197690,00;197710,00;197350,00;197480,00;20271492,00;513
WINM26;26/02/2026;13:30:00;197975,00;198045,00;197655,00;197675,00;26696287,00;675
WINM26;26/02/2026;13:20:00;197805,00;198070,00;197805,00;198005,00;4474400,00;113
WINM26;26/02/2026;13:10:00;197405,00;197840,00;197315,00;197840,00;10586465,00;268
WINM26;26/02/2026;13:00:00;197415,00;197540,00;197300,00;197445,00;9597537,00;243
WINM26;26/02/2026;12:50:00;196965,00;197435,00;196935,00;197400,00;54569270,00;1383
WINM26;26/02/2026;12:40:00;197040,00;197210,00;196855,00;196975,00;24477421,00;621
WINM26;26/02/2026;12:30:00;196650,00;197035,00;196545,00;196970,00;7163931,00;182
WINM26;26/02/2026;12:20:00;196665,00;196665,00;196200,00;196655,00;10294172,00;262
WINM26;26/02/2026;12:10:00;197200,00;197220,00;196670,00;196690,00;25361174,00;644
WINM26;26/02/2026;12:00:00;197410,00;197520,00;197065,00;197145,00;13765712,00;349
WINM26;26/02/2026;11:50:00;197170,00;197370,00;197085,00;197250,00;7258468,00;184
WINM26;26/02/2026;11:40:00;197730,00;197790,00;197195,00;197320,00;9835713,00;249
WINM26;26/02/2026;11:30:00;198205,00;198205,00;197730,00;197730,00;6255072,00;158
WINM26;26/02/2026;11:20:00;198300,00;198325,00;198125,00;198220,00;21284209,00;537
WINM26;26/02/2026;11:10:00;198450,00;198595,00;198270,00;198410,00;27040564,00;681
WINM26;26/02/2026;11:00:00;198225,00;198450,00;198225,00;198450,00;1309189,00;33
WINM26;26/02/2026;10:50:00;198285,00;198380,00;198050,00;198250,00;53411851,00;1347
WINM26;26/02/2026;10:40:00;198190,00;198300,00;197970,00;198230,00;34385599,00;868
WINM26;26/02/2026;10:30:00;198000,00;198320,00;197600,00;198245,00;52187577,00;1318
WINM26;26/02/2026;10:20:00;198320,00;198470,00;197990,00;198140,00;3686794,00;93
WINM26;26/02/2026;10:10:00;198830,00;199080,00;198220,00;198295,00;12729798,00;320
WINM26;26/02/2026;10:00:00;198320,00;198865,00;198320,00;198780,00;7311931,00;184
WINM26;26/02/2026;09:50:00;198135,00;198300,00;198120,00;198300,00;2180347,00;55
WINM26;26/02/2026;09:40:00;197990,00;198130,00;197890,00;198130,00;1941022,00;49
WINM26;26/02/2026;09:30:00;198550,00;198590,00;197925,00;198060,00;6100029,00;154
WINM26;26/02/2026;09:20:00;198235,00;198645,00;198175,00;198550,00;2618848,00;66
WINM26;26/02/2026;09:10:00;198475,00;198615,00;198210,00;198250,00;9605914,00;242
WINM26;26/02/2026;09:00:00;197925,00;198515,00;197880,00;198430,00;11930575,00;301
WINM26;25/02/2026;18:20:00;198360,00;198475,00;198360,00;198400,00;2579476,00;65
WINM26;25/02/2026;18:10:00;198645,00;198645,00;198365,00;198365,00;29850011,00;752
WINM26;25/02/2026;18:00:00;198605,00;198690,00;198585,00;198690,00;2185019,00;55
WINM26;25/02/2026;17:50:00;198665,00;198685,00;198380,00;198545,00;10524636,00;265
WINM26;25/02/2026;17:40:00;198510,00;198710,00;198330,00;198595,00;10840085,00;273
WINM26;25/02/2026;17:30:00;198150,00;198575,00;198150,00;198435,00;5834484,00;147
WINM26;25/02/2026;17:20:00;198115,00;198200,00;198020,00;198115,00;3289164,00;83
WINM26;25/02/2026;17:10:00;198100,00;198110,00;197885,00;198110,00;1108774,00;28
WINM26;25/02/2026;17:00:00;198200,00;198280,00;198055,00;198115,00;2456874,00;62
WINM26;25/02/2026;16:50:00;198130,00;198220,00;198130,00;198160,00;2854004,00;72
WINM26;25/02/2026;16:40:00;198110,00;198130,00;198035,00;198115,00;752768,00;19
WINM26;25/02/2026;16:30:00;198060,00;198190,00;198005,00;198190,00;16126317,00;407
WINM26;25/02/2026;16:20:00;198275,00;198285,00;198005,00;198005,00;16478625,00;416
WINM26;25/02/2026;16:10:00;197900,00;198275,00;197850,00;198240,00;22987398,00;580
WINM26;25/02/2026;16:00:00;198300,00;198300,00;197755,00;197860,00;44566545,00;1126
WINM26;25/02/2026;15:50:00;198380,00;198460,00;198300,00;198325,00;2658679,00;67
WINM26;25/02/2026;15:40:00;198685,00;198710,00;198310,00;198425,00;7348073,00;185
WINM26;25/02/2026;15:30:00;198965,00;198970,00;198660,00;198670,00;9737802,00;245
WINM26;25/02/2026;15:20:00;198900,00;198975,00;198855,00;198890,00;1312853,00;33
WINM26;25/02/2026;15:10:00;198925,00;198940,00;198800,00;198840,00;7358417,00;185
WINM26;25/02/2026;15:00:00;199130,00;199130,00;198900,00;198900,00;2945204,00;74
WINM26;25/02/2026;14:50:00;198885,00;199155,00;198885,00;199100,00;10666909,00;268
WINM26;25/02/2026;14:40:00;198990,00;199045,00;198855,00;198885,00;4177724,00;105
WINM26;25/02/2026;14:30:00;198695,00;199025,00;198655,00;199025,00;8829623,00;222
WINM26;25/02/2026;14:20:00;198655,00;198710,00;198550,00;198685,00;10051666,00;253
WINM26;25/02/2026;14:10:00;198785,00;198805,00;198605,00;198675,00;10930608,00;275
WINM26;25/02/2026;14:00:00;198665,00;198805,00;198665,00;198785,00;1947933,00;49
WINM26;25/02/2026;13:50:00;198555,00;198730,00;198555,00;198730,00;2582547,00;65
WINM26;25/02/2026;13:40:00;198635,00;198665,00;198470,00;198500,00;5440924,00;137
WINM26;25/02/2026;13:30:00;198685,00;198730,00;198535,00;198630,00;27138772,00;683
WINM26;25/02/2026;13:20:00;198745,00;198750,00;198550,00;198560,00;1629134,00;41
WINM26;25/02/2026;13:10:00;198690,00;198860,00;198655,00;198735,00;5763998,00;145
WINM26;25/02/2026;13:00:00;198600,00;198725,00;198575,00;198630,00;31428797,00;791
WINM26;25/02/2026;12:50:00;198410,00;198685,00;198405,00;198605,00;23915167,00;602
WINM26;25/02/2026;12:40:00;198320,00;198410,00;198230,00;198410,00;6466173,00;163
WINM26;25/02/2026;12:30:00;198355,00;198440,00;198100,00;198265,00;29421345,00;742
WINM26;25/02/2026;12:20:00;198450,00;198600,00;198350,00;198535,00;48995441,00;1234
WINM26;25/02/2026;12:10:00;198375,00;198630,00;198375,00;198540,00;11914460,00;300
WINM26;25/02/2026;12:00:00;198510,00;198615,00;198335,00;198440,00;5120711,00;129
WINM26;25/02/2026;11:50:00;198890,00;198955,00;198430,00;198600,00;10524899,00;265
WINM26;25/02/2026;11:40:00;199100,00;199215,00;198850,00;198860,00;11061743,00;278
WINM26;25/02/2026;11:30:00;199400,00;199525,00;199135,00;199150,00;21236666,00;533
WINM26;25/02/2026;11:20:00;199465,00;199655,00;199345,00;199435,00;15517841,00;389
WINM26;25/02/2026;11:10:00;199090,00;199450,00;199090,00;199395,00;2471680,00;62
WINM26;25/02/2026;11:00:00;199095,00;199345,00;198945,00;199175,00;4062892,00;102
WINM26;25/02/2026;10:50:00;199025,00;199035,00;198730,00;199035,00;13126089,00;330
WINM26;25/02/2026;10:40:00;199575,00;199575,00;199000,00;199100,00;11230133,00;282
WINM26;25/02/2026;10:30:00;199740,00;199865,00;199595,00;199690,00;2037301,00;51
WINM26;25/02/2026;10:20:00;199845,00;199845,00;199525,00;199725,00;4113122,00;103
WINM26;25/02/2026;10:10:00;200015,00;200100,00;199810,00;199815,00;2399627,00;60
WINM26;25/02/2026;10:00:00;200700,00;200760,00;199865,00;200085,00;3844781,00;96
WINM26;25/02/2026;09:50:00;200590,00;200750,00;200410,00;200750,00;3249568,00;81
WINM26;25/02/2026;09:40:00;200520,00;200670,00;200440,00;200635,00;2085966,00;52
WINM26;25/02/2026;09:30:00;200430,00;200620,00;200335,00;200540,00;3969664,00;99
WINM26;25/02/2026;09:20:00;200995,00;201115,00;200450,00;200450,00;4619356,00;115
WINM26;25/02/2026;09:10:00;201565,00;201700,00;200850,00;201010,00;13925725,00;346
WINM26;25/02/2026;09:00:00;200500,00;201750,00;200020,00;201555,00;50989404,00;1269
WINM26;24/02/2026;18:20:00;199070,00;199190,00;199050,00;199050,00;358350,00;9
WINM26;24/02/2026;18:10:00;199195,00;199195,00;199050,00;199050,00;955803,00;24
WINM26;24/02/2026;18:00:00;199120,00;199170,00;199005,00;199145,00;637152,00;16
WINM26;24/02/2026;17:50:00;199140,00;199400,00;199140,00;199200,00;2351070,00;59
WINM26;24/02/2026;17:40:00;198940,00;199100,00;198940,00;199100,00;1313503,00;33
WINM26;24/02/2026;17:30:00;198760,00;198980,00;198725,00;198890,00;994044,00;25
WINM26;24/02/2026;17:20:00;198850,00;198950,00;198760,00;198840,00;3182314,00;80
WINM26;24/02/2026;17:10:00;198845,00;198885,00;198760,00;198760,00;1829116,00;46
WINM26;24/02/2026;17:00:00;198950,00;198955,00;198775,00;198775,00;954585,00;24
WINM26;24/02/2026;16:50:00;199045,00;199050,00;198840,00;199000,00;1909889,00;48
WINM26;24/02/2026;16:40:00;198995,00;199190,00;198995,00;199075,00;1313991,00;33
WINM26;24/02/2026;16:30:00;198840,00;199050,00;198835,00;199035,00;1910209,00;48
WINM26;24/02/2026;16:20:00;198600,00;198845,00;198515,00;198785,00;2781257,00;70
WINM26;24/02/2026;16:10:00;198740,00;198945,00;198620,00;198620,00;2703436,00;68
WINM26;24/02/2026;16:00:00;198925,00;199045,00;198750,00;198775,00;1431805,00;36
WINM26;24/02/2026;15:50:00;199050,00;199050,00;198925,00;198930,00;955202,00;24
WINM26;24/02/2026;15:40:00;199000,00;199245,00;199000,00;199145,00;2986710,00;75
WINM26;24/02/2026;15:30:00;199035,00;199155,00;198965,00;199000,00;10707113,00;269
WINM26;24/02/2026;15:20:00;198970,00;199035,00;198845,00;199035,00;477530,00;12
WINM26;24/02/2026;15:10:00;199035,00;199035,00;198830,00;198985,00;2187915,00;55
WINM26;24/02/2026;15:00:00;199015,00;199105,00;198960,00;199095,00;756334,00;19
WINM26;24/02/2026;14:50:00;199000,00;199020,00;198920,00;198945,00;1591689,00;40
WINM26;24/02/2026;14:40:00;199330,00;199330,00;198945,00;198945,00;5616006,00;141
WINM26;24/02/2026;14:30:00;199250,00;199415,00;199250,00;199395,00;1515034,00;38
WINM26;24/02/2026;14:20:00;199300,00;199355,00;199220,00;199280,00;2391272,00;60
WINM26;24/02/2026;14:10:00;199135,00;199375,00;199135,00;199240,00;5818732,00;146
WINM26;24/02/2026;14:00:00;198900,00;199150,00;198900,00;199150,00;1672044,00;42
WINM26;24/02/2026;13:50:00;198875,00;198985,00;198820,00;198840,00;2505827,00;63
WINM26;24/02/2026;13:40:00;199045,00;199045,00;198755,00;198755,00;1511867,00;38
WINM26;24/02/2026;13:30:00;199195,00;199310,00;198990,00;199045,00;1871758,00;47
WINM26;24/02/2026;13:20:00;198890,00;199160,00;198835,00;199160,00;1750821,00;44
WINM26;24/02/2026;13:10:00;198980,00;199030,00;198740,00;198760,00;4573815,00;115
WINM26;24/02/2026;13:00:00;198750,00;198980,00;198685,00;198905,00;3619244,00;91
WINM26;24/02/2026;12:50:00;198770,00;198975,00;198760,00;198795,00;2426686,00;61
WINM26;24/02/2026;12:40:00;198700,00;198905,00;198595,00;198765,00;6597990,00;166
WINM26;24/02/2026;12:30:00;198750,00;198885,00;198485,00;198660,00;6953374,00;175
WINM26;24/02/2026;12:20:00;198605,00;198785,00;198575,00;198730,00;3854793,00;97
WINM26;24/02/2026;12:10:00;198520,00;198800,00;198415,00;198570,00;3416284,00;86
WINM26;24/02/2026;12:00:00;197910,00;198605,00;197805,00;198450,00;8089591,00;204
WINM26;24/02/2026;11:50:00;197660,00;198105,00;197660,00;197960,00;4631243,00;117
WINM26;24/02/2026;11:40:00;197440,00;197960,00;197385,00;197575,00;4230333,00;107
WINM26;24/02/2026;11:30:00;197565,00;197635,00;197230,00;197540,00;4777574,00;121
WINM26;24/02/2026;11:20:00;197645,00;197825,00;197610,00;197700,00;2372646,00;60
WINM26;24/02/2026;11:10:00;197580,00;197745,00;197450,00;197610,00;1896734,00;48
WINM26;24/02/2026;11:00:00;197595,00;198060,00;197595,00;197600,00;3601128,00;91
WINM26;24/02/2026;10:50:00;197260,00;197630,00;197260,00;197520,00;3515123,00;89
WINM26;24/02/2026;10:40:00;197760,00;197765,00;197115,00;197310,00;3435388,00;87
WINM26;24/02/2026;10:30:00;197720,00;198300,00;197600,00;197670,00;11367091,00;287
WINM26;24/02/2026;10:20:00;197635,00;197805,00;197520,00;197685,00;3162599,00;80
WINM26;24/02/2026;10:10:00;197420,00;197615,00;197355,00;197605,00;2290872,00;58
WINM26;24/02/2026;10:00:00;197395,00;197440,00;196935,00;197335,00;8239789,00;209
WINM26;24/02/2026;09:50:00;197305,00;197655,00;197305,00;197490,00;2330123,00;59
WINM26;24/02/2026;09:40:00;197150,00;197435,00;197150,00;197385,00;2643946,00;67
WINM26;24/02/2026;09:30:00;197205,00;197325,00;197075,00;197190,00;2682090,00;68
WINM26;24/02/2026;09:20:00;197715,00;197720,00;197220,00;197255,00;4028627,00;102
WINM26;24/02/2026;09:10:00;197430,00;198200,00;197425,00;197810,00;6569801,00;166
WINM26;24/02/2026;09:00:00;196505,00;197510,00;196505,00;197430,00;25187764,00;640
WINM26;23/02/2026;18:20:00;196455,00;196540,00;196305,00;196305,00;9393653,00;239
WINM26;23/02/2026;18:10:00;196490,00;196525,00;196375,00;196425,00;71006650,00;1807
WINM26;23/02/2026;18:00:00;196540,00;196555,00;196370,00;196465,00;1650315,00;42
WINM26;23/02/2026;17:50:00;196540,00;196540,00;196400,00;196520,00;2514803,00;64
WINM26;23/02/2026;17:40:00;196540,00;196645,00;196420,00;196420,00;3812731,00;97
WINM26;23/02/2026;17:30:00;196410,00;196540,00;196410,00;196485,00;1532484,00;39
WINM26;23/02/2026;17:20:00;196250,00;196390,00;196250,00;196370,00;510434,00;13
WINM26;23/02/2026;17:10:00;196450,00;196450,00;196250,00;196310,00;2984061,00;76
WINM26;23/02/2026;17:00:00;196335,00;196520,00;196335,00;196475,00;1807371,00;46
WINM26;23/02/2026;16:50:00;196275,00;196440,00;196275,00;196440,00;2199620,00;56
WINM26;23/02/2026;16:40:00;196300,00;196320,00;196185,00;196220,00;1570096,00;40
WINM26;23/02/2026;16:30:00;196390,00;196465,00;196245,00;196335,00;2827746,00;72
WINM26;23/02/2026;16:20:00;196230,00;196540,00;196220,00;196395,00;16543132,00;421
WINM26;23/02/2026;16:10:00;196445,00;196445,00;196150,00;196235,00;21159402,00;539
WINM26;23/02/2026;16:00:00;196770,00;196785,00;196280,00;196320,00;16552541,00;421
WINM26;23/02/2026;15:50:00;196890,00;196905,00;196690,00;196795,00;2991358,00;76
WINM26;23/02/2026;15:40:00;196790,00;196855,00;196700,00;196855,00;1416590,00;36
WINM26;23/02/2026;15:30:00;196925,00;196975,00;196715,00;196780,00;4408308,00;112
WINM26;23/02/2026;15:20:00;196795,00;196975,00;196745,00;196870,00;2480553,00;63
WINM26;23/02/2026;15:10:00;196795,00;196890,00;196725,00;196755,00;4171903,00;106
WINM26;23/02/2026;15:00:00;196660,00;196840,00;196655,00;196725,00;2675779,00;68
WINM26;23/02/2026;14:50:00;196295,00;196800,00;196295,00;196635,00;6880940,00;175
WINM26;23/02/2026;14:40:00;196390,00;196425,00;196195,00;196195,00;2042044,00;52
WINM26;23/02/2026;14:30:00;196355,00;196460,00;196135,00;196305,00;2198281,00;56
WINM26;23/02/2026;14:20:00;196245,00;196400,00;196205,00;196395,00;2513261,00;64
WINM26;23/02/2026;14:10:00;196230,00;196390,00;196080,00;196345,00;1962632,00;50
WINM26;23/02/2026;14:00:00;196390,00;196575,00;196320,00;196395,00;60189871,00;1532
WINM26;23/02/2026;13:50:00;196165,00;196320,00;196135,00;196295,00;5690151,00;145
WINM26;23/02/2026;13:40:00;196285,00;196315,00;196125,00;196165,00;12713927,00;324
WINM26;23/02/2026;13:30:00;196185,00;196410,00;196165,00;196320,00;28149745,00;717
WINM26;23/02/2026;13:20:00;196245,00;196380,00;196040,00;196285,00;37956452,00;967
WINM26;23/02/2026;13:10:00;196500,00;196540,00;196205,00;196245,00;9463230,00;241
WINM26;23/02/2026;13:00:00;196450,00;196515,00;196300,00;196420,00;5813415,00;148
WINM26;23/02/2026;12:50:00;197025,00;197025,00;196415,00;196415,00;4366113,00;111
WINM26;23/02/2026;12:40:00;196950,00;197050,00;196900,00;196900,00;1024317,00;26
WINM26;23/02/2026;12:30:00;197320,00;197320,00;196925,00;196965,00;551720,00;14
WINM26;23/02/2026;12:20:00;197545,00;197560,00;197150,00;197200,00;2566396,00;65
WINM26;23/02/2026;12:10:00;197790,00;197810,00;197440,00;197515,00;2054887,00;52
WINM26;23/02/2026;12:00:00;198460,00;198550,00;197680,00;197680,00;21813504,00;551
WINM26;23/02/2026;11:50:00;198355,00;198685,00;198300,00;198405,00;4287523,00;108
WINM26;23/02/2026;11:40:00;197880,00;198320,00;197695,00;198295,00;4597292,00;116
WINM26;23/02/2026;11:30:00;197125,00;198150,00;197125,00;198065,00;20392274,00;516
WINM26;23/02/2026;11:20:00;197250,00;197320,00;196950,00;196975,00;2050063,00;52
WINM26;23/02/2026;11:10:00;197235,00;197280,00;197005,00;197265,00;1971714,00;50
WINM26;23/02/2026;11:00:00;196960,00;197215,00;196960,00;197180,00;1773942,00;45
WINM26;23/02/2026;10:50:00;196920,00;197015,00;196700,00;197015,00;1023758,00;26
WINM26;23/02/2026;10:40:00;196890,00;196945,00;196600,00;196945,00;1062640,00;27
WINM26;23/02/2026;10:30:00;197105,00;197220,00;196785,00;196930,00;1654732,00;42
WINM26;23/02/2026;10:20:00;196885,00;197140,00;196770,00;197125,00;1615547,00;41
WINM26;23/02/2026;10:10:00;197250,00;197270,00;196790,00;196790,00;1890901,00;48
WINM26;23/02/2026;10:00:00;196615,00;197375,00;196615,00;197260,00;4019037,00;102
WINM26;23/02/2026;09:50:00;196745,00;196805,00;196510,00;196530,00;15659091,00;398
WINM26;23/02/2026;09:40:00;196835,00;196900,00;196500,00;196770,00;1494861,00;38
WINM26;23/02/2026;09:30:00;196890,00;196890,00;196720,00;196825,00;1298898,00;33
WINM26;23/02/2026;09:20:00;196740,00;196975,00;196635,00;196895,00;12986419,00;330
WINM26;23/02/2026;09:10:00;197450,00;197500,00;196725,00;196755,00;24340494,00;618
WINM26;23/02/2026;09:00:00;197650,00;197845,00;197350,00;197495,00;24452612,00;619
WINM26;20/02/2026;18:20:00;198040,00;198080,00;197850,00;197850,00;1742047,00;44
WINM26;20/02/2026;18:10:00;198165,00;198235,00;197995,00;197995,00;1981093,00;50
WINM26;20/02/2026;18:00:00;198100,00;198240,00;198040,00;198220,00;1149092,00;29
WINM26;20/02/2026;17:50:00;198000,00;198140,00;197965,00;198140,00;1901069,00;48
WINM26;20/02/2026;17:40:00;198105,00;198165,00;197975,00;198000,00;2891671,00;73
WINM26;20/02/2026;17:30:00;198005,00;198200,00;197890,00;198200,00;4121106,00;104
WINM26;20/02/2026;17:20:00;198345,00;198390,00;198020,00;198060,00;2299157,00;58
WINM26;20/02/2026;17:10:00;198135,00;198320,00;198070,00;198290,00;1665063,00;42
WINM26;20/02/2026;17:00:00;197820,00;198150,00;197820,00;198110,00;4751476,00;120
WINM26;20/02/2026;16:50:00;197950,00;198060,00;197850,00;197900,00;4829421,00;122
WINM26;20/02/2026;16:40:00;197685,00;197935,00;197670,00;197935,00;3322046,00;84
WINM26;20/02/2026;16:30:00;197295,00;197620,00;197255,00;197620,00;1184769,00;30
WINM26;20/02/2026;16:20:00;197180,00;197300,00;197125,00;197225,00;1262459,00;32
WINM26;20/02/2026;16:10:00;197240,00;197330,00;197220,00;197275,00;1223047,00;31
WINM26;20/02/2026;16:00:00;196935,00;197255,00;196895,00;197255,00;2089089,00;53
WINM26;20/02/2026;15:50:00;197070,00;197125,00;196955,00;196955,00;630586,00;16
WINM26;20/02/2026;15:40:00;197125,00;197225,00;197085,00;197085,00;1025156,00;26
WINM26;20/02/2026;15:30:00;196895,00;197240,00;196760,00;197240,00;2561525,00;65
WINM26;20/02/2026;15:20:00;196715,00;196900,00;196430,00;196900,00;1731003,00;44
WINM26;20/02/2026;15:10:00;196625,00;196795,00;196605,00;196650,00;747406,00;19
WINM26;20/02/2026;15:00:00;196425,00;196760,00;196425,00;196730,00;2320451,00;59
WINM26;20/02/2026;14:50:00;196175,00;196560,00;196175,00;196445,00;3103446,00;79
WINM26;20/02/2026;14:40:00;195900,00;196110,00;195875,00;196110,00;2076974,00;53
WINM26;20/02/2026;14:30:00;195420,00;195860,00;195420,00;195860,00;2543616,00;65
WINM26;20/02/2026;14:20:00;195705,00;195705,00;195360,00;195440,00;5044891,00;129
WINM26;20/02/2026;14:10:00;196100,00;196100,00;195735,00;195850,00;1528464,00;39
WINM26;20/02/2026;14:00:00;196260,00;196365,00;196105,00;196105,00;5848668,00;149
WINM26;20/02/2026;13:50:00;196260,00;196260,00;196135,00;196195,00;863246,00;22
WINM26;20/02/2026;13:40:00;196245,00;196325,00;196180,00;196250,00;1295220,00;33
WINM26;20/02/2026;13:30:00;195885,00;196215,00;195860,00;196215,00;901970,00;23
WINM26;20/02/2026;13:20:00;195975,00;195985,00;195875,00;195905,00;1214643,00;31
WINM26;20/02/2026;13:10:00;196150,00;196240,00;196035,00;196165,00;745259,00;19
WINM26;20/02/2026;13:00:00;196075,00;196260,00;195920,00;195920,00;1215708,00;31
WINM26;20/02/2026;12:50:00;196300,00;196320,00;196135,00;196270,00;1334370,00;34
WINM26;20/02/2026;12:40:00;196085,00;196465,00;196085,00;196465,00;1255806,00;32
WINM26;20/02/2026;12:30:00;196065,00;196065,00;195800,00;195935,00;1489183,00;38
WINM26;20/02/2026;12:20:00;196605,00;196635,00;196060,00;196070,00;1687903,00;43
WINM26;20/02/2026;12:10:00;195930,00;196540,00;195900,00;196450,00;3844826,00;98
WINM26;20/02/2026;12:00:00;195480,00;196300,00;195480,00;195790,00;11516584,00;294
WINM26;20/02/2026;11:50:00;195095,00;195470,00;195070,00;195355,00;2460992,00;63
WINM26;20/02/2026;11:40:00;195110,00;195455,00;195060,00;195135,00;4178306,00;107
WINM26;20/02/2026;11:30:00;195195,00;195400,00;194950,00;195115,00;7651213,00;196
WINM26;20/02/2026;11:20:00;194835,00;195255,00;194765,00;195080,00;17486000,00;448
WINM26;20/02/2026;11:10:00;194335,00;194790,00;194305,00;194675,00;2101720,00;54
WINM26;20/02/2026;11:00:00;194535,00;194535,00;194375,00;194395,00;505610,00;13
WINM26;20/02/2026;10:50:00;194330,00;194680,00;194295,00;194630,00;2957720,00;76
WINM26;20/02/2026;10:40:00;194790,00;194800,00;194220,00;194255,00;5365104,00;138
WINM26;20/02/2026;10:30:00;194890,00;194935,00;194380,00;194725,00;6847224,00;176
WINM26;20/02/2026;10:20:00;194855,00;194915,00;194570,00;194855,00;1207756,00;31
WINM26;20/02/2026;10:10:00;194685,00;194900,00;194665,00;194780,00;779226,00;20
WINM26;20/02/2026;10:00:00;194705,00;194880,00;194550,00;194640,00;4400424,00;113
WINM26;20/02/2026;09:50:00;194615,00;194790,00;194590,00;194675,00;1012462,00;26
WINM26;20/02/2026;09:40:00;194900,00;194900,00;194590,00;194615,00;4049158,00;104
WINM26;20/02/2026;09:30:00;194950,00;194975,00;194820,00;194975,00;1948921,00;50
WINM26;20/02/2026;09:20:00;194960,00;195135,00;194910,00;195030,00;2300894,00;59
WINM26;20/02/2026;09:10:00;195415,00;195415,00;195000,00;195045,00;4958363,00;127
WINM26;20/02/2026;09:00:00;196275,00;196325,00;195385,00;195425,00;4152023,00;106
WINM26;19/02/2026;18:20:00;196085,00;196395,00;196050,00;196395,00;1020112,00;26
WINM26;19/02/2026;18:10:00;196270,00;196270,00;196125,00;196150,00;1804965,00;46
WINM26;19/02/2026;18:00:00;196150,00;196350,00;196150,00;196270,00;2159109,00;55
WINM26;19/02/2026;17:50:00;196140,00;196200,00;196020,00;196060,00;2980917,00;76
WINM26;19/02/2026;17:40:00;195980,00;196115,00;195875,00;196105,00;4194410,00;107
WINM26;19/02/2026;17:30:00;195745,00;196095,00;195745,00;195975,00;3447579,00;88
WINM26;19/02/2026;17:20:00;195500,00;195680,00;195475,00;195670,00;821400,00;21
WINM26;19/02/2026;17:10:00;195690,00;195690,00;195500,00;195600,00;1603529,00;41
WINM26;19/02/2026;17:00:00;195715,00;195820,00;195670,00;195690,00;1840121,00;47
WINM26;19/02/2026;16:50:00;195700,00;195750,00;195600,00;195685,00;1134995,00;29
WINM26;19/02/2026;16:40:00;195650,00;195730,00;195530,00;195565,00;3442790,00;88
WINM26;19/02/2026;16:30:00;195820,00;195950,00;195650,00;195650,00;4112736,00;105
WINM26;19/02/2026;16:20:00;195760,00;195880,00;195750,00;195880,00;2467393,00;63
WINM26;19/02/2026;16:10:00;195840,00;195965,00;195795,00;195795,00;2193849,00;56
WINM26;19/02/2026;16:00:00;196020,00;196020,00;195765,00;195770,00;1958471,00;50
WINM26;19/02/2026;15:50:00;196010,00;196100,00;195950,00;195950,00;1176187,00;30
WINM26;19/02/2026;15:40:00;195975,00;196050,00;195875,00;196050,00;2272901,00;58
WINM26;19/02/2026;15:30:00;195925,00;196000,00;195800,00;195840,00;1919680,00;49
WINM26;19/02/2026;15:20:00;196100,00;196100,00;195890,00;195950,00;2469314,00;63
WINM26;19/02/2026;15:10:00;195940,00;196240,00;195900,00;196125,00;3646167,00;93
WINM26;19/02/2026;15:00:00;195995,00;196075,00;195950,00;196020,00;705675,00;18
WINM26;19/02/2026;14:50:00;196070,00;196200,00;195975,00;196055,00;2470304,00;63
WINM26;19/02/2026;14:40:00;196320,00;196320,00;196095,00;196130,00;1608220,00;41
WINM26;19/02/2026;14:30:00;196400,00;196505,00;196210,00;196230,00;3339377,00;85
WINM26;19/02/2026;14:20:00;196360,00;196500,00;196230,00;196360,00;5459744,00;139
WINM26;19/02/2026;14:10:00;196010,00;196360,00;195975,00;196305,00;3178933,00;81
WINM26;19/02/2026;14:00:00;196120,00;196120,00;195895,00;196035,00;2547408,00;65
WINM26;19/02/2026;13:50:00;196075,00;196250,00;195945,00;196120,00;2431498,00;62
WINM26;19/02/2026;13:40:00;196220,00;196255,00;196000,00;196060,00;2471187,00;63
WINM26;19/02/2026;13:30:00;196255,00;196360,00;196200,00;196225,00;1884219,00;48
WINM26;19/02/2026;13:20:00;196300,00;196345,00;196105,00;196240,00;1726616,00;44
WINM26;19/02/2026;13:10:00;196260,00;196380,00;196190,00;196320,00;1530948,00;39
WINM26;19/02/2026;13:00:00;196255,00;196410,00;196125,00;196370,00;7773683,00;198
WINM26;19/02/2026;12:50:00;196050,00;196250,00;195750,00;196210,00;16236443,00;414
WINM26;19/02/2026;12:40:00;196015,00;196165,00;195865,00;196065,00;7842232,00;200
WINM26;19/02/2026;12:30:00;195700,00;196045,00;195695,00;195995,00;5877434,00;150
WINM26;19/02/2026;12:20:00;195385,00;195650,00;195250,00;195645,00;1837605,00;47
WINM26;19/02/2026;12:10:00;195320,00;195625,00;195170,00;195495,00;5274432,00;135
WINM26;19/02/2026;12:00:00;194455,00;195370,00;194405,00;195245,00;11267241,00;289
WINM26;19/02/2026;11:50:00;194125,00;194495,00;194020,00;194385,00;18094841,00;466
WINM26;19/02/2026;11:40:00;193855,00;194185,00;193625,00;194125,00;4693134,00;121
WINM26;19/02/2026;11:30:00;193960,00;194035,00;193685,00;193975,00;5505740,00;142
WINM26;19/02/2026;11:20:00;194145,00;194185,00;193890,00;194070,00;2561050,00;66
WINM26;19/02/2026;11:10:00;194140,00;194210,00;193990,00;194175,00;9242890,00;238
WINM26;19/02/2026;11:00:00;194150,00;194150,00;193865,00;193985,00;6710474,00;173
WINM26;19/02/2026;10:50:00;194050,00;194325,00;193975,00;194170,00;2756894,00;71
WINM26;19/02/2026;10:40:00;194610,00;194720,00;193985,00;193985,00;3031333,00;78
WINM26;19/02/2026;10:30:00;193920,00;194660,00;193920,00;194660,00;5131832,00;132
WINM26;19/02/2026;10:20:00;194250,00;194300,00;193885,00;194045,00;5702983,00;147
WINM26;19/02/2026;10:10:00;193775,00;194275,00;193685,00;194210,00;6245955,00;161
WINM26;19/02/2026;10:00:00;194400,00;194410,00;193615,00;193845,00;11206439,00;289
WINM26;19/02/2026;09:50:00;194040,00;194500,00;194000,00;194500,00;2175540,00;56
WINM26;19/02/2026;09:40:00;194005,00;194640,00;194005,00;194015,00;7229956,00;186
WINM26;19/02/2026;09:30:00;194285,00;194290,00;193975,00;193975,00;3804901,00;98
WINM26;19/02/2026;09:20:00;194195,00;194400,00;193975,00;194270,00;6837027,00;176
WINM26;19/02/2026;09:10:00;194270,00;194400,00;194080,00;194135,00;6295311,00;162
WINM26;19/02/2026;09:00:00;194190,00;194290,00;193660,00;194210,00;8498857,00;219
WINM26;18/02/2026;18:20:00;194000,00;194000,00;193850,00;193850,00;155150,00;4
WINM26;18/02/2026;18:10:00;193965,00;193970,00;193750,00;193945,00;697907,00;18
WINM26;18/02/2026;18:00:00;193840,00;193985,00;193785,00;193965,00;1783524,00;46
WINM26;18/02/2026;17:50:00;193300,00;193900,00;193300,00;193715,00;3794863,00;98
WINM26;18/02/2026;17:40:00;193170,00;193385,00;193060,00;193125,00;3905000,00;101
WINM26;18/02/2026;17:30:00;193040,00;193170,00;192970,00;193170,00;386178,00;10
WINM26;18/02/2026;17:20:00;192915,00;192915,00;192915,00;192915,00;38583,00;1
WINM26;18/02/2026;17:10:00;193070,00;193070,00;192845,00;192845,00;3356907,00;87
WINM26;18/02/2026;17:00:00;193015,00;193420,00;193015,00;193270,00;4176277,00;108
WINM26;18/02/2026;16:50:00;192695,00;192695,00;192620,00;192620,00;77063,00;2
WINM26;18/02/2026;16:40:00;192760,00;193120,00;192720,00;192895,00;1196319,00;31
WINM26;18/02/2026;16:30:00;192845,00;192845,00;192810,00;192810,00;115693,00;3
WINM26;18/02/2026;16:20:00;193045,00;193045,00;193045,00;193045,00;38609,00;1
WINM26;18/02/2026;16:10:00;193180,00;193180,00;192820,00;192850,00;5095745,00;132
WINM26;18/02/2026;16:00:00;193450,00;193685,00;193210,00;193210,00;1430918,00;37
WINM26;18/02/2026;15:50:00;193110,00;193525,00;193110,00;193525,00;734988,00;19
WINM26;18/02/2026;15:40:00;193445,00;193645,00;193100,00;193110,00;6109967,00;158
WINM26;18/02/2026;15:30:00;193645,00;193645,00;193310,00;193310,00;618969,00;16
WINM26;18/02/2026;15:20:00;193275,00;193620,00;193245,00;193585,00;1122055,00;29
WINM26;18/02/2026;15:10:00;193250,00;193400,00;193200,00;193245,00;1661753,00;43
WINM26;18/02/2026;15:00:00;194060,00;194125,00;193380,00;193380,00;2827648,00;73
WINM26;18/02/2026;14:40:00;194520,00;194520,00;194265,00;194465,00;349834,00;9
WINM26;18/02/2026;14:30:00;194265,00;194465,00;194265,00;194465,00;116599,00;3
WINM26;18/02/2026;14:20:00;194080,00;194585,00;194000,00;194445,00;9946819,00;256
WINM26;18/02/2026;14:10:00;193440,00;194080,00;193440,00;194050,00;3683012,00;95
WINM26;18/02/2026;14:00:00;193765,00;193865,00;193490,00;193490,00;3136910,00;81
WINM26;18/02/2026;13:50:00;193825,00;194095,00;193825,00;194045,00;3142736,00;81
WINM26;18/02/2026;13:40:00;194120,00;194265,00;193875,00;194025,00;1902737,00;49
WINM26;18/02/2026;13:30:00;193995,00;194250,00;193990,00;194180,00;8152132,00;210
WINM26;18/02/2026;13:20:00;194410,00;194420,00;193795,00;193795,00;1436265,00;37
WINM26;18/02/2026;13:10:00;194655,00;194835,00;193875,00;194210,00;4390426,00;113
WINM26;18/02/2026;13:00:00;194260,00;196365,00;194230,00;195065,00;9795684,00;251
WINM26;13/02/2026;18:20:00;194260,00;194465,00;194260,00;194465,00;544338,00;14
WINM26;13/02/2026;18:00:00;194200,00;194250,00;194200,00;194250,00;77690,00;2
WINM26;13/02/2026;17:20:00;193590,00;193590,00;193590,00;193590,00;38718,00;1
WINM26;13/02/2026;16:50:00;193965,00;193965,00;193840,00;193840,00;543002,00;14
WINM26;13/02/2026;16:20:00;193450,00;193450,00;193450,00;193450,00;38690,00;1
WINM26;13/02/2026;16:10:00;193880,00;194075,00;193500,00;193500,00;232658,00;6
WINM26;13/02/2026;16:00:00;193840,00;193840,00;193820,00;193820,00;155060,00;4
WINM26;13/02/2026;15:10:00;193985,00;194015,00;193750,00;193750,00;116350,00;3
WINM26;13/02/2026;15:00:00;193985,00;193985,00;193985,00;193985,00;310376,00;8
WINM26;13/02/2026;14:50:00;193930,00;193930,00;193930,00;193930,00;77572,00;2
WINM26;13/02/2026;14:20:00;193305,00;193390,00;193305,00;193390,00;502797,00;13
WINM26;13/02/2026;14:10:00;193550,00;193550,00;193550,00;193550,00;116130,00;3
WINM26;13/02/2026;13:50:00;193500,00;193540,00;193500,00;193540,00;116108,00;3
WINM26;13/02/2026;13:40:00;193280,00;193360,00;193280,00;193360,00;193332,00;5
WINM26;13/02/2026;13:30:00;193300,00;193300,00;193300,00;193300,00;38660,00;1
WINM26;13/02/2026;13:20:00;192820,00;192820,00;192820,00;192820,00;115692,00;3
WINM26;13/02/2026;13:00:00;192450,00;192450,00;192450,00;192450,00;38490,00;1
WINM26;13/02/2026;12:50:00;192700,00;192700,00;192700,00;192700,00;38540,00;1
WINM26;13/02/2026;12:40:00;193285,00;193470,00;192615,00;192615,00;270425,00;7
WINM26;13/02/2026;12:30:00;192950,00;193270,00;192950,00;193270,00;849437,00;22
WINM26;13/02/2026;11:50:00;191885,00;191885,00;191700,00;191700,00;191737,00;5
WINM26;13/02/2026;11:40:00;191735,00;192460,00;191545,00;192460,00;538013,00;14
WINM26;13/02/2026;11:30:00;192535,00;192535,00;191790,00;191790,00;192200,00;5
WINM26;13/02/2026;10:50:00;192950,00;192950,00;192950,00;192950,00;38590,00;1
WINM26;13/02/2026;10:40:00;193125,00;193125,00;193125,00;193125,00;38625,00;1
WINM26;13/02/2026;10:30:00;193270,00;193300,00;192620,00;193115,00;231608,00;6
WINM26;13/02/2026;10:20:00;192950,00;193100,00;192950,00;193100,00;463260,00;12
WINM26;13/02/2026;10:10:00;192915,00;192915,00;192650,00;192650,00;154206,00;4
WINM26;13/02/2026;10:00:00;193015,00;193015,00;192815,00;192815,00;192923,00;5
WINM26;13/02/2026;09:50:00;193115,00;193115,00;192850,00;193115,00;656216,00;17
WINM26;13/02/2026;09:40:00;193070,00;193415,00;193070,00;193215,00;347878,00;9
WINM26;13/02/2026;09:30:00;193070,00;193070,00;193070,00;193070,00;38614,00;1
WINM26;13/02/2026;09:20:00;193270,00;193270,00;193170,00;193170,00;77288,00;2
WINM26;13/02/2026;09:10:00;193800,00;193800,00;193250,00;193250,00;270980,00;7
WINM26;13/02/2026;09:00:00;194655,00;194750,00;194000,00;194000,00;272159,00;7
WINM26;12/02/2026;18:00:00;195750,00;195750,00;195650,00;195650,00;78280,00;2
WINM26;12/02/2026;17:50:00;195850,00;195850,00;195850,00;195850,00;39170,00;1
WINM26;12/02/2026;17:40:00;196200,00;196200,00;195945,00;195945,00;78429,00;2
WINM26;12/02/2026;17:10:00;195850,00;195850,00;195850,00;195850,00;39170,00;1
WINM26;12/02/2026;17:00:00;196050,00;196125,00;195950,00;196125,00;117625,00;3
WINM26;12/02/2026;16:50:00;195905,00;195905,00;195905,00;195905,00;391810,00;10
WINM26;12/02/2026;16:30:00;195795,00;195795,00;195500,00;195500,00;782590,00;20
WINM26;12/02/2026;16:10:00;195800,00;195800,00;195800,00;195800,00;39160,00;1
WINM26;12/02/2026;15:50:00;195350,00;195450,00;195350,00;195450,00;976960,00;25
WINM26;12/02/2026;15:30:00;195100,00;195100,00;195100,00;195100,00;39020,00;1
WINM26;12/02/2026;15:20:00;195250,00;195250,00;195145,00;195145,00;78079,00;2
WINM26;12/02/2026;15:10:00;195650,00;195650,00;195500,00;195585,00;195564,00;5
WINM26;12/02/2026;15:00:00;196250,00;196250,00;195750,00;195750,00;391951,00;10
WINM26;12/02/2026;14:50:00;196600,00;196600,00;196350,00;196350,00;707361,00;18
WINM26;12/02/2026;14:40:00;196700,00;196700,00;196700,00;196700,00;39340,00;1
WINM26;12/02/2026;14:30:00;196400,00;196400,00;196400,00;196400,00;117840,00;3
WINM26;12/02/2026;14:20:00;196800,00;196800,00;196500,00;196500,00;157321,00;4
WINM26;12/02/2026;14:10:00;196350,00;196350,00;196350,00;196350,00;39270,00;1
WINM26;12/02/2026;14:00:00;196350,00;196350,00;196245,00;196245,00;157019,00;4
WINM26;12/02/2026;13:50:00;196450,00;196450,00;196250,00;196250,00;117810,00;3
WINM26;12/02/2026;13:40:00;196650,00;196650,00;196550,00;196550,00;78640,00;2
WINM26;12/02/2026;13:30:00;196740,00;196740,00;196740,00;196740,00;39348,00;1
WINM26;12/02/2026;13:20:00;196500,00;196500,00;196350,00;196350,00;157140,00;4
WINM26;12/02/2026;13:10:00;197350,00;197355,00;196550,00;196550,00;551673,00;14
WINM26;12/02/2026;13:00:00;197350,00;197490,00;197175,00;197175,00;552342,00;14
WINM26;12/02/2026;12:10:00;198000,00;198000,00;198000,00;198000,00;158400,00;4
WINM26;12/02/2026;12:00:00;197250,00;197250,00;197250,00;197250,00;39450,00;1
WINM26;12/02/2026;11:50:00;197150,00;197150,00;197150,00;197150,00;39430,00;1
WINM26;12/02/2026;11:40:00;197350,00;197350,00;197250,00;197350,00;118390,00;3
WINM26;12/02/2026;11:30:00;197350,00;197450,00;197350,00;197450,00;78960,00;2
WINM26;12/02/2026;11:20:00;197650,00;197650,00;197650,00;197650,00;39530,00;1
WINM26;12/02/2026;11:10:00;197200,00;197200,00;197200,00;197200,00;39440,00;1
WINM26;12/02/2026;11:00:00;196800,00;196800,00;196800,00;196800,00;39360,00;1
WINM26;12/02/2026;10:50:00;197100,00;197100,00;196800,00;196800,00;157560,00;4
WINM26;12/02/2026;10:40:00;197300,00;197300,00;197200,00;197200,00;78900,00;2
WINM26;12/02/2026;10:30:00;197200,00;197300,00;197200,00;197300,00;78900,00;2
WINM26;12/02/2026;10:20:00;197500,00;197500,00;197300,00;197300,00;118440,00;3
WINM26;12/02/2026;10:10:00;197000,00;197145,00;197000,00;197145,00;157669,00;4
WINM26;12/02/2026;10:00:00;197000,00;197000,00;197000,00;197000,00;78800,00;2
WINM26;12/02/2026;09:50:00;196695,00;196960,00;196695,00;196960,00;118091,00;3
WINM26;12/02/2026;09:40:00;196800,00;196800,00;196700,00;196700,00;78700,00;2
WINM26;12/02/2026;09:30:00;197000,00;197095,00;196900,00;196900,00;315199,00;8
WINM26;12/02/2026;09:10:00;197300,00;197300,00;197200,00;197200,00;78900,00;2
WINM26;12/02/2026;09:00:00;197600,00;197600,00;197300,00;197500,00;236940,00;6
WINM26;11/02/2026;18:20:00;197700,00;197700,00;197600,00;197600,00;118586,00;3
WINM26;11/02/2026;18:10:00;197740,00;197740,00;197600,00;197600,00;79068,00;2
WINM26;11/02/2026;18:00:00;197940,00;197940,00;197940,00;197940,00;39588,00;1
WINM26;11/02/2026;17:20:00;197780,00;197780,00;197715,00;197740,00;355927,00;9
WINM26;11/02/2026;17:10:00;197810,00;197810,00;197810,00;197810,00;39562,00;1
WINM26;11/02/2026;16:50:00;198000,00;198000,00;198000,00;198000,00;39600,00;1
WINM26;11/02/2026;16:20:00;198355,00;198355,00;198355,00;198355,00;39671,00;1
WINM26;11/02/2026;16:10:00;197870,00;197870,00;197870,00;197870,00;39574,00;1
WINM26;11/02/2026;16:00:00;197735,00;197735,00;197735,00;197735,00;39547,00;1
WINM26;11/02/2026;15:50:00;197635,00;197635,00;197635,00;197635,00;39527,00;1
WINM26;11/02/2026;15:40:00;197435,00;197535,00;197435,00;197535,00;78994,00;2
WINM26;11/02/2026;15:10:00;197595,00;197760,00;197595,00;197760,00;79071,00;2
WINM26;11/02/2026;15:00:00;198200,00;198200,00;198075,00;198075,00;158485,00;4
WINM26;11/02/2026;14:30:00;198250,00;198250,00;198250,00;198250,00;39650,00;1
WINM26;11/02/2026;14:00:00;198250,00;198250,00;198250,00;198250,00;39650,00;1
WINM26;11/02/2026;13:40:00;198600,00;198600,00;198600,00;198600,00;39720,00;1
WINM26;11/02/2026;13:30:00;198335,00;198335,00;198335,00;198335,00;39667,00;1
WINM26;11/02/2026;13:10:00;197730,00;198235,00;197730,00;197955,00;673205,00;17
WINM26;11/02/2026;13:00:00;197645,00;197645,00;197645,00;197645,00;39529,00;1
WINM26;11/02/2026;12:50:00;197080,00;197080,00;197080,00;197080,00;39416,00;1
WINM26;11/02/2026;12:40:00;196700,00;196700,00;196700,00;196700,00;39340,00;1
WINM26;11/02/2026;12:30:00;196500,00;196500,00;196500,00;196500,00;39300,00;1
WINM26;11/02/2026;11:30:00;197420,00;197420,00;197420,00;197420,00;78968,00;2
WINM26;11/02/2026;11:20:00;197220,00;197220,00;197220,00;197220,00;39444,00;1
WINM26;11/02/2026;11:10:00;197000,00;197000,00;197000,00;197000,00;118200,00;3
WINM26;11/02/2026;11:00:00;196600,00;196650,00;196600,00;196650,00;78650,00;2
WINM26;11/02/2026;10:40:00;196100,00;196385,00;196100,00;196385,00;157034,00;4
WINM26;11/02/2026;10:30:00;196145,00;196190,00;196145,00;196190,00;117696,00;3
WINM26;11/02/2026;10:20:00;196200,00;196200,00;196200,00;196200,00;39240,00;1
WINM26;11/02/2026;10:10:00;195605,00;195605,00;195600,00;195600,00;156482,00;4
WINM26;11/02/2026;09:50:00;196270,00;196270,00;196270,00;196270,00;39254,00;1
WINM26;11/02/2026;09:40:00;196000,00;196090,00;196000,00;196090,00;117618,00;3
WINM26;11/02/2026;09:30:00;195595,00;195595,00;195595,00;195595,00;39119,00;1
WINM26;11/02/2026;09:10:00;195615,00;195615,00;195615,00;195615,00;39123,00;1
WINM26;11/02/2026;09:00:00;195685,00;196050,00;194750,00;196050,00;313121,00;8
WINM26;10/02/2026;18:20:00;194170,00;194175,00;194170,00;194175,00;155339,00;4
WINM26;10/02/2026;18:10:00;194040,00;194040,00;194040,00;194040,00;38808,00;1
WINM26;10/02/2026;17:40:00;194200,00;194200,00;193950,00;193950,00;116438,00;3
WINM26;10/02/2026;17:30:00;194500,00;194500,00;194455,00;194455,00;77791,00;2
WINM26;10/02/2026;17:20:00;194385,00;194385,00;194385,00;194385,00;116631,00;3
WINM26;10/02/2026;17:10:00;194275,00;194300,00;194275,00;194300,00;77715,00;2
WINM26;10/02/2026;17:00:00;194000,00;194150,00;194000,00;194150,00;116430,00;3
WINM26;10/02/2026;15:30:00;193500,00;193500,00;193400,00;193400,00;77380,00;2
WINM26;10/02/2026;14:40:00;194000,00;194000,00;194000,00;194000,00;38800,00;1
WINM26;10/02/2026;13:50:00;194185,00;194185,00;194185,00;194185,00;77674,00;2
WINM26;10/02/2026;13:40:00;194300,00;194300,00;194300,00;194300,00;38860,00;1
WINM26;10/02/2026;12:20:00;194490,00;194750,00;194490,00;194750,00;116748,00;3
WINM26;10/02/2026;12:10:00;194330,00;194330,00;194330,00;194330,00;38866,00;1
WINM26;10/02/2026;12:00:00;194000,00;194000,00;194000,00;194000,00;38800,00;1
WINM26;10/02/2026;10:20:00;193500,00;193500,00;193500,00;193500,00;38700,00;1
WINM26;10/02/2026;10:10:00;193940,00;193940,00;193940,00;193940,00;38788,00;1
WINM26;10/02/2026;10:00:00;193620,00;193620,00;193620,00;193620,00;38724,00;1
WINM26;10/02/2026;09:40:00;193650,00;193650,00;193650,00;193650,00;38730,00;1
WINM26;10/02/2026;09:00:00;194030,00;194030,00;194030,00;194030,00;155224,00;4
WINM26;09/02/2026;18:00:00;194490,00;194490,00;194490,00;194490,00;38898,00;1
WINM26;09/02/2026;17:10:00;194460,00;194460,00;194460,00;194460,00;38892,00;1
WINM26;09/02/2026;17:00:00;194460,00;194460,00;194460,00;194460,00;38892,00;1
WINM26;09/02/2026;16:10:00;194000,00;194000,00;193950,00;193950,00;271540,00;7
WINM26;09/02/2026;15:20:00;193355,00;193355,00;193285,00;193285,00;425255,00;11
WINM26;09/02/2026;14:10:00;193250,00;193250,00;193250,00;193250,00;38650,00;1
WINM26;09/02/2026;14:00:00;192900,00;193000,00;192900,00;193000,00;77180,00;2
WINM26;09/02/2026;13:50:00;192500,00;192500,00;192500,00;192500,00;38500,00;1
WINM26;09/02/2026;10:10:00;191580,00;191580,00;191580,00;191580,00;38316,00;1
WINM26;09/02/2026;10:00:00;191575,00;191700,00;191575,00;191700,00;76655,00;2
WINM26;09/02/2026;09:40:00;192465,00;192465,00;192000,00;192180,00;7731746,00;201
WINM26;09/02/2026;09:30:00;191800,00;192000,00;191800,00;192000,00;76760,00;2
WINM26;09/02/2026;09:10:00;191400,00;191400,00;191400,00;191400,00;38280,00;1
WINM26;09/02/2026;09:00:00;191000,00;191530,00;191000,00;191345,00;1645817,00;43
WINM26;06/02/2026;18:20:00;190750,00;190750,00;190600,00;190600,00;76270,00;2
WINM26;06/02/2026;17:50:00;191210,00;191210,00;191210,00;191210,00;191210,00;5
WINM26;06/02/2026;17:20:00;191000,00;191100,00;191000,00;191100,00;114620,00;3
WINM26;06/02/2026;15:30:00;190100,00;190100,00;190100,00;190100,00;38020,00;1
WINM26;06/02/2026;15:10:00;190400,00;190400,00;190400,00;190400,00;38080,00;1
WINM26;06/02/2026;15:00:00;190500,00;190500,00;190500,00;190500,00;723900,00;19
WINM26;06/02/2026;12:20:00;190300,00;190300,00;190300,00;190300,00;38060,00;1
WINM26;06/02/2026;11:50:00;189705,00;189705,00;189700,00;189700,00;75881,00;2
WINM26;06/02/2026;10:10:00;190200,00;190200,00;190200,00;190200,00;38040,00;1
WINM26;06/02/2026;09:20:00;190655,00;190655,00;190400,00;190600,00;114331,00;3
WINM26;06/02/2026;09:00:00;190740,00;191670,00;190740,00;191655,00;229730,00;6
WINM26;05/02/2026;18:10:00;190400,00;190400,00;190400,00;190400,00;38080,00;1
WINM26;05/02/2026;18:00:00;190410,00;190410,00;190410,00;190410,00;38082,00;1
WINM26;05/02/2026;17:20:00;190500,00;190500,00;190500,00;190500,00;38100,00;1
WINM26;05/02/2026;14:20:00;191250,00;191250,00;191250,00;191250,00;38250,00;1
WINM26;05/02/2026;14:10:00;191000,00;191000,00;191000,00;191000,00;114600,00;3
WINM26;05/02/2026;13:20:00;191250,00;191250,00;191250,00;191250,00;38250,00;1
WINM26;05/02/2026;13:00:00;190800,00;190800,00;190800,00;190800,00;38160,00;1
WINM26;05/02/2026;12:40:00;190830,00;190830,00;190830,00;190830,00;38166,00;1
WINM26;05/02/2026;12:30:00;189975,00;189975,00;189865,00;189865,00;113941,00;3
WINM26;05/02/2026;12:20:00;190450,00;190450,00;190450,00;190450,00;38090,00;1
WINM26;05/02/2026;12:00:00;191535,00;191535,00;191535,00;191535,00;76614,00;2
WINM26;05/02/2026;11:30:00;190965,00;190965,00;190965,00;190965,00;38193,00;1
WINM26;05/02/2026;11:20:00;191350,00;191500,00;191350,00;191500,00;114870,00;3
WINM26;05/02/2026;11:00:00;191000,00;191000,00;191000,00;191000,00;38200,00;1
WINM26;05/02/2026;10:40:00;191025,00;191100,00;191025,00;191100,00;191085,00;5
WINM26;05/02/2026;10:20:00;190900,00;190900,00;190900,00;190900,00;38180,00;1
WINM26;05/02/2026;10:10:00;190500,00;190500,00;190500,00;190500,00;38100,00;1
WINM26;05/02/2026;10:00:00;190500,00;190500,00;190500,00;190500,00;38100,00;1
WINM26;05/02/2026;09:40:00;190000,00;190000,00;189930,00;189930,00;75986,00;2
WINM26;05/02/2026;09:30:00;190500,00;190500,00;190500,00;190500,00;38100,00;1
WINM26;05/02/2026;09:10:00;190120,00;190140,00;189940,00;189940,00;380083,00;10
WINM26;05/02/2026;09:00:00;190130,00;190130,00;189940,00;189940,00;570202,00;15
WINM26;04/02/2026;18:00:00;189995,00;189995,00;189995,00;189995,00;37999,00;1
WINM26;04/02/2026;16:40:00;189010,00;189230,00;189010,00;189230,00;113494,00;3
WINM26;04/02/2026;16:10:00;188800,00;188800,00;188800,00;188800,00;37760,00;1
WINM26;04/02/2026;15:50:00;188740,00;188740,00;188740,00;188740,00;75496,00;2
WINM26;04/02/2026;15:30:00;189350,00;189350,00;189150,00;189150,00;454360,00;12
WINM26;04/02/2026;14:50:00;189350,00;189350,00;189350,00;189350,00;37870,00;1
WINM26;04/02/2026;14:40:00;189200,00;189350,00;189200,00;189350,00;113550,00;3
WINM26;04/02/2026;14:30:00;189575,00;189575,00;189575,00;189575,00;37915,00;1
WINM26;04/02/2026;14:20:00;190050,00;190050,00;189655,00;189655,00;113872,00;3
WINM26;04/02/2026;13:50:00;189850,00;190050,00;189850,00;190050,00;75980,00;2
WINM26;04/02/2026;13:40:00;190000,00;190000,00;190000,00;190000,00;114000,00;3
WINM26;04/02/2026;13:20:00;190535,00;190535,00;190535,00;190535,00;38107,00;1
WINM26;04/02/2026;13:10:00;190500,00;190500,00;190400,00;190400,00;76180,00;2
WINM26;04/02/2026;13:00:00;190700,00;190700,00;190555,00;190555,00;76251,00;2
WINM26;04/02/2026;12:50:00;191140,00;191140,00;191000,00;191000,00;76428,00;2
WINM26;04/02/2026;12:40:00;191425,00;191425,00;191425,00;191425,00;38285,00;1
WINM26;04/02/2026;12:30:00;191350,00;191350,00;191350,00;191350,00;38270,00;1
WINM26;04/02/2026;12:20:00;191850,00;191850,00;191850,00;191850,00;38370,00;1
WINM26;04/02/2026;12:10:00;191650,00;191650,00;191650,00;191650,00;38330,00;1
WINM26;04/02/2026;12:00:00;191160,00;191265,00;191160,00;191265,00;76485,00;2
WINM26;04/02/2026;11:50:00;191435,00;191435,00;191350,00;191350,00;76557,00;2
WINM26;04/02/2026;11:40:00;191300,00;191450,00;191300,00;191450,00;76550,00;2
WINM26;04/02/2026;11:30:00;191750,00;191850,00;191705,00;191850,00;575204,00;15
WINM26;04/02/2026;11:20:00;192100,00;192100,00;191850,00;191950,00;115180,00;3
WINM26;04/02/2026;11:10:00;192300,00;192300,00;192300,00;192300,00;38460,00;1
WINM26;04/02/2026;11:00:00;192365,00;192365,00;192125,00;192125,00;115330,00;3
WINM26;04/02/2026;10:30:00;192650,00;192650,00;192650,00;192650,00;38530,00;1
WINM26;04/02/2026;10:20:00;192950,00;192950,00;192950,00;192950,00;38590,00;1
WINM26;04/02/2026;10:10:00;192800,00;192800,00;192800,00;192800,00;38560,00;1
WINM26;04/02/2026;10:00:00;192830,00;192830,00;192830,00;192830,00;38566,00;1
WINM26;04/02/2026;09:50:00;193000,00;193000,00;192995,00;192995,00;77199,00;2
WINM26;04/02/2026;09:00:00;194500,00;194500,00;194500,00;194500,00;38900,00;1
WINM26;03/02/2026;18:10:00;194000,00;194000,00;193830,00;193830,00;155101,00;4
WINM26;03/02/2026;17:30:00;194050,00;194050,00;194050,00;194050,00;38810,00;1
WINM26;03/02/2026;16:50:00;193295,00;193295,00;193295,00;193295,00;38659,00;1
WINM26;03/02/2026;16:10:00;193760,00;193815,00;193760,00;193815,00;193785,00;5
WINM26;03/02/2026;16:00:00;193250,00;193250,00;193250,00;193250,00;38650,00;1
WINM26;03/02/2026;15:40:00;193455,00;193455,00;193455,00;193455,00;38691,00;1
WINM26;03/02/2026;15:10:00;193500,00;193500,00;193500,00;193500,00;38700,00;1
WINM26;03/02/2026;14:50:00;193790,00;193790,00;193790,00;193790,00;38758,00;1
WINM26;03/02/2026;14:30:00;194000,00;194000,00;194000,00;194000,00;38800,00;1
WINM26;03/02/2026;14:20:00;193930,00;194080,00;193930,00;194075,00;465694,00;12
WINM26;03/02/2026;12:30:00;194955,00;194955,00;194955,00;194955,00;77982,00;2
WINM26;03/02/2026;12:00:00;195140,00;195245,00;195060,00;195095,00;234157,00;6
WINM26;03/02/2026;11:50:00;195725,00;195725,00;195165,00;195165,00;78178,00;2
WINM26;03/02/2026;11:30:00;195000,00;195000,00;195000,00;195000,00;78000,00;2
WINM26;03/02/2026;10:50:00;194050,00;194500,00;194050,00;194500,00;116530,00;3
WINM26;03/02/2026;10:40:00;193990,00;193990,00;193990,00;193990,00;38798,00;1
WINM26;03/02/2026;10:30:00;193500,00;193650,00;193500,00;193650,00;77430,00;2
WINM26;03/02/2026;10:20:00;192800,00;193350,00;192740,00;193300,00;270302,00;7
WINM26;03/02/2026;09:40:00;193020,00;193170,00;193020,00;193170,00;77238,00;2
WINM26;03/02/2026;09:30:00;193200,00;193200,00;193000,00;193000,00;77240,00;2
WINM26;03/02/2026;09:20:00;193200,00;193200,00;193000,00;193000,00;77240,00;2
WINM26;03/02/2026;09:10:00;192400,00;192700,00;192400,00;192700,00;115530,00;3
WINM26;03/02/2026;09:00:00;191415,00;192500,00;191415,00;192500,00;76783,00;2
WINM26;02/02/2026;18:10:00;191415,00;191415,00;191200,00;191200,00;191283,00;5
WINM26;02/02/2026;17:50:00;191200,00;191350,00;191200,00;191350,00;76510,00;2
WINM26;02/02/2026;17:40:00;190750,00;191100,00;190750,00;191100,00;114553,00;3
WINM26;02/02/2026;17:30:00;190750,00;190750,00;190750,00;190750,00;38150,00;1
WINM26;02/02/2026;17:20:00;190600,00;190600,00;190600,00;190600,00;38120,00;1
WINM26;02/02/2026;17:10:00;190450,00;190450,00;190450,00;190450,00;38090,00;1
WINM26;02/02/2026;17:00:00;190250,00;190250,00;190250,00;190250,00;38050,00;1
WINM26;02/02/2026;16:00:00;190110,00;190135,00;190110,00;190135,00;1597106,00;42
WINM26;02/02/2026;14:40:00;190800,00;190800,00;190800,00;190800,00;38160,00;1
WINM26;02/02/2026;14:30:00;191000,00;191000,00;191000,00;191000,00;38200,00;1
WINM26;02/02/2026;13:40:00;190900,00;190900,00;190900,00;190900,00;38180,00;1
WINM26;02/02/2026;11:30:00;190000,00;190180,00;190000,00;190180,00;76036,00;2
WINM26;02/02/2026;11:10:00;190525,00;190525,00;190525,00;190525,00;38105,00;1
WINM26;02/02/2026;10:30:00;190780,00;191140,00;190780,00;191140,00;76384,00;2
WINM26;02/02/2026;10:20:00;190350,00;190350,00;190350,00;190350,00;38070,00;1
WINM26;02/02/2026;10:10:00;190020,00;190020,00;190020,00;190020,00;38004,00;1
WINM26;02/02/2026;10:00:00;190000,00;190000,00;190000,00;190000,00;38000,00;1
WINM26;02/02/2026;09:40:00;190250,00;190360,00;190250,00;190360,00;76122,00;2
WINM26;02/02/2026;09:20:00;190190,00;190190,00;190000,00;190000,00;76038,00;2
WINM26;02/02/2026;09:10:00;189750,00;189750,00;189750,00;189750,00;37950,00;1
WINM26;30/01/2026;18:00:00;189895,00;189980,00;189895,00;189980,00;75975,00;2
WINM26;30/01/2026;17:20:00;189465,00;189465,00;189465,00;189465,00;37893,00;1
WINM26;30/01/2026;17:00:00;189575,00;189575,00;189575,00;189575,00;37915,00;1
WINM26;30/01/2026;16:40:00;189700,00;189700,00;189700,00;189700,00;37940,00;1
WINM26;30/01/2026;16:30:00;189755,00;189755,00;189755,00;189755,00;37951,00;1
WINM26;30/01/2026;15:50:00;189500,00;190000,00;189500,00;190000,00;75900,00;2
WINM26;30/01/2026;15:20:00;189470,00;189470,00;189000,00;189000,00;151296,00;4
WINM26;30/01/2026;15:10:00;189500,00;189500,00;189500,00;189500,00;75800,00;2
WINM26;30/01/2026;15:00:00;189750,00;189750,00;189750,00;189750,00;37950,00;1
WINM26;30/01/2026;14:50:00;190000,00;190000,00;189870,00;189870,00;113957,00;3
WINM26;30/01/2026;14:10:00;190000,00;190000,00;190000,00;190000,00;38000,00;1
WINM26;30/01/2026;14:00:00;190500,00;190500,00;190255,00;190255,00;76151,00;2
WINM26;30/01/2026;13:10:00;191000,00;191000,00;191000,00;191000,00;38200,00;1
WINM26;30/01/2026;13:00:00;191460,00;191460,00;191460,00;191460,00;38292,00;1
WINM26;30/01/2026;12:50:00;191825,00;191825,00;191825,00;191825,00;268555,00;7
WINM26;30/01/2026;12:40:00;191995,00;192025,00;191995,00;192025,00;76804,00;2
WINM26;30/01/2026;12:30:00;191675,00;191745,00;191675,00;191745,00;153382,00;4
WINM26;30/01/2026;12:20:00;191730,00;191730,00;191730,00;191730,00;38346,00;1
WINM26;30/01/2026;12:00:00;191635,00;191635,00;191635,00;191635,00;38327,00;1
WINM26;30/01/2026;10:40:00;191580,00;191580,00;191580,00;191580,00;38316,00;1
WINM26;30/01/2026;10:20:00;191730,00;191945,00;191665,00;191665,00;191783,00;5
WINM26;30/01/2026;10:10:00;191350,00;191495,00;191350,00;191495,00;76569,00;2
WINM26;30/01/2026;10:00:00;190995,00;191150,00;190940,00;190940,00;114617,00;3
WINM26;30/01/2026;09:40:00;191125,00;191125,00;191125,00;191125,00;38225,00;1
WINM26;30/01/2026;09:20:00;191140,00;191535,00;191140,00;191535,00;114836,00;3
WINM26;30/01/2026;09:10:00;190620,00;191420,00;190340,00;191420,00;381971,00;10
WINM26;30/01/2026;09:00:00;190965,00;190965,00;190725,00;190725,00;152690,00;4
WINM26;29/01/2026;17:50:00;191910,00;191910,00;191805,00;191805,00;76743,00;2
WINM26;29/01/2026;17:20:00;192100,00;192100,00;192100,00;192100,00;38420,00;1
WINM26;29/01/2026;17:00:00;191900,00;191900,00;191900,00;191900,00;38380,00;1
WINM26;29/01/2026;16:20:00;192065,00;192065,00;192065,00;192065,00;38413,00;1
WINM26;29/01/2026;15:30:00;191655,00;191655,00;191650,00;191650,00;76661,00;2
WINM26;29/01/2026;15:20:00;191835,00;191835,00;191835,00;191835,00;38367,00;1
WINM26;29/01/2026;15:10:00;191650,00;191650,00;191650,00;191650,00;38330,00;1
WINM26;29/01/2026;15:00:00;191500,00;191500,00;191500,00;191500,00;38300,00;1
WINM26;29/01/2026;14:30:00;192400,00;192505,00;192400,00;192505,00;423410,00;11
WINM26;29/01/2026;14:00:00;191390,00;191390,00;191390,00;191390,00;38278,00;1
WINM26;29/01/2026;13:30:00;191190,00;191190,00;191190,00;191190,00;38238,00;1
WINM26;29/01/2026;12:40:00;191000,00;191000,00;190800,00;190800,00;152720,00;4
WINM26;29/01/2026;12:30:00;191960,00;191965,00;191960,00;191965,00;76785,00;2
WINM26;29/01/2026;12:20:00;192120,00;192120,00;192000,00;192000,00;76824,00;2
WINM26;29/01/2026;12:10:00;192370,00;192370,00;192370,00;192370,00;76948,00;2
WINM26;29/01/2026;12:00:00;192525,00;192680,00;192350,00;192680,00;231022,00;6
WINM26;29/01/2026;11:50:00;194455,00;194455,00;192920,00;192920,00;348333,00;9
WINM26;29/01/2026;11:40:00;194460,00;194460,00;194460,00;194460,00;77784,00;2
WINM26;29/01/2026;11:30:00;194800,00;194800,00;194625,00;194625,00;155750,00;4
WINM26;29/01/2026;10:30:00;195075,00;195075,00;194600,00;194625,00;428893,00;11
WINM26;29/01/2026;10:00:00;194995,00;194995,00;194680,00;194680,00;77935,00;2
WINM26;29/01/2026;09:30:00;194900,00;194995,00;194900,00;194995,00;77979,00;2
WINM26;29/01/2026;09:00:00;195760,00;196235,00;195600,00;195655,00;744088,00;19
WINM26;28/01/2026;18:20:00;193665,00;193665,00;193465,00;193465,00;928690,00;24
WINM26;28/01/2026;18:10:00;193625,00;193665,00;193355,00;193355,00;1199095,00;31
WINM26;28/01/2026;18:00:00;193520,00;193565,00;193500,00;193565,00;116117,00;3
WINM26;28/01/2026;17:50:00;193265,00;193265,00;193265,00;193265,00;38653,00;1
WINM26;28/01/2026;17:40:00;193000,00;193380,00;193000,00;193380,00;154516,00;4
WINM26;28/01/2026;17:10:00;192700,00;192700,00;192700,00;192700,00;38540,00;1
WINM26;28/01/2026;13:30:00;192355,00;192355,00;192355,00;192355,00;38471,00;1
WINM26;28/01/2026;12:40:00;192000,00;192000,00;192000,00;192000,00;38400,00;1
WINM26;28/01/2026;12:30:00;192150,00;192150,00;192000,00;192000,00;76830,00;2
WINM26;28/01/2026;12:10:00;192895,00;192895,00;192785,00;192785,00;154272,00;4
WINM26;28/01/2026;12:00:00;192900,00;192900,00;192900,00;192900,00;77160,00;2
WINM26;28/01/2026;11:40:00;193150,00;193500,00;193150,00;193500,00;154655,00;4
WINM26;28/01/2026;10:30:00;192860,00;193205,00;192860,00;193205,00;193093,00;5
WINM26;28/01/2026;10:20:00;191860,00;192700,00;191860,00;192700,00;230696,00;6
WINM26;28/01/2026;10:10:00;191760,00;191760,00;191760,00;191760,00;76704,00;2
WINM26;28/01/2026;10:00:00;191660,00;191660,00;191660,00;191660,00;76664,00;2
WINM26;28/01/2026;09:50:00;191595,00;191595,00;191595,00;191595,00;38319,00;1
WINM26;28/01/2026;09:20:00;191180,00;191210,00;191180,00;191210,00;76478,00;2
WINM26;28/01/2026;09:00:00;190970,00;191595,00;190940,00;191595,00;114701,00;3
WINM26;27/01/2026;18:10:00;190300,00;190300,00;190255,00;190255,00;456621,00;12
WINM26;27/01/2026;18:00:00;190935,00;190935,00;190700,00;190700,00;76327,00;2
WINM26;27/01/2026;17:10:00;191300,00;191500,00;191300,00;191500,00;76560,00;2
WINM26;27/01/2026;15:00:00;190800,00;190800,00;190800,00;190800,00;38160,00;1
WINM26;27/01/2026;14:50:00;191200,00;191200,00;191000,00;191000,00;420600,00;11
WINM26;27/01/2026;14:00:00;192000,00;192000,00;192000,00;192000,00;384000,00;10
WINM26;27/01/2026;13:30:00;191775,00;191775,00;191775,00;191775,00;38355,00;1
WINM26;27/01/2026;13:20:00;191500,00;191500,00;191500,00;191500,00;38300,00;1
WINM26;27/01/2026;13:10:00;191450,00;191450,00;191450,00;191450,00;38290,00;1
WINM26;27/01/2026;12:30:00;191355,00;191375,00;191220,00;191220,00;497457,00;13
WINM26;27/01/2026;12:20:00;191600,00;191600,00;191200,00;191200,00;153180,00;4
WINM26;27/01/2026;11:40:00;191375,00;191375,00;191375,00;191375,00;38275,00;1
WINM26;27/01/2026;11:20:00;191280,00;191280,00;191280,00;191280,00;688608,00;18
WINM26;27/01/2026;11:10:00;190870,00;190870,00;190870,00;190870,00;38174,00;1
WINM26;27/01/2026;10:50:00;190220,00;190220,00;190220,00;190220,00;38044,00;1
WINM26;27/01/2026;10:40:00;189890,00;190120,00;189890,00;190120,00;114026,00;3
WINM26;27/01/2026;10:10:00;189600,00;189605,00;189575,00;189605,00;189597,00;5
WINM26;27/01/2026;09:40:00;190000,00;190000,00;190000,00;190000,00;38000,00;1
WINM26;27/01/2026;09:10:00;188845,00;188845,00;188845,00;188845,00;37769,00;1
WINM26;27/01/2026;09:00:00;189020,00;189020,00;189020,00;189020,00;37804,00;1
WINM26;26/01/2026;18:10:00;187385,00;187405,00;187385,00;187405,00;599656,00;16
WINM26;26/01/2026;17:40:00;187555,00;187555,00;187555,00;187555,00;37511,00;1
WINM26;26/01/2026;16:10:00;186620,00;186620,00;186620,00;186620,00;37324,00;1
WINM26;26/01/2026;16:00:00;187165,00;187165,00;186920,00;186920,00;187116,00;5
WINM26;26/01/2026;15:30:00;187200,00;187200,00;187200,00;187200,00;37440,00;1
WINM26;26/01/2026;15:10:00;187065,00;187065,00;187065,00;187065,00;37413,00;1
WINM26;26/01/2026;15:00:00;186920,00;186920,00;186920,00;186920,00;37384,00;1
WINM26;26/01/2026;13:40:00;186960,00;186960,00;186960,00;186960,00;37392,00;1
WINM26;26/01/2026;13:30:00;186790,00;186945,00;186760,00;186760,00;298975,00;8
WINM26;26/01/2026;13:20:00;187195,00;187195,00;186890,00;186890,00;261947,00;7
WINM26;26/01/2026;12:10:00;187300,00;187300,00;187300,00;187300,00;37460,00;1
WINM26;26/01/2026;11:50:00;187350,00;187350,00;187350,00;187350,00;37470,00;1
WINM26;26/01/2026;11:40:00;187215,00;187545,00;187215,00;187545,00;374652,00;10
WINM26;26/01/2026;11:30:00;187100,00;188325,00;187100,00;187660,00;413492,00;11
WINM26;26/01/2026;11:20:00;186515,00;186615,00;186515,00;186615,00;709117,00;19
WINM26;26/01/2026;10:50:00;186800,00;186800,00;186800,00;186800,00;37360,00;1
WINM26;26/01/2026;10:40:00;187200,00;187200,00;187180,00;187180,00;74876,00;2
WINM26;26/01/2026;10:30:00;187420,00;187420,00;187420,00;187420,00;37484,00;1
WINM26;26/01/2026;10:00:00;187900,00;187900,00;187900,00;187900,00;37580,00;1
WINM26;26/01/2026;09:20:00;189245,00;189245,00;189100,00;189100,00;189187,00;5
WINM26;26/01/2026;09:00:00;189230,00;189230,00;188725,00;188725,00;226700,00;6
WINM26;23/01/2026;18:10:00;187705,00;187705,00;187705,00;187705,00;37541,00;1
WINM26;23/01/2026;18:00:00;187590,00;187590,00;187590,00;187590,00;37518,00;1
WINM26;23/01/2026;17:50:00;187590,00;187590,00;187590,00;187590,00;75036,00;2
WINM26;23/01/2026;17:30:00;188850,00;188850,00;188850,00;188850,00;37770,00;1
WINM26;23/01/2026;17:20:00;188905,00;189020,00;188905,00;189020,00;113366,00;3
WINM26;23/01/2026;17:10:00;187900,00;188125,00;187900,00;188125,00;75205,00;2
WINM26;23/01/2026;17:00:00;187100,00;187100,00;187100,00;187100,00;37420,00;1
WINM26;23/01/2026;16:40:00;187025,00;187025,00;187025,00;187025,00;37405,00;1
WINM26;23/01/2026;16:20:00;186825,00;186825,00;186825,00;186825,00;74730,00;2
WINM26;23/01/2026;16:10:00;186625,00;186625,00;186625,00;186625,00;74650,00;2
WINM26;23/01/2026;16:00:00;186425,00;186425,00;186425,00;186425,00;74570,00;2
WINM26;23/01/2026;15:40:00;186225,00;186225,00;186225,00;186225,00;74490,00;2
WINM26;23/01/2026;15:30:00;186025,00;186025,00;186025,00;186025,00;74410,00;2
WINM26;23/01/2026;15:00:00;185430,00;185430,00;185430,00;185430,00;37086,00;1
WINM26;23/01/2026;12:50:00;186095,00;186095,00;186095,00;186095,00;37219,00;1
WINM26;23/01/2026;12:30:00;186095,00;186095,00;186095,00;186095,00;37219,00;1
WINM26;23/01/2026;11:50:00;184780,00;184780,00;184580,00;184580,00;110808,00;3
WINM26;23/01/2026;11:20:00;184550,00;184550,00;184450,00;184450,00;110697,00;3
WINM26;23/01/2026;11:10:00;184950,00;184950,00;184650,00;184650,00;184820,00;5
WINM26;23/01/2026;10:50:00;185065,00;185065,00;184940,00;184940,00;110991,00;3
WINM26;23/01/2026;10:10:00;185200,00;185200,00;185200,00;185200,00;37040,00;1
WINM26;23/01/2026;09:20:00;185000,00;185000,00;184900,00;184900,00;110980,00;3
WINM26;23/01/2026;09:10:00;185900,00;185900,00;185900,00;185900,00;37180,00;1
WINM26;23/01/2026;09:00:00;185340,00;185340,00;185340,00;185340,00;37068,00;1
WINM26;22/01/2026;17:30:00;184375,00;184375,00;184375,00;184375,00;36875,00;1
WINM26;22/01/2026;17:10:00;184395,00;184500,00;184395,00;184500,00;516508,00;14
WINM26;22/01/2026;16:50:00;184350,00;184350,00;184350,00;184350,00;184350,00;5
WINM26;22/01/2026;16:30:00;184655,00;184700,00;184655,00;184700,00;73871,00;2
WINM26;22/01/2026;16:10:00;184700,00;184700,00;184300,00;184300,00;1993160,00;54
WINM26;22/01/2026;15:50:00;184700,00;184700,00;184700,00;184700,00;36940,00;1
WINM26;22/01/2026;15:40:00;184755,00;184930,00;184655,00;184655,00;184750,00;5
WINM26;22/01/2026;14:30:00;185270,00;185270,00;185270,00;185270,00;74108,00;2
WINM26;22/01/2026;13:40:00;185420,00;185420,00;185420,00;185420,00;185420,00;5
WINM26;22/01/2026;13:20:00;185690,00;185690,00;185595,00;185660,00;556945,00;15
WINM26;22/01/2026;12:50:00;185645,00;185695,00;185645,00;185695,00;557015,00;15
WINM26;22/01/2026;12:40:00;185830,00;185830,00;185365,00;185450,00;1596510,00;43
WINM26;22/01/2026;12:20:00;184505,00;185150,00;184505,00;185150,00;147772,00;4
WINM26;22/01/2026;11:30:00;183435,00;183435,00;183400,00;183400,00;73367,00;2
WINM26;22/01/2026;11:20:00;183615,00;183735,00;183515,00;183550,00;330463,00;9
WINM26;22/01/2026;11:00:00;182000,00;182055,00;182000,00;182055,00;109211,00;3
WINM26;22/01/2026;10:50:00;181795,00;181795,00;181795,00;181795,00;36359,00;1
WINM26;22/01/2026;09:50:00;181295,00;181690,00;180840,00;181690,00;979303,00;27
WINM26;22/01/2026;09:20:00;181300,00;181300,00;181040,00;181040,00;72468,00;2
WINM26;22/01/2026;09:10:00;181250,00;181460,00;181190,00;181190,00;507746,00;14
WINM26;22/01/2026;09:00:00;180700,00;181235,00;180480,00;180900,00;253166,00;7
WINM26;21/01/2026;18:10:00;180430,00;181035,00;180430,00;181035,00;108500,00;3
WINM26;21/01/2026;17:50:00;180430,00;180430,00;180430,00;180430,00;36086,00;1
WINM26;21/01/2026;17:40:00;180275,00;180400,00;180275,00;180400,00;252490,00;7
WINM26;21/01/2026;17:30:00;180330,00;180330,00;180330,00;180330,00;36066,00;1
WINM26;21/01/2026;17:20:00;180200,00;180200,00;180200,00;180200,00;36040,00;1
WINM26;21/01/2026;17:10:00;180350,00;180350,00;180115,00;180115,00;72093,00;2
WINM26;21/01/2026;16:50:00;180000,00;180000,00;180000,00;180000,00;36000,00;1
WINM26;21/01/2026;16:40:00;179510,00;179510,00;179510,00;179510,00;35902,00;1
WINM26;21/01/2026;16:30:00;179750,00;179750,00;179750,00;179750,00;35950,00;1
WINM26;21/01/2026;16:20:00;179410,00;179525,00;179410,00;179525,00;287085,00;8
WINM26;21/01/2026;16:10:00;179330,00;179330,00;179250,00;179250,00;753170,00;21
WINM26;21/01/2026;15:50:00;179215,00;179215,00;179215,00;179215,00;71686,00;2
WINM26;21/01/2026;15:40:00;179000,00;179065,00;179000,00;179065,00;71613,00;2
WINM26;21/01/2026;15:20:00;178885,00;178885,00;178885,00;178885,00;35777,00;1
WINM26;21/01/2026;13:50:00;178395,00;178395,00;178395,00;178395,00;35679,00;1
WINM26;21/01/2026;13:10:00;178500,00;178500,00;178500,00;178500,00;214200,00;6
WINM26;21/01/2026;13:00:00;178305,00;178305,00;178305,00;178305,00;35661,00;1
WINM26;21/01/2026;11:40:00;178130,00;178305,00;177920,00;178305,00;249283,00;7
WINM26;21/01/2026;11:30:00;177690,00;178125,00;177625,00;178125,00;604698,00;17
WINM26;21/01/2026;11:10:00;177305,00;177305,00;177305,00;177305,00;35461,00;1
WINM26;21/01/2026;11:00:00;177500,00;177500,00;177500,00;177500,00;71000,00;2
WINM26;21/01/2026;10:30:00;176905,00;176905,00;176905,00;176905,00;70762,00;2
WINM26;21/01/2026;10:20:00;177155,00;177155,00;177155,00;177155,00;177155,00;5
WINM26;21/01/2026;10:10:00;176980,00;177000,00;176935,00;177000,00;106183,00;3
WINM26;21/01/2026;10:00:00;176750,00;176800,00;176710,00;176800,00;318152,00;9
WINM26;21/01/2026;09:50:00;176500,00;176500,00;176500,00;176500,00;35300,00;1
WINM26;21/01/2026;09:40:00;176205,00;176340,00;176175,00;176340,00;211455,00;6
WINM26;21/01/2026;09:30:00;176000,00;176055,00;176000,00;176055,00;387310,00;11
WINM26;21/01/2026;09:20:00;175955,00;176100,00;175955,00;176100,00;70411,00;2
WINM26;21/01/2026;09:10:00;176000,00;176050,00;175875,00;176050,00;809256,00;23
WINM26;21/01/2026;09:00:00;175460,00;175750,00;175460,00;175750,00;105372,00;3
WINM26;20/01/2026;17:50:00;174600,00;174600,00;174600,00;174600,00;34920,00;1
WINM26;20/01/2026;17:40:00;174500,00;174500,00;174435,00;174435,00;209348,00;6
WINM26;20/01/2026;16:10:00;174100,00;174100,00;174000,00;174000,00;208830,00;6
WINM26;20/01/2026;15:00:00;174250,00;174250,00;174250,00;174250,00;34850,00;1
WINM26;20/01/2026;13:10:00;174750,00;174750,00;174750,00;174750,00;34950,00;1
WINM26;20/01/2026;13:00:00;174650,00;174650,00;174650,00;174650,00;69860,00;2
WINM26;20/01/2026;12:40:00;174500,00;174500,00;174500,00;174500,00;104700,00;3
WINM26;20/01/2026;12:20:00;174230,00;174230,00;174230,00;174230,00;34846,00;1
WINM26;20/01/2026;11:50:00;174275,00;174275,00;174150,00;174150,00;69685,00;2
WINM26;20/01/2026;11:40:00;174055,00;174275,00;174055,00;174275,00;69666,00;2
WINM26;20/01/2026;11:30:00;173350,00;174035,00;173350,00;174035,00;347292,00;10
WINM26;20/01/2026;11:20:00;173010,00;173010,00;173010,00;173010,00;34602,00;1
WINM26;20/01/2026;11:10:00;172750,00;172750,00;172750,00;172750,00;34550,00;1
WINM26;20/01/2026;11:00:00;172500,00;172500,00;172500,00;172500,00;34500,00;1
WINM26;20/01/2026;10:40:00;172570,00;172570,00;172570,00;172570,00;345140,00;10
WINM26;20/01/2026;10:30:00;171875,00;171875,00;171875,00;171875,00;68750,00;2
WINM26;20/01/2026;10:20:00;172650,00;172650,00;172650,00;172650,00;34530,00;1
WINM26;20/01/2026;10:10:00;172450,00;172550,00;172450,00;172550,00;69000,00;2
WINM26;20/01/2026;09:50:00;172450,00;172550,00;172450,00;172550,00;69000,00;2
WINM26;20/01/2026;09:40:00;172050,00;172350,00;172050,00;172350,00;137760,00;4
WINM26;20/01/2026;09:30:00;171960,00;172015,00;171960,00;172015,00;68795,00;2
WINM26;20/01/2026;09:10:00;172050,00;172050,00;171935,00;171935,00;171998,00;5
WINM26;20/01/2026;09:00:00;172345,00;172755,00;172345,00;172500,00;241581,00;7
WINM26;19/01/2026;18:10:00;173300,00;173300,00;173250,00;173250,00;69310,00;2
WINM26;19/01/2026;18:00:00;173300,00;173300,00;173300,00;173300,00;34660,00;1
WINM26;19/01/2026;17:50:00;173300,00;173300,00;173250,00;173250,00;69310,00;2
WINM26;19/01/2026;17:20:00;173240,00;173240,00;173240,00;173240,00;34648,00;1
WINM26;19/01/2026;15:10:00;173230,00;173230,00;173230,00;173230,00;34646,00;1
WINM26;19/01/2026;13:00:00;173330,00;173430,00;173330,00;173430,00;69352,00;2
WINM26;19/01/2026;12:40:00;173230,00;173230,00;173230,00;173230,00;34646,00;1
WINM26;19/01/2026;12:30:00;173130,00;173130,00;173130,00;173130,00;34626,00;1
WINM26;19/01/2026;11:50:00;173230,00;173230,00;173230,00;173230,00;34646,00;1
WINM26;19/01/2026;11:40:00;173130,00;173130,00;173130,00;173130,00;34626,00;1
WINM26;19/01/2026;11:30:00;173030,00;173030,00;173030,00;173030,00;34606,00;1
WINM26;19/01/2026;11:00:00;173130,00;173130,00;173130,00;173130,00;34626,00;1
WINM26;19/01/2026;10:50:00;173030,00;173030,00;173030,00;173030,00;34606,00;1
WINM26;19/01/2026;10:30:00;173030,00;173130,00;173030,00;173130,00;69232,00;2
WINM26;19/01/2026;10:20:00;172750,00;172930,00;172750,00;172930,00;69136,00;2
WINM26;19/01/2026;10:10:00;173430,00;173430,00;173430,00;173430,00;34686,00;1
WINM26;19/01/2026;10:00:00;173330,00;173330,00;173330,00;173330,00;34666,00;1
WINM26;19/01/2026;09:50:00;173230,00;173230,00;173230,00;173230,00;34646,00;1
WINM26;19/01/2026;09:30:00;173135,00;173135,00;173135,00;173135,00;34627,00;1
WINM26;19/01/2026;09:20:00;172930,00;173030,00;172930,00;173030,00;103778,00;3
WINM26;19/01/2026;09:10:00;172830,00;172830,00;172830,00;172830,00;34566,00;1
WINM26;19/01/2026;09:00:00;172720,00;172720,00;172720,00;172720,00;34544,00;1
WINM26;16/01/2026;17:40:00;173035,00;173040,00;173035,00;173040,00;103822,00;3
WINM26;16/01/2026;15:30:00;173170,00;173170,00;173150,00;173150,00;103898,00;3
WINM26;16/01/2026;15:20:00;173140,00;173170,00;173140,00;173170,00;103890,00;3
WINM26;16/01/2026;15:00:00;173080,00;173080,00;173080,00;173080,00;34616,00;1
WINM26;16/01/2026;14:50:00;173080,00;173080,00;173080,00;173080,00;34616,00;1
WINM26;16/01/2026;14:40:00;173120,00;173120,00;173120,00;173120,00;69248,00;2
WINM26;16/01/2026;13:00:00;172750,00;172750,00;172750,00;172750,00;34550,00;1
WINM26;16/01/2026;11:50:00;173410,00;173410,00;173410,00;173410,00;34682,00;1
WINM26;16/01/2026;11:30:00;173000,00;173305,00;173000,00;173295,00;207895,00;6
WINM26;16/01/2026;11:10:00;173450,00;173450,00;173450,00;173450,00;69380,00;2
WINM26;16/01/2026;11:00:00;173500,00;173500,00;173460,00;173460,00;69392,00;2
WINM26;16/01/2026;09:20:00;174600,00;174600,00;174500,00;174500,00;69820,00;2
WINM26;16/01/2026;09:00:00;174310,00;174310,00;174310,00;174310,00;174310,00;5
WINM26;15/01/2026;17:00:00;174225,00;174225,00;174225,00;174225,00;34845,00;1
WINM26;15/01/2026;16:00:00;174730,00;174730,00;174730,00;174730,00;34946,00;1
WINM26;15/01/2026;15:30:00;174800,00;174800,00;174800,00;174800,00;34960,00;1
WINM26;15/01/2026;15:20:00;174730,00;174730,00;174715,00;174715,00;69889,00;2
WINM26;15/01/2026;15:10:00;174720,00;174720,00;174720,00;174720,00;69888,00;2
WINM26;15/01/2026;15:00:00;174530,00;174530,00;174530,00;174530,00;69812,00;2
WINM26;15/01/2026;14:00:00;174250,00;174250,00;174250,00;174250,00;34850,00;1
WINM26;15/01/2026;12:30:00;174000,00;174000,00;174000,00;174000,00;34800,00;1
WINM26;15/01/2026;12:00:00;173750,00;173750,00;173750,00;173750,00;34750,00;1
WINM26;15/01/2026;11:40:00;173500,00;173500,00;173500,00;173500,00;34700,00;1
WINM26;15/01/2026;11:20:00;173680,00;173680,00;173680,00;173680,00;34736,00;1
WINM26;15/01/2026;11:00:00;173750,00;173750,00;173750,00;173750,00;34750,00;1
WINM26;15/01/2026;10:30:00;173910,00;173910,00;173820,00;173820,00;139092,00;4
WINM26;15/01/2026;10:20:00;174000,00;174000,00;174000,00;174000,00;34800,00;1
WINM26;15/01/2026;10:10:00;174000,00;174250,00;174000,00;174250,00;69650,00;2
WINM26;15/01/2026;09:50:00;174250,00;174250,00;174250,00;174250,00;34850,00;1
WINM26;15/01/2026;09:40:00;174150,00;174150,00;174000,00;174000,00;69630,00;2
WINM26;15/01/2026;09:10:00;174150,00;174150,00;174150,00;174150,00;34830,00;1
WINM26;14/01/2026;18:20:00;174005,00;174005,00;174005,00;174005,00;139204,00;4
WINM26;14/01/2026;18:10:00;174005,00;174005,00;174005,00;174005,00;69602,00;2
WINM26;14/01/2026;18:00:00;173850,00;174000,00;173850,00;174000,00;208710,00;6
WINM26;14/01/2026;17:50:00;173750,00;173800,00;173750,00;173800,00;590850,00;17
WINM26;14/01/2026;17:40:00;173770,00;173770,00;173770,00;173770,00;139016,00;4
WINM26;14/01/2026;17:30:00;173640,00;173640,00;173640,00;173640,00;69456,00;2
WINM26;14/01/2026;17:20:00;173500,00;173500,00;173500,00;173500,00;69400,00;2
WINM26;14/01/2026;16:30:00;173250,00;173250,00;173205,00;173205,00;69291,00;2
WINM26;14/01/2026;16:20:00;173200,00;173200,00;173200,00;173200,00;138560,00;4
WINM26;14/01/2026;16:10:00;173125,00;173125,00;173060,00;173060,00;69237,00;2
WINM26;14/01/2026;16:00:00;173025,00;173025,00;173025,00;173025,00;69210,00;2
WINM26;14/01/2026;15:40:00;173000,00;173000,00;173000,00;173000,00;69200,00;2
WINM26;14/01/2026;15:30:00;172750,00;172750,00;172750,00;172750,00;34550,00;1
WINM26;14/01/2026;14:20:00;172500,00;172500,00;172500,00;172500,00;34500,00;1
WINM26;14/01/2026;12:20:00;172500,00;172500,00;172500,00;172500,00;34500,00;1
WINM26;14/01/2026;12:00:00;172500,00;172500,00;172500,00;172500,00;34500,00;1
WINM26;14/01/2026;11:40:00;172100,00;172100,00;172100,00;172100,00;34420,00;1
WINM26;14/01/2026;11:30:00;171780,00;171900,00;171780,00;171845,00;103105,00;3
WINM26;14/01/2026;11:10:00;170880,00;171165,00;170780,00;171165,00;615628,00;18
WINM26;14/01/2026;11:00:00;171500,00;171500,00;170980,00;170980,00;308137,00;9
WINM26;14/01/2026;10:50:00;171910,00;171910,00;171750,00;171750,00;68732,00;2
WINM26;14/01/2026;10:30:00;172000,00;172000,00;172000,00;172000,00;34400,00;1
WINM26;14/01/2026;10:20:00;171750,00;171750,00;171750,00;171750,00;34350,00;1
WINM26;14/01/2026;10:10:00;171900,00;172000,00;171900,00;171970,00;206374,00;6
WINM26;14/01/2026;10:00:00;171750,00;171750,00;171750,00;171750,00;34350,00;1
WINM26;14/01/2026;09:30:00;171590,00;171590,00;171590,00;171590,00;34318,00;1
WINM26;14/01/2026;09:20:00;171500,00;171500,00;171400,00;171400,00;240060,00;7
WINM26;13/01/2026;13:50:00;170845,00;170845,00;170845,00;170845,00;170845,00;5
WINM26;13/01/2026;13:10:00;170500,00;170500,00;170500,00;170500,00;34100,00;1
WINM26;13/01/2026;13:00:00;170595,00;170595,00;170595,00;170595,00;34119,00;1
WINM26;13/01/2026;12:50:00;170700,00;170700,00;170700,00;170700,00;34140,00;1
WINM26;13/01/2026;12:20:00;170725,00;170725,00;170500,00;170500,00;102345,00;3
WINM26;13/01/2026;12:10:00;170720,00;170725,00;170720,00;170725,00;68289,00;2
WINM26;13/01/2026;12:00:00;170900,00;170960,00;170800,00;170800,00;136712,00;4
WINM26;13/01/2026;11:50:00;171000,00;171000,00;171000,00;171000,00;102600,00;3
WINM26;13/01/2026;11:40:00;171100,00;171100,00;171100,00;171100,00;34220,00;1
WINM26;13/01/2026;11:10:00;171750,00;171750,00;171750,00;171750,00;34350,00;1
WINM26;13/01/2026;11:00:00;171250,00;171250,00;171250,00;171250,00;34250,00;1
WINM26;13/01/2026;10:50:00;171000,00;171000,00;171000,00;171000,00;34200,00;1
WINM26;13/01/2026;10:30:00;170830,00;171325,00;170830,00;171325,00;478957,00;14
WINM26;13/01/2026;10:20:00;170800,00;170800,00;170600,00;170660,00;307204,00;9
WINM26;13/01/2026;10:00:00;171100,00;171100,00;170895,00;170895,00;170999,00;5
WINM26;13/01/2026;09:40:00;171255,00;171255,00;171225,00;171255,00;239734,00;7
WINM26;13/01/2026;09:30:00;171395,00;171395,00;171395,00;171395,00;34279,00;1
WINM26;13/01/2026;09:10:00;171750,00;171750,00;171750,00;171750,00;34350,00;1
WINM26;13/01/2026;09:00:00;172265,00;172300,00;171900,00;171900,00;172136,00;5
WINM26;12/01/2026;18:00:00;171900,00;172100,00;171900,00;172100,00;68800,00;2
WINM26;12/01/2026;17:30:00;171905,00;171905,00;171900,00;171900,00;68761,00;2
WINM26;12/01/2026;17:00:00;172095,00;172095,00;172095,00;172095,00;34419,00;1
WINM26;12/01/2026;15:10:00;172295,00;172295,00;172095,00;172095,00;68878,00;2
WINM26;12/01/2026;12:20:00;172250,00;172285,00;172200,00;172200,00;103347,00;3
WINM26;12/01/2026;12:10:00;172150,00;172150,00;172005,00;172005,00;68831,00;2
WINM26;12/01/2026;11:40:00;172150,00;172210,00;171800,00;171800,00;206413,00;6
WINM26;12/01/2026;11:30:00;171655,00;172000,00;171655,00;172000,00;103081,00;3
WINM26;12/01/2026;11:10:00;171235,00;171235,00;171235,00;171235,00;34247,00;1
WINM26;12/01/2026;11:00:00;171425,00;171425,00;171115,00;171115,00;171293,00;5
WINM26;12/01/2026;10:40:00;171445,00;171445,00;171445,00;171445,00;34289,00;1
WINM26;12/01/2026;10:10:00;171745,00;171745,00;171745,00;171745,00;34349,00;1
WINM26;12/01/2026;09:50:00;171900,00;171900,00;171900,00;171900,00;34380,00;1
WINM26;12/01/2026;09:10:00;172500,00;172500,00;172325,00;172325,00;68965,00;2
WINM26;09/01/2026;17:50:00;172195,00;172195,00;172195,00;172195,00;34439,00;1
WINM26;09/01/2026;16:10:00;172500,00;172500,00;172500,00;172500,00;34500,00;1
WINM26;09/01/2026;15:20:00;172750,00;172750,00;172750,00;172750,00;34550,00;1
WINM26;09/01/2026;14:00:00;173000,00;173000,00;173000,00;173000,00;34600,00;1
WINM26;09/01/2026;12:00:00;173000,00;173000,00;173000,00;173000,00;34600,00;1
WINM26;09/01/2026;11:30:00;172750,00;172750,00;172750,00;172750,00;34550,00;1
WINM26;09/01/2026;10:40:00;172700,00;172700,00;172700,00;172700,00;34540,00;1
WINM26;09/01/2026;10:30:00;171905,00;172500,00;171905,00;172500,00;103262,00;3
WINM26;09/01/2026;10:20:00;172000,00;172000,00;172000,00;172000,00;34400,00;1
WINM26;09/01/2026;09:50:00;171500,00;171650,00;171500,00;171650,00;68630,00;2
WINM26;09/01/2026;09:40:00;171400,00;171400,00;171400,00;171400,00;34280,00;1
WINM26;09/01/2026;09:20:00;171445,00;171445,00;171445,00;171445,00;34289,00;1
WINM26;09/01/2026;09:00:00;172250,00;172250,00;172250,00;172250,00;34450,00;1
WINM26;08/01/2026;18:10:00;171745,00;171745,00;171745,00;171745,00;34349,00;1
WINM26;08/01/2026;17:40:00;171600,00;171600,00;171600,00;171600,00;34320,00;1
WINM26;08/01/2026;11:40:00;171655,00;171655,00;171500,00;171500,00;137293,00;4
WINM26;08/01/2026;11:30:00;171750,00;171750,00;171750,00;171750,00;34350,00;1
WINM26;08/01/2026;11:10:00;171100,00;171100,00;171000,00;171000,00;68420,00;2
WINM26;08/01/2026;10:50:00;171100,00;171100,00;171000,00;171000,00;68420,00;2
WINM26;08/01/2026;10:30:00;171500,00;171500,00;171500,00;171500,00;68600,00;2
WINM26;08/01/2026;09:30:00;170840,00;170840,00;170840,00;170840,00;34168,00;1
WINM26;08/01/2026;09:20:00;171060,00;171060,00;171060,00;171060,00;102636,00;3
WINM26;08/01/2026;09:00:00;170770,00;170770,00;170770,00;170770,00;34154,00;1
WINM26;07/01/2026;18:20:00;170900,00;170900,00;170870,00;170870,00;68354,00;2
WINM26;07/01/2026;17:50:00;171000,00;171000,00;171000,00;171000,00;34200,00;1
WINM26;07/01/2026;17:40:00;171150,00;171150,00;170900,00;170900,00;171060,00;5
WINM26;07/01/2026;17:20:00;171150,00;171150,00;171150,00;171150,00;34230,00;1
WINM26;07/01/2026;17:10:00;171150,00;171150,00;171150,00;171150,00;34230,00;1
WINM26;07/01/2026;16:40:00;171150,00;171150,00;171150,00;171150,00;34230,00;1
WINM26;07/01/2026;13:00:00;171150,00;171150,00;171150,00;171150,00;34230,00;1
WINM26;07/01/2026;12:50:00;171200,00;171200,00;171200,00;171200,00;34240,00;1
WINM26;07/01/2026;12:00:00;171000,00;171000,00;171000,00;171000,00;68400,00;2
WINM26;07/01/2026;11:10:00;171500,00;171500,00;171370,00;171370,00;445640,00;13
WINM26;07/01/2026;10:50:00;171750,00;171750,00;171750,00;171750,00;34350,00;1
WINM26;07/01/2026;10:20:00;172000,00;172000,00;172000,00;172000,00;34400,00;1
WINM26;07/01/2026;09:30:00;172500,00;172500,00;172500,00;172500,00;34500,00;1
WINM26;06/01/2026;15:30:00;172750,00;172750,00;172750,00;172750,00;34550,00;1
WINM26;06/01/2026;14:50:00;173000,00;173000,00;173000,00;173000,00;34600,00;1
WINM26;06/01/2026;14:00:00;173000,00;173000,00;173000,00;173000,00;34600,00;1
WINM26;06/01/2026;13:20:00;172745,00;172745,00;172745,00;172745,00;34549,00;1
WINM26;06/01/2026;13:00:00;172750,00;172750,00;172750,00;172750,00;34550,00;1
WINM26;06/01/2026;12:30:00;172750,00;172750,00;172750,00;172750,00;34550,00;1
WINM26;06/01/2026;12:00:00;172800,00;172850,00;172800,00;172850,00;69130,00;2
WINM26;06/01/2026;11:40:00;173000,00;173000,00;173000,00;173000,00;34600,00;1
WINM26;06/01/2026;11:20:00;172750,00;172750,00;172750,00;172750,00;34550,00;1
WINM26;06/01/2026;11:00:00;173220,00;173250,00;173220,00;173250,00;69294,00;2
WINM26;06/01/2026;10:30:00;172990,00;173000,00;172990,00;173000,00;103798,00;3
WINM26;06/01/2026;10:00:00;172250,00;172500,00;172250,00;172500,00;68950,00;2
WINM26;06/01/2026;09:50:00;172090,00;172090,00;172090,00;172090,00;34418,00;1
WINM26;06/01/2026;09:30:00;171990,00;172000,00;171885,00;171885,00;103175,00;3
WINM26;06/01/2026;09:20:00;172000,00;172000,00;172000,00;172000,00;34400,00;1
WINM26;06/01/2026;09:00:00;171435,00;171750,00;171435,00;171750,00;274385,00;8
WINM26;05/01/2026;17:10:00;170890,00;170890,00;170800,00;170800,00;170818,00;5
WINM26;05/01/2026;17:00:00;170990,00;170990,00;170990,00;170990,00;34198,00;1
WINM26;05/01/2026;16:50:00;171090,00;171090,00;171090,00;171090,00;34218,00;1
WINM26;05/01/2026;16:00:00;171200,00;171200,00;171200,00;171200,00;34240,00;1
WINM26;05/01/2026;15:40:00;171020,00;171020,00;171020,00;171020,00;171020,00;5
WINM26;05/01/2026;15:30:00;171020,00;171020,00;171020,00;171020,00;34204,00;1
WINM26;05/01/2026;14:30:00;171000,00;171000,00;171000,00;171000,00;34200,00;1
WINM26;05/01/2026;13:00:00;170570,00;170570,00;170370,00;170370,00;102282,00;3
WINM26;05/01/2026;12:50:00;170625,00;170625,00;170625,00;170625,00;34125,00;1
WINM26;05/01/2026;12:30:00;170300,00;170300,00;170300,00;170300,00;34060,00;1
WINM26;05/01/2026;12:20:00;170255,00;170500,00;170255,00;170500,00;102251,00;3
WINM26;02/01/2026;17:50:00;169500,00;169500,00;169500,00;169500,00;33900,00;1
WINM26;02/01/2026;17:40:00;169610,00;169610,00;169610,00;169610,00;848050,00;25
WINM26;02/01/2026;16:40:00;169700,00;169700,00;169700,00;169700,00;33940,00;1
WINM26;02/01/2026;16:10:00;169750,00;169750,00;169750,00;169750,00;33950,00;1
WINM26;02/01/2026;15:00:00;169400,00;169455,00;169400,00;169455,00;711491,00;21
WINM26;02/01/2026;14:10:00;169500,00;169500,00;169500,00;169500,00;101700,00;3
WINM26;02/01/2026;12:40:00;170000,00;170000,00;170000,00;170000,00;34000,00;1
WINM26;02/01/2026;12:10:00;170000,00;170000,00;170000,00;170000,00;34000,00;1
WINM26;02/01/2026;11:40:00;170180,00;170180,00;170180,00;170180,00;34036,00;1
WINM26;02/01/2026;10:50:00;170820,00;170820,00;170440,00;170440,00;102391,00;3
WINM26;02/01/2026;10:40:00;170800,00;170800,00;170800,00;170800,00;34160,00;1
WINM26;02/01/2026;10:30:00;170925,00;170925,00;170925,00;170925,00;34185,00;1
WINM26;02/01/2026;10:20:00;171050,00;171050,00;171050,00;171050,00;34210,00;1
WINM26;02/01/2026;10:10:00;171170,00;171170,00;171170,00;171170,00;34234,00;1
WINM26;02/01/2026;10:00:00;171550,00;171550,00;171290,00;171290,00;137110,00;4
WINM26;02/01/2026;09:50:00;171365,00;171365,00;171365,00;171365,00;34273,00;1
WINM26;02/01/2026;09:30:00;171030,00;171030,00;171030,00;171030,00;34206,00;1
WINM26;02/01/2026;09:10:00;171000,00;171000,00;171000,00;171000,00;34200,00;1
