WINFUT;30/12/2025;18:00:00;174349,64;174402,76;173956,55;173988,42;9480787847,00;272228
WINFUT;30/12/2025;17:30:00;174593,99;174625,86;174216,84;174344,32;1,157437589E10;331778
WINFUT;30/12/2025;17:00:00;174615,24;174689,60;174450,56;174599,30;1,06708269E10;305616
WINFUT;30/12/2025;16:30:00;174572,74;174700,23;174509,00;174615,24;1,054190714E10;301862
WINFUT;30/12/2025;16:00:00;174599,30;174779,91;174551,49;174578,05;1,412645998E10;404360
WINFUT;30/12/2025;15:30:00;174758,66;174806,47;174493,06;174599,30;1,50735348E10;431593
WINFUT;30/12/2025;15:00:00;174827,71;174875,52;174663,04;174758,66;1,335228411E10;381999
WINFUT;30/12/2025;14:30:00;174758,66;174875,52;174684,29;174822,40;1,506636211E10;431016
WINFUT;30/12/2025;14:00:00;174583,36;174838,34;174402,76;174758,66;2,00475132E10;574056
WINFUT;30/12/2025;13:30:00;174604,61;174806,47;174498,37;174588,68;2,002328802E10;573178
WINFUT;30/12/2025;13:00:00;174482,44;174742,72;174466,50;174604,61;1,738059535E10;497682
WINFUT;30/12/2025;12:30:00;174142,47;174551,49;174084,04;174482,44;2,282536172E10;654514
WINFUT;30/12/2025;12:00:00;173951,24;174333,70;173887,49;174142,47;2,828469438E10;812191
WINFUT;30/12/2025;11:30:00;174381,51;174503,68;173887,49;173956,55;4,048740051E10;1161961
WINFUT;30/12/2025;11:00:00;174137,16;174694,91;174078,73;174376,20;4,238697116E10;1214894
WINFUT;30/12/2025;10:30:00;174875,52;175029,57;174137,16;174142,47;4,192507066E10;1200905
WINFUT;30/12/2025;10:00:00;174625,86;175077,38;174386,82;174875,52;5,011057555E10;1433854
WINFUT;30/12/2025;09:30:00;174477,12;175008,32;174381,51;174625,86;4,285559262E10;1226453
WINFUT;30/12/2025;09:00:00;173627,21;174663,04;173244,75;174477,12;4,433369448E10;1272442
WINFUT;29/12/2025;18:00:00;173064,14;173303,18;172989,77;173159,75;6688341382,00;193136
WINFUT;29/12/2025;17:30:00;173196,94;173292,55;172718,86;173064,14;1,662196992E10;480270
WINFUT;29/12/2025;17:00:00;173053,51;173308,49;173048,20;173196,94;1,409822143E10;406976
WINFUT;29/12/2025;16:30:00;172809,16;173149,13;172766,67;173053,51;1,697801201E10;490864
WINFUT;29/12/2025;16:00:00;172671,05;172856,97;172564,81;172803,85;1,665660817E10;482142
WINFUT;29/12/2025;15:30:00;172878,22;173101,32;172485,13;172676,36;2,552953899E10;738734
WINFUT;29/12/2025;15:00:00;173064,14;173276,62;172798,54;172878,22;2,035292863E10;587924
WINFUT;29/12/2025;14:30:00;173090,70;173345,67;172979,15;173069,45;2,15982791E10;623587
WINFUT;29/12/2025;14:00:00;173026,95;173090,70;172841,04;173085,39;1,32572097E10;383215
WINFUT;29/12/2025;13:30:00;173021,64;173122,57;172846,35;173021,64;1,54881742E10;447705
WINFUT;29/12/2025;13:00:00;173133,19;173207,56;172830,41;173021,64;2,254451896E10;651578
WINFUT;29/12/2025;12:30:00;173138,51;173143,82;172825,10;173133,19;2,309242925E10;667554
WINFUT;29/12/2025;12:00:00;173398,79;173462,54;172809,16;173138,51;3,536908157E10;1021517
WINFUT;29/12/2025;11:30:00;173388,17;173717,51;173191,63;173404,11;3,731794697E10;1076036
WINFUT;29/12/2025;11:00:00;173398,79;173595,34;173175,69;173382,86;3,474758099E10;1002254
WINFUT;29/12/2025;10:30:00;173627,21;173685,64;173292,55;173393,48;3,447832123E10;993983
WINFUT;29/12/2025;10:00:00;173807,82;174115,91;173239,43;173627,21;5,813074281E10;1673796
WINFUT;29/12/2025;09:30:00;173956,55;174137,16;173786,57;173807,82;3,26346381E10;937852
WINFUT;29/12/2025;09:00:00;174073,41;174588,68;173818,44;173961,86;4,972656274E10;1427234
WINFUT;26/12/2025;18:00:00;174089,35;174360,26;174041,54;174285,89;7547272076,00;216661
WINFUT;26/12/2025;17:30:00;173924,68;174099,97;173898,12;174089,35;9983248472,00;286869
WINFUT;26/12/2025;17:00:00;173643,14;173956,55;173574,09;173929,99;1,111164007E10;319759
WINFUT;26/12/2025;16:30:00;173664,39;173722,82;173526,28;173643,14;1,262303269E10;363490
WINFUT;26/12/2025;16:00:00;173505,03;173733,45;173462,54;173669,70;1,251386253E10;360354
WINFUT;26/12/2025;15:30:00;173457,22;173584,71;173345,67;173505,03;1,20537829E10;347450
WINFUT;26/12/2025;15:00:00;173526,28;173685,64;173393,48;173451,91;1,581247047E10;455624
WINFUT;26/12/2025;14:30:00;173345,67;173579,40;173218,19;173520,97;1,711301631E10;493404
WINFUT;26/12/2025;14:00:00;173011,02;173505,03;172995,08;173345,67;2,207387594E10;636818
WINFUT;26/12/2025;13:30:00;173138,51;173191,63;172862,28;173016,33;1,518478661E10;438895
WINFUT;26/12/2025;13:00:00;173324,43;173446,60;173053,51;173138,51;2,004013429E10;578344
WINFUT;26/12/2025;12:30:00;173414,73;173462,54;173196,94;173319,11;1,777554506E10;512783
WINFUT;26/12/2025;12:00:00;172931,34;173637,83;172851,66;173414,73;3,313653672E10;955878
WINFUT;26/12/2025;11:30:00;172782,60;173260,68;172713,55;172931,34;4,233209949E10;1223575
WINFUT;26/12/2025;11:00:00;172315,15;172803,85;172240,78;172787,92;3,039095074E10;880749
WINFUT;26/12/2025;10:30:00;172575,44;172819,79;172214,22;172315,15;3,658040683E10;1060331
WINFUT;26/12/2025;10:00:00;172586,06;172979,15;172219,53;172580,75;4,670925142E10;1352710
WINFUT;26/12/2025;09:30:00;172655,12;172931,34;172394,83;172586,06;2,966637957E10;859097
WINFUT;26/12/2025;09:00:00;173101,32;173143,82;172283,28;172655,12;4,260098191E10;1233496
WINFUT;23/12/2025;18:00:00;173515,66;173722,82;173382,86;173595,34;9485704768,00;273216
WINFUT;23/12/2025;17:30:00;173356,30;173600,65;173292,55;173520,97;9367208816,00;270095
WINFUT;23/12/2025;17:00:00;173308,49;173414,73;173223,50;173356,30;1,261193239E10;363843
WINFUT;23/12/2025;16:30:00;173467,85;173483,78;173276,62;173308,49;1,180184044E10;340333
WINFUT;23/12/2025;16:00:00;173372,23;173531,59;173329,74;173467,85;1,272629231E10;366882
WINFUT;23/12/2025;15:30:00;173212,87;173420,04;173212,87;173372,23;1,324497372E10;382066
WINFUT;23/12/2025;15:00:00;173616,58;173616,58;173085,39;173212,87;2,529924259E10;729977
WINFUT;23/12/2025;14:30:00;173388,17;173637,83;173350,99;173611,27;1,626309913E10;468599
WINFUT;23/12/2025;14:00:00;173435,98;173526,28;173287,24;173382,86;1,534460289E10;442420
WINFUT;23/12/2025;13:30:00;173250,06;173536,90;173250,06;173430,66;1,717628443E10;495211
WINFUT;23/12/2025;13:00:00;173297,87;173446,60;173207,56;173250,06;1,436157143E10;414251
WINFUT;23/12/2025;12:30:00;173446,60;173664,39;173175,69;173303,18;2,445231493E10;705102
WINFUT;23/12/2025;12:00:00;173011,02;173473,16;173005,71;173441,29;3,680928131E10;1062085
WINFUT;23/12/2025;11:30:00;172341,71;173064,14;172166,41;173005,71;4,432303436E10;1283344
WINFUT;23/12/2025;11:00:00;172522,32;172920,72;172076,11;172336,40;4,090282443E10;1185318
WINFUT;23/12/2025;10:30:00;172262,03;172676,36;171911,44;172522,32;4,519847257E10;1311592
WINFUT;23/12/2025;10:00:00;171863,63;172671,05;171752,08;172267,34;5,16322366E10;1498698
WINFUT;23/12/2025;09:30:00;171810,51;172304,53;171683,03;171863,63;3,840369251E10;1116554
WINFUT;23/12/2025;09:00:00;171305,87;172092,05;170939,35;171805,20;5,193813177E10;1513459
WINFUT;22/12/2025;18:00:00;171130,58;171231,51;170944,66;171093,40;7466343371,00;218185
WINFUT;22/12/2025;17:30:00;171215,57;171348,37;171013,72;171125,27;1,478011221E10;431780
WINFUT;22/12/2025;17:00:00;171226,20;171295,25;171119,96;171215,57;1,014201202E10;296176
WINFUT;22/12/2025;16:30:00;171098,71;171247,44;170934,04;171220,88;1,869897407E10;546424
WINFUT;22/12/2025;16:00:00;171194,32;171247,44;171024,34;171093,40;1,632322275E10;476916
WINFUT;22/12/2025;15:30:00;170785,30;171364,31;170785,30;171199,64;2,117475137E10;618652
WINFUT;22/12/2025;15:00:00;171194,32;171242,13;170742,81;170785,30;2,506429506E10;733021
WINFUT;22/12/2025;14:30:00;171189,01;171321,81;171082,77;171194,32;1,838403553E10;536948
WINFUT;22/12/2025;14:00:00;171274,00;171417,43;171019,03;171189,01;2,272651137E10;663621
WINFUT;22/12/2025;13:30:00;171104,02;171417,43;170806,55;171274,00;2,856714571E10;834554
WINFUT;22/12/2025;13:00:00;170907,48;171215,57;170870,29;171109,33;2,331695466E10;681737
WINFUT;22/12/2025;12:30:00;170764,05;171088,08;170493,14;170907,48;3,086984706E10;903830
WINFUT;22/12/2025;12:00:00;170530,33;170811,86;170466,58;170764,05;2,680714824E10;785577
WINFUT;22/12/2025;11:30:00;170307,22;170673,75;170142,55;170525,01;4,477438878E10;1313542
WINFUT;22/12/2025;11:00:00;171040,28;171396,18;170200,98;170307,22;5,231798568E10;1531073
WINFUT;22/12/2025;10:30:00;171162,45;171204,95;170737,49;171040,28;3,75824278E10;1098901
WINFUT;22/12/2025;10:00:00;171566,16;171656,47;170923,41;171162,45;5,468642379E10;1596647
WINFUT;22/12/2025;09:30:00;171799,89;171996,43;171433,36;171566,16;3,3588749E10;978325
WINFUT;22/12/2025;09:00:00;172166,41;172548,88;171465,23;171799,89;4,799702636E10;1395403
WINFUT;19/12/2025;18:00:00;171528,98;171799,89;171475,86;171683,03;8508310322,00;247807
WINFUT;19/12/2025;17:30:00;171858,32;171879,57;171390,87;171523,67;1,620517746E10;472286
WINFUT;19/12/2025;17:00:00;171890,19;171948,62;171794,58;171853,01;9137311284,00;265829
WINFUT;19/12/2025;16:30:00;171821,14;171938,00;171768,02;171890,19;1,102679492E10;320805
WINFUT;19/12/2025;16:00:00;171847,70;171964,56;171762,70;171815,82;1,358245307E10;395197
WINFUT;19/12/2025;15:30:00;171927,38;172001,74;171799,89;171842,38;1,379577537E10;401298
WINFUT;19/12/2025;15:00:00;171985,81;172070,80;171858,32;171927,38;1,443209018E10;419626
WINFUT;19/12/2025;14:30:00;172070,80;172145,17;171906,13;171985,81;1,757063393E10;510717
WINFUT;19/12/2025;14:00:00;172357,65;172426,70;172017,68;172070,80;1,496894334E10;434483
WINFUT;19/12/2025;13:30:00;172458,57;172463,89;172219,53;172362,96;1,520461519E10;441128
WINFUT;19/12/2025;13:00:00;172293,90;172511,69;172293,90;172458,57;1,681693426E10;487669
WINFUT;19/12/2025;12:30:00;172628,56;172702,92;172182,35;172293,90;2,369649989E10;687139
WINFUT;19/12/2025;12:00:00;172655,12;172878,22;172331,09;172633,87;3,035454543E10;879479
WINFUT;19/12/2025;11:30:00;172081,42;172756,04;171927,38;172655,12;4,686503136E10;1359374
WINFUT;19/12/2025;11:00:00;172150,48;172490,45;171725,52;172081,42;4,766996433E10;1384950
WINFUT;19/12/2025;10:30:00;171470,55;172198,29;171305,87;172155,79;5,602264168E10;1632024
WINFUT;19/12/2025;10:00:00;171284,63;171528,98;171034,96;171470,55;4,863587878E10;1419712
WINFUT;19/12/2025;09:30:00;171348,37;171555,54;171204,95;171284,63;3,349364545E10;977244
WINFUT;19/12/2025;09:00:00;171258,07;172086,74;171135,89;171348,37;5,247723913E10;1529139
WINFUT;18/12/2025;18:00:00;171263,38;171502,42;171263,38;171380,24;6207887073,00;181115
WINFUT;18/12/2025;17:30:00;171311,19;171539,60;171210,26;171268,69;1,271916526E10;371076
WINFUT;18/12/2025;17:00:00;170960,60;171358,99;170960,60;171311,19;1,645078991E10;480499
WINFUT;18/12/2025;16:30:00;171348,37;171358,99;170870,29;170965,91;1,832165631E10;535406
WINFUT;18/12/2025;16:00:00;171566,16;171587,41;171258,07;171343,06;1,698347608E10;495340
WINFUT;18/12/2025;15:30:00;171752,08;171783,95;171481,17;171566,16;1,45469215E10;423819
WINFUT;18/12/2025;15:00:00;171550,23;171799,89;171470,55;171757,39;1,755010228E10;511160
WINFUT;18/12/2025;14:30:00;170939,35;171704,27;170902,16;171550,23;3,027459187E10;883238
WINFUT;18/12/2025;14:00:00;171629,91;171799,89;170726,87;170944,66;3,592211508E10;1049266
WINFUT;18/12/2025;13:30:00;171582,10;171821,14;171523,67;171629,91;1,750844986E10;509886
WINFUT;18/12/2025;13:00:00;171635,22;171890,19;171475,86;171587,41;2,921512632E10;850832
WINFUT;18/12/2025;12:30:00;171348,37;171932,69;171093,40;171629,91;3,468529806E10;1011630
WINFUT;18/12/2025;12:00:00;170827,80;171396,18;170795,93;171348,37;4,268610539E10;1247680
WINFUT;18/12/2025;11:30:00;170732,18;170918,10;170232,86;170827,80;4,881774146E10;1430412
WINFUT;18/12/2025;11:00:00;170525,01;171082,77;170424,09;170726,87;4,637738953E10;1358372
WINFUT;18/12/2025;10:30:00;170546,26;171119,96;170514,39;170530,33;5,299358135E10;1551166
WINFUT;18/12/2025;10:00:00;170264,73;170785,30;170004,44;170551,57;4,626852012E10;1357303
WINFUT;18/12/2025;09:30:00;170503,77;170599,38;169818,52;170270,04;5,198944009E10;1526954
WINFUT;18/12/2025;09:00:00;170684,37;171130,58;170100,06;170503,77;4,927071835E10;1445445
WINFUT;17/12/2025;18:00:00;170498,45;170838,42;170317,85;170344,41;8585952694,00;251652
WINFUT;17/12/2025;17:30:00;170795,93;170934,04;170301,91;170493,14;1,95781133E10;573293
WINFUT;17/12/2025;17:00:00;170360,34;170822,49;170259,42;170795,93;1,548051732E10;453995
WINFUT;17/12/2025;16:30:00;170450,65;170498,45;170254,10;170365,66;1,389207898E10;407667
WINFUT;17/12/2025;16:00:00;170487,83;170610,01;170370,97;170455,96;1,304140986E10;382448
WINFUT;17/12/2025;15:30:00;170610,01;170684,37;170344,41;170487,83;1,826185624E10;535505
WINFUT;17/12/2025;15:00:00;170434,71;170689,69;170248,79;170615,32;2,12430448E10;623058
WINFUT;17/12/2025;14:30:00;170493,14;170732,18;170126,62;170434,71;2,641178108E10;774776
WINFUT;17/12/2025;14:00:00;170333,78;170562,20;170227,54;170493,14;2,520102012E10;739443
WINFUT;17/12/2025;13:30:00;170200,98;170355,03;169685,72;170328,47;2,913376882E10;856883
WINFUT;17/12/2025;13:00:00;170243,48;170397,53;170057,56;170200,98;2,347038852E10;689430
WINFUT;17/12/2025;12:30:00;170695,00;170710,93;170211,61;170248,79;2,859212493E10;838903
WINFUT;17/12/2025;12:00:00;170907,48;170928,72;170408,15;170700,31;3,095140642E10;906934
WINFUT;17/12/2025;11:30:00;170540,95;171104,02;170477,21;170907,48;5,184316335E10;1517468
WINFUT;17/12/2025;11:00:00;169797,27;170758,74;169738,84;170540,95;4,996243826E10;1467986
WINFUT;17/12/2025;10:30:00;170057,56;170200,98;169568,86;169802,59;5,651614223E10;1663533
WINFUT;17/12/2025;10:00:00;171220,88;171279,32;170015,07;170052,25;6,349239255E10;1859724
WINFUT;17/12/2025;09:30:00;171470,55;171576,79;170822,49;171220,88;4,21834795E10;1232805
WINFUT;17/12/2025;09:00:00;171576,79;171778,64;170610,01;171465,23;6,195671874E10;1808076
WINFUT;16/12/2025;18:00:00;172725,73;172752,89;170938,39;171220,88;2,354311032E10;685331
WINFUT;16/12/2025;17:30:00;172747,46;173062,55;172579,05;172725,73;1,972772683E10;570665
WINFUT;16/12/2025;17:00:00;173388,51;173600,38;172655,10;172747,46;2,704221092E10;781100
WINFUT;16/12/2025;16:30:00;173290,72;173605,82;173279,86;173388,51;1,958447692E10;564644
WINFUT;16/12/2025;16:00:00;173931,78;173948,07;173182,07;173290,72;2,726266992E10;785237
WINFUT;16/12/2025;15:30:00;173882,88;174105,62;173861,15;173931,78;1,546874605E10;444531
WINFUT;16/12/2025;15:00:00;173768,80;174116,49;173622,12;173877,45;2,570872885E10;739320
WINFUT;16/12/2025;14:30:00;173861,15;174094,76;173671,01;173768,80;2,730598623E10;785344
WINFUT;16/12/2025;14:00:00;173768,80;174339,23;173763,36;173866,58;3,717463161E10;1067917
WINFUT;16/12/2025;13:30:00;173806,83;173861,15;173502,60;173774,23;2,296043802E10;661017
WINFUT;16/12/2025;13:00:00;173464,57;173833,99;173323,32;173812,26;2,194069459E10;632100
WINFUT;16/12/2025;12:30:00;173567,79;173692,74;173154,91;173470,00;3,34225004E10;963624
WINFUT;16/12/2025;12:00:00;174073,03;174170,81;173410,24;173573,22;3,958976424E10;1139328
WINFUT;16/12/2025;11:30:00;174741,24;174768,40;173948,07;174073,03;4,463081761E10;1280458
WINFUT;16/12/2025;11:00:00;174610,86;174757,54;174203,41;174741,24;3,95078217E10;1132103
WINFUT;16/12/2025;10:30:00;174768,40;174942,25;174007,83;174616,29;4,806871347E10;1378108
WINFUT;16/12/2025;10:00:00;174447,88;175110,66;173844,85;174762,97;5,575533192E10;1596063
WINFUT;16/12/2025;09:30:00;174083,89;174665,18;173964,37;174447,88;4,301411411E10;1233950
WINFUT;16/12/2025;09:00:00;175203,02;175311,67;173736,20;174083,89;6,643989555E10;1905341
WINFUT;15/12/2025;18:00:00;176756,76;177033,82;176751,32;176838,25;9608136839,00;271545
WINFUT;15/12/2025;17:30:00;176789,35;177229,40;176724,16;176756,76;1,886407353E10;532810
WINFUT;15/12/2025;17:00:00;176669,83;176974,06;176604,64;176794,78;1,806958928E10;510955
WINFUT;15/12/2025;16:30:00;176702,43;176735,02;176479,69;176675,27;1,648077949E10;466585
WINFUT;15/12/2025;16:00:00;176577,48;176718,73;176441,66;176702,43;2,168644012E10;614030
WINFUT;15/12/2025;15:30:00;176457,96;176664,40;176202,62;176572,05;2,826320467E10;801084
WINFUT;15/12/2025;15:00:00;176658,97;176762,19;176409,07;176457,96;2,110578757E10;597472
WINFUT;15/12/2025;14:30:00;176919,74;176979,49;176452,53;176658,97;2,617402516E10;740439
WINFUT;15/12/2025;14:00:00;177185,93;177218,53;176805,65;176914,30;2,570925761E10;726243
WINFUT;15/12/2025;13:30:00;177348,91;177376,08;177033,82;177185,93;3,065414128E10;865032
WINFUT;15/12/2025;13:00:00;176675,27;177430,40;176669,83;177348,91;4,507276306E10;1272575
WINFUT;15/12/2025;12:30:00;176289,55;176794,78;176273,25;176675,27;3,418182847E10;967694
WINFUT;15/12/2025;12:00:00;176468,82;176778,49;176191,76;176289,55;4,245321635E10;1202780
WINFUT;15/12/2025;11:30:00;176610,07;176756,76;176273,25;176463,39;5,431164922E10;1538835
WINFUT;15/12/2025;11:00:00;176273,25;176870,84;176175,46;176610,07;5,974271329E10;1691784
WINFUT;15/12/2025;10:30:00;176121,14;176354,74;175947,29;176273,25;4,449281826E10;1262977
WINFUT;15/12/2025;10:00:00;177006,66;177022,96;175784,31;176121,14;7,010314202E10;1988845
WINFUT;15/12/2025;09:30:00;176376,47;177055,55;176224,36;177006,66;4,684439875E10;1325366
WINFUT;15/12/2025;09:00:00;175556,14;176452,53;175306,24;176376,47;5,33401154E10;1515387
WINFUT;12/12/2025;18:00:00;174844,46;175034,60;174801,00;174963,98;8356232546,00;238859
WINFUT;12/12/2025;17:30:00;174735,81;174860,76;174437,01;174839,03;1,580555424E10;452522
WINFUT;12/12/2025;17:00:00;174801,00;174915,09;174681,48;174730,38;1,308706304E10;374333
WINFUT;12/12/2025;16:30:00;174692,35;174985,71;174594,56;174806,43;1,726402356E10;493869
WINFUT;12/12/2025;16:00:00;174583,69;174752,11;174409,85;174697,78;2,052063221E10;587746
WINFUT;12/12/2025;15:30:00;174730,38;174822,73;174545,67;174589,13;1,323126536E10;378689
WINFUT;12/12/2025;15:00:00;174768,40;174790,14;174529,37;174730,38;2,206759956E10;631685
WINFUT;12/12/2025;14:30:00;174089,32;175007,44;174067,59;174773,84;4,098169182E10;1173433
WINFUT;12/12/2025;14:00:00;173991,54;174290,33;173942,64;174089,32;2,596044331E10;745467
WINFUT;12/12/2025;13:30:00;173567,79;173996,97;173410,24;173986,10;2,477567271E10;713475
WINFUT;12/12/2025;13:00:00;173529,76;173709,04;173345,05;173567,79;3,059856506E10;881717
WINFUT;12/12/2025;12:30:00;173730,77;173991,54;173421,11;173529,76;3,6766689E10;1058015
WINFUT;12/12/2025;12:00:00;175018,31;175023,74;173589,52;173730,77;5,326369985E10;1528313
WINFUT;12/12/2025;11:30:00;175289,94;175338,83;174855,33;175018,31;4,531920598E10;1294111
WINFUT;12/12/2025;11:00:00;175507,25;175528,98;175023,74;175289,94;4,333858593E10;1236526
WINFUT;12/12/2025;10:30:00;174089,32;175594,17;174051,29;175501,81;7,185475938E10;2053874
WINFUT;12/12/2025;10:00:00;173671,01;174540,23;173464,57;174094,76;6,714241797E10;1929144
WINFUT;12/12/2025;09:30:00;173899,18;173899,18;173393,94;173671,01;4,198797051E10;1209193
WINFUT;12/12/2025;09:00:00;173535,19;174187,11;173399,38;173899,18;5,3109038E10;1527599
WINFUT;11/12/2025;18:00:00;173426,54;173502,60;173252,70;173263,56;9726181946,00;280501
WINFUT;11/12/2025;17:30:00;173812,26;173893,75;173312,45;173431,97;1,799436963E10;518238
WINFUT;11/12/2025;17:00:00;173904,61;174018,70;173692,74;173817,69;1,82026842E10;523485
WINFUT;11/12/2025;16:30:00;173774,23;173969,81;173671,01;173910,05;1,612906941E10;464055
WINFUT;11/12/2025;16:00:00;173931,78;174083,89;173736,20;173779,66;1,747469956E10;502410
WINFUT;11/12/2025;15:30:00;173795,96;174051,29;173757,93;173926,34;2,139237307E10;615113
WINFUT;11/12/2025;15:00:00;173671,01;174035,00;173665,58;173795,96;2,598217562E10;747338
WINFUT;11/12/2025;14:30:00;173904,61;173926,34;173611,25;173676,44;2,528229811E10;727443
WINFUT;11/12/2025;14:00:00;173877,45;174111,05;173861,15;173904,61;2,123791643E10;610335
WINFUT;11/12/2025;13:30:00;173785,09;174138,22;173768,80;173877,45;2,526443804E10;726146
WINFUT;11/12/2025;13:00:00;173687,31;173948,07;173649,28;173779,66;2,433594958E10;700188
WINFUT;11/12/2025;12:30:00;174045,86;174127,35;173611,25;173687,31;3,360501924E10;966467
WINFUT;11/12/2025;12:00:00;173339,62;174111,05;173203,80;174051,29;4,950821376E10;1425672
WINFUT;11/12/2025;11:30:00;172839,81;173421,11;172796,35;173339,62;5,473599657E10;1581412
WINFUT;11/12/2025;11:00:00;172551,88;173334,18;172443,23;172839,81;5,296583784E10;1531691
WINFUT;11/12/2025;10:30:00;172361,74;172823,52;172035,78;172551,88;5,41898849E10;1571224
WINFUT;11/12/2025;10:00:00;172649,67;172828,95;172171,60;172372,61;5,587945575E10;1619401
WINFUT;11/12/2025;09:30:00;171823,91;172747,46;171747,85;172649,67;5,20210915E10;1509076
WINFUT;11/12/2025;09:00:00;172361,74;172801,79;171726,12;171829,34;5,458771244E10;1586054
WINFUT;10/12/2025;18:00:00;173350,48;173714,47;173247,26;173366,78;9466907852,00;272904
WINFUT;10/12/2025;17:30:00;173431,97;173741,63;172910,44;173355,92;2,931671307E10;845786
WINFUT;10/12/2025;17:00:00;172801,79;174051,29;172801,79;173431,97;5,251512804E10;1513125
WINFUT;10/12/2025;16:30:00;172323,71;172894,14;172111,84;172807,22;5,01894085E10;1454655
WINFUT;10/12/2025;16:00:00;172622,51;173089,72;171997,75;172323,71;4,255739509E10;1232653
WINFUT;10/12/2025;15:30:00;172546,45;172752,89;172541,02;172627,94;1,904854512E10;551700
WINFUT;10/12/2025;15:00:00;172535,59;172638,81;172410,63;172546,45;1,87200002E10;542593
WINFUT;10/12/2025;14:30:00;172524,72;172617,07;172378,04;172535,59;1,82905015E10;530170
WINFUT;10/12/2025;14:00:00;172671,40;172682,27;172361,74;172524,72;2,224534879E10;644839
WINFUT;10/12/2025;13:30:00;172410,63;172758,32;172263,95;172676,83;2,718490418E10;787741
WINFUT;10/12/2025;13:00:00;172589,91;172627,94;172285,68;172410,63;2,824456031E10;818964
WINFUT;10/12/2025;12:30:00;172149,87;172633,37;172019,48;172589,91;3,533397918E10;1025219
WINFUT;10/12/2025;12:00:00;172426,93;172752,89;172035,78;172149,87;4,531868781E10;1314034
WINFUT;10/12/2025;11:30:00;172535,59;172818,08;172378,04;172426,93;5,489455546E10;1590342
WINFUT;10/12/2025;11:00:00;172573,61;172736,59;172209,63;172535,59;4,799031871E10;1391539
WINFUT;10/12/2025;10:30:00;172090,11;172676,83;171633,76;172573,61;7,284280659E10;2115499
WINFUT;10/12/2025;10:00:00;172638,81;172839,81;171932,56;172090,11;7,426937812E10;2154156
WINFUT;10/12/2025;09:30:00;173182,07;173192,94;172437,80;172638,81;6,320333043E10;1829218
WINFUT;10/12/2025;09:00:00;173084,28;174149,08;173040,82;173176,64;6,653065674E10;1917135
WINFUT;09/12/2025;18:00:00;172139,00;172242,22;171693,52;171899,96;1,190575778E10;346102
WINFUT;09/12/2025;17:30:00;172627,94;172839,81;172030,35;172139,00;2,241020761E10;649954
WINFUT;09/12/2025;17:00:00;172915,87;173209,23;172388,90;172627,94;3,084860523E10;892395
WINFUT;09/12/2025;16:30:00;172041,21;173100,58;171981,45;172910,44;3,761082815E10;1089910
WINFUT;09/12/2025;16:00:00;172160,73;172291,12;172003,19;172041,21;2,121460674E10;616089
WINFUT;09/12/2025;15:30:00;171927,13;172258,52;171921,70;172160,73;2,295074856E10;666849
WINFUT;09/12/2025;15:00:00;171905,40;172117,27;171775,01;171932,56;2,186463273E10;635895
WINFUT;09/12/2025;14:30:00;171889,10;172073,81;171715,25;171905,40;2,48325219E10;722344
WINFUT;09/12/2025;14:00:00;171584,87;172100,97;171584,87;171889,10;2,896073148E10;842444
WINFUT;09/12/2025;13:30:00;172090,11;172372,61;171449,05;171584,87;3,529175284E10;1026939
WINFUT;09/12/2025;13:00:00;171905,40;172231,36;171840,21;172090,11;3,272056047E10;951005
WINFUT;09/12/2025;12:30:00;171726,12;172410,63;171709,82;171910,83;5,688695088E10;1653001
WINFUT;09/12/2025;12:00:00;170846,03;171829,34;170683,05;171720,69;5,676801161E10;1658285
WINFUT;09/12/2025;11:30:00;170166,95;171226,32;169933,34;170846,03;6,719886856E10;1970317
WINFUT;09/12/2025;11:00:00;170199,54;170373,39;169944,21;170166,95;4,549143513E10;1336574
WINFUT;09/12/2025;10:30:00;170541,80;170563,53;169096,72;170204,98;8,672113821E10;2553239
WINFUT;09/12/2025;10:00:00;171014,44;171307,81;170324,50;170536,37;7,943242942E10;2325774
WINFUT;09/12/2025;09:30:00;172215,06;172225,92;170873,19;171014,44;7,55459132E10;2203468
WINFUT;09/12/2025;09:00:00;172177,03;172394,34;171682,66;172215,06;5,76197216E10;1674823
WINFUT;08/12/2025;18:00:00;172285,68;172725,73;172236,79;172606,21;1,054905132E10;305816
WINFUT;08/12/2025;17:30:00;172611,64;172720,30;171818,48;172285,68;2,481905516E10;720130
WINFUT;08/12/2025;17:00:00;173051,69;173203,80;172568,18;172611,64;2,43562934E10;704377
WINFUT;08/12/2025;16:30:00;172953,90;173062,55;172861,54;173051,69;1,583204002E10;457683
WINFUT;08/12/2025;16:00:00;173138,61;173171,21;172894,14;172953,90;2,137971924E10;617832
WINFUT;08/12/2025;15:30:00;172991,93;173355,92;172780,05;173138,61;3,342489656E10;965583
WINFUT;08/12/2025;15:00:00;173312,45;173464,57;172943,03;172991,93;2,369664686E10;684248
WINFUT;08/12/2025;14:30:00;172877,84;173757,93;172709,43;173307,02;4,790380496E10;1382172
WINFUT;08/12/2025;14:00:00;172682,27;172899,57;172551,88;172877,84;2,805452933E10;812196
WINFUT;08/12/2025;13:30:00;172687,70;172861,54;172497,56;172682,27;2,998003043E10;868124
WINFUT;08/12/2025;13:00:00;172133,57;172731,16;172057,51;172687,70;3,310646304E10;960200
WINFUT;08/12/2025;12:30:00;172003,19;172225,92;171791,31;172139,00;3,781512857E10;1099219
WINFUT;08/12/2025;12:00:00;172356,31;172421,50;171943,43;172003,19;4,1866541E10;1216042
WINFUT;08/12/2025;11:30:00;173100,58;173203,80;172236,79;172350,87;5,741004602E10;1662251
WINFUT;08/12/2025;11:00:00;173301,59;173551,49;173073,42;173100,58;4,513120248E10;1301860
WINFUT;08/12/2025;10:30:00;172926,74;173372,21;172687,70;173307,02;5,404072671E10;1561374
WINFUT;08/12/2025;10:00:00;173214,67;173616,68;172883,27;172926,74;6,651971632E10;1920491
WINFUT;08/12/2025;09:30:00;173203,80;173866,58;173089,72;173214,67;5,448439732E10;1570435
WINFUT;08/12/2025;09:00:00;173942,64;173958,94;173138,61;173198,37;5,346103319E10;1540139
WINFUT;05/12/2025;18:00:00;171785,88;172193,33;171400,16;172024,92;1,279166764E10;372330
WINFUT;05/12/2025;17:30:00;171693,52;172106,41;171090,50;171791,31;2,394971409E10;697392
WINFUT;05/12/2025;17:00:00;172823,52;172861,54;171601,17;171693,52;2,517742055E10;730703
WINFUT;05/12/2025;16:30:00;172149,87;172964,76;171910,83;172828,95;3,014271918E10;873412
WINFUT;05/12/2025;16:00:00;171997,75;172785,49;171796,74;172144,43;4,027531977E10;1168771
WINFUT;05/12/2025;15:30:00;174143,65;174388,12;171731,55;172003,19;5,162508347E10;1489455
WINFUT;05/12/2025;15:00:00;174779,27;174839,03;174024,13;174149,08;3,547440324E10;1017243
WINFUT;05/12/2025;14:30:00;176610,07;176957,76;174360,96;174773,84;5,297305948E10;1508873
WINFUT;05/12/2025;14:00:00;176246,09;176995,79;175865,80;176610,07;4,188864553E10;1187570
WINFUT;05/12/2025;13:30:00;175317,10;176805,65;174822,73;176251,52;5,125445457E10;1456147
WINFUT;05/12/2025;13:00:00;177756,36;178500,64;174839,03;175311,67;7,908496554E10;2226885
WINFUT;05/12/2025;12:30:00;179902,26;180130,43;177587,95;177761,80;7,320261854E10;2042957
WINFUT;05/12/2025;12:00:00;179739,28;179994,62;179674,09;179907,69;3,754228449E10;1043678
WINFUT;05/12/2025;11:30:00;179255,78;179885,96;179049,33;179739,28;6,293146605E10;1753701
WINFUT;05/12/2025;11:00:00;179435,05;179549,14;179147,12;179255,78;3,293837558E10;917991
WINFUT;05/12/2025;10:30:00;179320,97;179565,44;179266,64;179440,49;4,931579338E10;1374262
WINFUT;05/12/2025;10:00:00;179402,46;179766,44;179244,91;179315,53;7,014382986E10;1953658
WINFUT;05/12/2025;09:30:00;179511,11;179549,14;179353,56;179402,46;2,583220376E10;719792
WINFUT;05/12/2025;09:00:00;179549,14;179652,36;179234,04;179511,11;4,412932309E10;1229392
WINFUT;04/12/2025;18:00:00;179592,60;179826,20;179516,54;179570,87;1,450144556E10;403588
WINFUT;04/12/2025;17:30:00;179521,98;179684,95;179456,78;179592,60;1,626963961E10;452982
WINFUT;04/12/2025;17:00:00;179413,32;179706,69;179239,48;179527,41;2,559381478E10;713095
WINFUT;04/12/2025;16:30:00;179098,23;179467,65;179071,07;179413,32;2,717234688E10;757800
WINFUT;04/12/2025;16:00:00;179152,55;179359,00;178875,49;179092,80;3,561172625E10;993981
WINFUT;04/12/2025;15:30:00;179005,87;179179,72;178924,38;179147,12;2,36546714E10;660528
WINFUT;04/12/2025;15:00:00;178723,38;179087,36;178679,91;179005,87;2,990067945E10;835717
WINFUT;04/12/2025;14:30:00;178875,49;178880,92;178571,26;178717,94;2,754307014E10;770725
WINFUT;04/12/2025;14:00:00;178918,95;178951,55;178739,67;178875,49;2,680034728E10;749314
WINFUT;04/12/2025;13:30:00;179174,29;179250,34;178908,09;178913,52;2,501782802E10;698527
WINFUT;04/12/2025;13:00:00;179141,69;179304,67;179071,07;179174,29;2,309263873E10;644368
WINFUT;04/12/2025;12:30:00;179511,11;179538,27;179125,39;179141,69;3,201134523E10;892704
WINFUT;04/12/2025;12:00:00;178772,27;179587,17;178717,94;179511,11;4,492324211E10;1254003
WINFUT;04/12/2025;11:30:00;178973,28;179049,33;178598,42;178777,70;5,570021426E10;1557377
WINFUT;04/12/2025;11:00:00;178647,32;179147,12;178647,32;178978,71;4,389944707E10;1226723
WINFUT;04/12/2025;10:30:00;178299,63;178875,49;178207,27;178647,32;5,827291921E10;1631050
WINFUT;04/12/2025;10:00:00;177691,17;178402,85;177403,24;178305,06;7,777734656E10;2186143
WINFUT;04/12/2025;09:30:00;177473,87;177740,07;177463,00;177696,60;4,36109042E10;1227739
WINFUT;04/12/2025;09:00:00;176729,59;177604,25;176724,16;177468,43;5,917124919E10;1668998
WINFUT;03/12/2025;18:00:00;176762,19;176979,49;176648,10;176724,16;9390877826,00;265581
WINFUT;03/12/2025;17:30:00;176756,76;176908,87;176626,37;176756,76;1,486656944E10;420469
WINFUT;03/12/2025;17:00:00;176539,45;176859,98;176534,02;176762,19;1,655847418E10;468486
WINFUT;03/12/2025;16:30:00;176572,05;176653,54;176436,23;176539,45;1,78168429E10;504603
WINFUT;03/12/2025;16:00:00;176637,24;176751,32;176534,02;176572,05;1,774446132E10;502241
WINFUT;03/12/2025;15:30:00;176338,44;176642,67;176333,01;176637,24;2,166330004E10;613638
WINFUT;03/12/2025;15:00:00;176256,95;176403,63;176159,16;176333,01;1,714998375E10;486411
WINFUT;03/12/2025;14:30:00;176273,25;176333,01;176180,89;176262,38;1,551376965E10;440088
WINFUT;03/12/2025;14:00:00;176099,40;176365,60;175985,32;176267,82;2,477291924E10;703037
WINFUT;03/12/2025;13:30:00;176376,47;176501,42;176061,38;176093,97;2,459961611E10;697763
WINFUT;03/12/2025;13:00:00;176327,58;176441,66;176202,62;176371,04;2,149872291E10;609625
WINFUT;03/12/2025;12:30:00;176256,95;176403,63;176088,54;176327,58;2,747795163E10;779551
WINFUT;03/12/2025;12:00:00;176365,60;176648,10;176170,03;176256,95;4,348364939E10;1232302
WINFUT;03/12/2025;11:30:00;176208,06;176773,05;176099,40;176371,04;6,686668506E10;1895184
WINFUT;03/12/2025;11:00:00;176479,69;176588,34;176142,87;176202,62;5,129655422E10;1454253
WINFUT;03/12/2025;10:30:00;176626,37;176995,79;176333,01;176485,12;5,630410449E10;1593316
WINFUT;03/12/2025;10:00:00;176561,18;176881,71;176436,23;176631,80;6,731425668E10;1905269
WINFUT;03/12/2025;09:30:00;176322,14;176648,10;176137,43;176561,18;4,12881168E10;1170079
WINFUT;03/12/2025;09:00:00;176430,80;176653,54;176126,57;176327,58;5,838693686E10;1655048
WINFUT;02/12/2025;18:00:00;176039,65;176479,69;176017,91;176311,28;1,321979274E10;375092
WINFUT;02/12/2025;17:30:00;175833,20;176099,40;175816,91;176034,21;1,614642159E10;458824
WINFUT;02/12/2025;17:00:00;175485,51;175892,96;175474,65;175833,20;1,645574855E10;468287
WINFUT;02/12/2025;16:30:00;175485,51;175605,03;175436,62;175490,95;1,497599724E10;426622
WINFUT;02/12/2025;16:00:00;175490,95;175757,15;175447,49;175490,95;2,388056061E10;679901
WINFUT;02/12/2025;15:30:00;175317,10;175583,30;175257,34;175490,95;2,386123069E10;680093
WINFUT;02/12/2025;15:00:00;174887,92;175458,35;174866,19;175322,54;2,899411733E10;827251
WINFUT;02/12/2025;14:30:00;174931,38;175099,80;174849,89;174882,49;1,928934069E10;551201
WINFUT;02/12/2025;14:00:00;174779,27;175061,77;174762,97;174925,95;2,432539221E10;695322
WINFUT;02/12/2025;13:30:00;174567,40;174991,14;174540,23;174779,27;2,84070417E10;812496
WINFUT;02/12/2025;13:00:00;174681,48;174839,03;174551,10;174572,83;2,172863363E10;621983
WINFUT;02/12/2025;12:30:00;174708,65;174839,03;174583,69;174676,05;2,061160705E10;589859
WINFUT;02/12/2025;12:00:00;174898,79;175023,74;174670,62;174703,21;2,835674162E10;810957
WINFUT;02/12/2025;11:30:00;175181,29;175197,58;174551,10;174904,22;4,58303972E10;1310490
WINFUT;02/12/2025;11:00:00;174866,19;175431,19;174795,57;175181,29;5,160470091E10;1473018
WINFUT;02/12/2025;10:30:00;174312,06;174953,12;173986,10;174866,19;7,913942812E10;2268078
WINFUT;02/12/2025;10:00:00;174105,62;174344,66;173567,79;174317,49;7,769550045E10;2233746
WINFUT;02/12/2025;09:30:00;174214,27;174366,39;173823,12;174105,62;4,658534925E10;1338142
WINFUT;02/12/2025;09:00:00;173872,02;174279,47;173833,99;174214,27;4,257318523E10;1222866
WINFUT;01/12/2025;18:00:00;173268,99;173508,03;173236,40;173508,03;7431950679,00;214332
WINFUT;01/12/2025;17:30:00;173323,32;173470,00;173236,40;173274,43;1,016458912E10;293158
WINFUT;01/12/2025;17:00:00;173252,70;173393,94;173220,10;173317,89;1,293137358E10;373068
WINFUT;01/12/2025;16:30:00;173350,48;173350,48;173160,34;173252,70;1,411934215E10;407445
WINFUT;01/12/2025;16:00:00;173388,51;173404,81;173312,45;173350,48;1,038638814E10;299560
WINFUT;01/12/2025;15:30:00;173459,14;173491,73;173312,45;173383,08;1,289728964E10;371912
WINFUT;01/12/2025;15:00:00;173361,35;173475,43;173263,56;173464,57;1,507654899E10;434767
WINFUT;01/12/2025;14:30:00;173442,84;173475,43;173182,07;173361,35;1,76027114E10;507759
WINFUT;01/12/2025;14:00:00;173209,23;173556,92;173198,37;173437,41;2,013290449E10;580635
WINFUT;01/12/2025;13:30:00;173345,05;173377,65;173138,61;173209,23;1,733561148E10;500337
WINFUT;01/12/2025;13:00:00;173459,14;173502,60;173285,29;173345,05;1,532167048E10;441805
WINFUT;01/12/2025;12:30:00;173654,71;173698,17;173220,10;173459,14;2,702104235E10;778901
WINFUT;01/12/2025;12:00:00;173937,21;174073,03;173600,38;173660,14;2,988684829E10;859487
WINFUT;01/12/2025;11:30:00;173046,25;174089,32;173035,39;173931,78;5,831050183E10;1678978
WINFUT;01/12/2025;11:00:00;173230,96;173323,32;172818,08;173046,25;4,189053835E10;1210379
WINFUT;01/12/2025;10:30:00;172943,03;173290,72;172698,56;173230,96;5,238302562E10;1513922
WINFUT;01/12/2025;10:00:00;174013,27;174111,05;172807,22;172943,03;6,397254072E10;1843503
WINFUT;01/12/2025;09:30:00;173969,81;174236,01;173931,78;174013,27;3,096477576E10;889373
WINFUT;01/12/2025;09:00:00;173844,85;174214,27;173676,44;173969,81;3,978626594E10;1143399
WINFUT;28/11/2025;18:00:00;174187,11;174208,84;173953,51;173953,51;8536078329,00;245157
WINFUT;28/11/2025;17:30:00;174241,44;174306,63;174143,65;174192,54;7672875596,00;220188
WINFUT;28/11/2025;17:00:00;174252,30;174317,49;174138,22;174241,44;1,114810164E10;319933
WINFUT;28/11/2025;16:30:00;174556,53;174556,53;174225,14;174252,30;1,2985154E10;372338
WINFUT;28/11/2025;16:00:00;174686,92;174757,54;174513,07;174556,53;1,135247809E10;325069
WINFUT;28/11/2025;15:30:00;174442,45;174735,81;174426,15;174681,48;1,452373918E10;415879
WINFUT;28/11/2025;15:00:00;174230,57;174523,94;174187,11;174442,45;2,070074632E10;593539
WINFUT;28/11/2025;14:30:00;174225,14;174355,52;174127,35;174230,57;1,596761733E10;458189
WINFUT;28/11/2025;14:00:00;174138,22;174475,04;174116,49;174225,14;2,326881466E10;667434
WINFUT;28/11/2025;13:30:00;173714,47;174143,65;173660,14;174132,78;1,850938332E10;532183
WINFUT;28/11/2025;13:00:00;173817,69;174051,29;173681,87;173719,90;2,159852754E10;621105
WINFUT;28/11/2025;12:30:00;173611,25;173899,18;173594,95;173823,12;2,192933172E10;631089
WINFUT;28/11/2025;12:00:00;173833,99;173855,72;173426,54;173611,25;2,70388226E10;778859
WINFUT;28/11/2025;11:30:00;174116,49;174181,68;173307,02;173839,42;4,877589708E10;1404516
WINFUT;28/11/2025;11:00:00;173638,41;174214,27;173589,52;174116,49;4,902278444E10;1409354
WINFUT;28/11/2025;10:30:00;173643,85;173790,53;173383,08;173638,41;3,907833809E10;1125704
WINFUT;28/11/2025;10:00:00;174100,19;174105,62;173556,92;173643,85;5,580586581E10;1605596
WINFUT;28/11/2025;09:30:00;173844,85;174138,22;173757,93;174100,19;2,493360415E10;716782
WINFUT;28/11/2025;09:00:00;173285,29;173942,64;173263,56;173839,42;3,294129246E10;947903
WINFUT;27/11/2025;18:00:00;173317,89;173524,33;173263,56;173421,11;6869402031,00;198073
WINFUT;27/11/2025;17:30:00;173345,05;173410,24;173268,99;173317,89;6802803235,00;196214
WINFUT;27/11/2025;17:00:00;173361,35;173437,41;173258,13;173345,05;9911441399,00;285870
WINFUT;27/11/2025;16:30:00;173230,96;173383,08;173220,10;173355,92;9895311988,00;285476
WINFUT;27/11/2025;16:00:00;173133,18;173307,02;173100,58;173230,96;1,200601261E10;346548
WINFUT;27/11/2025;15:30:00;173475,43;173486,30;173067,98;173138,61;1,996720063E10;576294
WINFUT;27/11/2025;15:00:00;173393,94;173556,92;173393,94;173480,87;1,039288833E10;299561
WINFUT;27/11/2025;14:30:00;173431,97;173464,57;173317,89;173399,38;1,153196208E10;332542
WINFUT;27/11/2025;14:00:00;173274,43;173453,70;173268,99;173426,54;1,616598475E10;466253
WINFUT;27/11/2025;13:30:00;173600,38;173622,12;173268,99;173279,86;1,978820454E10;570396
WINFUT;27/11/2025;13:00:00;173323,32;173611,25;173285,29;173594,95;1,6049512E10;462638
WINFUT;27/11/2025;12:30:00;173279,86;173366,78;173230,96;173317,89;9543140743,00;275323
WINFUT;27/11/2025;12:00:00;173209,23;173361,35;173149,47;173279,86;1,954605058E10;564079
WINFUT;27/11/2025;11:30:00;173301,59;173366,78;173176,64;173203,80;1,865919379E10;538436
WINFUT;27/11/2025;11:00:00;173345,05;173448,27;173230,96;173301,59;2,660603446E10;767539
WINFUT;27/11/2025;10:30:00;173719,90;173736,20;173328,75;173350,48;3,441098282E10;991580
WINFUT;27/11/2025;10:00:00;173540,63;173823,12;173431,97;173719,90;4,362716898E10;1256486
WINFUT;27/11/2025;09:30:00;173676,44;173768,80;173508,03;173540,63;2,723351632E10;784259
WINFUT;27/11/2025;09:00:00;173643,85;173779,66;173491,73;173681,87;3,250218849E10;935902
WINFUT;26/11/2025;18:00:00;173703,61;174002,40;173616,68;174002,40;1,23235822E10;354583
WINFUT;26/11/2025;17:30:00;173703,61;173736,20;173546,06;173698,17;1,384593752E10;398664
WINFUT;26/11/2025;17:00:00;173676,44;173817,69;173665,58;173703,61;1,499581219E10;431535
WINFUT;26/11/2025;16:30:00;173605,82;173752,50;173584,09;173676,44;1,8893676E10;543941
WINFUT;26/11/2025;16:00:00;173491,73;173622,12;173470,00;173605,82;1,525339932E10;439433
WINFUT;26/11/2025;15:30:00;173508,03;173562,36;173323,32;173491,73;1,897811934E10;547129
WINFUT;26/11/2025;15:00:00;173241,83;173540,63;173160,34;173508,03;2,600129159E10;750026
WINFUT;26/11/2025;14:30:00;173307,02;173317,89;173122,31;173236,40;1,619405316E10;467444
WINFUT;26/11/2025;14:00:00;172991,93;173372,21;172986,50;173312,45;2,492402616E10;719507
WINFUT;26/11/2025;13:30:00;172905,01;173122,31;172899,57;172991,93;1,939028055E10;560314
WINFUT;26/11/2025;13:00:00;172687,70;173165,77;172644,24;172905,01;3,153977762E10;911578
WINFUT;26/11/2025;12:30:00;172334,58;172801,79;172187,90;172687,70;3,467519362E10;1005274
WINFUT;26/11/2025;12:00:00;172617,07;172622,51;172329,14;172340,01;3,269029065E10;947719
WINFUT;26/11/2025;11:30:00;172742,03;172943,03;172524,72;172617,07;4,648158224E10;1345542
WINFUT;26/11/2025;11:00:00;172671,40;172883,27;172611,64;172747,46;3,376897619E10;977431
WINFUT;26/11/2025;10:30:00;172133,57;172725,73;172068,38;172665,97;5,924406205E10;1717960
WINFUT;26/11/2025;10:00:00;171590,30;172187,90;171144,83;172133,57;7,19126422E10;2095506
WINFUT;26/11/2025;09:30:00;171535,98;171617,47;171106,80;171584,87;4,297607006E10;1253785
WINFUT;26/11/2025;09:00:00;171128,53;171601,17;171036,17;171541,41;4,361852576E10;1273138
WINFUT;25/11/2025;18:00:00;170824,30;171085,07;170818,87;170911,22;9056086982,00;264884
WINFUT;25/11/2025;17:30:00;170753,68;170878,63;170617,86;170824,30;1,163510733E10;340758
WINFUT;25/11/2025;17:00:00;170818,87;170905,79;170737,38;170753,68;1,118271788E10;327347
WINFUT;25/11/2025;16:30:00;170775,41;170889,49;170726,51;170813,43;1,35222693E10;395835
WINFUT;25/11/2025;16:00:00;170715,65;170829,73;170666,75;170775,41;1,616339695E10;473334
WINFUT;25/11/2025;15:30:00;170525,50;170731,94;170449,45;170721,08;1,74420717E10;511329
WINFUT;25/11/2025;15:00:00;170471,18;170677,62;170465,74;170520,07;1,885762449E10;552805
WINFUT;25/11/2025;14:30:00;170395,12;170514,64;170373,39;170465,74;1,268944058E10;372230
WINFUT;25/11/2025;14:00:00;170253,87;170498,34;170237,57;170400,55;1,715565763E10;503505
WINFUT;25/11/2025;13:30:00;170259,30;170367,96;170161,52;170259,30;1,599631455E10;469715
WINFUT;25/11/2025;13:00:00;170150,65;170286,47;169998,54;170259,30;2,054331633E10;603737
WINFUT;25/11/2025;12:30:00;170449,45;170797,14;170118,06;170145,22;3,557625042E10;1043379
WINFUT;25/11/2025;12:00:00;169982,24;170530,94;169830,12;170449,45;4,231706134E10;1242807
WINFUT;25/11/2025;11:30:00;169716,04;170313,63;169536,76;169987,67;5,867160791E10;1726551
WINFUT;25/11/2025;11:00:00;170166,95;170281,03;169569,36;169721,47;4,746593246E10;1396544
WINFUT;25/11/2025;10:30:00;171182,85;171411,03;169944,21;170172,38;7,215934857E10;2114879
WINFUT;25/11/2025;10:00:00;170210,41;171291,51;170134,35;171188,29;7,454264816E10;2182956
WINFUT;25/11/2025;09:30:00;170058,30;170710,21;169971,37;170210,41;6,170134838E10;1811784
WINFUT;25/11/2025;09:00:00;170460,31;170753,68;169993,10;170063,73;5,58808816E10;1640042
WINFUT;24/11/2025;18:00:00;169965,94;170558,10;169911,61;170558,10;1,23538667E10;362837
WINFUT;24/11/2025;17:30:00;170188,68;170215,84;169922,48;169960,51;1,230095868E10;361628
WINFUT;24/11/2025;17:00:00;170063,73;170275,60;170052,86;170183,25;1,384029486E10;406635
WINFUT;24/11/2025;16:30:00;170188,68;170237,57;170025,70;170058,30;1,226721174E10;360487
WINFUT;24/11/2025;16:00:00;170248,44;170324,50;170166,95;170188,68;1,118834077E10;328587
WINFUT;24/11/2025;15:30:00;170243,01;170329,93;170156,08;170243,01;1,449127815E10;425643
WINFUT;24/11/2025;15:00:00;170232,14;170302,77;170188,68;170243,01;1,175591551E10;345265
WINFUT;24/11/2025;14:30:00;170259,30;170438,58;170232,14;170232,14;1,859043525E10;545694
WINFUT;24/11/2025;14:00:00;170161,52;170270,17;170112,62;170264,74;1,364607836E10;400941
WINFUT;24/11/2025;13:30:00;170291,90;170378,82;170123,49;170156,08;1,792487037E10;526417
WINFUT;24/11/2025;13:00:00;170243,01;170503,77;170166,95;170297,33;2,043259705E10;599863
WINFUT;24/11/2025;12:30:00;170335,36;170444,01;170226,71;170243,01;1,746723148E10;512766
WINFUT;24/11/2025;12:00:00;170291,90;170568,97;170275,60;170340,79;2,902720006E10;851688
WINFUT;24/11/2025;11:30:00;170655,89;170949,25;170112,62;170297,33;6,40455389E10;1878255
WINFUT;24/11/2025;11:00:00;169716,04;170726,51;169639,98;170655,89;5,406533292E10;1589406
WINFUT;24/11/2025;10:30:00;169819,26;170373,39;169656,28;169716,04;5,777604263E10;1699391
WINFUT;24/11/2025;10:00:00;169650,85;169879,02;169422,68;169819,26;5,357324194E10;1579401
WINFUT;24/11/2025;09:30:00;169710,61;170085,46;169623,68;169650,85;4,235280399E10;1246869
WINFUT;24/11/2025;09:00:00;170313,63;170433,15;169563,92;169716,04;4,765004435E10;1402754
WINFUT;21/11/2025;18:00:00;169808,39;169987,67;169797,53;169976,81;6923716931,00;203750
WINFUT;21/11/2025;17:30:00;169770,37;169960,51;169743,20;169808,39;1,035058067E10;304677
WINFUT;21/11/2025;17:00:00;169781,23;169933,34;169743,20;169770,37;1,111571437E10;327281
WINFUT;21/11/2025;16:30:00;169862,72;169895,32;169688,88;169786,66;1,594492802E10;469558
WINFUT;21/11/2025;16:00:00;169710,61;169906,18;169678,01;169868,15;1,548837075E10;456121
WINFUT;21/11/2025;15:30:00;169515,03;170003,97;169466,14;169710,61;2,62337592E10;772893
WINFUT;21/11/2025;15:00:00;169710,61;169775,80;169341,19;169515,03;2,29688802E10;677571
WINFUT;21/11/2025;14:30:00;169678,01;169797,53;169629,12;169705,17;1,657863522E10;488425
WINFUT;21/11/2025;14:00:00;169683,44;169879,02;169580,22;169678,01;2,601085533E10;766289
WINFUT;21/11/2025;13:30:00;169172,77;169710,61;169134,75;169683,44;2,835475556E10;836781
WINFUT;21/11/2025;13:00:00;168857,68;169189,07;168564,32;169167,34;2,850276379E10;844114
WINFUT;21/11/2025;12:30:00;168868,55;169113,01;168439,37;168857,68;3,935299893E10;1165564
WINFUT;21/11/2025;12:00:00;169020,66;169406,38;168683,84;168863,11;4,368009585E10;1291954
WINFUT;21/11/2025;11:30:00;169286,86;169694,31;168814,22;169031,52;5,288847391E10;1562002
WINFUT;21/11/2025;11:00:00;169868,15;169971,37;168819,65;169281,43;5,304622335E10;1566921
WINFUT;21/11/2025;10:30:00;169656,28;170074,59;169531,33;169862,72;4,552641555E10;1340544
WINFUT;21/11/2025;10:00:00;170036,57;170232,14;169569,36;169656,28;4,852523753E10;1428006
WINFUT;21/11/2025;09:30:00;169286,86;170248,44;169259,70;170042,00;4,785791139E10;1408607
WINFUT;21/11/2025;09:00:00;168629,51;169591,09;168629,51;169286,86;4,25606584E10;1257794
WINFUT;19/11/2025;18:00:00;170693,92;170742,81;169781,23;170454,88;1,408695253E10;413393
WINFUT;19/11/2025;17:30:00;170688,48;170867,76;170617,86;170693,92;1,326430213E10;388465
WINFUT;19/11/2025;17:00:00;170585,26;170780,84;170568,97;170688,48;1,532042785E10;448816
WINFUT;19/11/2025;16:30:00;170438,58;170601,56;170422,28;170579,83;1,52516004E10;447179
WINFUT;19/11/2025;16:00:00;170786,27;170802,57;170389,69;170433,15;2,138561728E10;626855
WINFUT;19/11/2025;15:30:00;170726,51;170927,52;170715,65;170786,27;1,672039955E10;489443
WINFUT;19/11/2025;15:00:00;170824,30;170998,14;170715,65;170726,51;1,916483911E10;560862
WINFUT;19/11/2025;14:30:00;170780,84;170916,65;170612,43;170818,87;2,574997442E10;753850
WINFUT;19/11/2025;14:00:00;170715,65;170835,17;170645,02;170780,84;1,897462396E10;555686
WINFUT;19/11/2025;13:30:00;170699,35;170867,76;170672,19;170721,08;1,902334383E10;557003
WINFUT;19/11/2025;13:00:00;170867,76;170954,68;170666,75;170704,78;2,472902877E10;723859
WINFUT;19/11/2025;12:30:00;170998,14;171117,66;170786,27;170873,19;2,505589395E10;732780
WINFUT;19/11/2025;12:00:00;171519,68;171530,54;170954,68;171003,58;3,416781313E10;997724
WINFUT;19/11/2025;11:30:00;171296,94;171563,14;171036,17;171519,68;5,313698013E10;1550831
WINFUT;19/11/2025;11:00:00;171047,04;171329,54;170851,46;171296,94;3,753617243E10;1097002
WINFUT;19/11/2025;10:30:00;170998,14;171275,21;170922,09;171047,04;3,977919467E10;1162505
WINFUT;19/11/2025;10:00:00;171019,88;171340,40;170943,82;171003,58;5,147081439E10;1503729
WINFUT;19/11/2025;09:30:00;171215,45;171650,06;170976,41;171025,31;5,142012517E10;1500131
WINFUT;19/11/2025;09:00:00;172062,94;172149,87;171177,42;171215,45;5,008021286E10;1458695
WINFUT;18/11/2025;18:00:00;172052,08;172062,94;171775,01;171775,01;8453603217,00;245857
WINFUT;18/11/2025;17:30:00;172046,65;172160,73;171948,86;172046,65;1,420658498E10;412830
WINFUT;18/11/2025;17:00:00;172307,41;172318,28;172014,05;172052,08;1,577654761E10;458180
WINFUT;18/11/2025;16:30:00;172301,98;172421,50;172242,22;172307,41;1,547712572E10;449050
WINFUT;18/11/2025;16:00:00;172231,36;172486,69;172209,63;172307,41;2,376941142E10;689528
WINFUT;18/11/2025;15:30:00;172225,92;172340,01;172111,84;172236,79;1,785650261E10;518353
WINFUT;18/11/2025;15:00:00;172177,03;172280,25;172106,41;172225,92;1,662867081E10;482824
WINFUT;18/11/2025;14:30:00;172030,35;172318,28;171981,45;172171,60;2,25508218E10;654877
WINFUT;18/11/2025;14:00:00;172095,54;172285,68;172003,19;172024,92;2,042553714E10;593300
WINFUT;18/11/2025;13:30:00;172144,43;172291,12;172024,92;172100,97;2,59310209E10;753150
WINFUT;18/11/2025;13:00:00;171775,01;172155,30;171655,50;172139,00;2,927694708E10;851383
WINFUT;18/11/2025;12:30:00;171992,32;172144,43;171650,06;171775,01;3,564414074E10;1037031
WINFUT;18/11/2025;12:00:00;171704,39;172166,16;171432,76;171986,89;4,855751587E10;1413485
WINFUT;18/11/2025;11:30:00;171785,88;172166,16;171476,22;171704,39;6,055212909E10;1761752
WINFUT;18/11/2025;11:00:00;171954,29;172035,78;171726,12;171780,45;3,890933426E10;1131900
WINFUT;18/11/2025;10:30:00;172030,35;172329,14;171584,87;171959,72;6,366010028E10;1851491
WINFUT;18/11/2025;10:00:00;170797,14;172204,19;170715,65;172030,35;7,51874832E10;2192735
WINFUT;18/11/2025;09:30:00;171063,34;171258,91;170726,51;170802,57;5,150945841E10;1506586
WINFUT;18/11/2025;09:00:00;171780,45;171910,83;170905,79;171068,77;4,902716433E10;1430194
WINFUT;17/11/2025;18:00:00;172334,58;172622,51;172253,09;172584,48;1,08822531E10;315485
WINFUT;17/11/2025;17:30:00;172166,16;172486,69;172084,68;172334,58;1,79020473E10;519565
WINFUT;17/11/2025;17:00:00;172280,25;172312,85;172035,78;172160,73;2,251280623E10;653803
WINFUT;17/11/2025;16:30:00;172676,83;172725,73;172242,22;172285,68;2,549344591E10;739178
WINFUT;17/11/2025;16:00:00;172790,92;172818,08;172546,45;172682,27;2,315543396E10;670394
WINFUT;17/11/2025;15:30:00;172856,11;172981,06;172763,76;172790,92;1,934698106E10;559556
WINFUT;17/11/2025;15:00:00;173127,74;173160,34;172818,08;172856,11;2,524167376E10;729455
WINFUT;17/11/2025;14:30:00;173355,92;173404,81;173100,58;173133,18;2,005160286E10;578733
WINFUT;17/11/2025;14:00:00;173339,62;173459,14;173127,74;173350,48;1,970739172E10;568623
WINFUT;17/11/2025;13:30:00;173328,75;173475,43;173138,61;173339,62;2,276769371E10;656920
WINFUT;17/11/2025;13:00:00;173138,61;173355,92;173002,79;173328,75;2,106547171E10;608165
WINFUT;17/11/2025;12:30:00;173312,45;173377,65;173089,72;173144,04;2,726723556E10;786971
WINFUT;17/11/2025;12:00:00;173198,37;173431,97;173019,09;173312,45;4,354632417E10;1256684
WINFUT;17/11/2025;11:30:00;173187,50;173225,53;172671,40;173198,37;5,49325145E10;1588059
WINFUT;17/11/2025;11:00:00;172655,10;173268,99;172502,99;173187,50;4,797405065E10;1387340
WINFUT;17/11/2025;10:30:00;173203,80;173203,80;172399,77;172649,67;5,694755236E10;1649042
WINFUT;17/11/2025;10:00:00;173154,91;173437,41;172894,14;173203,80;6,051284101E10;1746947
WINFUT;17/11/2025;09:30:00;172937,60;173165,77;172758,32;173154,91;3,929740353E10;1136176
WINFUT;17/11/2025;09:00:00;173393,94;173486,30;172693,13;172932,17;4,200440187E10;1214063
WINFUT;14/11/2025;18:00:00;173589,52;173600,38;173095,15;173095,15;1,062769749E10;306573
WINFUT;14/11/2025;17:30:00;173377,65;173616,68;173307,02;173589,52;1,437083254E10;414260
WINFUT;14/11/2025;17:00:00;173812,26;173866,58;173301,59;173383,08;2,157056102E10;621351
WINFUT;14/11/2025;16:30:00;173839,42;173866,58;173703,61;173806,83;1,523082176E10;438212
WINFUT;14/11/2025;16:00:00;173893,75;173991,54;173806,83;173839,42;1,719541286E10;494424
WINFUT;14/11/2025;15:30:00;173920,91;174073,03;173768,80;173893,75;2,259596087E10;649634
WINFUT;14/11/2025;15:00:00;173893,75;173964,37;173584,09;173915,48;2,708716435E10;779389
WINFUT;14/11/2025;14:30:00;173850,29;174143,65;173763,36;173893,75;2,508430731E10;720981
WINFUT;14/11/2025;14:00:00;173676,44;174035,00;173556,92;173855,72;2,464864744E10;709169
WINFUT;14/11/2025;13:30:00;173654,71;173790,53;173475,43;173676,44;1,769865376E10;509683
WINFUT;14/11/2025;13:00:00;173747,07;173774,23;173524,33;173654,71;2,04032702E10;587486
WINFUT;14/11/2025;12:30:00;173790,53;174116,49;173627,55;173752,50;3,17177646E10;912318
WINFUT;14/11/2025;12:00:00;173795,96;173888,32;173415,67;173795,96;3,98606244E10;1147566
WINFUT;14/11/2025;11:30:00;173220,10;173861,15;172845,25;173795,96;6,371426354E10;1836906
WINFUT;14/11/2025;11:00:00;172687,70;173307,02;172340,01;173225,53;5,166439007E10;1494535
WINFUT;14/11/2025;10:30:00;172617,07;172828,95;172247,65;172682,27;5,694219266E10;1649965
WINFUT;14/11/2025;10:00:00;172198,76;172796,35;172171,60;172617,07;5,933973435E10;1719655
WINFUT;14/11/2025;09:30:00;172258,52;172557,32;172122,70;172204,19;5,03197374E10;1460001
WINFUT;14/11/2025;09:00:00;171992,32;172334,58;171742,42;172253,09;4,89301154E10;1422162
WINFUT;13/11/2025;18:00:00;172693,13;172926,74;172627,94;172801,79;8595520295,00;248694
WINFUT;13/11/2025;17:30:00;172660,54;172872,41;172655,10;172693,13;1,58389198E10;458431
WINFUT;13/11/2025;17:00:00;172747,46;172948,47;172432,36;172665,97;2,661103789E10;770295
WINFUT;13/11/2025;16:30:00;172611,64;172774,62;172513,85;172752,89;2,102423658E10;608908
WINFUT;13/11/2025;16:00:00;172340,01;172627,94;172187,90;172611,64;2,836127606E10;822673
WINFUT;13/11/2025;15:30:00;172502,99;172562,75;172334,58;172334,58;2,282358561E10;661687
WINFUT;13/11/2025;15:00:00;172660,54;172905,01;172443,23;172502,99;2,814970983E10;815082
WINFUT;13/11/2025;14:30:00;172910,44;172970,20;172617,07;172660,54;2,195521086E10;635459
WINFUT;13/11/2025;14:00:00;172894,14;173035,39;172769,19;172905,01;2,309752773E10;667976
WINFUT;13/11/2025;13:30:00;173214,67;173268,99;172725,73;172888,71;2,870125401E10;829880
WINFUT;13/11/2025;13:00:00;173339,62;173535,19;173165,77;173209,23;2,391300963E10;689836
WINFUT;13/11/2025;12:30:00;173584,09;173654,71;173274,43;173339,62;2,832782364E10;816620
WINFUT;13/11/2025;12:00:00;173339,62;173817,69;173334,18;173584,09;4,107950922E10;1183105
WINFUT;13/11/2025;11:30:00;173339,62;173752,50;173002,79;173339,62;5,999228133E10;1730365
WINFUT;13/11/2025;11:00:00;173285,29;173529,76;173040,82;173345,05;4,513708404E10;1302465
WINFUT;13/11/2025;10:30:00;173828,56;173888,32;173192,94;173285,29;5,072031959E10;1462308
WINFUT;13/11/2025;10:00:00;173328,75;174165,38;172953,90;173833,99;8,519579901E10;2455252
WINFUT;13/11/2025;09:30:00;173404,81;173518,90;173258,13;173328,75;3,397777874E10;979852
WINFUT;13/11/2025;09:00:00;173790,53;173790,53;173230,96;173404,81;4,275107669E10;1232428
WINFUT;12/11/2025;18:00:00;173594,95;173654,71;173372,21;173426,54;9133452767,00;263159
WINFUT;12/11/2025;17:30:00;173220,10;173719,90;173209,23;173600,38;1,865433322E10;537594
WINFUT;12/11/2025;17:00:00;173067,98;173355,92;173062,55;173220,10;1,769751754E10;510762
WINFUT;12/11/2025;16:30:00;172991,93;173187,50;172959,33;173067,98;1,599849975E10;462199
WINFUT;12/11/2025;16:00:00;173046,25;173073,42;172866,98;172986,50;1,801896907E10;520866
WINFUT;12/11/2025;15:30:00;172894,14;173165,77;172796,35;173040,82;2,022918497E10;584664
WINFUT;12/11/2025;15:00:00;172622,51;173171,21;172617,07;172894,14;3,625063753E10;1048142
WINFUT;12/11/2025;14:30:00;172399,77;172660,54;172350,87;172622,51;1,696942153E10;491915
WINFUT;12/11/2025;14:00:00;172573,61;172589,91;172334,58;172399,77;1,838205758E10;532958
WINFUT;12/11/2025;13:30:00;172584,48;172698,56;172464,96;172568,18;2,259924718E10;654719
WINFUT;12/11/2025;13:00:00;172671,40;172725,73;172551,88;172579,05;1,845531482E10;534512
WINFUT;12/11/2025;12:30:00;172861,54;172937,60;172611,64;172676,83;2,595246159E10;751218
WINFUT;12/11/2025;12:00:00;172709,43;172910,44;172589,91;172856,11;3,53886199E10;1024285
WINFUT;12/11/2025;11:30:00;173442,84;173567,79;172660,54;172709,43;6,411022475E10;1851806
WINFUT;12/11/2025;11:00:00;173355,92;173665,58;173236,40;173448,27;4,411606171E10;1271671
WINFUT;12/11/2025;10:30:00;173839,42;173948,07;173328,75;173355,92;4,781201384E10;1376650
WINFUT;12/11/2025;10:00:00;173850,29;173915,48;173546,06;173844,85;5,187611675E10;1492922
WINFUT;12/11/2025;09:30:00;173741,63;173882,88;173546,06;173850,29;3,568053823E10;1026788
WINFUT;12/11/2025;09:00:00;173844,85;174029,56;173594,95;173736,20;4,645146497E10;1336230
WINFUT;11/11/2025;18:00:00;173801,39;173948,07;173654,71;173665,58;1,26935594E10;365212
WINFUT;11/11/2025;17:30:00;173844,85;174056,73;173757,93;173806,83;1,759897524E10;506002
WINFUT;11/11/2025;17:00:00;173801,39;174246,87;173795,96;173850,29;2,772837577E10;796616
WINFUT;11/11/2025;16:30:00;173676,44;173828,56;173605,82;173801,39;1,687274384E10;485692
WINFUT;11/11/2025;16:00:00;173410,24;173687,31;173393,94;173676,44;1,591875966E10;458630
WINFUT;11/11/2025;15:30:00;173600,38;173649,28;173404,81;173415,67;1,689316631E10;486825
WINFUT;11/11/2025;15:00:00;173486,30;173709,04;173475,43;173605,82;2,083518495E10;600151
WINFUT;11/11/2025;14:30:00;173399,38;173524,33;173312,45;173486,30;1,75705115E10;506576
WINFUT;11/11/2025;14:00:00;173497,16;173589,52;173285,29;173399,38;1,977799431E10;570126
WINFUT;11/11/2025;13:30:00;173355,92;173627,55;173312,45;173497,16;2,103368479E10;606213
WINFUT;11/11/2025;13:00:00;173453,70;173546,06;173263,56;173350,48;2,524882197E10;728040
WINFUT;11/11/2025;12:30:00;173855,72;173855,72;173312,45;173459,14;3,621811291E10;1043782
WINFUT;11/11/2025;12:00:00;174393,55;174502,21;173649,28;173850,29;4,425357021E10;1271103
WINFUT;11/11/2025;11:30:00;174067,59;174458,74;173855,72;174398,98;6,654287248E10;1910494
WINFUT;11/11/2025;11:00:00;173464,57;174165,38;173431,97;174073,03;5,705180592E10;1640928
WINFUT;11/11/2025;10:30:00;172638,81;173839,42;172584,48;173459,14;7,815436819E10;2255936
WINFUT;11/11/2025;10:00:00;172003,19;172774,62;171775,01;172638,81;6,951923537E10;2017962
WINFUT;11/11/2025;09:30:00;172106,41;172225,92;171807,61;172003,19;4,701482703E10;1366563
WINFUT;11/11/2025;09:00:00;171606,60;172432,36;171606,60;172106,41;6,488662476E10;1884130
WINFUT;10/11/2025;18:00:00;170949,25;171606,60;170932,95;171476,22;1,438800469E10;420113
WINFUT;10/11/2025;17:30:00;170666,75;170970,98;170601,56;170949,25;1,614657442E10;472563
WINFUT;10/11/2025;17:00:00;170780,84;170846,03;170650,45;170661,32;1,513325574E10;443107
WINFUT;10/11/2025;16:30:00;170981,85;171014,44;170764,54;170780,84;1,464020089E10;428387
WINFUT;10/11/2025;16:00:00;170938,39;171003,58;170856,90;170981,85;1,223055109E10;357749
WINFUT;10/11/2025;15:30:00;170992,71;171079,63;170856,90;170932,95;1,908443473E10;558185
WINFUT;10/11/2025;15:00:00;170943,82;171014,44;170889,49;170987,28;1,447233806E10;423271
WINFUT;10/11/2025;14:30:00;170731,94;171036,17;170710,21;170938,39;2,398612258E10;701779
WINFUT;10/11/2025;14:00:00;170568,97;170753,68;170509,21;170737,38;1,744285843E10;511058
WINFUT;10/11/2025;13:30:00;170688,48;170775,41;170509,21;170568,97;1,798038363E10;526842
WINFUT;10/11/2025;13:00:00;170628,72;170840,60;170558,10;170688,48;2,013807959E10;589807
WINFUT;10/11/2025;12:30:00;170661,32;170797,14;170541,80;170628,72;2,192320283E10;642190
WINFUT;10/11/2025;12:00:00;170460,31;170710,21;170384,26;170666,75;2,902944101E10;850946
WINFUT;10/11/2025;11:30:00;171003,58;171182,85;170405,99;170460,31;4,748650642E10;1390670
WINFUT;10/11/2025;11:00:00;171275,21;171378,43;170927,52;171003,58;4,606545975E10;1345793
WINFUT;10/11/2025;10:30:00;170411,42;171383,86;170253,87;171275,21;5,775642733E10;1691003
WINFUT;10/11/2025;10:00:00;170639,59;170878,63;170319,06;170416,85;5,03296475E10;1475492
WINFUT;10/11/2025;09:30:00;170422,28;170704,78;170302,77;170639,59;4,111858675E10;1205639
WINFUT;10/11/2025;09:00:00;170693,92;170824,30;170226,71;170422,28;5,008254706E10;1468885
WINFUT;07/11/2025;18:00:00;169721,47;169879,02;169563,92;169759,50;1,050547353E10;309522
WINFUT;07/11/2025;17:30:00;169346,62;169797,53;169330,32;169721,47;1,735586666E10;511811
WINFUT;07/11/2025;17:00:00;169319,46;169373,78;169243,40;169346,62;1,048738068E10;309714
WINFUT;07/11/2025;16:30:00;169064,12;169362,92;169058,69;169319,46;1,697825661E10;501560
WINFUT;07/11/2025;16:00:00;169102,15;169270,56;169026,09;169064,12;1,93492943E10;571961
WINFUT;07/11/2025;15:30:00;169020,66;169161,91;168988,06;169102,15;1,627528032E10;481335
WINFUT;07/11/2025;15:00:00;168808,79;169227,10;168721,86;169026,09;3,129110108E10;926010
WINFUT;07/11/2025;14:30:00;168727,30;168857,68;168613,21;168808,79;2,057851804E10;609848
WINFUT;07/11/2025;14:00:00;168433,93;168776,19;168308,98;168727,30;2,411443261E10;715344
WINFUT;07/11/2025;13:30:00;168444,80;168640,37;168385,04;168433,93;1,94123196E10;575917
WINFUT;07/11/2025;13:00:00;168385,04;168624,08;168357,88;168444,80;2,160432934E10;641157
WINFUT;07/11/2025;12:30:00;168575,18;168863,11;168330,71;168385,04;3,562479827E10;1056668
WINFUT;07/11/2025;12:00:00;168059,08;168629,51;167923,26;168575,18;3,895034094E10;1157656
WINFUT;07/11/2025;11:30:00;168042,78;168390,47;167868,94;168059,08;5,397846271E10;1605462
WINFUT;07/11/2025;11:00:00;168308,98;168347,01;167972,16;168042,78;3,90544382E10;1161343
WINFUT;07/11/2025;10:30:00;168656,67;168765,32;168184,03;168308,98;4,646921681E10;1378642
WINFUT;07/11/2025;10:00:00;168493,69;168879,41;168433,93;168651,24;5,092145958E10;1509684
WINFUT;07/11/2025;09:30:00;169053,26;169074,99;168477,39;168493,69;4,527502883E10;1341486
WINFUT;07/11/2025;09:00:00;169102,15;169227,10;168884,84;169053,26;3,658032543E10;1081688
WINFUT;06/11/2025;18:00:00;169237,97;169335,75;169096,72;169227,10;7896549249,00;233336
WINFUT;06/11/2025;17:30:00;169303,16;169395,51;169189,07;169243,40;1,196602867E10;353398
WINFUT;06/11/2025;17:00:00;169167,34;169319,46;169085,85;169303,16;1,122864626E10;331800
WINFUT;06/11/2025;16:30:00;169297,72;169314,02;169107,58;169172,77;1,180436987E10;348805
WINFUT;06/11/2025;16:00:00;169237,97;169324,89;169183,64;169297,72;1,078258387E10;318530
WINFUT;06/11/2025;15:30:00;169113,01;169335,75;169107,58;169237,97;1,774093818E10;524138
WINFUT;06/11/2025;15:00:00;169161,91;169172,77;168944,60;169113,01;2,006195392E10;593385
WINFUT;06/11/2025;14:30:00;169227,10;169292,29;169129,31;169167,34;1,516706809E10;448189
WINFUT;06/11/2025;14:00:00;169259,70;169563,92;169123,88;169232,53;2,593943025E10;765979
WINFUT;06/11/2025;13:30:00;169373,78;169400,95;169145,61;169259,70;2,211616023E10;653369
WINFUT;06/11/2025;13:00:00;169330,32;169493,30;169243,40;169373,78;2,402977596E10;709398
WINFUT;06/11/2025;12:30:00;169477,00;169487,87;169199,94;169330,32;2,938844373E10;867833
WINFUT;06/11/2025;12:00:00;169373,78;169634,55;169292,29;169471,57;3,700368683E10;1091783
WINFUT;06/11/2025;11:30:00;169438,97;169873,59;169324,89;169373,78;5,664199394E10;1670092
WINFUT;06/11/2025;11:00:00;169965,94;169993,10;169319,46;169433,54;5,372316822E10;1583410
WINFUT;06/11/2025;10:30:00;169591,09;170118,06;169536,76;169965,94;4,438772646E10;1306849
WINFUT;06/11/2025;10:00:00;169362,92;169754,07;169308,59;169591,09;6,316153605E10;1862954
WINFUT;06/11/2025;09:30:00;169319,46;169438,97;169151,04;169368,35;3,304131397E10;975754
WINFUT;06/11/2025;09:00:00;168906,57;169466,14;168906,57;169319,46;5,322842904E10;1572676
WINFUT;05/11/2025;18:00:00;169314,02;169487,87;169145,61;169406,38;1,234458141E10;364513
WINFUT;05/11/2025;17:30:00;169183,64;169471,57;169178,21;169314,02;2,075526019E10;612864
WINFUT;05/11/2025;17:00:00;168971,77;169259,70;168884,84;169189,07;1,935293706E10;572363
WINFUT;05/11/2025;16:30:00;168645,81;169113,01;168629,51;168977,20;2,67368705E10;791514
WINFUT;05/11/2025;16:00:00;168548,02;168776,19;168515,42;168645,81;1,817856629E10;538939
WINFUT;05/11/2025;15:30:00;168607,78;168613,21;168439,37;168548,02;1,502595666E10;445806
WINFUT;05/11/2025;15:00:00;168667,54;168667,54;168352,44;168607,78;2,708730478E10;803711
WINFUT;05/11/2025;14:30:00;168765,32;168884,84;168634,94;168667,54;1,706876292E10;505791
WINFUT;05/11/2025;14:00:00;168716,43;168884,84;168645,81;168759,89;2,016855695E10;597501
WINFUT;05/11/2025;13:30:00;168721,86;168928,30;168466,53;168721,86;2,850758678E10;845049
WINFUT;05/11/2025;13:00:00;168151,44;168797,92;168086,24;168721,86;3,772801395E10;1119897
WINFUT;05/11/2025;12:30:00;168189,46;168374,17;168064,51;168151,44;2,665656689E10;792508
WINFUT;05/11/2025;12:00:00;167575,57;168385,04;167456,06;168189,46;5,108483127E10;1521630
WINFUT;05/11/2025;11:30:00;167032,31;167743,99;166988,85;167564,71;5,658926148E10;1691380
WINFUT;05/11/2025;11:00:00;166700,92;167092,07;166537,94;167026,88;4,89831458E10;1468443
WINFUT;05/11/2025;10:30:00;166168,52;166907,36;166065,30;166700,92;6,619217372E10;1986494
WINFUT;05/11/2025;10:00:00;166065,30;166228,28;165712,17;166168,52;5,653876322E10;1703240
WINFUT;05/11/2025;09:30:00;165902,32;166092,46;165755,64;166059,86;3,377399008E10;1017881
WINFUT;05/11/2025;09:00:00;166076,16;166510,77;165820,83;165907,75;6,010788021E10;1809034
WINFUT;04/11/2025;18:00:00;166195,68;166309,77;166130,49;166293,47;8207117992,00;246874
WINFUT;04/11/2025;17:30:00;165929,48;166206,55;165918,62;166195,68;1,155277474E10;347823
WINFUT;04/11/2025;17:00:00;165929,48;165994,67;165869,72;165934,91;9410328139,00;283549
WINFUT;04/11/2025;16:30:00;165951,21;165962,08;165744,77;165929,48;1,521965863E10;458828
WINFUT;04/11/2025;16:00:00;165744,77;166010,97;165733,91;165956,64;1,437986603E10;433430
WINFUT;04/11/2025;15:30:00;165793,66;165847,99;165701,31;165750,20;1,34789268E10;406550
WINFUT;04/11/2025;15:00:00;165929,48;165945,78;165750,20;165799,10;1,333975768E10;402133
WINFUT;04/11/2025;14:30:00;165994,67;166038,13;165864,29;165934,91;1,330221485E10;400769
WINFUT;04/11/2025;14:00:00;166070,73;166087,03;165842,56;165994,67;1,760791219E10;530441
WINFUT;04/11/2025;13:30:00;166168,52;166211,98;166010,97;166065,30;1,275245835E10;383878
WINFUT;04/11/2025;13:00:00;166130,49;166228,28;165978,37;166173,95;1,935699877E10;582721
WINFUT;04/11/2025;12:30:00;166179,38;166358,66;166021,84;166135,92;2,039204532E10;613468
WINFUT;04/11/2025;12:00:00;166288,04;166510,77;166076,16;166173,95;3,135217886E10;942570
WINFUT;04/11/2025;11:30:00;165875,15;166434,72;165717,61;166288,04;5,48150388E10;1650662
WINFUT;04/11/2025;11:00:00;165853,42;166087,03;165630,68;165875,15;4,138197176E10;1247484
WINFUT;04/11/2025;10:30:00;165668,71;165913,18;165549,20;165853,42;4,448873599E10;1342239
WINFUT;04/11/2025;10:00:00;165375,35;165891,45;165283,00;165668,71;6,260780556E10;1889991
WINFUT;04/11/2025;09:30:00;165109,15;165478,57;165103,72;165380,78;4,007333662E10;1212020
WINFUT;04/11/2025;09:00:00;165098,28;165467,71;164880,98;165109,15;4,789271901E10;1449745
WINFUT;03/11/2025;18:00:00;166119,62;166260,87;166049,00;166239,14;7343441759,00;220958
WINFUT;03/11/2025;17:30:00;165875,15;166130,49;165875,15;166114,19;1,110129289E10;334358
WINFUT;03/11/2025;17:00:00;165820,83;165891,45;165771,93;165875,15;7551353064,00;227672
WINFUT;03/11/2025;16:30:00;165853,42;165907,75;165788,23;165820,83;9063967416,00;273280
WINFUT;03/11/2025;16:00:00;165723,04;165924,05;165717,61;165853,42;1,411264325E10;425488
WINFUT;03/11/2025;15:30:00;165750,20;165793,66;165674,15;165728,47;1,205928739E10;363824
WINFUT;03/11/2025;15:00:00;165924,05;165962,08;165674,15;165750,20;1,373319478E10;414141
WINFUT;03/11/2025;14:30:00;165951,21;166032,70;165761,07;165924,05;1,587090081E10;478371
WINFUT;03/11/2025;14:00:00;165929,48;165983,81;165820,83;165951,21;1,115115883E10;336088
WINFUT;03/11/2025;13:30:00;165918,62;166021,84;165864,29;165934,91;1,062183617E10;320046
WINFUT;03/11/2025;13:00:00;165875,15;166130,49;165864,29;165913,18;1,707577176E10;514289
WINFUT;03/11/2025;12:30:00;165788,23;166059,86;165706,74;165875,15;2,43082877E10;732744
WINFUT;03/11/2025;12:00:00;166135,92;166483,61;165728,47;165788,23;4,089574825E10;1230393
WINFUT;03/11/2025;11:30:00;165761,07;166228,28;165500,30;166141,35;4,259835763E10;1283507
WINFUT;03/11/2025;11:00:00;165799,10;165983,81;165592,66;165761,07;3,801190186E10;1146418
WINFUT;03/11/2025;10:30:00;165234,10;165842,56;165120,02;165799,10;4,551590598E10;1375038
WINFUT;03/11/2025;10:00:00;165956,64;166195,68;165185,21;165234,10;6,231851585E10;1879523
WINFUT;03/11/2025;09:30:00;165880,59;166146,79;165766,50;165962,08;3,346073934E10;1008029
WINFUT;03/11/2025;09:00:00;165397,08;165891,45;165114,58;165886,02;5,0015497E10;1510862
WINFUT;31/10/2025;18:00:00;165331,89;165418,81;165304,73;165397,08;4224082457,00;127726
WINFUT;31/10/2025;17:30:00;165206,94;165359,05;165190,64;165331,89;5117324205,00;154813
WINFUT;31/10/2025;17:00:00;165228,67;165299,29;165163,48;165212,37;9983069143,00;302104
WINFUT;31/10/2025;16:30:00;165114,58;165250,40;165022,23;165228,67;1,492109577E10;451805
WINFUT;31/10/2025;16:00:00;165152,61;165304,73;165098,28;165120,02;1,352736068E10;409405
WINFUT;31/10/2025;15:30:00;165054,82;165217,80;165022,23;165152,61;1,482762368E10;448943
WINFUT;31/10/2025;15:00:00;164935,31;165087,42;164870,11;165060,26;1,332814629E10;403927
WINFUT;31/10/2025;14:30:00;164842,95;165049,39;164832,08;164935,31;1,664663092E10;504611
WINFUT;31/10/2025;14:00:00;164788,62;164902,71;164685,40;164842,95;1,432141555E10;434524
WINFUT;31/10/2025;13:30:00;164772,33;164978,77;164745,16;164788,62;1,960856056E10;594718
WINFUT;31/10/2025;13:00:00;164685,40;164832,08;164516,99;164772,33;1,990535922E10;604359
WINFUT;31/10/2025;12:30:00;164799,49;164886,41;164669,11;164685,40;1,916315325E10;581537
WINFUT;31/10/2025;12:00:00;164837,52;164919,01;164527,86;164794,06;3,1139864E10;945200
WINFUT;31/10/2025;11:30:00;164842,95;165065,69;164761,46;164837,52;3,34287945E10;1013614
WINFUT;31/10/2025;11:00:00;164549,59;164875,55;164462,66;164848,38;4,074197271E10;1237302
WINFUT;31/10/2025;10:30:00;164734,30;164853,82;164451,80;164555,02;4,845192963E10;1471769
WINFUT;31/10/2025;10:00:00;165174,34;165386,22;164723,43;164734,30;5,757109787E10;1744360
WINFUT;31/10/2025;09:30:00;165087,42;165250,40;164804,92;165179,77;4,219722201E10;1278420
WINFUT;31/10/2025;09:00:00;164593,05;165130,88;164549,59;165087,42;5,095011158E10;1544963
WINFUT;30/10/2025;18:00:00;164712,57;164929,87;164701,70;164891,84;6856571839,00;207994
WINFUT;30/10/2025;17:30:00;164652,81;164750,60;164620,21;164712,57;7073708036,00;214774
WINFUT;30/10/2025;17:00:00;164402,91;164718,00;164354,01;164658,24;1,258065957E10;382349
WINFUT;30/10/2025;16:30:00;164484,40;164544,15;164364,88;164402,91;1,404705765E10;427088
WINFUT;30/10/2025;16:00:00;164538,72;164576,75;164375,74;164484,40;1,453930706E10;441995
WINFUT;30/10/2025;15:30:00;164527,86;164609,35;164500,69;164544,15;9520506247,00;289273
WINFUT;30/10/2025;15:00:00;164734,30;164745,16;164468,10;164522,42;1,990202262E10;604645
WINFUT;30/10/2025;14:30:00;164723,43;164772,33;164658,24;164728,86;1,159371639E10;351932
WINFUT;30/10/2025;14:00:00;164788,62;164848,38;164701,70;164728,86;1,017598602E10;308804
WINFUT;30/10/2025;13:30:00;164712,57;164875,55;164658,24;164788,62;1,316523902E10;399498
WINFUT;30/10/2025;13:00:00;164723,43;164886,41;164674,54;164712,57;1,545297335E10;468866
WINFUT;30/10/2025;12:30:00;164777,76;164826,65;164652,81;164728,86;1,501545916E10;455741
WINFUT;30/10/2025;12:00:00;164799,49;164924,44;164701,70;164783,19;2,396463672E10;727052
WINFUT;30/10/2025;11:30:00;164277,95;164842,95;164272,52;164799,49;3,514459979E10;1067778
WINFUT;30/10/2025;11:00:00;164321,42;164598,48;164136,71;164272,52;4,65662032E10;1416267
WINFUT;30/10/2025;10:30:00;163397,86;164500,69;163321,81;164315,98;7,993072428E10;2436713
WINFUT;30/10/2025;10:00:00;163006,71;163533,68;162870,90;163403,30;6,245644128E10;1914102
WINFUT;30/10/2025;09:30:00;163452,19;163696,66;163001,28;163006,71;4,280222288E10;1310075
WINFUT;30/10/2025;09:00:00;164066,08;164066,08;163381,57;163452,19;4,770270987E10;1457443
WINFUT;29/10/2025;18:00:00;164261,66;164440,93;164239,93;164386,61;4067493345,00;123745
WINFUT;29/10/2025;17:30:00;164261,66;164326,85;164201,90;164261,66;4720861923,00;143690
WINFUT;29/10/2025;17:00:00;164315,98;164402,91;164196,46;164261,66;9883417832,00;300812
WINFUT;29/10/2025;16:30:00;164201,90;164321,42;164033,49;164321,42;2,306654749E10;702504
WINFUT;29/10/2025;16:00:00;164370,31;164478,96;164185,60;164207,33;2,88811854E10;878701
WINFUT;29/10/2025;15:30:00;164587,62;164756,03;163968,29;164370,31;6,24298571E10;1899782
WINFUT;29/10/2025;15:00:00;164718,00;164728,86;164506,13;164593,05;1,887106738E10;573206
WINFUT;29/10/2025;14:30:00;164718,00;164826,65;164478,96;164723,43;2,399320533E10;728759
WINFUT;29/10/2025;14:00:00;164772,33;164870,11;164679,97;164723,43;1,807814009E10;548583
WINFUT;29/10/2025;13:30:00;164571,32;164821,22;164571,32;164777,76;1,614114302E10;490083
WINFUT;29/10/2025;13:00:00;164462,66;164603,91;164435,50;164576,75;1,449528012E10;440500
WINFUT;29/10/2025;12:30:00;164430,07;164560,45;164359,44;164457,23;1,630835498E10;495784
WINFUT;29/10/2025;12:00:00;164381,17;164669,11;164359,44;164430,07;2,489867512E10;756890
WINFUT;29/10/2025;11:30:00;164131,27;164402,91;164066,08;164381,17;2,748697215E10;836922
WINFUT;29/10/2025;11:00:00;164114,97;164533,29;164011,75;164136,71;4,376959017E10;1332337
WINFUT;29/10/2025;10:30:00;164239,93;164299,69;163892,24;164114,97;4,553364899E10;1387510
WINFUT;29/10/2025;10:00:00;163593,44;164315,98;163582,58;164239,93;6,511786423E10;1985315
WINFUT;29/10/2025;09:30:00;162957,82;163658,63;162919,79;163593,44;4,441847117E10;1359849
WINFUT;29/10/2025;09:00:00;163484,79;163832,48;162778,54;162963,25;5,590227741E10;1713167
WINFUT;28/10/2025;18:00:00;163229,45;163387,00;163147,96;163387,00;4115426522,00;126059
WINFUT;28/10/2025;17:30:00;163066,47;163262,05;163050,18;163224,02;5450552472,00;167045
WINFUT;28/10/2025;17:00:00;163088,20;163126,23;162968,69;163066,47;7758443787,00;237921
WINFUT;28/10/2025;16:30:00;163071,91;163175,13;162941,52;163088,20;1,694535697E10;519535
WINFUT;28/10/2025;16:00:00;163224,02;163229,45;162898,06;163077,34;2,188348039E10;671071
WINFUT;28/10/2025;15:30:00;163305,51;163327,24;163196,86;163224,02;1,005907612E10;308077
WINFUT;28/10/2025;15:00:00;163446,76;163479,35;163278,35;163310,94;1,31761667E10;403250
WINFUT;28/10/2025;14:30:00;163403,30;163549,98;163381,57;163441,33;1,602177547E10;490118
WINFUT;28/10/2025;14:00:00;163425,03;163490,22;163196,86;163397,86;1,871604387E10;572968
WINFUT;28/10/2025;13:30:00;163240,32;163517,38;163224,02;163425,03;2,438111683E10;746104
WINFUT;28/10/2025;13:00:00;163126,23;163348,97;163088,20;163240,32;2,298423234E10;704142
WINFUT;28/10/2025;12:30:00;163033,88;163185,99;163012,15;163126,23;1,420539738E10;435464
WINFUT;28/10/2025;12:00:00;163033,88;163229,45;162946,95;163033,88;2,181726959E10;668877
WINFUT;28/10/2025;11:30:00;163006,71;163234,89;162898,06;163039,31;3,053956964E10;936420
WINFUT;28/10/2025;11:00:00;162838,30;163137,10;162811,14;163012,15;3,638696656E10;1116294
WINFUT;28/10/2025;10:30:00;162664,46;163012,15;162501,48;162838,30;5,789929561E10;1778100
WINFUT;28/10/2025;10:00:00;162528,64;162697,05;162023,40;162669,89;6,002696539E10;1848618
WINFUT;28/10/2025;09:30:00;162251,58;162561,24;162088,60;162523,21;4,115813544E10;1267590
WINFUT;28/10/2025;09:00:00;162458,02;162599,27;161963,64;162251,58;4,925700005E10;1517707
WINFUT;27/10/2025;18:00:00;162697,05;162870,90;162664,46;162751,38;4478097564,00;137569
WINFUT;27/10/2025;17:30:00;162686,19;162751,38;162686,19;162697,05;3712910012,00;114092
WINFUT;27/10/2025;17:00:00;162713,35;162783,98;162615,56;162686,19;9562246662,00;293871
WINFUT;27/10/2025;16:30:00;162490,61;162735,08;162474,31;162713,35;1,416622983E10;435526
WINFUT;27/10/2025;16:00:00;162544,94;162572,10;162452,58;162490,61;8986886747,00;276508
WINFUT;27/10/2025;15:30:00;162436,29;162572,10;162409,12;162539,51;1,001755372E10;308233
WINFUT;27/10/2025;15:00:00;162566,67;162582,97;162409,12;162436,29;1,124220165E10;345946
WINFUT;27/10/2025;14:30:00;162550,37;162621,00;162485,18;162572,10;1,191006599E10;366329
WINFUT;27/10/2025;14:00:00;162577,53;162707,92;162496,04;162544,94;1,598146986E10;491444
WINFUT;27/10/2025;13:30:00;162653,59;162783,98;162577,53;162582,97;1,280385139E10;393501
WINFUT;27/10/2025;13:00:00;162735,08;162778,54;162626,43;162659,02;1,338938125E10;411502
WINFUT;27/10/2025;12:30:00;162876,33;163044,74;162691,62;162729,65;1,756063804E10;539150
WINFUT;27/10/2025;12:00:00;162990,42;163044,74;162713,35;162876,33;2,401832289E10;737364
WINFUT;27/10/2025;11:30:00;162805,71;163077,34;162555,80;162990,42;3,168573727E10;972870
WINFUT;27/10/2025;11:00:00;162827,44;162892,63;162479,75;162805,71;4,052461437E10;1245663
WINFUT;27/10/2025;10:30:00;163061,04;163169,69;162702,49;162822,00;5,742360843E10;1762342
WINFUT;27/10/2025;10:00:00;163615,17;163794,45;163044,74;163055,61;6,329250651E10;1936152
WINFUT;27/10/2025;09:30:00;163180,56;163626,04;162984,98;163620,60;4,333282802E10;1326602
WINFUT;27/10/2025;09:00:00;163061,04;163435,89;162979,55;163180,56;3,650080755E10;1118029
WINFUT;24/10/2025;18:00:00;161795,23;161838,69;161686,58;161692,01;3212422390,00;99299
WINFUT;24/10/2025;17:30:00;161719,18;161833,26;161719,18;161795,23;2844906477,00;87924
WINFUT;24/10/2025;17:00:00;161789,80;161871,29;161702,88;161724,61;6449882504,00;199330
WINFUT;24/10/2025;16:30:00;161751,77;161822,40;161713,74;161789,80;8146192937,00;251783
WINFUT;24/10/2025;16:00:00;161827,83;161882,16;161713,74;161751,77;8898084372,00;274989
WINFUT;24/10/2025;15:30:00;161838,69;161865,86;161730,04;161827,83;9479895700,00;292955
WINFUT;24/10/2025;15:00:00;161898,45;161947,35;161811,53;161838,69;9766655857,00;301683
WINFUT;24/10/2025;14:30:00;161941,91;161941,91;161784,37;161898,45;1,205458353E10;372376
WINFUT;24/10/2025;14:00:00;161827,83;161985,38;161816,96;161941,91;1,411955192E10;436038
WINFUT;24/10/2025;13:30:00;162007,11;162012,54;161702,88;161833,26;1,546040244E10;477594
WINFUT;24/10/2025;13:00:00;161914,75;162110,33;161865,86;162007,11;1,384277518E10;427315
WINFUT;24/10/2025;12:30:00;161903,89;161969,08;161849,56;161914,75;1,294989946E10;399908
WINFUT;24/10/2025;12:00:00;161833,26;162262,44;161816,96;161903,89;2,570837486E10;793167
WINFUT;24/10/2025;11:30:00;161909,32;162115,76;161757,20;161827,83;2,736215263E10;844856
WINFUT;24/10/2025;11:00:00;162327,63;162349,36;161795,23;161903,89;4,814138159E10;1485830
WINFUT;24/10/2025;10:30:00;162870,90;163082,77;162240,71;162322,20;5,673649966E10;1743623
WINFUT;24/10/2025;10:00:00;162463,45;162957,82;162278,74;162865,47;5,277668598E10;1622340
WINFUT;24/10/2025;09:30:00;161833,26;162811,14;161822,40;162468,88;5,441838517E10;1674135
WINFUT;24/10/2025;09:00:00;161398,65;161947,35;161295,43;161822,40;4,819777937E10;1490336
WINFUT;23/10/2025;18:00:00;161561,63;161675,71;161485,57;161659,42;4229785838,00;130890
WINFUT;23/10/2025;17:30:00;161491,00;161567,06;161447,54;161561,63;3596988875,00;111354
WINFUT;23/10/2025;17:00:00;161480,14;161594,22;161425,81;161491,00;8608490227,00;266505
WINFUT;23/10/2025;16:30:00;161398,65;161507,30;161360,62;161485,57;1,237661961E10;383295
WINFUT;23/10/2025;16:00:00;161328,02;161469,27;161262,83;161404,08;1,216104702E10;376798
WINFUT;23/10/2025;15:30:00;161349,76;161393,22;161262,83;161328,02;1,051256972E10;325818
WINFUT;23/10/2025;15:00:00;161338,89;161491,00;161241,10;161355,19;1,67991547E10;520471
WINFUT;23/10/2025;14:30:00;161137,88;161366,05;161007,50;161338,89;2,272304258E10;704852
WINFUT;23/10/2025;14:00:00;161127,02;161295,43;160953,17;161143,31;1,854360299E10;575369
WINFUT;23/10/2025;13:30:00;161186,78;161235,67;161072,69;161127,02;1,310760609E10;406703
WINFUT;23/10/2025;13:00:00;161050,96;161273,70;161012,93;161192,21;1,72864042E10;536335
WINFUT;23/10/2025;12:30:00;160877,11;161170,48;160752,16;161050,96;2,311160227E10;717896
WINFUT;23/10/2025;12:00:00;161165,05;161268,27;160556,59;160877,11;3,419731953E10;1062822
WINFUT;23/10/2025;11:30:00;161137,88;161414,95;161012,93;161165,05;3,455738324E10;1071947
WINFUT;23/10/2025;11:00:00;161230,24;161431,25;161094,42;161137,88;3,905699481E10;1211254
WINFUT;23/10/2025;10:30:00;161811,53;161893,02;161132,45;161235,67;5,85698179E10;1814187
WINFUT;23/10/2025;10:00:00;161523,60;162028,84;161523,60;161806,10;4,978757698E10;1538294
WINFUT;23/10/2025;09:30:00;161730,04;161941,91;161398,65;161523,60;3,970260167E10;1227500
WINFUT;23/10/2025;09:00:00;160763,03;161876,72;160708,70;161724,61;6,390399213E10;1977728
WINFUT;22/10/2025;18:00:00;160529,42;160714,14;160523,99;160714,14;3491360260,00;108675
WINFUT;22/10/2025;17:30:00;160453,37;160583,75;160404,47;160534,86;3991160932,00;124334
WINFUT;22/10/2025;17:00:00;160447,94;160551,16;160393,61;160458,80;6841293008,00;213166
WINFUT;22/10/2025;16:30:00;160388,18;160496,83;160317,55;160447,94;1,234225839E10;384696
WINFUT;22/10/2025;16:00:00;160252,36;160426,20;160105,68;160393,61;1,534659609E10;478709
WINFUT;22/10/2025;15:30:00;160149,14;160252,36;160040,49;160246,93;1,354605898E10;422893
WINFUT;22/10/2025;15:00:00;160132,84;160246,93;159817,75;160154,57;2,299839146E10;718509
WINFUT;22/10/2025;14:30:00;160361,01;160485,96;160029,62;160127,41;2,06469581E10;644358
WINFUT;22/10/2025;14:00:00;160268,66;160420,77;160198,03;160361,01;1,957420708E10;610535
WINFUT;22/10/2025;13:30:00;160469,67;160708,70;159959,00;160274,09;4,134416442E10;1289183
WINFUT;22/10/2025;13:00:00;160393,61;160567,45;160246,93;160469,67;1,978512609E10;616584
WINFUT;22/10/2025;12:30:00;160366,45;160746,73;160290,39;160388,18;2,9321913E10;913379
WINFUT;22/10/2025;12:00:00;160246,93;160545,72;160116,54;160371,88;3,635232209E10;1133485
WINFUT;22/10/2025;11:30:00;160002,46;160263,22;159882,94;160241,49;3,75493782E10;1172905
WINFUT;22/10/2025;11:00:00;159904,67;160399,04;159790,58;159997,02;4,651794846E10;1452785
WINFUT;22/10/2025;10:30:00;159497,22;160274,09;159480,92;159910,10;6,387221515E10;1997568
WINFUT;22/10/2025;10:00:00;160415,34;160534,86;159453,76;159502,65;6,556800465E10;2049649
WINFUT;22/10/2025;09:30:00;159681,93;160583,75;159671,07;160409,91;4,635886093E10;1447377
WINFUT;22/10/2025;09:00:00;159714,53;159910,10;159247,32;159681,93;5,467869365E10;1713174
WINFUT;21/10/2025;18:00:00;159801,45;159980,73;159752,56;159975,29;4028969923,00;125993
WINFUT;21/10/2025;17:30:00;159801,45;159866,64;159757,99;159801,45;4021631438,00;125819
WINFUT;21/10/2025;17:00:00;159605,87;159817,75;159573,28;159806,88;7539044916,00;236037
WINFUT;21/10/2025;16:30:00;159611,31;159719,96;159573,28;159611,31;9484755615,00;297059
WINFUT;21/10/2025;16:00:00;159654,77;159725,39;159589,58;159611,31;1,014932004E10;317853
WINFUT;21/10/2025;15:30:00;159763,42;159823,18;159633,04;159660,20;1,108617528E10;347060
WINFUT;21/10/2025;15:00:00;159812,31;159844,91;159676,50;159763,42;1,210251268E10;378757
WINFUT;21/10/2025;14:30:00;159741,69;159975,29;159649,34;159817,75;2,170470659E10;679024
WINFUT;21/10/2025;14:00:00;159459,19;159839,48;159388,57;159741,69;2,272610003E10;711629
WINFUT;21/10/2025;13:30:00;159877,51;160013,32;159388,57;159459,19;2,275445617E10;712306
WINFUT;21/10/2025;13:00:00;160067,65;160121,98;159681,93;159872,07;2,31292454E10;723306
WINFUT;21/10/2025;12:30:00;159980,73;160143,71;159774,29;160067,65;1,986734779E10;621001
WINFUT;21/10/2025;12:00:00;160121,98;160317,55;159817,75;159986,16;2,919347609E10;911996
WINFUT;21/10/2025;11:30:00;160290,39;160333,85;159855,78;160127,41;3,459577453E10;1080657
WINFUT;21/10/2025;11:00:00;159888,37;160523,99;159518,95;160295,82;4,791951937E10;1496409
WINFUT;21/10/2025;10:30:00;159584,14;160502,26;159334,24;159888,37;6,98801043E10;2187501
WINFUT;21/10/2025;10:00:00;159703,66;159899,24;159502,65;159589,58;5,734821645E10;1795423
WINFUT;21/10/2025;09:30:00;160322,98;160361,01;159687,36;159703,66;4,45307077E10;1392094
WINFUT;21/10/2025;09:00:00;159828,61;160426,20;159535,25;160317,55;4,798488226E10;1499064
WINFUT;20/10/2025;18:00:00;160208,90;160219,76;160013,32;160045,92;3857105274,00;120446
WINFUT;20/10/2025;17:30:00;160160,00;160284,96;160121,98;160203,47;5630627189,00;175741
WINFUT;20/10/2025;17:00:00;160263,22;160263,22;160094,81;160165,44;9270725834,00;289417
WINFUT;20/10/2025;16:30:00;160295,82;160322,98;160187,17;160263,22;1,312556507E10;409503
WINFUT;20/10/2025;16:00:00;160431,64;160496,83;160241,49;160295,82;1,526588132E10;476075
WINFUT;20/10/2025;15:30:00;160485,96;160551,16;160377,31;160431,64;1,514742379E10;471975
WINFUT;20/10/2025;15:00:00;160562,02;160583,75;160426,20;160491,40;1,386806165E10;431997
WINFUT;20/10/2025;14:30:00;160654,38;160719,57;160523,99;160562,02;1,358820008E10;423017
WINFUT;20/10/2025;14:00:00;160665,24;160801,06;160545,72;160654,38;1,775566863E10;552470
WINFUT;20/10/2025;13:30:00;160757,60;161040,09;160638,08;160665,24;2,529720361E10;786300
WINFUT;20/10/2025;13:00:00;160822,79;160855,38;160523,99;160763,03;2,174525183E10;676625
WINFUT;20/10/2025;12:30:00;160676,11;160877,11;160616,35;160822,79;2,377673911E10;739500
WINFUT;20/10/2025;12:00:00;160317,55;160779,33;160268,66;160670,67;3,556464302E10;1107785
WINFUT;20/10/2025;11:30:00;160306,69;160442,50;160121,98;160322,98;2,79999143E10;873301
WINFUT;20/10/2025;11:00:00;159888,37;160409,91;159882,94;160306,69;4,573333708E10;1427301
WINFUT;20/10/2025;10:30:00;159421,16;160007,89;159198,43;159882,94;6,533010846E10;2046578
WINFUT;20/10/2025;10:00:00;159182,13;159660,20;158964,82;159421,16;6,617090537E10;2076404
WINFUT;20/10/2025;09:30:00;159459,19;159638,47;159084,34;159182,13;4,49813646E10;1411386
WINFUT;20/10/2025;09:00:00;158981,12;159578,71;158905,06;159459,19;4,943446628E10;1551791
WINFUT;17/10/2025;18:00:00;158785,54;159225,59;158709,49;159122,37;5165534348,00;162513
WINFUT;17/10/2025;17:30:00;158742,08;158899,63;158655,16;158790,98;6693603572,00;210781
WINFUT;17/10/2025;17:00:00;158720,35;158905,06;158687,76;158736,65;1,031038377E10;324623
WINFUT;17/10/2025;16:30:00;158888,76;158921,36;158698,62;158720,35;1,342436069E10;422601
WINFUT;17/10/2025;16:00:00;158915,93;159019,15;158785,54;158888,76;1,141984954E10;359356
WINFUT;17/10/2025;15:30:00;158883,33;159068,04;158845,30;158910,49;1,291102378E10;406124
WINFUT;17/10/2025;15:00:00;158649,73;159013,72;158644,29;158883,33;1,817473169E10;572181
WINFUT;17/10/2025;14:30:00;158584,54;158731,22;158437,85;158655,16;1,729384665E10;545225
WINFUT;17/10/2025;14:00:00;158698,62;158731,22;158508,48;158589,97;1,54697691E10;487710
WINFUT;17/10/2025;13:30:00;158796,41;158894,20;158628,00;158698,62;1,581427719E10;498120
WINFUT;17/10/2025;13:00:00;158964,82;159057,18;158682,32;158801,84;1,767069334E10;556108
WINFUT;17/10/2025;12:30:00;158508,48;159100,64;158421,56;158964,82;2,575946887E10;811279
WINFUT;17/10/2025;12:00:00;158573,67;158953,96;158253,14;158508,48;2,88941115E10;910941
WINFUT;17/10/2025;11:30:00;158530,21;158888,76;158318,34;158573,67;3,386216961E10;1067405
WINFUT;17/10/2025;11:00:00;158405,26;158790,98;158122,76;158530,21;4,965352992E10;1567118
WINFUT;17/10/2025;10:30:00;157047,10;158492,18;156933,01;158405,26;7,560475512E10;2394578
WINFUT;17/10/2025;10:00:00;156818,92;157128,58;156547,29;157047,10;5,004264131E10;1595394
WINFUT;17/10/2025;09:30:00;157628,39;157688,15;156704,84;156824,36;4,25344826E10;1352693
WINFUT;17/10/2025;09:00:00;157421,95;158041,27;157275,27;157628,39;5,685926944E10;1802712
WINFUT;16/10/2025;18:00:00;157655,55;157758,77;157557,76;157557,76;3068887741,00;97317
WINFUT;16/10/2025;17:30:00;157737,04;157769,64;157644,69;157655,55;3950722445,00;125242
WINFUT;16/10/2025;17:00:00;157693,58;157775,07;157579,49;157742,47;8601195818,00;272748
WINFUT;16/10/2025;16:30:00;157709,88;157867,43;157633,82;157699,01;1,343563809E10;425834
WINFUT;16/10/2025;16:00:00;157905,45;157954,35;157617,52;157715,31;1,468958499E10;465511
WINFUT;16/10/2025;15:30:00;157704,45;158014,11;157568,63;157900,02;2,059868696E10;652527
WINFUT;16/10/2025;15:00:00;157883,72;157894,59;157595,79;157704,45;2,122492333E10;672753
WINFUT;16/10/2025;14:30:00;158182,52;158231,41;157731,61;157883,72;2,005500106E10;634953
WINFUT;16/10/2025;14:00:00;158426,99;158432,42;158052,14;158187,95;2,330208162E10;736436
WINFUT;16/10/2025;13:30:00;158019,54;158459,58;157590,36;158426,99;3,977551456E10;1259405
WINFUT;16/10/2025;13:00:00;158340,07;158437,85;158003,24;158024,97;2,404386611E10;759847
WINFUT;16/10/2025;12:30:00;158448,72;158546,51;158046,70;158340,07;2,723422823E10;860269
WINFUT;16/10/2025;12:00:00;158372,66;158845,30;158307,47;158454,15;3,549839668E10;1119056
WINFUT;16/10/2025;11:30:00;157720,74;158524,78;157677,28;158378,09;4,412480377E10;1395162
WINFUT;16/10/2025;11:00:00;157715,31;157889,16;157443,68;157715,31;4,38453744E10;1390416
WINFUT;16/10/2025;10:30:00;157003,63;157764,21;156818,92;157720,74;5,97260147E10;1898847
WINFUT;16/10/2025;10:00:00;157324,16;157525,17;156851,52;157009,07;5,342756072E10;1699977
WINFUT;16/10/2025;09:30:00;157807,67;157823,96;157204,64;157324,16;4,414027806E10;1401472
WINFUT;16/10/2025;09:00:00;158345,50;158557,37;157693,58;157813,10;4,671804647E10;1477195
WINFUT;15/10/2025;18:00:00;158350,93;158475,88;158285,74;158323,77;3358038261,00;106020
WINFUT;15/10/2025;17:30:00;158302,04;158513,91;158220,55;158350,93;5229098018,00;165135
WINFUT;15/10/2025;17:00:00;158253,14;158383,53;158215,12;158302,04;8107704735,00;256102
WINFUT;15/10/2025;16:30:00;158367,23;158465,02;158204,25;158253,14;1,532595724E10;483970
WINFUT;15/10/2025;16:00:00;158475,88;158589,97;158312,90;158372,66;1,423355546E10;449082
WINFUT;15/10/2025;15:30:00;158388,96;158600,83;158198,82;158481,32;1,99684011E10;630333
WINFUT;15/10/2025;15:00:00;158312,90;158682,32;158291,17;158388,96;2,387492227E10;753358
WINFUT;15/10/2025;14:30:00;157889,16;158459,58;157796,80;158312,90;2,436943457E10;770352
WINFUT;15/10/2025;14:00:00;158182,52;158220,55;157487,14;157883,72;3,46524928E10;1097658
WINFUT;15/10/2025;13:30:00;158019,54;158193,38;157932,62;158187,95;1,402701206E10;443769
WINFUT;15/10/2025;13:00:00;157927,18;158133,63;157823,96;158019,54;1,721681673E10;544892
WINFUT;15/10/2025;12:30:00;158285,74;158459,58;157753,34;157921,75;2,724688224E10;861595
WINFUT;15/10/2025;12:00:00;158595,40;158600,83;158204,25;158291,17;2,454502515E10;774957
WINFUT;15/10/2025;11:30:00;158247,71;158644,29;158052,14;158595,40;3,213586067E10;1014758
WINFUT;15/10/2025;11:00:00;158182,52;158742,08;158144,49;158247,71;5,184121927E10;1636073
WINFUT;15/10/2025;10:30:00;156943,87;158247,71;156922,14;158177,09;6,851718822E10;2174620
WINFUT;15/10/2025;10:00:00;156916,71;157112,29;156465,80;156943,87;5,943603444E10;1895030
WINFUT;15/10/2025;09:30:00;157128,58;157210,07;156808,06;156922,14;3,85831154E10;1228851
WINFUT;15/10/2025;09:00:00;157704,45;157986,94;157101,42;157134,02;4,874987929E10;1547881
WINFUT;14/10/2025;18:00:00;157332,39;158215,22;157321,29;157454,54;7765805204,00;246319
WINFUT;14/10/2025;17:30:00;157310,18;157393,47;157276,87;157326,84;3944429693,00;125355
WINFUT;14/10/2025;17:00:00;157349,05;157426,78;157260,21;157304,63;6191801058,00;196774
WINFUT;14/10/2025;16:30:00;157510,07;157510,07;156932,62;157349,05;2,839822329E10;902925
WINFUT;14/10/2025;16:00:00;157526,73;157615,56;157487,86;157504,52;9257057691,00;293776
WINFUT;14/10/2025;15:30:00;157737,72;157776,58;157343,50;157532,28;2,554615904E10;810829
WINFUT;14/10/2025;15:00:00;157920,94;157937,60;157665,53;157743,27;1,959133707E10;620756
WINFUT;14/10/2025;14:30:00;158054,20;158087,52;157832,11;157920,94;1,52896463E10;484101
WINFUT;14/10/2025;14:00:00;158048,65;158098,62;157920,94;158048,65;1,823161169E10;576913
WINFUT;14/10/2025;13:30:00;157970,92;158287,40;157876,53;158043,10;2,311246285E10;730964
WINFUT;14/10/2025;13:00:00;158137,49;158159,70;157654,43;157970,92;2,582096773E10;817886
WINFUT;14/10/2025;12:30:00;157982,02;158237,43;157904,29;158137,49;2,446173247E10;773749
WINFUT;14/10/2025;12:00:00;157837,66;158043,10;157648,88;157987,57;2,879792389E10;912290
WINFUT;14/10/2025;11:30:00;158348,48;158437,32;157798,79;157832,11;3,627511293E10;1147437
WINFUT;14/10/2025;11:00:00;157665,53;158453,97;157504,52;158348,48;5,324511529E10;1685369
WINFUT;14/10/2025;10:30:00;157182,48;157759,93;157082,53;157665,53;6,582968179E10;2090222
WINFUT;14/10/2025;10:00:00;156954,83;157693,30;156793,81;157176,92;5,77206898E10;1836449
WINFUT;14/10/2025;09:30:00;156827,12;157238,00;156732,73;156954,83;4,693946669E10;1494962
WINFUT;14/10/2025;09:00:00;156121,97;156999,25;156022,03;156832,68;5,361509596E10;1712923
WINFUT;13/10/2025;18:00:00;157287,97;157337,94;157160,27;157260,21;4794103359,00;152436
WINFUT;13/10/2025;17:30:00;157287,97;157332,39;157110,30;157293,52;8649453727,00;275085
WINFUT;13/10/2025;17:00:00;157543,38;157604,46;157221,34;157287,97;1,349551252E10;428660
WINFUT;13/10/2025;16:30:00;157682,19;157698,85;157526,73;157543,38;1,184324306E10;375682
WINFUT;13/10/2025;16:00:00;157698,85;157765,48;157565,59;157687,74;1,570151214E10;497852
WINFUT;13/10/2025;15:30:00;157743,27;157848,76;157626,67;157698,85;1,693046064E10;536619
WINFUT;13/10/2025;15:00:00;157787,69;157954,26;157737,72;157748,82;1,522282288E10;482174
WINFUT;13/10/2025;14:30:00;157793,24;157937,60;157676,64;157787,69;2,030112056E10;643185
WINFUT;13/10/2025;14:00:00;158093,07;158126,38;157732,16;157793,24;1,934567184E10;612561
WINFUT;13/10/2025;13:30:00;157998,68;158187,46;157993,13;158093,07;1,958650803E10;619468
WINFUT;13/10/2025;13:00:00;157843,21;158070,86;157832,11;158004,23;1,587220557E10;502392
WINFUT;13/10/2025;12:30:00;157937,60;158020,89;157798,79;157848,76;1,883853525E10;596500
WINFUT;13/10/2025;12:00:00;157754,37;158065,31;157593,35;157937,60;3,151608147E10;998351
WINFUT;13/10/2025;11:30:00;157593,35;158037,54;157560,04;157759,93;3,778936913E10;1197079
WINFUT;13/10/2025;11:00:00;157821,00;157970,92;157410,12;157587,80;4,719730649E10;1496433
WINFUT;13/10/2025;10:30:00;157898,73;157943,15;157365,71;157826,55;5,570817239E10;1766360
WINFUT;13/10/2025;10:00:00;157709,95;158015,33;157415,68;157893,18;5,897105559E10;1870004
WINFUT;13/10/2025;09:30:00;157426,78;157943,15;157371,26;157709,95;4,753710661E10;1507708
WINFUT;13/10/2025;09:00:00;157188,03;157659,98;157188,03;157426,78;4,668437035E10;1482994
WINFUT;10/10/2025;18:00:00;155833,25;155994,27;155527,87;155855,46;4738864863,00;152098
WINFUT;10/10/2025;17:30:00;156499,53;156543,95;155650,02;155833,25;9119986772,00;292024
WINFUT;10/10/2025;17:00:00;156394,04;156521,74;156233,02;156499,53;1,06378184E10;340126
WINFUT;10/10/2025;16:30:00;156555,06;156638,34;156344,07;156394,04;1,775847235E10;567348
WINFUT;10/10/2025;16:00:00;156538,40;156710,52;156493,98;156555,06;1,346776494E10;430016
WINFUT;10/10/2025;15:30:00;156471,77;156627,24;156416,25;156538,40;1,486165192E10;474788
WINFUT;10/10/2025;15:00:00;156538,40;156688,31;156416,25;156466,22;1,808084635E10;577395
WINFUT;10/10/2025;14:30:00;156305,20;156688,31;156266,33;156532,85;2,555072458E10;816564
WINFUT;10/10/2025;14:00:00;156010,92;156349,62;155872,11;156305,20;2,341249112E10;749968
WINFUT;10/10/2025;13:30:00;156327,41;156571,71;155938,74;156005,37;2,598957396E10;831900
WINFUT;10/10/2025;13:00:00;156560,61;156632,79;156277,44;156327,41;2,861839084E10;914685
WINFUT;10/10/2025;12:30:00;156643,90;156888,20;156382,93;156555,06;3,717343938E10;1186748
WINFUT;10/10/2025;12:00:00;157199,13;157249,11;156616,13;156649,45;5,146297563E10;1640017
WINFUT;10/10/2025;11:30:00;157332,39;157704,40;157121,40;157199,13;3,699414501E10;1174610
WINFUT;10/10/2025;11:00:00;157448,99;157976,47;157065,88;157332,39;5,704733568E10;1810275
WINFUT;10/10/2025;10:30:00;157993,13;158165,25;156971,49;157448,99;7,860054135E10;2491776
WINFUT;10/10/2025;10:00:00;158409,55;158448,42;157815,45;157987,57;6,369280834E10;2014361
WINFUT;10/10/2025;09:30:00;158043,10;158426,21;157982,02;158404,00;4,159242189E10;1314460
WINFUT;10/10/2025;09:00:00;157848,76;158087,52;157560,04;158043,10;4,22218264E10;1337505
WINFUT;09/10/2025;18:00:00;157626,67;157682,19;157565,59;157565,59;3580618051,00;113575
WINFUT;09/10/2025;17:30:00;157604,46;157704,40;157598,91;157621,12;5125728079,00;162563
WINFUT;09/10/2025;17:00:00;157693,30;157848,76;157526,73;157604,46;1,194921712E10;378931
WINFUT;09/10/2025;16:30:00;157643,33;157804,34;157621,12;157693,30;1,195127766E10;378881
WINFUT;09/10/2025;16:00:00;157598,91;157682,19;157554,49;157637,77;1,055903203E10;334956
WINFUT;09/10/2025;15:30:00;157604,46;157643,33;157476,75;157598,91;1,188964241E10;377295
WINFUT;09/10/2025;15:00:00;157637,77;157743,27;157493,41;157598,91;1,8821179E10;597111
WINFUT;09/10/2025;14:30:00;157682,19;157804,34;157565,59;157637,77;1,758710388E10;557712
WINFUT;09/10/2025;14:00:00;157987,57;157993,13;157665,53;157682,19;2,269246227E10;718951
WINFUT;09/10/2025;13:30:00;158231,88;158304,06;157965,36;157982,02;1,778885144E10;562467
WINFUT;09/10/2025;13:00:00;158354,03;158426,21;158143,04;158237,43;1,645722729E10;519890
WINFUT;09/10/2025;12:30:00;158270,74;158437,32;158081,96;158348,48;2,229626422E10;704490
WINFUT;09/10/2025;12:00:00;158081,96;158587,23;158065,31;158276,30;2,827881859E10;892942
WINFUT;09/10/2025;11:30:00;158170,80;158287,40;157809,90;158081,96;3,938339039E10;1246174
WINFUT;09/10/2025;11:00:00;158254,09;158420,66;158004,23;158170,80;4,040070577E10;1276899
WINFUT;09/10/2025;10:30:00;158920,37;159370,12;158187,46;158254,09;6,707283747E10;2112206
WINFUT;09/10/2025;10:00:00;159109,15;159186,89;158598,34;158914,82;5,532908065E10;1741214
WINFUT;09/10/2025;09:30:00;159408,98;159414,54;158770,46;159109,15;5,128249771E10;1612104
WINFUT;09/10/2025;09:00:00;158687,17;159686,60;158637,20;159414,54;5,588352457E10;1754516
WINFUT;08/10/2025;18:00:00;158287,40;158553,92;158231,88;158231,88;5844955364,00;184527
WINFUT;08/10/2025;17:30:00;158287,40;158342,93;158176,35;158287,40;5491766688,00;173506
WINFUT;08/10/2025;17:00:00;158054,20;158320,72;158054,20;158292,95;1,427726794E10;451164
WINFUT;08/10/2025;16:30:00;158098,62;158137,49;157959,81;158054,20;1,408602763E10;445600
WINFUT;08/10/2025;16:00:00;157965,36;158170,80;157948,71;158098,62;1,633785365E10;516815
WINFUT;08/10/2025;15:30:00;157937,60;158159,70;157887,63;157965,36;1,92131452E10;607891
WINFUT;08/10/2025;15:00:00;157915,39;157954,26;157782,13;157937,60;1,289980271E10;408554
WINFUT;08/10/2025;14:30:00;157926,50;158026,44;157804,34;157915,39;1,454498615E10;460539
WINFUT;08/10/2025;14:00:00;157937,60;157976,47;157821,00;157926,50;1,294678272E10;409975
WINFUT;08/10/2025;13:30:00;157909,84;157993,13;157754,37;157932,05;1,483877785E10;469877
WINFUT;08/10/2025;13:00:00;157870,97;157970,92;157759,93;157909,84;1,547262579E10;490088
WINFUT;08/10/2025;12:30:00;158176,35;158226,33;157709,95;157876,53;2,547539413E10;806232
WINFUT;08/10/2025;12:00:00;158342,93;158409,55;158104,17;158181,91;2,343591147E10;740619
WINFUT;08/10/2025;11:30:00;158359,58;158481,74;158148,59;158337,37;3,271988732E10;1033316
WINFUT;08/10/2025;11:00:00;157948,71;158453,97;157859,87;158359,58;4,669415266E10;1476163
WINFUT;08/10/2025;10:30:00;158148,59;158198,56;157765,48;157948,71;5,396766138E10;1707877
WINFUT;08/10/2025;10:00:00;158026,44;158220,77;157671,09;158143,04;5,633802896E10;1783482
WINFUT;08/10/2025;09:30:00;158020,89;158137,49;157643,33;158026,44;4,496650042E10;1423954
WINFUT;08/10/2025;09:00:00;157354,60;158204,12;157287,97;158020,89;4,934218366E10;1564086
WINFUT;07/10/2025;18:00:00;157454,54;157487,86;157243,55;157260,21;4818526994,00;153088
WINFUT;07/10/2025;17:30:00;157387,92;157471,20;157371,26;157460,10;4712787199,00;149685
WINFUT;07/10/2025;17:00:00;157443,44;157510,07;157360,15;157393,47;9669582899,00;307111
WINFUT;07/10/2025;16:30:00;157532,28;157604,46;157393,47;157443,44;1,469101055E10;466416
WINFUT;07/10/2025;16:00:00;157543,38;157626,67;157493,41;157526,73;1,533830469E10;486754
WINFUT;07/10/2025;15:30:00;157448,99;157721,06;157387,92;157548,93;2,171487304E10;689039
WINFUT;07/10/2025;15:00:00;157299,08;157465,65;157232,45;157448,99;1,482473481E10;471036
WINFUT;07/10/2025;14:30:00;157282,42;157365,71;157204,69;157299,08;1,568972822E10;498738
WINFUT;07/10/2025;14:00:00;157276,87;157387,92;157221,34;157282,42;1,820175917E10;578556
WINFUT;07/10/2025;13:30:00;157410,12;157437,89;157043,67;157276,87;2,777570732E10;883172
WINFUT;07/10/2025;13:00:00;157493,41;157615,56;157304,63;157415,68;2,180079856E10;692338
WINFUT;07/10/2025;12:30:00;157876,53;157915,39;157326,84;157493,41;2,876721782E10;912489
WINFUT;07/10/2025;12:00:00;157765,48;157976,47;157604,46;157876,53;3,108364284E10;984878
WINFUT;07/10/2025;11:30:00;157632,22;157821,00;157426,78;157765,48;3,221753007E10;1022064
WINFUT;07/10/2025;11:00:00;158026,44;158081,96;157604,46;157637,77;3,485155227E10;1103937
WINFUT;07/10/2025;10:30:00;158670,52;158776,01;157887,63;158026,44;6,288933319E10;1986117
WINFUT;07/10/2025;10:00:00;158925,93;159131,36;158503,94;158676,07;6,183500642E10;1946946
WINFUT;07/10/2025;09:30:00;158642,75;159064,74;158609,44;158920,37;4,358453961E10;1371546
WINFUT;07/10/2025;09:00:00;159520,03;159592,21;158576,13;158648,31;5,625998327E10;1768658
WINFUT;06/10/2025;18:00:00;160075,27;160153,00;159908,70;159975,33;4138803929,00;129285
WINFUT;06/10/2025;17:30:00;159997,54;160130,79;159991,98;160069,72;5409606444,00;168982
WINFUT;06/10/2025;17:00:00;160075,27;160158,56;159936,46;159997,54;9700275332,00;303048
WINFUT;06/10/2025;16:30:00;160086,37;160197,42;160036,40;160075,27;1,343763156E10;419604
WINFUT;06/10/2025;16:00:00;160086,37;160108,58;159892,04;160080,82;1,556030623E10;486207
WINFUT;06/10/2025;15:30:00;160019,75;160130,79;159969,77;160086,37;1,471921274E10;459823
WINFUT;06/10/2025;15:00:00;160186,32;160197,42;159997,54;160019,75;1,278286355E10;399249
WINFUT;06/10/2025;14:30:00;160402,86;160441,73;160080,82;160180,77;2,090998962E10;652494
WINFUT;06/10/2025;14:00:00;160375,10;160480,59;160186,32;160402,86;2,23536956E10;697141
WINFUT;06/10/2025;13:30:00;159886,49;160397,31;159836,52;160380,65;2,56842536E10;802141
WINFUT;06/10/2025;13:00:00;159880,94;159914,25;159708,81;159892,04;1,801192309E10;563563
WINFUT;06/10/2025;12:30:00;159875,38;160008,64;159786,55;159886,49;1,880668567E10;588048
WINFUT;06/10/2025;12:00:00;160330,68;160386,20;159808,76;159880,94;2,868505027E10;895900
WINFUT;06/10/2025;11:30:00;160153,00;160547,22;160114,14;160336,23;3,691575183E10;1151037
WINFUT;06/10/2025;11:00:00;160352,89;160397,31;159964,22;160147,45;4,886450424E10;1525474
WINFUT;06/10/2025;10:30:00;161035,83;161074,70;160280,71;160352,89;7,23077612E10;2249581
WINFUT;06/10/2025;10:00:00;161257,93;161291,24;160502,80;161035,83;6,258651598E10;1945650
WINFUT;06/10/2025;09:30:00;160697,14;161391,19;160547,22;161252,38;4,293071081E10;1333822
WINFUT;06/10/2025;09:00:00;160863,71;161063,59;160408,41;160697,14;4,976487269E10;1548532
WINFUT;03/10/2025;18:00:00;160819,29;160852,60;160613,85;160652,72;3210247626,00;99853
WINFUT;03/10/2025;17:30:00;160730,45;160852,60;160641,61;160813,74;4869369049,00;151471
WINFUT;03/10/2025;17:00:00;160708,24;160802,63;160586,09;160724,90;1,052234659E10;327392
WINFUT;03/10/2025;16:30:00;160941,44;160996,97;160669,38;160708,24;1,408298356E10;437748
WINFUT;03/10/2025;16:00:00;160841,50;161008,07;160752,66;160935,89;1,428665181E10;444034
WINFUT;03/10/2025;15:30:00;160824,84;160974,76;160741,56;160841,50;1,756155934E10;545916
WINFUT;03/10/2025;15:00:00;160663,82;160841,50;160491,70;160824,84;2,03318073E10;632611
WINFUT;03/10/2025;14:30:00;160808,18;160985,86;160630,51;160658,27;2,039555358E10;634173
WINFUT;03/10/2025;14:00:00;160736,00;160847,05;160591,64;160813,74;1,897052512E10;590129
WINFUT;03/10/2025;13:30:00;160952,55;161074,70;160636,06;160736,00;2,262907925E10;703209
WINFUT;03/10/2025;13:00:00;160724,90;161196,85;160658,27;160958,10;2,744456943E10;852628
WINFUT;03/10/2025;12:30:00;160647,17;160791,53;160480,59;160730,45;2,06791277E10;643772
WINFUT;03/10/2025;12:00:00;160413,97;160713,79;160280,71;160652,72;2,93234063E10;913667
WINFUT;03/10/2025;11:30:00;160486,15;160513,91;160141,90;160408,41;3,338926766E10;1041375
WINFUT;03/10/2025;11:00:00;160608,30;160824,84;160336,23;160491,70;4,061182908E10;1264482
WINFUT;03/10/2025;10:30:00;160397,31;160946,99;160363,99;160608,30;5,053470289E10;1573083
WINFUT;03/10/2025;10:00:00;160908,13;160935,89;160175,21;160397,31;6,160555692E10;1919730
WINFUT;03/10/2025;09:30:00;160741,56;161035,83;160558,33;160902,58;3,794012815E10;1179827
WINFUT;03/10/2025;09:00:00;161019,18;161074,70;160536,12;160741,56;4,52498011E10;1407618
WINFUT;02/10/2025;18:00:00;160769,32;160780,42;160630,51;160713,79;3859963657,00;120084
WINFUT;02/10/2025;17:30:00;160591,64;160797,08;160558,33;160774,87;6361179030,00;197950
WINFUT;02/10/2025;17:00:00;160608,30;160741,56;160525,01;160586,09;1,0805755E10;336389
WINFUT;02/10/2025;16:30:00;160697,14;160847,05;160586,09;160613,85;1,537055197E10;478180
WINFUT;02/10/2025;16:00:00;160730,45;160847,05;160691,58;160691,58;1,394131048E10;433603
WINFUT;02/10/2025;15:30:00;160780,42;160897,02;160691,58;160730,45;1,59921364E10;497256
WINFUT;02/10/2025;15:00:00;160713,79;160869,26;160558,33;160780,42;1,802508561E10;560760
WINFUT;02/10/2025;14:30:00;160480,59;160730,45;160369,55;160719,35;1,787332969E10;556555
WINFUT;02/10/2025;14:00:00;160658,27;160830,39;160475,04;160475,04;2,156853482E10;671279
WINFUT;02/10/2025;13:30:00;160502,80;160702,69;160297,37;160658,27;1,92295062E10;599096
WINFUT;02/10/2025;13:00:00;160319,57;160552,78;160208,53;160508,36;2,089926476E10;651514
WINFUT;02/10/2025;12:30:00;160319,57;160480,59;160169,66;160319,57;2,693028322E10;839818
WINFUT;02/10/2025;12:00:00;160591,64;160724,90;160314,02;160319,57;3,386719909E10;1054663
WINFUT;02/10/2025;11:30:00;161108,01;161174,64;160541,67;160591,64;4,539561381E10;1411996
WINFUT;02/10/2025;11:00:00;162162,97;162162,97;161102,46;161108,01;5,977451773E10;1850703
WINFUT;02/10/2025;10:30:00;162113,00;162479,45;161913,11;162162,97;6,040744358E10;1861984
WINFUT;02/10/2025;10:00:00;162146,31;162251,80;161763,20;162118,55;5,522766777E10;1703949
WINFUT;02/10/2025;09:30:00;162335,09;162390,61;162001,95;162140,76;3,530044911E10;1088283
WINFUT;02/10/2025;09:00:00;162962,51;163551,06;162146,31;162335,09;5,799150726E10;1781454
WINFUT;01/10/2025;18:00:00;162540,53;162557,19;162407,27;162412,82;3742493591,00;115163
WINFUT;01/10/2025;17:30:00;162423,93;162579,40;162423,93;162546,08;5084021420,00;156422
WINFUT;01/10/2025;17:00:00;162340,64;162496,11;162251,80;162429,48;1,204506116E10;370898
WINFUT;01/10/2025;16:30:00;162562,74;162584,95;162274,01;162340,64;1,762748345E10;542666
WINFUT;01/10/2025;16:00:00;162468,35;162640,47;162440,59;162557,19;1,504353462E10;462779
WINFUT;01/10/2025;15:30:00;162329,54;162590,50;162285,12;162468,35;2,082370743E10;640930
WINFUT;01/10/2025;15:00:00;162196,28;162335,09;162079,68;162329,54;1,782445212E10;549487
WINFUT;01/10/2025;14:30:00;162207,39;162296,22;162157,41;162196,28;1,038885479E10;320197
WINFUT;01/10/2025;14:00:00;162101,89;162257,36;162029,71;162207,39;1,539375449E10;474665
WINFUT;01/10/2025;13:30:00;162512,77;162518,32;162079,68;162101,89;2,036913678E10;627595
WINFUT;01/10/2025;13:00:00;162440,59;162612,71;162357,30;162512,77;1,586522401E10;488156
WINFUT;01/10/2025;12:30:00;162301,78;162507,21;162201,83;162440,59;2,476028278E10;762561
WINFUT;01/10/2025;12:00:00;162618,26;162840,36;162296,22;162296,22;3,002659365E10;923834
WINFUT;01/10/2025;11:30:00;163129,08;163256,79;162501,66;162623,81;3,717777207E10;1141811
WINFUT;01/10/2025;11:00:00;163395,60;163456,67;162934,75;163129,08;4,011882157E10;1229129
WINFUT;01/10/2025;10:30:00;163595,48;163900,86;163245,68;163401,15;5,159900136E10;1577560
WINFUT;01/10/2025;10:00:00;164245,11;164367,26;163390,04;163595,48;6,148618061E10;1876542
WINFUT;01/10/2025;09:30:00;163717,63;164489,42;163700,98;164245,11;6,001824703E10;1828364
WINFUT;01/10/2025;09:00:00;163467,78;164167,38;162768,18;163723,19;7,243222563E10;2214764
WINFUT;30/09/2025;18:00:00;163395,60;163512,20;163373,39;163390,04;2657752148,00;81315
WINFUT;30/09/2025;17:30:00;163423,36;163451,12;163351,18;163401,15;4149874670,00;126983
WINFUT;30/09/2025;17:00:00;163378,94;163473,33;163284,55;163423,36;1,340680745E10;410238
WINFUT;30/09/2025;16:30:00;163145,74;163517,75;163117,98;163378,94;1,763556454E10;539998
WINFUT;30/09/2025;16:00:00;163184,61;163267,89;163134,63;163145,74;1,172713922E10;359274
WINFUT;30/09/2025;15:30:00;163062,45;163262,34;163023,59;163184,61;1,424625634E10;436624
WINFUT;30/09/2025;15:00:00;163090,22;163112,42;162807,04;163056,90;2,152967972E10;660476
WINFUT;30/09/2025;14:30:00;163106,87;163240,13;163045,80;163084,66;1,321630291E10;405093
WINFUT;30/09/2025;14:00:00;163101,32;163267,89;163045,80;163106,87;1,5075958E10;462046
WINFUT;30/09/2025;13:30:00;163012,48;163179,05;162979,17;163101,32;1,525397984E10;467651
WINFUT;30/09/2025;13:00:00;162979,17;163156,84;162951,41;163018,03;1,620125246E10;496796
WINFUT;30/09/2025;12:30:00;163056,90;163123,53;162884,78;162973,62;1,979972636E10;607355
WINFUT;30/09/2025;12:00:00;163167,95;163290,10;162968,06;163056,90;2,385505011E10;731348
WINFUT;30/09/2025;11:30:00;163434,46;163517,75;163056,90;163162,40;3,583211165E10;1097306
WINFUT;30/09/2025;11:00:00;164134,06;164156,27;163356,73;163440,02;4,461994838E10;1362508
WINFUT;30/09/2025;10:30:00;164417,24;164506,07;164039,67;164128,51;4,707272367E10;1432795
WINFUT;30/09/2025;10:00:00;164234,01;164833,66;164228,45;164417,24;5,52573916E10;1679189
WINFUT;30/09/2025;09:30:00;163812,03;164272,87;163773,16;164234,01;3,577176614E10;1090487
WINFUT;30/09/2025;09:00:00;163684,32;163850,89;163212,37;163806,47;4,311190282E10;1317597
WINFUT;29/09/2025;18:00:00;163639,90;163717,63;163517,75;163578,83;4186230411,00;127946
WINFUT;29/09/2025;17:30:00;163645,45;163684,32;163601,03;163639,90;3600474513,00;110007
WINFUT;29/09/2025;17:00:00;163601,03;163728,74;163517,75;163651,01;8178435334,00;249917
WINFUT;29/09/2025;16:30:00;163534,41;163639,90;163512,20;163595,48;1,200051881E10;366821
WINFUT;29/09/2025;16:00:00;163617,69;163678,77;163473,33;163539,96;1,494299315E10;456765
WINFUT;29/09/2025;15:30:00;163634,35;163834,23;163551,06;163617,69;1,692050975E10;516878
WINFUT;29/09/2025;15:00:00;163440,02;163684,32;163423,36;163634,35;1,577244375E10;482168
WINFUT;29/09/2025;14:30:00;163756,50;163762,05;163362,28;163440,02;2,310267831E10;706385
WINFUT;29/09/2025;14:00:00;163800,92;163806,47;163584,38;163756,50;1,509826877E10;461231
WINFUT;29/09/2025;13:30:00;163606,59;163812,03;163401,15;163800,92;1,883587654E10;575741
WINFUT;29/09/2025;13:00:00;163645,45;163773,16;163467,78;163612,14;1,563813674E10;477864
WINFUT;29/09/2025;12:30:00;163900,86;163923,07;163606,59;163645,45;2,037475237E10;622076
WINFUT;29/09/2025;12:00:00;163656,56;163950,83;163467,78;163900,86;2,753738951E10;841104
WINFUT;29/09/2025;11:30:00;163845,34;164106,30;163606,59;163651,01;2,688568166E10;820346
WINFUT;29/09/2025;11:00:00;164011,91;164111,85;163651,01;163845,34;3,502900173E10;1069032
WINFUT;29/09/2025;10:30:00;164239,56;164661,54;163978,60;164011,91;4,246426265E10;1292306
WINFUT;29/09/2025;10:00:00;163973,04;165566,58;163812,03;164239,56;5,015655177E10;1525388
WINFUT;29/09/2025;09:30:00;163784,26;164250,66;163767,61;163978,60;4,934357635E10;1504264
WINFUT;29/09/2025;09:00:00;162834,81;163839,79;162818,15;163784,26;4,442383149E10;1358721
WINFUT;26/09/2025;18:00:00;162684,89;162707,10;162468,35;162529,42;3358763006,00;103287
WINFUT;26/09/2025;17:30:00;162601,61;162734,86;162534,98;162684,89;4252687336,00;130763
WINFUT;26/09/2025;17:00:00;162568,29;162640,47;162512,77;162607,16;6377688841,00;196148
WINFUT;26/09/2025;16:30:00;162523,87;162629,37;162490,56;162562,74;1,183673002E10;364081
WINFUT;26/09/2025;16:00:00;162562,74;162579,40;162423,93;162523,87;1,035418144E10;318578
WINFUT;26/09/2025;15:30:00;162501,66;162657,13;162396,17;162562,74;1,404264524E10;431989
WINFUT;26/09/2025;15:00:00;162473,90;162618,26;162468,35;162496,11;1,091277618E10;335692
WINFUT;26/09/2025;14:30:00;162518,32;162646,02;162440,59;162473,90;1,626890738E10;500447
WINFUT;26/09/2025;14:00:00;162379,51;162562,74;162274,01;162518,32;1,604505914E10;493910
WINFUT;26/09/2025;13:30:00;162440,59;162451,69;162274,01;162379,51;1,205333693E10;371192
WINFUT;26/09/2025;13:00:00;162185,18;162485,01;162185,18;162435,03;1,673070074E10;515352
WINFUT;26/09/2025;12:30:00;162523,87;162573,84;162157,41;162190,73;1,603364322E10;493584
WINFUT;26/09/2025;12:00:00;162468,35;162540,53;162296,22;162518,32;1,533911082E10;472141
WINFUT;26/09/2025;11:30:00;162479,45;162573,84;162268,46;162468,35;3,123727819E10;961431
WINFUT;26/09/2025;11:00:00;162551,63;162940,30;162368,41;162473,90;4,472463036E10;1374992
WINFUT;26/09/2025;10:30:00;162568,29;162718,21;162240,70;162557,19;5,00571199E10;1540101
WINFUT;26/09/2025;10:00:00;162396,17;163428,91;162379,51;162573,84;6,432700218E10;1974655
WINFUT;26/09/2025;09:30:00;162540,53;162790,39;162390,61;162396,17;2,997228968E10;921554
WINFUT;26/09/2025;09:00:00;162734,86;162745,97;162101,89;162540,53;4,092829377E10;1260276
WINFUT;25/09/2025;18:00:00;162512,77;162779,28;162479,45;162579,40;4649652725,00;142965
WINFUT;25/09/2025;17:30:00;162601,61;162629,37;162418,38;162507,21;6011896977,00;184943
WINFUT;25/09/2025;17:00:00;162390,61;162618,26;162385,06;162596,05;9505702120,00;292467
WINFUT;25/09/2025;16:30:00;162390,61;162534,98;162362,85;162390,61;1,492295861E10;459321
WINFUT;25/09/2025;16:00:00;162523,87;162523,87;162257,36;162385,06;1,42291077E10;438086
WINFUT;25/09/2025;15:30:00;162435,03;162657,13;162329,54;162523,87;1,861311782E10;572663
WINFUT;25/09/2025;15:00:00;162457,24;162496,11;162251,80;162435,03;2,195678242E10;676103
WINFUT;25/09/2025;14:30:00;163056,90;163073,56;162373,96;162457,24;3,396096043E10;1044196
WINFUT;25/09/2025;14:00:00;163451,12;163612,14;162990,27;163056,90;2,597807046E10;795383
WINFUT;25/09/2025;13:30:00;163723,19;163795,37;163351,18;163456,67;1,933679031E10;591085
WINFUT;25/09/2025;13:00:00;163667,66;163789,82;163584,38;163717,63;1,906182132E10;582262
WINFUT;25/09/2025;12:30:00;163223,47;163767,61;163106,87;163667,66;2,680203201E10;819716
WINFUT;25/09/2025;12:00:00;163140,19;163317,86;162979,17;163229,02;2,313697775E10;709126
WINFUT;25/09/2025;11:30:00;163345,62;163395,60;162873,67;163145,74;3,293759945E10;1009416
WINFUT;25/09/2025;11:00:00;163068,01;163423,36;162673,79;163340,07;4,621921744E10;1417757
WINFUT;25/09/2025;10:30:00;163123,53;163229,02;162801,49;163062,45;5,049338273E10;1548504
WINFUT;25/09/2025;10:00:00;163873,10;163906,42;163023,59;163123,53;5,202005685E10;1591780
WINFUT;25/09/2025;09:30:00;164661,54;164744,83;163517,75;163873,10;5,412950841E10;1649410
WINFUT;25/09/2025;09:00:00;164350,61;165127,94;164161,83;164661,54;4,448068126E10;1350066
WINFUT;24/09/2025;18:00:00;163900,86;165461,08;163878,65;165238,99;1,431077903E10;434294
WINFUT;24/09/2025;17:30:00;163973,04;164011,91;163867,55;163906,42;5502427392,00;167822
WINFUT;24/09/2025;17:00:00;163795,37;164039,67;163795,37;163978,60;1,206702031E10;368037
WINFUT;24/09/2025;16:30:00;163862,00;163967,49;163750,95;163800,92;1,395720185E10;425969
WINFUT;24/09/2025;16:00:00;163911,97;163956,39;163778,71;163856,44;1,258865203E10;384119
WINFUT;24/09/2025;15:30:00;163784,26;163967,49;163706,53;163917,52;1,988639455E10;606830
WINFUT;24/09/2025;15:00:00;163734,29;163850,89;163634,35;163784,26;1,612270914E10;492284
WINFUT;24/09/2025;14:30:00;163700,98;163806,47;163462,22;163734,29;2,097136058E10;640699
WINFUT;24/09/2025;14:00:00;163817,58;163873,10;163601,03;163695,43;1,957302714E10;597734
WINFUT;24/09/2025;13:30:00;163678,77;163906,42;163639,90;163823,13;2,077643096E10;634257
WINFUT;24/09/2025;13:00:00;163551,06;163756,50;163412,25;163673,22;2,731756476E10;834993
WINFUT;24/09/2025;12:30:00;163517,75;163767,61;163512,20;163551,06;2,320716368E10;709048
WINFUT;24/09/2025;12:00:00;163634,35;163789,82;163478,88;163523,30;3,083514241E10;942064
WINFUT;24/09/2025;11:30:00;164139,62;164156,27;163584,38;163639,90;3,737151775E10;1140392
WINFUT;24/09/2025;11:00:00;163784,26;164200,69;163667,66;164139,62;4,176139694E10;1274270
WINFUT;24/09/2025;10:30:00;163834,23;164117,41;163662,11;163784,26;5,932380297E10;1810127
WINFUT;24/09/2025;10:00:00;163812,03;164228,45;163723,19;163834,23;4,983186022E10;1520001
WINFUT;24/09/2025;09:30:00;163739,84;164050,78;163673,22;163812,03;3,405272772E10;1039077
WINFUT;24/09/2025;09:00:00;163895,31;163928,63;163501,09;163734,29;4,05732193E10;1238979
WINFUT;23/09/2025;18:00:00;163823,13;163961,94;163745,40;163895,31;5186369057,00;158253
WINFUT;23/09/2025;17:30:00;163967,49;164006,36;163806,47;163828,68;6418238761,00;195772
WINFUT;23/09/2025;17:00:00;163973,04;164061,88;163895,31;163967,49;8802797176,00;268428
WINFUT;23/09/2025;16:30:00;164078,54;164128,51;163867,55;163973,04;1,829250082E10;557669
WINFUT;23/09/2025;16:00:00;164034,12;164184,04;164006,36;164078,54;1,442162227E10;439428
WINFUT;23/09/2025;15:30:00;164134,06;164356,16;164017,46;164034,12;1,692101809E10;515203
WINFUT;23/09/2025;15:00:00;164256,22;164372,82;164017,46;164128,51;1,705039154E10;519201
WINFUT;23/09/2025;14:30:00;164311,74;164428,34;163995,25;164250,66;2,658476055E10;809555
WINFUT;23/09/2025;14:00:00;164639,33;164767,04;164306,19;164311,74;2,143548389E10;651456
WINFUT;23/09/2025;13:30:00;164272,87;164683,75;164234,01;164644,88;2,710829341E10;824151
WINFUT;23/09/2025;13:00:00;164306,19;164345,05;164117,41;164272,87;1,704429064E10;518876
WINFUT;23/09/2025;12:30:00;163945,28;164372,82;163889,76;164306,19;2,33512569E10;711268
WINFUT;23/09/2025;12:00:00;163939,73;164511,63;163862,00;163939,73;4,891508425E10;1489870
WINFUT;23/09/2025;11:30:00;163689,87;164106,30;163523,30;163939,73;3,948462914E10;1205951
WINFUT;23/09/2025;11:00:00;163295,65;163762,05;163162,40;163695,43;5,017018495E10;1534301
WINFUT;23/09/2025;10:30:00;162512,77;163373,39;162501,66;163290,10;5,745207045E10;1762903
WINFUT;23/09/2025;10:00:00;162301,78;163117,98;162296,22;162507,21;6,154020164E10;1890965
WINFUT;23/09/2025;09:30:00;162579,40;162840,36;162257,36;162301,78;3,60121722E10;1107529
WINFUT;23/09/2025;09:00:00;162279,57;162673,79;162174,07;162579,40;3,467284512E10;1067158
WINFUT;22/09/2025;18:00:00;162423,93;162462,80;162351,75;162401,72;4162728521,00;128160
WINFUT;22/09/2025;17:30:00;162329,54;162435,03;162279,57;162418,38;6353086711,00;195669
WINFUT;22/09/2025;17:00:00;162418,38;162418,38;162262,91;162329,54;1,113685746E10;343001
WINFUT;22/09/2025;16:30:00;162496,11;162546,08;162396,17;162412,82;1,20150874E10;369749
WINFUT;22/09/2025;16:00:00;162540,53;162562,74;162285,12;162496,11;1,917929538E10;590363
WINFUT;22/09/2025;15:30:00;162657,13;162784,83;162518,32;162540,53;1,260086624E10;387385
WINFUT;22/09/2025;15:00:00;162707,10;162768,18;162573,84;162662,68;1,428204833E10;438963
WINFUT;22/09/2025;14:30:00;162479,45;162801,49;162440,59;162712,65;2,255887669E10;693466
WINFUT;22/09/2025;14:00:00;162296,22;162507,21;162262,91;162485,01;1,561186618E10;480611
WINFUT;22/09/2025;13:30:00;162396,17;162423,93;162212,94;162290,67;1,779449255E10;548100
WINFUT;22/09/2025;13:00:00;162274,01;162623,81;162190,73;162396,17;3,048600989E10;938378
WINFUT;22/09/2025;12:30:00;161913,11;162318,43;161824,27;162274,01;2,531436644E10;781188
WINFUT;22/09/2025;12:00:00;161496,68;161974,19;161480,02;161913,11;2,621487521E10;810645
WINFUT;22/09/2025;11:30:00;161585,52;161602,18;161285,69;161502,23;3,020275884E10;935615
WINFUT;22/09/2025;11:00:00;162207,39;162224,04;161346,77;161591,07;5,29156681E10;1636262
WINFUT;22/09/2025;10:30:00;161724,33;162329,54;161696,57;162212,94;5,422936139E10;1673071
WINFUT;22/09/2025;10:00:00;162307,33;162379,51;161613,28;161724,33;5,031036169E10;1552570
WINFUT;22/09/2025;09:30:00;162124,10;162573,84;162035,26;162312,88;3,49239293E10;1075911
WINFUT;22/09/2025;09:00:00;162879,22;162990,27;161996,40;162129,65;4,944421846E10;1522828
WINFUT;19/09/2025;18:00:00;163206,82;163229,02;163051,35;163062,45;4937076478,00;151327
WINFUT;19/09/2025;17:30:00;163284,55;163295,65;163184,61;163212,37;5337755252,00;163496
WINFUT;19/09/2025;17:00:00;163256,79;163340,07;163162,40;163290,10;1,379051732E10;422387
WINFUT;19/09/2025;16:30:00;163645,45;163645,45;163245,68;163256,79;2,273190727E10;695409
WINFUT;19/09/2025;16:00:00;163623,24;163739,84;163584,38;163639,90;1,240600547E10;379008
WINFUT;19/09/2025;15:30:00;163606,59;163706,53;163551,06;163623,24;1,160406543E10;354608
WINFUT;19/09/2025;15:00:00;163695,43;163706,53;163523,30;163601,03;1,223286732E10;373842
WINFUT;19/09/2025;14:30:00;163617,69;163762,05;163501,09;163695,43;1,813898704E10;554289
WINFUT;19/09/2025;14:00:00;163523,30;163662,11;163440,02;163623,24;1,877326677E10;573910
WINFUT;19/09/2025;13:30:00;163284,55;163573,27;163256,79;163517,75;1,399479917E10;428245
WINFUT;19/09/2025;13:00:00;163312,31;163473,33;163223,47;163290,10;1,506540943E10;461192
WINFUT;19/09/2025;12:30:00;163251,23;163356,73;163173,50;163306,76;1,314849749E10;402681
WINFUT;19/09/2025;12:00:00;163328,97;163356,73;163001,38;163256,79;2,418491443E10;741037
WINFUT;19/09/2025;11:30:00;163251,23;163528,85;163201,26;163328,97;2,759900097E10;844838
WINFUT;19/09/2025;11:00:00;163251,23;163445,57;163068,01;163256,79;3,836554226E10;1175125
WINFUT;19/09/2025;10:30:00;163517,75;163573,27;163134,63;163245,68;5,21800321E10;1597472
WINFUT;19/09/2025;10:00:00;163417,81;164039,67;163306,76;163517,75;5,819152418E10;1777510
WINFUT;19/09/2025;09:30:00;163262,34;163562,17;163212,37;163423,36;3,272934801E10;1001730
WINFUT;19/09/2025;09:00:00;162940,30;163323,42;162612,71;163256,79;4,311856502E10;1322440
WINFUT;18/09/2025;18:00:00;162995,82;163384,49;162995,82;163356,73;5390733701,00;165152
WINFUT;18/09/2025;17:30:00;163034,69;163101,32;162979,17;162995,82;3752377724,00;115071
WINFUT;18/09/2025;17:00:00;162868,12;163095,77;162845,91;163034,69;9644333501,00;295830
WINFUT;18/09/2025;16:30:00;163001,38;163045,80;162779,28;162868,12;1,775573559E10;544917
WINFUT;18/09/2025;16:00:00;163217,92;163245,68;162990,27;163001,38;1,353226902E10;414838
WINFUT;18/09/2025;15:30:00;163095,77;163262,34;163051,35;163217,92;1,311164289E10;401821
WINFUT;18/09/2025;15:00:00;163117,98;163212,37;163045,80;163101,32;1,488633173E10;456284
WINFUT;18/09/2025;14:30:00;163262,34;163340,07;162918,09;163117,98;2,160826966E10;662249
WINFUT;18/09/2025;14:00:00;163267,89;163367,83;163151,29;163262,34;1,718130901E10;526228
WINFUT;18/09/2025;13:30:00;163140,19;163284,55;162990,27;163267,89;1,744688719E10;534779
WINFUT;18/09/2025;13:00:00;162995,82;163267,89;162968,06;163134,63;1,686512501E10;516982
WINFUT;18/09/2025;12:30:00;162962,51;163201,26;162895,88;162990,27;1,962255458E10;601887
WINFUT;18/09/2025;12:00:00;162823,70;163095,77;162573,84;162962,51;2,648570921E10;813259
WINFUT;18/09/2025;11:30:00;162962,51;163018,03;162668,23;162829,25;2,777970791E10;853134
WINFUT;18/09/2025;11:00:00;162696,00;163156,84;162651,58;162968,06;3,840346816E10;1178764
WINFUT;18/09/2025;10:30:00;163145,74;163240,13;162490,56;162690,44;5,902540377E10;1812597
WINFUT;18/09/2025;10:00:00;163051,35;163301,21;162857,01;163140,19;4,514566508E10;1384103
WINFUT;18/09/2025;09:30:00;163356,73;163395,60;162829,25;163051,35;3,439673232E10;1054483
WINFUT;18/09/2025;09:00:00;163351,18;163678,77;162918,09;163356,73;4,760181413E10;1457324
WINFUT;17/09/2025;18:00:00;163195,71;163317,86;163112,42;163234,58;4206455928,00;128878
WINFUT;17/09/2025;17:30:00;163295,65;163367,83;163129,08;163195,71;6078315395,00;186183
WINFUT;17/09/2025;17:00:00;163251,23;163412,25;163156,84;163301,21;1,166023487E10;357064
WINFUT;17/09/2025;16:30:00;163362,28;163445,57;163029,14;163251,23;2,303284913E10;705519
WINFUT;17/09/2025;16:00:00;163251,23;163551,06;163062,45;163362,28;3,819123896E10;1169160
WINFUT;17/09/2025;15:30:00;163928,63;163973,04;162734,86;163256,79;6,109990787E10;1871336
WINFUT;17/09/2025;15:00:00;163417,81;164234,01;163301,21;163928,63;6,067978614E10;1852373
WINFUT;17/09/2025;14:30:00;163362,28;163617,69;163045,80;163423,36;3,232059842E10;989189
WINFUT;17/09/2025;14:00:00;163084,66;163495,54;163040,24;163356,73;3,200227518E10;979971
WINFUT;17/09/2025;13:30:00;162879,22;163095,77;162840,36;163090,22;1,959167479E10;601175
WINFUT;17/09/2025;13:00:00;162895,88;163217,92;162795,94;162879,22;2,701699029E10;828713
WINFUT;17/09/2025;12:30:00;162757,07;162906,99;162662,68;162895,88;1,63496513E10;502244
WINFUT;17/09/2025;12:00:00;162773,73;162951,41;162662,68;162751,52;2,35895003E10;724518
WINFUT;17/09/2025;11:30:00;162634,92;162984,72;162446,14;162779,28;3,503347453E10;1076347
WINFUT;17/09/2025;11:00:00;162990,27;163029,14;162607,16;162634,92;4,545564627E10;1396057
WINFUT;17/09/2025;10:30:00;162085,23;163040,24;162024,16;162984,72;7,427732449E10;2283961
WINFUT;17/09/2025;10:00:00;161357,87;162179,62;161213,51;162079,68;6,397556787E10;1978187
WINFUT;17/09/2025;09:30:00;161363,42;161652,15;161146,88;161357,87;3,636995787E10;1126974
WINFUT;17/09/2025;09:00:00;161463,37;161785,40;161246,82;161363,42;4,837574807E10;1497232
WINFUT;16/09/2025;18:00:00;161568,86;161635,49;161441,16;161546,65;4302586318,00;133159
WINFUT;16/09/2025;17:30:00;161602,18;161674,36;161546,65;161568,86;4827512779,00;149364
WINFUT;16/09/2025;17:00:00;161524,44;161657,70;161507,79;161602,18;9570621640,00;296141
WINFUT;16/09/2025;16:30:00;161574,41;161774,30;161474,47;161524,44;1,957218475E10;605447
WINFUT;16/09/2025;16:00:00;161263,48;161813,17;161252,38;161579,97;2,541834702E10;786782
WINFUT;16/09/2025;15:30:00;161485,58;161546,65;161202,40;161263,48;1,686661046E10;522608
WINFUT;16/09/2025;15:00:00;161474,47;161535,55;161252,38;161485,58;1,660026797E10;514259
WINFUT;16/09/2025;14:30:00;161518,89;161563,31;161274,59;161474,47;2,162638481E10;669915
WINFUT;16/09/2025;14:00:00;161180,19;161607,73;161074,70;161524,44;2,622879025E10;812901
WINFUT;16/09/2025;13:30:00;161307,90;161424,50;161124,67;161174,64;1,485893165E10;460611
WINFUT;16/09/2025;13:00:00;161269,03;161507,79;161219,06;161307,90;2,024066578E10;627120
WINFUT;16/09/2025;12:30:00;161418,95;161646,59;161252,38;161263,48;2,711876605E10;839884
WINFUT;16/09/2025;12:00:00;161579,97;161613,28;161280,14;161418,95;2,28911665E10;708931
WINFUT;16/09/2025;11:30:00;161480,02;161785,40;161380,08;161579,97;3,231103467E10;999807
WINFUT;16/09/2025;11:00:00;161596,62;161790,96;161357,87;161474,47;4,105129059E10;1270295
WINFUT;16/09/2025;10:30:00;161796,51;162368,41;161502,23;161596,62;7,010863072E10;2166234
WINFUT;16/09/2025;10:00:00;162229,60;162290,67;161691,01;161802,06;5,397164385E10;1666284
WINFUT;16/09/2025;09:30:00;162290,67;162418,38;161685,46;162229,60;5,482032687E10;1691383
WINFUT;16/09/2025;09:00:00;161707,67;162357,30;161274,59;162290,67;6,329282554E10;1953633
WINFUT;15/09/2025;18:00:00;160952,55;161030,28;160669,38;160785,98;7262300404,00;225790
WINFUT;15/09/2025;17:30:00;161058,04;161063,59;160908,13;160952,55;6435137979,00;199853
WINFUT;15/09/2025;17:00:00;161080,25;161180,19;160963,65;161058,04;1,264562131E10;392555
WINFUT;15/09/2025;16:30:00;161280,14;161341,21;160908,13;161080,25;2,41741347E10;750219
WINFUT;15/09/2025;16:00:00;161468,92;161552,20;161252,38;161280,14;1,640183468E10;508135
WINFUT;15/09/2025;15:30:00;161696,57;161757,64;161424,50;161468,92;1,86664231E10;577720
WINFUT;15/09/2025;15:00:00;161757,64;161818,72;161596,62;161702,12;2,012680019E10;622288
WINFUT;15/09/2025;14:30:00;161507,79;161913,11;161502,23;161757,64;2,765148057E10;854686
WINFUT;15/09/2025;14:00:00;161396,74;161635,49;161324,56;161507,79;1,965797489E10;608702
WINFUT;15/09/2025;13:30:00;161291,24;161602,18;161280,14;161391,19;2,317330498E10;717584
WINFUT;15/09/2025;13:00:00;161385,63;161424,50;161280,14;161291,24;1,58267307E10;490476
WINFUT;15/09/2025;12:30:00;161246,82;161396,74;161130,22;161380,08;2,13290095E10;661300
WINFUT;15/09/2025;12:00:00;161169,09;161307,90;161063,59;161252,38;2,294523798E10;711750
WINFUT;15/09/2025;11:30:00;161174,64;161368,98;161052,49;161169,09;3,35992513E10;1042330
WINFUT;15/09/2025;11:00:00;160736,00;161213,51;160247,39;161169,09;5,221399747E10;1625138
WINFUT;15/09/2025;10:30:00;160375,10;160736,00;160258,50;160730,45;5,170501696E10;1610687
WINFUT;15/09/2025;10:00:00;160569,43;160647,17;160064,17;160369,55;5,487048711E10;1711327
WINFUT;15/09/2025;09:30:00;160480,59;160624,96;159969,77;160574,98;4,744988691E10;1479866
WINFUT;15/09/2025;09:00:00;160075,27;160969,20;159830,96;160480,59;5,363679545E10;1669480
WINFUT;12/09/2025;18:00:00;159953,12;160130,79;159880,94;160091,93;4774933037,00;149211
WINFUT;12/09/2025;17:30:00;159780,99;159986,43;159780,99;159947,57;5518407021,00;172587
WINFUT;12/09/2025;17:00:00;159714,36;159797,65;159642,18;159786,55;7008195854,00;219383
WINFUT;12/09/2025;16:30:00;159747,68;159858,73;159697,71;159714,36;1,089116116E10;340827
WINFUT;12/09/2025;16:00:00;159797,65;159953,12;159719,92;159753,23;1,166621333E10;364922
WINFUT;12/09/2025;15:30:00;160019,75;160036,40;159769,89;159797,65;1,228259044E10;384034
WINFUT;12/09/2025;15:00:00;159914,25;160019,75;159830,96;160019,75;1,109191166E10;346780
WINFUT;12/09/2025;14:30:00;159758,78;159964,22;159636,63;159914,25;1,981317958E10;619925
WINFUT;12/09/2025;14:00:00;160114,14;160164,11;159719,92;159764,34;1,990059892E10;622076
WINFUT;12/09/2025;13:30:00;160319,57;160391,76;160108,58;160108,58;1,306262922E10;407523
WINFUT;12/09/2025;13:00:00;160197,42;160325,13;160058,61;160325,13;1,408164764E10;439539
WINFUT;12/09/2025;12:30:00;160352,89;160458,38;160164,11;160197,42;1,737167376E10;541755
WINFUT;12/09/2025;12:00:00;160141,90;160563,88;160064,17;160352,89;2,54037018E10;792358
WINFUT;12/09/2025;11:30:00;160658,27;160741,56;160030,85;160136,35;2,947376563E10;919016
WINFUT;12/09/2025;11:00:00;160702,69;160874,81;160247,39;160658,27;4,690960626E10;1461003
WINFUT;12/09/2025;10:30:00;159764,34;160863,71;159692,16;160702,69;5,729725813E10;1788167
WINFUT;12/09/2025;10:00:00;159886,49;159936,46;159481,16;159769,89;4,720379381E10;1477441
WINFUT;12/09/2025;09:30:00;159758,78;159897,59;159408,98;159892,04;3,833644668E10;1200973
WINFUT;12/09/2025;09:00:00;160347,34;160508,36;159675,50;159764,34;4,824453118E10;1506537
WINFUT;11/09/2025;18:00:00;160830,39;160885,92;160747,11;160791,53;3753181308,00;116683
WINFUT;11/09/2025;17:30:00;160863,71;160935,89;160747,11;160830,39;5229759420,00;162554
WINFUT;11/09/2025;17:00:00;160935,89;161002,52;160747,11;160869,26;1,034132336E10;321431
WINFUT;11/09/2025;16:30:00;160885,92;161035,83;160813,74;160935,89;1,122239362E10;348715
WINFUT;11/09/2025;16:00:00;160824,84;160963,65;160741,56;160891,47;1,373702848E10;426994
WINFUT;11/09/2025;15:30:00;160769,32;160946,99;160569,43;160824,84;2,18693888E10;680100
WINFUT;11/09/2025;15:00:00;161468,92;161541,10;160680,48;160763,77;3,325525794E10;1032689
WINFUT;11/09/2025;14:30:00;161424,50;161579,97;161402,29;161468,92;1,259864474E10;390086
WINFUT;11/09/2025;14:00:00;161324,56;161674,36;161296,79;161430,05;2,157981E10;668068
WINFUT;11/09/2025;13:30:00;161302,35;161330,11;161108,01;161324,56;1,271522358E10;394367
WINFUT;11/09/2025;13:00:00;161213,51;161368,98;161180,19;161302,35;1,058477744E10;328086
WINFUT;11/09/2025;12:30:00;161230,17;161385,63;161180,19;161207,96;1,297359975E10;402159
WINFUT;11/09/2025;12:00:00;161552,20;161591,07;160946,99;161235,72;3,132110625E10;971298
WINFUT;11/09/2025;11:30:00;161280,14;161790,96;161241,27;161552,20;3,878910188E10;1200177
WINFUT;11/09/2025;11:00:00;160874,81;161352,32;160830,39;161280,14;3,982299634E10;1235718
WINFUT;11/09/2025;10:30:00;160114,14;160946,99;160014,19;160874,81;5,731058276E10;1784635
WINFUT;11/09/2025;10:00:00;160552,78;160663,82;159997,54;160119,69;4,73574833E10;1477218
WINFUT;11/09/2025;09:30:00;159542,24;160719,35;159220,20;160552,78;5,426568347E10;1692653
WINFUT;11/09/2025;09:00:00;160075,27;160702,69;159470,06;159547,79;5,758812669E10;1798526
WINFUT;10/09/2025;18:00:00;160275,16;160330,68;160158,56;160280,71;3506859442,00;109433
WINFUT;10/09/2025;17:30:00;160180,77;160375,10;160103,03;160280,71;8349964141,00;260555
WINFUT;10/09/2025;17:00:00;160008,64;160208,53;160003,09;160186,32;8386395095,00;261909
WINFUT;10/09/2025;16:30:00;159975,33;160097,48;159969,77;160008,64;1,145992307E10;358023
WINFUT;10/09/2025;16:00:00;159997,54;160108,58;159903,15;159969,77;1,503459132E10;469840
WINFUT;10/09/2025;15:30:00;159903,15;160030,85;159875,38;159991,98;1,098253341E10;343307
WINFUT;10/09/2025;15:00:00;159958,67;160041,96;159842,07;159897,59;1,702905353E10;532322
WINFUT;10/09/2025;14:30:00;160230,74;160302,92;159731,02;159958,67;2,978632058E10;930985
WINFUT;10/09/2025;14:00:00;160258,50;160425,07;160208,53;160236,29;1,540955011E10;480605
WINFUT;10/09/2025;13:30:00;160214,08;160302,92;160130,79;160264,05;1,224237808E10;382044
WINFUT;10/09/2025;13:00:00;160319,57;160497,25;160114,14;160208,53;1,981976909E10;618176
WINFUT;10/09/2025;12:30:00;160386,20;160608,30;160314,02;160325,13;1,747938411E10;544694
WINFUT;10/09/2025;12:00:00;160397,31;160547,22;160236,29;160380,65;2,509954926E10;782432
WINFUT;10/09/2025;11:30:00;160830,39;160908,13;160230,74;160397,31;3,42781805E10;1067538
WINFUT;10/09/2025;11:00:00;160413,97;160930,34;160413,97;160824,84;4,125907674E10;1283822
WINFUT;10/09/2025;10:30:00;159908,70;160680,48;159731,02;160413,97;6,438537541E10;2009345
WINFUT;10/09/2025;10:00:00;159647,74;160053,06;158975,90;159908,70;6,405670804E10;2007335
WINFUT;10/09/2025;09:30:00;159075,84;159708,81;159053,63;159647,74;5,326159453E10;1669633
WINFUT;10/09/2025;09:00:00;159664,39;159780,99;158759,35;159075,84;4,544025349E10;1427745
WINFUT;09/09/2025;18:00:00;159336,80;159470,06;159303,49;159470,06;3907162034,00;122568
WINFUT;09/09/2025;17:30:00;159286,83;159431,19;159275,73;159336,80;6619749653,00;207726
WINFUT;09/09/2025;17:00:00;159347,91;159353,46;159175,78;159286,83;1,221845686E10;383602
WINFUT;09/09/2025;16:30:00;159264,62;159381,22;159231,31;159347,91;1,375809414E10;431799
WINFUT;09/09/2025;16:00:00;159442,30;159514,48;159225,75;159270,17;1,790279523E10;561675
WINFUT;09/09/2025;15:30:00;159586,66;159647,74;159431,19;159442,30;1,23566882E10;387216
WINFUT;09/09/2025;15:00:00;159470,06;159614,42;159397,88;159586,66;1,283002481E10;402110
WINFUT;09/09/2025;14:30:00;159547,79;159719,92;159442,30;159470,06;1,946458775E10;609890
WINFUT;09/09/2025;14:00:00;159436,75;159570,00;159370,12;159547,79;1,49953439E10;470118
WINFUT;09/09/2025;13:30:00;159397,88;159642,18;159392,33;159442,30;1,801456989E10;564694
WINFUT;09/09/2025;13:00:00;159481,16;159625,53;159320,15;159392,33;1,88157738E10;589901
WINFUT;09/09/2025;12:30:00;159592,21;159658,84;159442,30;159481,16;1,584172268E10;496457
WINFUT;09/09/2025;12:00:00;159714,36;159753,23;159375,67;159586,66;3,156423369E10;989281
WINFUT;09/09/2025;11:30:00;159775,44;159980,88;159669,95;159714,36;3,538891145E10;1107180
WINFUT;09/09/2025;11:00:00;159547,79;159947,57;159475,61;159769,89;5,339962338E10;1671802
WINFUT;09/09/2025;10:30:00;159825,41;159986,43;159442,30;159547,79;5,770368587E10;1807078
WINFUT;09/09/2025;10:00:00;159947,57;160003,09;159631,08;159830,96;5,157617129E10;1613605
WINFUT;09/09/2025;09:30:00;159864,28;160436,17;159825,41;159947,57;4,378278393E10;1366825
WINFUT;09/09/2025;09:00:00;159830,96;160091,93;159525,58;159869,83;4,381950021E10;1370852
WINFUT;08/09/2025;18:00:00;159564,45;159725,47;159508,93;159675,50;4564531748,00;142973
WINFUT;08/09/2025;17:30:00;159570,00;159664,39;159486,72;159570,00;7705274498,00;241428
WINFUT;08/09/2025;17:00:00;159564,45;159647,74;159370,12;159570,00;1,409884011E10;441916
WINFUT;08/09/2025;16:30:00;159597,76;159675,50;159520,03;159558,90;1,182592139E10;370495
WINFUT;08/09/2025;16:00:00;159558,90;159631,08;159503,37;159592,21;1,198571744E10;375563
WINFUT;08/09/2025;15:30:00;159536,69;159619,97;159381,22;159558,90;1,824859298E10;572030
WINFUT;08/09/2025;15:00:00;159264,62;159564,45;159242,41;159542,24;1,950937933E10;611928
WINFUT;08/09/2025;14:30:00;159420,09;159464,51;159164,68;159270,17;1,799428995E10;564777
WINFUT;08/09/2025;14:00:00;159186,89;159442,30;159164,68;159420,09;1,710356804E10;536843
WINFUT;08/09/2025;13:30:00;159197,99;159242,41;158959,24;159186,89;2,015580275E10;633383
WINFUT;08/09/2025;13:00:00;159264,62;159320,15;159098,05;159203,55;1,529635584E10;480416
WINFUT;08/09/2025;12:30:00;159525,58;159531,14;159236,86;159264,62;1,878231185E10;589291
WINFUT;08/09/2025;12:00:00;159209,10;159686,60;159148,02;159525,58;3,129960854E10;981507
WINFUT;08/09/2025;11:30:00;159353,46;159425,64;159170,23;159214,65;2,657245274E10;833939
WINFUT;08/09/2025;11:00:00;159742,13;159803,20;159181,34;159353,46;4,202826684E10;1317314
WINFUT;08/09/2025;10:30:00;160647,17;160686,03;159625,53;159742,13;7,174255342E10;2241054
WINFUT;08/09/2025;10:00:00;160674,93;160963,65;160480,59;160647,17;5,390735776E10;1677207
WINFUT;08/09/2025;09:30:00;160741,56;160763,77;160547,22;160680,48;1,986869933E10;618306
WINFUT;08/09/2025;09:00:00;160852,60;161046,94;160569,43;160741,56;3,312137653E10;1030106
WINFUT;05/09/2025;18:00:00;160591,64;160686,03;160574,98;160630,51;2954411607,00;91968
WINFUT;05/09/2025;17:30:00;160547,22;160619,40;160530,57;160591,64;3338903917,00;103970
WINFUT;05/09/2025;17:00:00;160569,43;160686,03;160447,28;160547,22;9923745035,00;308987
WINFUT;05/09/2025;16:30:00;160463,94;160591,64;160380,65;160569,43;1,120706533E10;349102
WINFUT;05/09/2025;16:00:00;160602,75;160686,03;160380,65;160463,94;1,417864547E10;441604
WINFUT;05/09/2025;15:30:00;160369,55;160658,27;160308,47;160602,75;1,680030501E10;523269
WINFUT;05/09/2025;15:00:00;160330,68;160491,70;160241,84;160375,10;1,344992775E10;419321
WINFUT;05/09/2025;14:30:00;160286,26;160430,62;160147,45;160330,68;1,642656869E10;512425
WINFUT;05/09/2025;14:00:00;160502,80;160525,01;160130,79;160286,26;1,742543668E10;543389
WINFUT;05/09/2025;13:30:00;160230,74;160525,01;160153,00;160508,36;1,909358227E10;595363
WINFUT;05/09/2025;13:00:00;160191,87;160319,57;160014,19;160225,18;1,789070553E10;558483
WINFUT;05/09/2025;12:30:00;160252,95;160824,84;160169,66;160191,87;2,639128135E10;822313
WINFUT;05/09/2025;12:00:00;160114,14;160386,20;159830,96;160247,39;3,103440337E10;969314
WINFUT;05/09/2025;11:30:00;160486,15;160519,46;159775,44;160119,69;4,933055785E10;1539870
WINFUT;05/09/2025;11:00:00;161363,42;161535,55;160441,73;160486,15;4,992547827E10;1550169
WINFUT;05/09/2025;10:30:00;160919,23;161463,37;160885,92;161363,42;5,074935122E10;1573863
WINFUT;05/09/2025;10:00:00;160125,24;160996,97;159919,80;160919,23;5,479484125E10;1707678
WINFUT;05/09/2025;09:30:00;159159,13;160386,20;159142,47;160119,69;4,578883257E10;1432538
WINFUT;05/09/2025;09:00:00;159064,74;159442,30;158975,90;159159,13;3,40548345E10;1069536
WINFUT;04/09/2025;18:00:00;158803,77;158920,37;158759,35;158759,35;3819018873,00;120226
WINFUT;04/09/2025;17:30:00;158870,40;158875,95;158764,91;158809,33;4926224768,00;155098
WINFUT;04/09/2025;17:00:00;158870,40;158920,37;158737,15;158870,40;1,100212778E10;346372
WINFUT;04/09/2025;16:30:00;159103,60;159142,47;158731,59;158870,40;2,032594856E10;639512
WINFUT;04/09/2025;16:00:00;159036,97;159120,26;158998,11;159103,60;1,020951777E10;320920
WINFUT;04/09/2025;15:30:00;159064,74;159120,26;158981,45;159042,53;1,336564843E10;420162
WINFUT;04/09/2025;15:00:00;159253,52;159331,25;159053,63;159064,74;1,995023219E10;626591
WINFUT;04/09/2025;14:30:00;158803,77;159347,91;158753,80;159253,52;3,018425538E10;948763
WINFUT;04/09/2025;14:00:00;158565,02;158864,85;158492,84;158798,22;2,236717095E10;704558
WINFUT;04/09/2025;13:30:00;158509,50;158648,31;158415,11;158565,02;1,756758647E10;554096
WINFUT;04/09/2025;13:00:00;158387,34;158576,13;158320,72;158509,50;1,88827932E10;595790
WINFUT;04/09/2025;12:30:00;158004,23;158409,55;157970,92;158381,79;2,397934232E10;757972
WINFUT;04/09/2025;12:00:00;158048,65;158154,14;157837,66;158009,78;2,492150138E10;788696
WINFUT;04/09/2025;11:30:00;157610,01;158093,07;157565,59;158048,65;3,262680718E10;1033634
WINFUT;04/09/2025;11:00:00;157926,50;157976,47;157560,04;157610,01;3,361584327E10;1065576
WINFUT;04/09/2025;10:30:00;157937,60;158087,52;157526,73;157932,05;5,111075006E10;1619614
WINFUT;04/09/2025;10:00:00;157748,82;158031,99;157448,99;157937,60;4,493861837E10;1424663
WINFUT;04/09/2025;09:30:00;157382,36;157854,32;157371,26;157754,37;3,505119005E10;1111519
WINFUT;04/09/2025;09:00:00;157410,12;157754,37;157188,03;157382,36;4,113009968E10;1306232
WINFUT;03/09/2025;18:00:00;157504,52;157598,91;157404,57;157443,44;4337490143,00;137687
WINFUT;03/09/2025;17:30:00;157460,10;157587,80;157393,47;157498,96;5709187307,00;181241
WINFUT;03/09/2025;17:00:00;157460,10;157626,67;157365,71;157460,10;1,321304016E10;419424
WINFUT;03/09/2025;16:30:00;157276,87;157493,41;157271,32;157465,65;1,335751288E10;424333
WINFUT;03/09/2025;16:00:00;157337,94;157443,44;157232,45;157276,87;1,389561459E10;441558
WINFUT;03/09/2025;15:30:00;157404,57;157471,20;157271,32;157337,94;1,299873525E10;413046
WINFUT;03/09/2025;15:00:00;157426,78;157543,38;157360,15;157410,12;1,487653008E10;472439
WINFUT;03/09/2025;14:30:00;157565,59;157632,22;157321,29;157426,78;2,037477714E10;646940
WINFUT;03/09/2025;14:00:00;157571,14;157726,61;157365,71;157560,04;1,998117397E10;634101
WINFUT;03/09/2025;13:30:00;157610,01;157698,85;157493,41;157571,14;1,513591439E10;480230
WINFUT;03/09/2025;13:00:00;157626,67;157771,03;157460,10;157610,01;1,96801548E10;624370
WINFUT;03/09/2025;12:30:00;157721,06;157865,42;157560,04;157626,67;1,994315763E10;632218
WINFUT;03/09/2025;12:00:00;158015,33;158015,33;157565,59;157726,61;2,750559436E10;871512
WINFUT;03/09/2025;11:30:00;158143,04;158215,22;157865,42;158020,89;3,346923189E10;1059054
WINFUT;03/09/2025;11:00:00;157571,14;158387,34;157521,17;158148,59;4,864171213E10;1539042
WINFUT;03/09/2025;10:30:00;157876,53;157920,94;157487,86;157571,14;5,177850074E10;1641696
WINFUT;03/09/2025;10:00:00;158109,73;158148,59;157665,53;157870,97;5,673886173E10;1796393
WINFUT;03/09/2025;09:30:00;158342,93;158370,69;158043,10;158109,73;3,298695442E10;1042497
WINFUT;03/09/2025;09:00:00;158465,08;158592,78;158037,54;158348,48;3,363434327E10;1062340
WINFUT;02/09/2025;18:00:00;158048,65;158242,98;158020,89;158242,98;3679766245,00;116363
WINFUT;02/09/2025;17:30:00;158304,06;158354,03;158009,78;158054,20;6340815420,00;200407
WINFUT;02/09/2025;17:00:00;158259,64;158392,90;158154,14;158304,06;1,04895366E10;331368
WINFUT;02/09/2025;16:30:00;158237,43;158348,48;158143,04;158259,64;1,298114165E10;410128
WINFUT;02/09/2025;16:00:00;158015,33;158337,37;158009,78;158237,43;1,528923747E10;483366
WINFUT;02/09/2025;15:30:00;158098,62;158159,70;157815,45;158020,89;2,06390311E10;653217
WINFUT;02/09/2025;15:00:00;158409,55;158431,76;157959,81;158098,62;2,274836666E10;719320
WINFUT;02/09/2025;14:30:00;158498,39;158653,86;158337,37;158409,55;1,844650888E10;581884
WINFUT;02/09/2025;14:00:00;158565,02;158620,54;158409,55;158492,84;1,22514367E10;386433
WINFUT;02/09/2025;13:30:00;158331,82;158609,44;158326,27;158559,47;1,790090478E10;564870
WINFUT;02/09/2025;13:00:00;158181,91;158526,15;158104,17;158326,27;2,003285157E10;632606
WINFUT;02/09/2025;12:30:00;158431,76;158453,97;157776,58;158176,35;2,800775771E10;885864
WINFUT;02/09/2025;12:00:00;158753,80;158870,40;158109,73;158426,21;3,461157692E10;1092348
WINFUT;02/09/2025;11:30:00;158709,38;158837,09;158498,39;158759,35;2,77587381E10;874723
WINFUT;02/09/2025;11:00:00;158553,92;159075,84;158465,08;158709,38;4,569223632E10;1439271
WINFUT;02/09/2025;10:30:00;157832,11;158792,67;157737,72;158553,92;6,127412326E10;1937225
WINFUT;02/09/2025;10:00:00;157326,84;158187,46;157260,21;157826,55;6,364770583E10;2017984
WINFUT;02/09/2025;09:30:00;157987,57;158137,49;157321,29;157332,39;3,707432692E10;1175384
WINFUT;02/09/2025;09:00:00;158409,55;158570,57;157859,87;157987,57;5,72765903E10;1810059
WINFUT;01/09/2025;18:00:00;159342,36;159508,93;159225,75;159475,61;4523151227,00;141922
WINFUT;01/09/2025;17:30:00;159342,36;159425,64;159281,28;159342,36;5889015660,00;184775
WINFUT;01/09/2025;17:00:00;159331,25;159503,37;159220,20;159336,80;1,300201727E10;407890
WINFUT;01/09/2025;16:30:00;159220,20;159353,46;159114,71;159331,25;1,17003926E10;367373
WINFUT;01/09/2025;16:00:00;159153,57;159231,31;159059,18;159214,65;9568298000,00;300615
WINFUT;01/09/2025;15:30:00;159092,50;159220,20;158837,09;159153,57;1,459367643E10;458671
WINFUT;01/09/2025;15:00:00;159064,74;159297,94;159042,53;159092,50;1,74298264E10;547500
WINFUT;01/09/2025;14:30:00;159009,21;159092,50;158925,93;159064,74;8478703701,00;266585
WINFUT;01/09/2025;14:00:00;158948,14;159109,15;158925,93;159009,21;1,015967442E10;319437
WINFUT;01/09/2025;13:30:00;158987,00;159131,36;158881,51;158953,69;1,67684487E10;527299
WINFUT;01/09/2025;13:00:00;159125,81;159153,57;158914,82;158987,00;1,487462039E10;467649
WINFUT;01/09/2025;12:30:00;159281,28;159320,15;158998,11;159131,36;1,770174362E10;556154
WINFUT;01/09/2025;12:00:00;159414,54;159420,09;159109,15;159281,28;2,346436746E10;736737
WINFUT;01/09/2025;11:30:00;159847,62;159880,94;159314,59;159414,54;3,273670193E10;1025950
WINFUT;01/09/2025;11:00:00;159858,73;159964,22;159747,68;159847,62;2,116644654E10;662088
WINFUT;01/09/2025;10:30:00;159953,12;159980,88;159675,50;159864,28;3,522785187E10;1101963
WINFUT;01/09/2025;10:00:00;160141,90;160175,21;159642,18;159953,12;5,071389615E10;1585521
WINFUT;01/09/2025;09:30:00;159869,83;160186,32;159797,65;160141,90;2,87763276E10;899289
WINFUT;01/09/2025;09:00:00;159803,20;160075,27;159608,87;159869,83;3,033472252E10;949014
WINFUT;29/08/2025;18:00:00;159919,80;160419,52;159908,70;160014,19;5954418819,00;186014
WINFUT;29/08/2025;17:30:00;159880,94;160003,09;159819,86;159919,80;5606727461,00;175321
WINFUT;29/08/2025;17:00:00;159864,28;159936,46;159669,95;159880,94;1,124409109E10;351823
WINFUT;29/08/2025;16:30:00;160025,30;160091,93;159842,07;159869,83;1,369361712E10;428068
WINFUT;29/08/2025;16:00:00;160097,48;160119,69;160008,64;160025,30;1,123209486E10;350854
WINFUT;29/08/2025;15:30:00;159986,43;160136,35;159892,04;160103,03;1,435106351E10;448405
WINFUT;29/08/2025;15:00:00;160125,24;160169,66;159919,80;159991,98;1,246902494E10;389612
WINFUT;29/08/2025;14:30:00;160114,14;160286,26;160036,40;160125,24;1,567789195E10;489443
WINFUT;29/08/2025;14:00:00;160180,77;160202,97;159942,01;160114,14;1,802805643E10;563123
WINFUT;29/08/2025;13:30:00;160247,39;160441,73;160158,56;160180,77;1,802926623E10;562386
WINFUT;29/08/2025;13:00:00;160358,44;160375,10;160153,00;160252,95;1,489856765E10;464772
WINFUT;29/08/2025;12:30:00;160452,83;160486,15;160302,92;160363,99;1,704774291E10;531414
WINFUT;29/08/2025;12:00:00;160297,37;160769,32;160197,42;160447,28;3,901636114E10;1215518
WINFUT;29/08/2025;11:30:00;160108,58;160386,20;159942,01;160297,37;3,238689263E10;1011356
WINFUT;29/08/2025;11:00:00;159908,70;160164,11;159842,07;160114,14;3,56733181E10;1114673
WINFUT;29/08/2025;10:30:00;159980,88;160119,69;159764,34;159908,70;3,742068435E10;1169690
WINFUT;29/08/2025;10:00:00;159453,40;160180,77;159386,77;159986,43;4,701934922E10;1471684
WINFUT;29/08/2025;09:30:00;159275,73;159764,34;159197,99;159453,40;3,919621307E10;1228974
WINFUT;29/08/2025;09:00:00;158803,77;159375,67;158653,86;159275,73;3,289224892E10;1033691
WINFUT;28/08/2025;18:00:00;159497,82;159631,08;159386,77;159631,08;4611390932,00;144551
WINFUT;28/08/2025;17:30:00;159547,79;159603,32;159470,06;159497,82;6522472516,00;204433
WINFUT;28/08/2025;17:00:00;159497,82;159719,92;159353,46;159553,35;1,546908061E10;484804
WINFUT;28/08/2025;16:30:00;159758,78;159786,55;159492,27;159492,27;1,853358508E10;580580
WINFUT;28/08/2025;16:00:00;159808,76;159908,70;159669,95;159758,78;1,4359569E10;449327
WINFUT;28/08/2025;15:30:00;159958,67;160003,09;159769,89;159808,76;1,371787264E10;428950
WINFUT;28/08/2025;15:00:00;159997,54;160141,90;159908,70;159964,22;1,621791126E10;506769
WINFUT;28/08/2025;14:30:00;160114,14;160169,66;159880,94;159997,54;1,842801519E10;575888
WINFUT;28/08/2025;14:00:00;160158,56;160336,23;160091,93;160119,69;1,649739773E10;514902
WINFUT;28/08/2025;13:30:00;159969,77;160291,81;159892,04;160158,56;2,09838424E10;655250
WINFUT;28/08/2025;13:00:00;160003,09;160036,40;159875,38;159964,22;1,190466408E10;372124
WINFUT;28/08/2025;12:30:00;159892,04;160097,48;159830,96;159997,54;1,589239069E10;496681
WINFUT;28/08/2025;12:00:00;160136,35;160169,66;159836,52;159892,04;2,333524094E10;729206
WINFUT;28/08/2025;11:30:00;159897,59;160641,61;159825,41;160136,35;4,404789391E10;1373979
WINFUT;28/08/2025;11:00:00;159553,35;160064,17;159536,69;159892,04;5,405544536E10;1691045
WINFUT;28/08/2025;10:30:00;158742,70;159592,21;158431,76;159553,35;6,474381533E10;2036481
WINFUT;28/08/2025;10:00:00;158442,87;158887,06;158231,88;158742,70;5,477499326E10;1727540
WINFUT;28/08/2025;09:30:00;158598,34;158726,04;158381,79;158442,87;2,609312479E10;822788
WINFUT;28/08/2025;09:00:00;157854,32;158742,70;157815,45;158603,89;4,390916457E10;1386281
WINFUT;27/08/2025;18:00:00;157188,03;157276,87;156921,52;156921,52;4906970953,00;156177
WINFUT;27/08/2025;17:30:00;157138,06;157299,08;156971,49;157193,58;8186423370,00;260526
WINFUT;27/08/2025;17:00:00;157293,52;157387,92;157027,01;157138,06;1,145989007E10;364473
WINFUT;27/08/2025;16:30:00;157071,43;157426,78;157065,88;157293,52;2,063089616E10;655867
WINFUT;27/08/2025;16:00:00;156771,60;157243,55;156743,84;157071,43;2,415002263E10;768876
WINFUT;27/08/2025;15:30:00;156621,69;156910,41;156599,48;156766,05;1,836286163E10;585698
WINFUT;27/08/2025;15:00:00;156555,06;156743,84;156527,30;156616,13;1,780641546E10;568445
WINFUT;27/08/2025;14:30:00;156316,31;156593,92;156144,18;156555,06;2,202091896E10;703826
WINFUT;27/08/2025;14:00:00;155972,06;156349,62;155922,09;156321,86;1,988831346E10;636757
WINFUT;27/08/2025;13:30:00;155888,77;156066,45;155827,70;155972,06;1,506409998E10;482991
WINFUT;27/08/2025;13:00:00;155905,43;155966,50;155755,51;155888,77;1,481389793E10;475223
WINFUT;27/08/2025;12:30:00;155905,43;156233,02;155861,01;155905,43;2,643919734E10;847173
WINFUT;27/08/2025;12:00:00;155505,66;155933,19;155427,92;155905,43;2,443744628E10;785049
WINFUT;27/08/2025;11:30:00;155366,85;155611,15;155244,69;155505,66;2,645429137E10;850994
WINFUT;27/08/2025;11:00:00;155416,82;155638,91;155200,28;155361,29;3,64527078E10;1172627
WINFUT;27/08/2025;10:30:00;155588,94;155938,74;155383,50;155416,82;5,00203813E10;1606780
WINFUT;27/08/2025;10:00:00;155699,99;155910,98;155178,07;155588,94;5,721671513E10;1839130
WINFUT;27/08/2025;09:30:00;155733,30;155766,62;155505,66;155699,99;2,295962477E10;737559
WINFUT;27/08/2025;09:00:00;155577,84;156005,37;154955,97;155738,86;4,766374608E10;1532164
WINFUT;26/08/2025;18:00:00;155938,74;156099,76;155910,98;155949,85;4796372394,00;153727
WINFUT;26/08/2025;17:30:00;155922,09;155999,82;155872,11;155944,30;5689455990,00;182429
WINFUT;26/08/2025;17:00:00;155550,08;155966,50;155538,97;155910,98;1,48740976E10;477274
WINFUT;26/08/2025;16:30:00;155389,06;155711,09;155300,22;155550,08;1,791087308E10;576037
WINFUT;26/08/2025;16:00:00;155283,56;155466,79;155255,80;155389,06;1,126102522E10;362456
WINFUT;26/08/2025;15:30:00;155322,43;155322,43;155139,20;155278,01;1,386048078E10;446422
WINFUT;26/08/2025;15:00:00;155344,64;155394,61;155144,75;155322,43;1,567275135E10;504669
WINFUT;26/08/2025;14:30:00;155150,30;155366,85;155028,15;155344,64;1,453070818E10;468249
WINFUT;26/08/2025;14:00:00;154994,84;155200,28;154961,52;155144,75;1,231867244E10;397197
WINFUT;26/08/2025;13:30:00;154922,66;155144,75;154867,13;154994,84;1,503260762E10;484905
WINFUT;26/08/2025;13:00:00;155011,49;155122,54;154878,24;154922,66;1,422476152E10;458899
WINFUT;26/08/2025;12:30:00;155078,12;155200,28;154944,87;155005,94;1,469438038E10;473823
WINFUT;26/08/2025;12:00:00;155205,83;155311,32;155033,70;155072,57;2,052029885E10;661244
WINFUT;26/08/2025;11:30:00;155577,84;155616,70;154856,03;155205,83;4,359375256E10;1405198
WINFUT;26/08/2025;11:00:00;155910,98;155944,30;155461,24;155577,84;3,456637744E10;1110603
WINFUT;26/08/2025;10:30:00;155711,09;156055,34;155588,94;155910,98;4,522783034E10;1451137
WINFUT;26/08/2025;10:00:00;156144,18;156171,94;155694,44;155711,09;4,531653554E10;1453107
WINFUT;26/08/2025;09:30:00;156138,63;156282,99;155994,27;156144,18;2,223231002E10;711844
WINFUT;26/08/2025;09:00:00;156049,79;156238,57;155583,39;156138,63;4,629307937E10;1484058
WINFUT;25/08/2025;18:00:00;156177,50;156449,56;156160,84;156410,70;4858238739,00;155383
WINFUT;25/08/2025;17:30:00;156238,57;156277,44;156149,73;156183,05;4796855027,00;153531
WINFUT;25/08/2025;17:00:00;156194,15;156294,10;156022,03;156244,12;1,302615661E10;417096
WINFUT;25/08/2025;16:30:00;156138,63;156332,96;156133,08;156194,15;1,317024316E10;421484
WINFUT;25/08/2025;16:00:00;156188,60;156244,12;156094,21;156144,18;1,065190367E10;341020
WINFUT;25/08/2025;15:30:00;156316,31;156377,38;156116,42;156183,05;1,517363127E10;485536
WINFUT;25/08/2025;15:00:00;156233,02;156416,25;156194,15;156316,31;1,679924098E10;537335
WINFUT;25/08/2025;14:30:00;156277,44;156327,41;156060,90;156238,57;1,745790347E10;558763
WINFUT;25/08/2025;14:00:00;156316,31;156449,56;156255,23;156282,99;1,651725995E10;528172
WINFUT;25/08/2025;13:30:00;156516,19;156571,71;156244,12;156321,86;1,497212387E10;478691
WINFUT;25/08/2025;13:00:00;156621,69;156727,18;156416,25;156521,74;1,547403034E10;494170
WINFUT;25/08/2025;12:30:00;156688,31;156704,97;156438,46;156621,69;1,959866685E10;625800
WINFUT;25/08/2025;12:00:00;156816,02;157132,51;156671,66;156688,31;3,130903258E10;997666
WINFUT;25/08/2025;11:30:00;156810,47;156999,25;156710,52;156810,47;2,598882211E10;828526
WINFUT;25/08/2025;11:00:00;156460,67;156838,23;156210,81;156810,47;4,002972861E10;1278753
WINFUT;25/08/2025;10:30:00;156677,21;156871,54;156427,35;156466,22;3,74917794E10;1196814
WINFUT;25/08/2025;10:00:00;156977,04;157076,98;156649,45;156682,76;4,025652443E10;1283445
WINFUT;25/08/2025;09:30:00;156877,10;157226,90;156777,15;156977,04;3,374936392E10;1075078
WINFUT;25/08/2025;09:00:00;156332,96;157093,64;156332,96;156877,10;3,708938471E10;1182038
WINFUT;22/08/2025;18:00:00;156188,60;156493,98;156155,29;156288,54;4470190321,00;142998
WINFUT;22/08/2025;17:30:00;156255,23;156338,51;156149,73;156194,15;6000603518,00;192039
WINFUT;22/08/2025;17:00:00;156099,76;156421,80;156066,45;156260,78;1,642059121E10;525537
WINFUT;22/08/2025;16:30:00;155999,82;156116,42;155855,46;156099,76;1,572461898E10;504051
WINFUT;22/08/2025;16:00:00;156044,24;156171,94;155966,50;156005,37;1,064048514E10;340919
WINFUT;22/08/2025;15:30:00;155899,88;156149,73;155888,77;156038,69;1,333557912E10;427346
WINFUT;22/08/2025;15:00:00;155960,95;156349,62;155833,25;155894,32;2,23316176E10;715446
WINFUT;22/08/2025;14:30:00;155661,12;156083,10;155594,49;155960,95;2,058693525E10;660448
WINFUT;22/08/2025;14:00:00;155683,33;155755,51;155561,18;155666,68;1,291100058E10;414716
WINFUT;22/08/2025;13:30:00;155727,75;155888,77;155594,49;155688,89;1,567652662E10;503304
WINFUT;22/08/2025;13:00:00;155533,42;155938,74;155511,21;155727,75;2,009280771E10;644898
WINFUT;22/08/2025;12:30:00;155555,63;155677,78;155394,61;155533,42;1,566946634E10;503652
WINFUT;22/08/2025;12:00:00;155439,03;155600,05;155228,04;155555,63;2,263582103E10;728124
WINFUT;22/08/2025;11:30:00;154994,84;155616,70;154994,84;155439,03;3,064141E10;985721
WINFUT;22/08/2025;11:00:00;153362,44;155239,14;153362,44;154994,84;5,920355281E10;1912512
WINFUT;22/08/2025;10:30:00;153218,07;153745,55;153023,74;153367,99;4,847975447E10;1580056
WINFUT;22/08/2025;10:00:00;153062,61;153240,28;152640,63;153212,52;4,290848215E10;1403183
WINFUT;22/08/2025;09:30:00;153101,47;153456,83;153034,85;153057,05;3,320659014E10;1083443
WINFUT;22/08/2025;09:00:00;152318,59;153162,55;152140,91;153101,47;4,053586181E10;1326402
WINFUT;21/08/2025;18:00:00;152340,80;152374,11;152201,99;152290,83;3112259144,00;102194
WINFUT;21/08/2025;17:30:00;152218,64;152379,66;152152,02;152335,24;4502458858,00;147870
WINFUT;21/08/2025;17:00:00;152318,59;152340,80;152096,49;152218,64;8711243849,00;286199
WINFUT;21/08/2025;16:30:00;152296,38;152446,29;152251,96;152318,59;8859143216,00;290743
WINFUT;21/08/2025;16:00:00;152412,98;152468,50;152285,27;152301,93;8324311715,00;273138
WINFUT;21/08/2025;15:30:00;152468,50;152524,03;152351,90;152412,98;1,17495233E10;385420
WINFUT;21/08/2025;15:00:00;152213,09;152568,44;152185,33;152474,05;1,688244789E10;553816
WINFUT;21/08/2025;14:30:00;152218,64;152235,30;152035,42;152207,54;1,443511185E10;474415
WINFUT;21/08/2025;14:00:00;151974,34;152535,13;151968,79;152218,64;2,533342076E10;831676
WINFUT;21/08/2025;13:30:00;151841,08;152013,21;151724,48;151974,34;1,128218907E10;371419
WINFUT;21/08/2025;13:00:00;151835,53;151963,23;151668,96;151835,53;1,288805881E10;424421
WINFUT;21/08/2025;12:30:00;151952,13;152090,94;151741,14;151835,53;1,373833949E10;452073
WINFUT;21/08/2025;12:00:00;152013,21;152135,36;151841,08;151952,13;1,582298987E10;520580
WINFUT;21/08/2025;11:30:00;151935,47;152263,06;151763,35;152013,21;2,283502411E10;751015
WINFUT;21/08/2025;11:00:00;152090,94;152346,35;151907,71;151935,47;2,256496232E10;741721
WINFUT;21/08/2025;10:30:00;152518,47;152579,55;151302,50;152090,94;2,429547678E10;798423
WINFUT;21/08/2025;10:00:00;151552,36;152762,78;151552,36;152762,78;1703151861,00;56080
WINFUT;21/08/2025;09:00:00;152090,94;152113,15;150913,83;151419,10;3,636721107E10;1201374
WINFUT;20/08/2025;18:00:00;152207,54;152329,69;152035,42;152296,38;4986862952,00;163861
WINFUT;20/08/2025;17:30:00;152307,48;152307,48;152085,39;152207,54;7640426784,00;250993
WINFUT;20/08/2025;17:00:00;152318,59;152585,10;152240,85;152301,93;1,545559014E10;507061
WINFUT;20/08/2025;16:30:00;152218,64;152440,74;152179,78;152313,04;1,316143976E10;431993
WINFUT;20/08/2025;16:00:00;152346,35;152401,87;152163,12;152224,20;1,401398523E10;460198
WINFUT;20/08/2025;15:30:00;152346,35;152535,13;152340,80;152351,90;1,238119279E10;406124
WINFUT;20/08/2025;15:00:00;152512,92;152546,24;152296,38;152351,90;1,708444777E10;560480
WINFUT;20/08/2025;14:30:00;152313,04;152651,73;152263,06;152507,37;1,452973635E10;476533
WINFUT;20/08/2025;14:00:00;152712,81;152873,83;151935,47;152313,04;3,811266079E10;1250836
WINFUT;20/08/2025;13:30:00;152557,34;152779,44;152535,13;152707,25;1,557195986E10;509970
WINFUT;20/08/2025;13:00:00;152618,42;152668,39;152418,53;152557,34;1,658152067E10;543452
WINFUT;20/08/2025;12:30:00;152407,43;152673,94;152379,66;152623,97;1,92326506E10;630343
WINFUT;20/08/2025;12:00:00;152024,31;152435,19;151957,68;152401,87;2,373781691E10;779785
WINFUT;20/08/2025;11:30:00;152057,63;152318,59;151857,74;152024,31;3,131859084E10;1029498
WINFUT;20/08/2025;11:00:00;152285,27;152479,61;151929,92;152063,18;4,089410697E10;1342973
WINFUT;20/08/2025;10:30:00;151996,55;152612,86;151952,13;152285,27;5,935184265E10;1948441
WINFUT;20/08/2025;10:00:00;151796,66;152135,36;151757,80;152002,10;4,2987842E10;1414746
WINFUT;20/08/2025;09:30:00;151935,47;152196,44;151735,59;151791,11;3,227890831E10;1062393
WINFUT;20/08/2025;09:00:00;151907,71;152224,20;151535,70;151935,47;5,119696194E10;1685758
WINFUT;19/08/2025;18:00:00;151774,45;151802,22;151302,50;151569,02;7262147979,00;239479
WINFUT;19/08/2025;17:30:00;151868,84;151941,03;151713,38;151785,56;8005719060,00;263659
WINFUT;19/08/2025;17:00:00;152107,60;152257,51;151607,88;151874,40;2,05493146E10;676311
WINFUT;19/08/2025;16:30:00;152002,10;152124,25;151891,05;152102,04;1,697751056E10;558376
WINFUT;19/08/2025;16:00:00;151941,03;152040,97;151841,08;151996,55;1,44269089E10;474766
WINFUT;19/08/2025;15:30:00;151985,44;152029,86;151763,35;151935,47;1,942213292E10;639403
WINFUT;19/08/2025;15:00:00;152462,95;152462,95;151868,84;151985,44;2,913962514E10;957655
WINFUT;19/08/2025;14:30:00;152524,03;152612,86;152407,43;152462,95;1,247953038E10;409110
WINFUT;19/08/2025;14:00:00;152662,84;152696,15;152296,38;152529,58;2,373972165E10;778372
WINFUT;19/08/2025;13:30:00;152618,42;152796,09;152507,37;152662,84;2,113351839E10;692128
WINFUT;19/08/2025;13:00:00;152363,01;152851,62;152324,14;152623,97;2,38047123E10;779916
WINFUT;19/08/2025;12:30:00;152279,72;152485,16;152185,33;152357,45;2,015990304E10;661798
WINFUT;19/08/2025;12:00:00;152585,10;152640,63;152213,09;152285,27;2,947868732E10;966858
WINFUT;19/08/2025;11:30:00;152740,57;152757,23;152468,50;152590,65;2,907537951E10;952629
WINFUT;19/08/2025;11:00:00;153157,00;153190,31;152557,34;152740,57;4,093525257E10;1338444
WINFUT;19/08/2025;10:30:00;153123,68;153395,75;152912,69;153162,55;4,397895271E10;1436118
WINFUT;19/08/2025;10:00:00;154167,53;154256,37;152884,93;153118,13;7,137186865E10;2324928
WINFUT;19/08/2025;09:30:00;155261,35;155266,90;154100,90;154161,98;5,32867843E10;1723607
WINFUT;19/08/2025;09:00:00;155655,57;155688,89;154978,18;155266,90;4,054104247E10;1305986
WINFUT;18/08/2025;18:00:00;155661,12;155672,23;155522,31;155550,08;4161887443,00;133740
WINFUT;18/08/2025;17:30:00;155683,33;155744,41;155538,97;155661,12;7345235782,00;235983
WINFUT;18/08/2025;17:00:00;155777,72;155783,28;155644,47;155683,33;7448569996,00;239198
WINFUT;18/08/2025;16:30:00;155733,30;155833,25;155677,78;155777,72;1,219943009E10;391633
WINFUT;18/08/2025;16:00:00;155861,01;155883,22;155655,57;155727,75;1,125638623E10;361328
WINFUT;18/08/2025;15:30:00;155711,09;155972,06;155677,78;155861,01;1,317333716E10;422797
WINFUT;18/08/2025;15:00:00;155744,41;155849,90;155622,26;155716,65;1,388733608E10;445888
WINFUT;18/08/2025;14:30:00;155600,05;155799,93;155538,97;155749,96;1,27874029E10;410741
WINFUT;18/08/2025;14:00:00;155777,72;155849,90;155489,00;155594,49;2,361063576E10;758545
WINFUT;18/08/2025;13:30:00;156077,55;156183,05;155744,41;155783,28;2,029932308E10;650566
WINFUT;18/08/2025;13:00:00;156310,75;156316,31;155916,53;156077,55;1,855492213E10;594331
WINFUT;18/08/2025;12:30:00;156282,99;156377,38;156116,42;156316,31;1,992642306E10;637633
WINFUT;18/08/2025;12:00:00;155983,16;156316,31;155955,40;156282,99;2,444908891E10;782990
WINFUT;18/08/2025;11:30:00;155400,16;156022,03;155344,64;155983,16;3,834936272E10;1230592
WINFUT;18/08/2025;11:00:00;154944,87;155483,45;154944,87;155400,16;3,385907134E10;1090223
WINFUT;18/08/2025;10:30:00;155261,35;155327,98;154883,79;154950,42;3,906888589E10;1259905
WINFUT;18/08/2025;10:00:00;154744,98;155339,09;154650,59;155255,80;4,890690126E10;1577657
WINFUT;18/08/2025;09:30:00;154839,37;154900,45;154572,86;154744,98;3,099252847E10;1001495
WINFUT;18/08/2025;09:00:00;154683,90;155794,38;154306,34;154839,37;4,79544553E10;1545197
WINFUT;15/08/2025;18:00:00;154822,71;156377,38;154661,69;154794,95;6438675918,00;207556
WINFUT;15/08/2025;17:30:00;154833,82;154872,68;154772,74;154822,71;3330385122,00;107558
WINFUT;15/08/2025;17:00:00;154517,33;155133,65;154511,78;154839,37;1,367997078E10;441949
WINFUT;15/08/2025;16:30:00;154123,11;154650,59;154112,01;154517,33;2,252268405E10;729202
WINFUT;15/08/2025;16:00:00;153945,44;154139,77;153895,46;154117,56;1,052975705E10;341826
WINFUT;15/08/2025;15:30:00;153939,88;154039,83;153862,15;153945,44;1,221532307E10;396737
WINFUT;15/08/2025;15:00:00;153756,66;154045,38;153695,58;153939,88;1,662143563E10;540161
WINFUT;15/08/2025;14:30:00;154039,83;154050,93;153690,03;153756,66;1,618750645E10;525910
WINFUT;15/08/2025;14:00:00;153967,65;154095,35;153823,28;154034,27;1,482780587E10;481482
WINFUT;15/08/2025;13:30:00;154384,07;154467,36;153812,18;153973,20;2,158365532E10;700424
WINFUT;15/08/2025;13:00:00;154256,37;154439,60;154062,04;154389,63;1,667383477E10;540504
WINFUT;15/08/2025;12:30:00;154417,39;154545,09;154206,40;154256,37;1,578981388E10;511442
WINFUT;15/08/2025;12:00:00;154467,36;154522,88;154261,92;154422,94;1,63933957E10;530957
WINFUT;15/08/2025;11:30:00;154395,18;154783,85;154339,66;154467,36;3,282683921E10;1061956
WINFUT;15/08/2025;11:00:00;154517,33;154522,88;154145,32;154400,73;3,51817408E10;1139853
WINFUT;15/08/2025;10:30:00;154039,83;154611,72;153912,12;154511,78;4,449111433E10;1441944
WINFUT;15/08/2025;10:00:00;154167,53;154378,52;153878,81;154039,83;4,310170192E10;1398355
WINFUT;15/08/2025;09:30:00;154489,57;154561,75;154117,56;154167,53;3,327002882E10;1078079
WINFUT;15/08/2025;09:00:00;154911,55;154911,55;154273,03;154489,57;3,449459425E10;1115855
WINFUT;14/08/2025;18:00:00;154683,90;154811,61;154672,80;154800,50;2651137948,00;85664
WINFUT;14/08/2025;17:30:00;154761,64;154783,85;154672,80;154689,46;3183797587,00;102883
WINFUT;14/08/2025;17:00:00;154750,53;154817,16;154600,62;154756,08;9214152125,00;297798
WINFUT;14/08/2025;16:30:00;154933,76;154950,42;154622,83;154756,08;1,323524685E10;427449
WINFUT;14/08/2025;16:00:00;154950,42;155083,68;154800,50;154933,76;1,466129394E10;473107
WINFUT;14/08/2025;15:30:00;154844,92;154978,18;154695,01;154944,87;1,624097313E10;524472
WINFUT;14/08/2025;15:00:00;154989,28;155022,60;154706,11;154839,37;1,786645646E10;576923
WINFUT;14/08/2025;14:30:00;155233,59;155355,74;154906,00;154989,28;1,877851255E10;605247
WINFUT;14/08/2025;14:00:00;155228,04;155322,43;155111,44;155228,04;1,603397012E10;516498
WINFUT;14/08/2025;13:30:00;155389,06;155500,10;155122,54;155233,59;2,015546958E10;648724
WINFUT;14/08/2025;13:00:00;155527,87;155677,78;155355,74;155394,61;1,566578711E10;503728
WINFUT;14/08/2025;12:30:00;155666,68;155738,86;155389,06;155527,87;2,105230827E10;676749
WINFUT;14/08/2025;12:00:00;155766,62;155794,38;155300,22;155666,68;3,042772665E10;978366
WINFUT;14/08/2025;11:30:00;155305,77;155977,61;155250,25;155761,07;3,865152722E10;1241864
WINFUT;14/08/2025;11:00:00;154728,32;155350,19;154617,28;155305,77;4,989343692E10;1609058
WINFUT;14/08/2025;10:30:00;153939,88;154828,27;153795,52;154722,77;5,202396423E10;1685849
WINFUT;14/08/2025;10:00:00;154073,14;154145,32;153784,42;153945,44;4,20743099E10;1366437
WINFUT;14/08/2025;09:30:00;154911,55;154933,76;153912,12;154073,14;4,466913979E10;1448382
WINFUT;14/08/2025;09:00:00;154889,34;155289,11;154656,14;154911,55;4,772690014E10;1539991
WINFUT;13/08/2025;18:00:00;155128,09;155178,07;155017,05;155105,88;2807298913,00;90490
WINFUT;13/08/2025;17:30:00;155116,99;155183,62;155061,47;155122,54;4667570309,00;150443
WINFUT;13/08/2025;17:00:00;155166,96;155205,83;155055,91;155111,44;7213847998,00;232518
WINFUT;13/08/2025;16:30:00;155044,81;155216,93;155039,26;155166,96;1,339610302E10;431725
WINFUT;13/08/2025;16:00:00;155116,99;155172,51;154967,08;155039,26;1,804467598E10;581846
WINFUT;13/08/2025;15:30:00;155489,00;155561,18;155078,12;155116,99;1,679254223E10;540472
WINFUT;13/08/2025;15:00:00;155538,97;155605,60;155422,37;155494,55;1,125232619E10;361761
WINFUT;13/08/2025;14:30:00;155516,76;155616,70;155400,16;155533,42;1,724817492E10;554593
WINFUT;13/08/2025;14:00:00;155250,25;155588,94;155211,38;155511,21;2,396762572E10;771238
WINFUT;13/08/2025;13:30:00;155116,99;155250,25;154944,87;155250,25;1,74783616E10;563510
WINFUT;13/08/2025;13:00:00;155250,25;155350,19;155067,02;155122,54;1,846350846E10;594823
WINFUT;13/08/2025;12:30:00;155650,02;155749,96;155205,83;155250,25;2,106348248E10;677302
WINFUT;13/08/2025;12:00:00;155666,68;155894,32;155555,63;155644,47;1,81015482E10;581225
WINFUT;13/08/2025;11:30:00;155799,93;155999,82;155500,10;155666,68;2,450158358E10;786401
WINFUT;13/08/2025;11:00:00;155849,90;156027,58;155644,47;155799,93;3,060283314E10;981959
WINFUT;13/08/2025;10:30:00;155505,66;155894,32;155483,45;155855,46;4,020051793E10;1290844
WINFUT;13/08/2025;10:00:00;156049,79;156199,70;155294,67;155505,66;4,59187085E10;1473934
WINFUT;13/08/2025;09:30:00;156149,73;156360,72;155855,46;156049,79;2,752164063E10;881866
WINFUT;13/08/2025;09:00:00;156721,63;157071,43;155955,40;156149,73;1,809895327E10;579061
WINFUT;12/08/2025;18:00:00;156647,88;156852,10;156568,46;156721,63;5205966988,00;166144
WINFUT;12/08/2025;17:30:00;156687,59;156721,63;156545,77;156642,21;6635340720,00;211835
WINFUT;12/08/2025;17:00:00;156591,16;156749,99;156511,74;156687,59;9857900610,00;314687
WINFUT;12/08/2025;16:30:00;156647,88;156653,56;156415,30;156585,48;1,871403951E10;597722
WINFUT;12/08/2025;16:00:00;156778,36;156818,07;156613,85;156647,88;1,366194666E10;435821
WINFUT;12/08/2025;15:30:00;156761,34;156920,18;156704,61;156784,03;1,375947957E10;438715
WINFUT;12/08/2025;15:00:00;156954,21;156982,58;156761,34;156761,34;1,298327208E10;413782
WINFUT;12/08/2025;14:30:00;156744,32;157056,32;156659,23;156959,89;1,937286732E10;617527
WINFUT;12/08/2025;14:00:00;156965,56;156988,25;156574,14;156744,32;1,793829027E10;572126
WINFUT;12/08/2025;13:30:00;156806,72;157022,29;156801,05;156959,89;1,68021473E10;535337
WINFUT;12/08/2025;13:00:00;157050,65;157090,36;156749,99;156806,72;2,050938173E10;653538
WINFUT;12/08/2025;12:30:00;156784,03;157124,40;156693,27;157050,65;2,638489407E10;840704
WINFUT;12/08/2025;12:00:00;156506,06;156920,18;156386,94;156789,70;2,886764454E10;921150
WINFUT;12/08/2025;11:30:00;156239,44;156630,86;156216,75;156506,06;2,787351806E10;890795
WINFUT;12/08/2025;11:00:00;156228,10;156534,43;156069,26;156239,44;3,924290787E10;1255240
WINFUT;12/08/2025;10:30:00;155950,13;156352,90;155899,08;156233,77;4,126116398E10;1321119
WINFUT;12/08/2025;10:00:00;155354,49;156381,26;155224,02;155944,46;6,760212882E10;2167036
WINFUT;12/08/2025;09:30:00;154651,07;155462,27;154634,05;155348,82;4,645990038E10;1496549
WINFUT;12/08/2025;09:00:00;154679,43;154877,98;154378,77;154651,07;3,705123749E10;1197975
WINFUT;11/08/2025;18:00:00;154134,85;154208,59;154015,72;154129,17;3013088839,00;97745
WINFUT;11/08/2025;17:30:00;153970,34;154231,28;153958,99;154134,85;6035899755,00;195861
WINFUT;11/08/2025;17:00:00;154021,39;154095,14;153913,61;153970,34;7935751203,00;257685
WINFUT;11/08/2025;16:30:00;153919,28;154089,46;153907,93;154021,39;1,118878979E10;363253
WINFUT;11/08/2025;16:00:00;154089,46;154100,81;153845,53;153919,28;1,252353341E10;406703
WINFUT;11/08/2025;15:30:00;154180,23;154197,25;153913,61;154095,14;1,550642531E10;503272
WINFUT;11/08/2025;15:00:00;153976,01;154248,30;153930,63;154174,56;1,74989377E10;567849
WINFUT;11/08/2025;14:30:00;154049,75;154089,46;153743,42;153981,68;1,641732644E10;533234
WINFUT;11/08/2025;14:00:00;154010,04;154049,75;153783,13;154049,75;2,130778606E10;692176
WINFUT;11/08/2025;13:30:00;154565,98;154611,36;153936,30;154015,72;2,634452785E10;853928
WINFUT;11/08/2025;13:00:00;154605,69;154804,23;154429,83;154560,30;2,30684194E10;745886
WINFUT;11/08/2025;12:30:00;154134,85;154628,38;154072,45;154605,69;1,933766713E10;626480
WINFUT;11/08/2025;12:00:00;154202,92;154537,61;154072,45;154129,17;2,601270686E10;842913
WINFUT;11/08/2025;11:30:00;154191,57;154299,36;154021,39;154202,92;2,281214755E10;739884
WINFUT;11/08/2025;11:00:00;154015,72;154316,37;153760,44;154191,57;3,45303297E10;1120702
WINFUT;11/08/2025;10:30:00;154259,65;154469,54;153771,79;154010,04;5,183208051E10;1681730
WINFUT;11/08/2025;10:00:00;154089,46;154378,77;153794,48;154259,65;4,932657026E10;1599831
WINFUT;11/08/2025;09:30:00;154157,54;154180,23;153936,30;154089,46;2,706577433E10;878422
WINFUT;11/08/2025;09:00:00;154418,48;154730,49;154032,74;154157,54;4,216730473E10;1365571
WINFUT;08/08/2025;18:00:00;154577,32;154713,47;154531,94;154713,47;3390173115,00;109625
WINFUT;08/08/2025;17:30:00;154452,52;154611,36;154407,14;154582,99;5523722848,00;178736
WINFUT;08/08/2025;17:00:00;154333,39;154514,92;154236,96;154452,52;7616680935,00;246695
WINFUT;08/08/2025;16:30:00;154236,96;154429,83;154214,26;154327,72;1,092802714E10;354061
WINFUT;08/08/2025;16:00:00;154407,14;154446,85;154106,48;154236,96;1,416873781E10;459180
WINFUT;08/08/2025;15:30:00;154486,56;154571,65;154225,61;154407,14;1,961383575E10;635187
WINFUT;08/08/2025;15:00:00;154656,74;155053,83;154038,41;154486,56;3,862151516E10;1249021
WINFUT;08/08/2025;14:30:00;154730,49;154855,29;154600,01;154656,74;1,309744428E10;423270
WINFUT;08/08/2025;14:00:00;154639,72;154821,25;154605,69;154730,49;1,47019535E10;475130
WINFUT;08/08/2025;13:30:00;154668,09;154753,18;154497,90;154634,05;1,408340004E10;455327
WINFUT;08/08/2025;13:00:00;154736,16;154792,89;154560,30;154662,41;1,530450484E10;494688
WINFUT;08/08/2025;12:30:00;154855,29;154940,38;154617,03;154736,16;2,087704873E10;674428
WINFUT;08/08/2025;12:00:00;154770,20;155201,33;154741,83;154860,96;2,998718092E10;967318
WINFUT;08/08/2025;11:30:00;154548,96;154883,65;154469,54;154770,20;3,108448251E10;1004766
WINFUT;08/08/2025;11:00:00;154129,17;154679,43;154066,77;154548,96;4,28104249E10;1386393
WINFUT;08/08/2025;10:30:00;154719,14;154912,02;153981,68;154129,17;5,988136055E10;1938132
WINFUT;08/08/2025;10:00:00;154724,81;155025,47;154554,63;154719,14;5,161678618E10;1667638
WINFUT;08/08/2025;09:30:00;154531,94;154798,56;154441,18;154724,81;2,546069409E10;823270
WINFUT;08/08/2025;09:00:00;155099,22;155161,62;154412,81;154531,94;3,724649532E10;1203288
WINFUT;07/08/2025;18:00:00;155212,67;155587,08;155184,31;155501,98;6141216924,00;197633
WINFUT;07/08/2025;17:30:00;155201,33;155303,44;155099,22;155212,67;7635967405,00;246024
WINFUT;07/08/2025;17:00:00;155269,40;155314,78;155133,25;155201,33;1,143771991E10;368446
WINFUT;07/08/2025;16:30:00;155360,16;155519,00;155053,83;155263,73;2,054943494E10;661495
WINFUT;07/08/2025;16:00:00;155354,49;155462,27;155280,75;155360,16;1,206889616E10;388354
WINFUT;07/08/2025;15:30:00;155360,16;155467,95;155252,38;155348,82;1,318274559E10;424285
WINFUT;07/08/2025;15:00:00;155343,15;155541,69;155252,38;155365,84;1,782366154E10;573564
WINFUT;07/08/2025;14:30:00;155377,18;155382,86;155121,91;155343,15;1,986245712E10;639651
WINFUT;07/08/2025;14:00:00;155660,82;155734,57;155303,44;155377,18;2,113064496E10;679459
WINFUT;07/08/2025;13:30:00;155371,51;155734,57;155172,96;155655,15;2,582799029E10;830897
WINFUT;07/08/2025;13:00:00;155036,82;155399,87;154957,40;155371,51;2,512025727E10;809389
WINFUT;07/08/2025;12:30:00;154900,67;155070,85;154651,07;155036,82;2,261733754E10;730277
WINFUT;07/08/2025;12:00:00;154696,45;155002,78;154690,78;154900,67;2,795492671E10;902558
WINFUT;07/08/2025;11:30:00;154299,36;154753,18;154293,68;154696,45;2,865572978E10;927007
WINFUT;07/08/2025;11:00:00;154548,96;154634,05;154151,86;154299,36;3,951965906E10;1279901
WINFUT;07/08/2025;10:30:00;154202,92;154860,96;154191,57;154548,96;5,447826459E10;1761438
WINFUT;07/08/2025;10:00:00;153885,24;154384,45;153624,30;154197,25;6,290561977E10;2043477
WINFUT;07/08/2025;09:30:00;153471,13;154044,08;153374,69;153885,24;4,132512032E10;1343966
WINFUT;07/08/2025;09:00:00;153420,08;153692,37;153204,51;153476,80;3,891570039E10;1267785
WINFUT;06/08/2025;18:00:00;152898,18;153130,77;152762,04;152915,20;4935630380,00;161360
WINFUT;06/08/2025;17:30:00;152909,53;152977,60;152659,93;152903,85;1,117539532E10;365670
WINFUT;06/08/2025;17:00:00;152937,89;153005,96;152773,38;152909,53;1,189499774E10;388972
WINFUT;06/08/2025;16:30:00;153091,06;153113,75;152767,71;152937,89;1,675323773E10;547586
WINFUT;06/08/2025;16:00:00;153181,82;153255,57;152954,91;153091,06;1,385622421E10;452494
WINFUT;06/08/2025;15:30:00;153176,15;153334,99;153011,64;153181,82;2,055405307E10;671062
WINFUT;06/08/2025;15:00:00;153357,68;153448,44;153113,75;153176,15;1,803217661E10;588199
WINFUT;06/08/2025;14:30:00;153221,53;153516,51;153198,84;153357,68;1,785544487E10;582081
WINFUT;06/08/2025;14:00:00;152966,26;153289,60;152932,22;153221,53;2,068427361E10;675279
WINFUT;06/08/2025;13:30:00;153323,64;153403,06;152949,24;152971,93;1,893538566E10;617948
WINFUT;06/08/2025;13:00:00;153329,31;153420,08;153130,77;153323,64;1,54638045E10;504421
WINFUT;06/08/2025;12:30:00;153493,82;153516,51;153125,09;153329,31;2,046253401E10;667174
WINFUT;06/08/2025;12:00:00;152949,24;153522,19;152869,82;153493,82;2,370326016E10;773580
WINFUT;06/08/2025;11:30:00;153068,36;153431,42;152818,76;152954,91;3,440207258E10;1123384
WINFUT;06/08/2025;11:00:00;153629,97;153646,99;152892,51;153068,36;4,050061905E10;1321218
WINFUT;06/08/2025;10:30:00;153187,49;153828,52;153091,06;153629,97;5,795771428E10;1888386
WINFUT;06/08/2025;10:00:00;152750,69;153357,68;152455,71;153187,49;6,321934095E10;2066991
WINFUT;06/08/2025;09:30:00;152586,18;153119,42;152438,69;152750,69;3,929635895E10;1286195
WINFUT;06/08/2025;09:00:00;151757,95;153051,35;151735,26;152574,83;5,696645815E10;1866647
WINFUT;05/08/2025;18:00:00;151445,95;151519,70;151377,88;151485,66;3468313104,00;114507
WINFUT;05/08/2025;17:30:00;151462,97;151536,72;151389,22;151440,28;5891688277,00;194498
WINFUT;05/08/2025;17:00:00;151582,10;151582,10;151355,19;151462,97;1,074407235E10;354661
WINFUT;05/08/2025;16:30:00;151723,92;151820,36;151548,06;151576,43;1,073313667E10;353765
WINFUT;05/08/2025;16:00:00;151627,48;151831,70;151627,48;151718,25;1,397687018E10;460589
WINFUT;05/08/2025;15:30:00;151672,86;151689,88;151468,64;151627,48;1,637963105E10;540270
WINFUT;05/08/2025;15:00:00;151865,74;151933,81;151599,12;151672,86;1,657067123E10;546047
WINFUT;05/08/2025;14:30:00;151899,77;152234,47;151809,01;151871,41;2,314673997E10;761411
WINFUT;05/08/2025;14:00:00;151593,44;152069,96;151434,61;151899,77;2,157161723E10;710865
WINFUT;05/08/2025;13:30:00;151531,04;151786,32;151411,92;151587,77;2,225896158E10;734114
WINFUT;05/08/2025;13:00:00;151990,54;152035,92;151366,53;151536,72;2,196202768E10;724225
WINFUT;05/08/2025;12:30:00;151553,74;152086,98;151497,01;151996,21;2,543298123E10;837955
WINFUT;05/08/2025;12:00:00;151196,35;151831,70;151156,64;151553,74;3,482486787E10;1148838
WINFUT;05/08/2025;11:30:00;151519,70;151559,41;150980,79;151202,02;3,271303714E10;1081603
WINFUT;05/08/2025;11:00:00;152126,69;152336,58;151309,81;151519,70;4,662611224E10;1535699
WINFUT;05/08/2025;10:30:00;151854,39;152767,71;151848,72;152126,69;6,660532332E10;2186088
WINFUT;05/08/2025;10:00:00;151292,79;151967,85;150924,06;151848,72;6,381649531E10;2108574
WINFUT;05/08/2025;09:30:00;151020,49;151315,48;150952,42;151287,12;2,667321445E10;882522
WINFUT;05/08/2025;09:00:00;150623,40;151814,68;150441,87;151020,49;4,393904266E10;1453405
WINFUT;04/08/2025;18:00:00;151582,10;151689,88;150895,69;151122,60;6172923483,00;203892
WINFUT;04/08/2025;17:30:00;151514,03;151661,52;151428,93;151576,43;7543174808,00;248886
WINFUT;04/08/2025;17:00:00;151230,39;151593,44;151213,37;151514,03;1,138698394E10;376042
WINFUT;04/08/2025;16:30:00;151326,82;151349,52;151145,30;151230,39;1,087147497E10;359380
WINFUT;04/08/2025;16:00:00;151082,90;151383,55;151020,49;151321,15;1,344384672E10;444595
WINFUT;04/08/2025;15:30:00;151162,31;151326,82;151054,53;151082,90;1,693551812E10;560110
WINFUT;04/08/2025;15:00:00;150821,95;151224,71;150736,86;151167,99;1,963018637E10;650180
WINFUT;04/08/2025;14:30:00;150759,55;150895,69;150697,15;150816,28;1,330458603E10;441132
WINFUT;04/08/2025;14:00:00;150821,95;150935,40;150725,51;150765,22;1,347695978E10;446739
WINFUT;04/08/2025;13:30:00;150804,93;151014,82;150753,87;150821,95;1,637010777E10;542457
WINFUT;04/08/2025;13:00:00;151190,68;151202,02;150685,80;150799,26;2,17585257E10;720751
WINFUT;04/08/2025;12:30:00;151258,75;151377,88;151082,90;151196,35;2,177507053E10;720031
WINFUT;04/08/2025;12:00:00;151763,63;151774,97;151207,70;151253,08;2,497429958E10;824401
WINFUT;04/08/2025;11:30:00;151735,26;152064,28;151531,04;151763,63;2,878347536E10;948241
WINFUT;04/08/2025;11:00:00;151468,64;151933,81;151400,57;151729,59;3,736851951E10;1231854
WINFUT;04/08/2025;10:30:00;151542,39;151797,66;151190,68;151468,64;4,702444495E10;1552419
WINFUT;04/08/2025;10:00:00;152506,76;152693,96;151451,63;151536,72;5,830487772E10;1915846
WINFUT;04/08/2025;09:30:00;151604,79;152597,53;151508,35;152512,43;3,691013124E10;1213192
WINFUT;04/08/2025;09:00:00;151349,52;152330,90;150958,09;151599,12;4,214603011E10;1390501
WINFUT;01/08/2025;18:00:00;150787,91;150884,35;150691,47;150884,35;2865407783,00;95010
WINFUT;01/08/2025;17:30:00;150731,18;151026,17;150697,15;150799,26;8387710782,00;278006
WINFUT;01/08/2025;17:00:00;150748,20;150901,37;150498,60;150731,18;1,032971354E10;342668
WINFUT;01/08/2025;16:30:00;150646,09;150912,71;150561,00;150748,20;1,472564994E10;488477
WINFUT;01/08/2025;16:00:00;150441,87;150844,64;150413,51;150646,09;1,919473101E10;637084
WINFUT;01/08/2025;15:30:00;151065,88;151264,42;150441,87;150447,55;2,260831695E10;748959
WINFUT;01/08/2025;15:00:00;151043,19;151094,24;150827,62;151065,88;1,546280688E10;512121
WINFUT;01/08/2025;14:30:00;150912,71;151077,22;150765,22;151043,19;1,697527673E10;562380
WINFUT;01/08/2025;14:00:00;151065,88;151196,35;150907,04;150918,38;1,711864986E10;566639
WINFUT;01/08/2025;13:30:00;151678,54;151712,57;151037,51;151071,55;1,772258914E10;585350
WINFUT;01/08/2025;13:00:00;151740,94;151791,99;151372,21;151678,54;1,611015363E10;531436
WINFUT;01/08/2025;12:30:00;151360,86;151843,05;151179,33;151740,94;2,174464291E10;717865
WINFUT;01/08/2025;12:00:00;151831,70;151950,83;151298,46;151355,19;2,201528511E10;725596
WINFUT;01/08/2025;11:30:00;152257,16;152387,63;151616,14;151837,37;2,800177615E10;921603
WINFUT;01/08/2025;11:00:00;151911,12;152467,05;151701,23;152257,16;3,965675992E10;1303779
WINFUT;01/08/2025;10:30:00;153255,57;153493,82;151735,26;151899,77;5,783899421E10;1894297
WINFUT;01/08/2025;10:00:00;152949,24;153709,39;152733,67;153249,89;6,129669034E10;2000547
WINFUT;01/08/2025;09:30:00;150714,17;152977,60;150334,09;152949,24;6,440993086E10;2121472
WINFUT;01/08/2025;09:00:00;150787,91;151162,31;150396,49;150725,51;3,766291843E10;1249517
WINFUT;31/07/2025;18:00:00;151565,08;151706,90;151479,99;151616,14;2968611605,00;97912
WINFUT;31/07/2025;17:30:00;151672,86;151752,28;151428,93;151565,08;7683602213,00;253438
WINFUT;31/07/2025;17:00:00;151241,73;151774,97;151207,70;151672,86;1,571401129E10;518559
WINFUT;31/07/2025;16:30:00;151156,64;151264,42;151099,91;151247,41;1,307508535E10;432383
WINFUT;31/07/2025;16:00:00;151610,46;151667,19;151065,88;151156,64;1,957068358E10;646401
WINFUT;31/07/2025;15:30:00;151224,71;151638,83;151207,70;151604,79;1,658790125E10;547576
WINFUT;31/07/2025;15:00:00;151236,06;151343,84;150992,13;151230,39;2,120003431E10;701177
WINFUT;31/07/2025;14:30:00;151190,68;151275,77;150992,13;151236,06;1,810969933E10;599072
WINFUT;31/07/2025;14:00:00;151746,61;151780,65;151105,59;151185,01;2,148817775E10;709360
WINFUT;31/07/2025;13:30:00;151928,14;152064,28;151729,59;151752,28;1,593103638E10;524445
WINFUT;31/07/2025;13:00:00;151860,06;151990,54;151763,63;151928,14;1,33327705E10;438962
WINFUT;31/07/2025;12:30:00;151644,50;152024,58;151616,14;151860,06;2,359209164E10;776740
WINFUT;31/07/2025;12:00:00;151026,17;151723,92;151014,82;151644,50;2,865159352E10;946150
WINFUT;31/07/2025;11:30:00;150969,44;151457,30;150929,73;151020,49;3,296730959E10;1090547
WINFUT;31/07/2025;11:00:00;151292,79;151451,63;150952,42;150969,44;3,67053166E10;1213345
WINFUT;31/07/2025;10:30:00;150526,96;151400,57;150447,55;151298,46;5,429607487E10;1798348
WINFUT;31/07/2025;10:00:00;150884,35;150895,69;150351,11;150532,64;4,469910959E10;1484328
WINFUT;31/07/2025;09:30:00;151462,97;151479,99;150850,31;150884,35;3,140931945E10;1039280
WINFUT;31/07/2025;09:00:00;152007,56;152268,50;151287,12;151462,97;3,599184956E10;1187255
WINFUT;30/07/2025;18:00:00;152665,60;152966,26;152648,58;152665,60;3515788334,00;115076
WINFUT;30/07/2025;17:30:00;152750,69;152892,51;152591,85;152665,60;4800409686,00;157144
WINFUT;30/07/2025;17:00:00;152569,16;152767,71;152381,96;152750,69;1,106603972E10;362560
WINFUT;30/07/2025;16:30:00;152659,93;152994,62;152557,82;152569,16;1,607102884E10;525914
WINFUT;30/07/2025;16:00:00;152336,58;153164,80;152103,99;152659,93;3,167719708E10;1037602
WINFUT;30/07/2025;15:30:00;150975,11;154151,86;150651,76;152336,58;5,131273718E10;1687003
WINFUT;30/07/2025;15:00:00;151162,31;151270,10;150532,64;150975,11;3,522531418E10;1167531
WINFUT;30/07/2025;14:30:00;151190,68;151360,86;151071,55;151156,64;1,548956045E10;512202
WINFUT;30/07/2025;14:00:00;151065,88;151434,61;150963,77;151190,68;2,706215398E10;895042
WINFUT;30/07/2025;13:30:00;150651,76;151167,99;150589,36;151060,20;2,513752351E10;833228
WINFUT;30/07/2025;13:00:00;150640,42;150731,18;150322,74;150651,76;2,224307979E10;738852
WINFUT;30/07/2025;12:30:00;150583,69;150969,44;150549,65;150640,42;2,313107263E10;767147
WINFUT;30/07/2025;12:00:00;150578,02;150708,49;150464,56;150583,69;1,692627396E10;562050
WINFUT;30/07/2025;11:30:00;151156,64;151179,33;150492,93;150578,02;2,931929709E10;972333
WINFUT;30/07/2025;11:00:00;151202,02;151372,21;150958,09;151150,97;3,32844947E10;1100881
WINFUT;30/07/2025;10:30:00;151411,92;152052,94;151043,19;151202,02;6,446611416E10;2126995
WINFUT;30/07/2025;10:00:00;150475,91;151451,63;150351,11;151411,92;6,153258484E10;2040668
WINFUT;30/07/2025;09:30:00;150963,77;151020,49;150413,51;150470,24;3,767411406E10;1250791
WINFUT;30/07/2025;09:00:00;151389,22;151757,95;150816,28;150958,09;4,468804854E10;1476591
WINFUT;29/07/2025;18:00:00;151338,17;151360,86;151230,39;151298,46;2797253145,00;92442
WINFUT;29/07/2025;17:30:00;151270,10;151360,86;151213,37;151343,84;4671201095,00;154388
WINFUT;29/07/2025;17:00:00;151406,24;151423,26;151150,97;151270,10;1,131499433E10;374045
WINFUT;29/07/2025;16:30:00;151548,06;151570,75;151241,73;151406,24;1,819458329E10;600932
WINFUT;29/07/2025;16:00:00;151701,23;151752,28;151525,37;151548,06;9891838601,00;326154
WINFUT;29/07/2025;15:30:00;151706,90;151854,39;151644,50;151695,55;9775280028,00;322087
WINFUT;29/07/2025;15:00:00;151757,95;151888,43;151621,81;151712,57;1,696382217E10;558964
WINFUT;29/07/2025;14:30:00;151882,76;151894,10;151650,17;151763,63;1,55590463E10;512601
WINFUT;29/07/2025;14:00:00;152018,90;152143,70;151831,70;151882,76;1,614878829E10;531165
WINFUT;29/07/2025;13:30:00;151945,16;152081,30;151928,14;152013,23;1,295178339E10;426013
WINFUT;29/07/2025;13:00:00;151843,05;151996,21;151740,94;151950,83;1,585083617E10;521884
WINFUT;29/07/2025;12:30:00;151576,43;151871,41;151474,32;151837,37;1,849790503E10;609825
WINFUT;29/07/2025;12:00:00;151440,28;151780,65;151400,57;151576,43;2,664777914E10;878608
WINFUT;29/07/2025;11:30:00;151599,12;151706,90;151360,86;151434,61;2,96607541E10;978680
WINFUT;29/07/2025;11:00:00;151014,82;151672,86;150975,11;151593,44;4,172669422E10;1377764
WINFUT;29/07/2025;10:30:00;150912,71;151281,44;150827,62;151014,82;3,95060622E10;1307619
WINFUT;29/07/2025;10:00:00;151048,86;151196,35;150634,75;150912,71;4,952163104E10;1640339
WINFUT;29/07/2025;09:30:00;151167,99;151457,30;150855,98;151054,53;3,64106899E10;1204238
WINFUT;29/07/2025;09:00:00;151065,88;151400,57;150640,42;151162,31;4,213807878E10;1394477
WINFUT;28/07/2025;18:00:00;150975,11;151179,33;150958,09;150969,44;5077832598,00;168046
WINFUT;28/07/2025;17:30:00;151031,84;151043,19;150821,95;150980,79;9208044132,00;305060
WINFUT;28/07/2025;17:00:00;150697,15;151048,86;150697,15;151031,84;1,557791321E10;516306
WINFUT;28/07/2025;16:30:00;150373,80;150719,84;150362,45;150697,15;1,58201109E10;525334
WINFUT;28/07/2025;16:00:00;150305,73;150504,27;150271,69;150373,80;1,720670439E10;572132
WINFUT;28/07/2025;15:30:00;150311,40;150351,11;150141,22;150300,05;1,808248479E10;601788
WINFUT;28/07/2025;15:00:00;150419,18;150424,85;150237,65;150311,40;1,182225496E10;393207
WINFUT;28/07/2025;14:30:00;150708,49;150748,20;150271,69;150419,18;1,905397952E10;633082
WINFUT;28/07/2025;14:00:00;150918,38;150952,42;150634,75;150714,17;1,434747213E10;475840
WINFUT;28/07/2025;13:30:00;150929,73;150992,13;150867,33;150918,38;9353722452,00;309869
WINFUT;28/07/2025;13:00:00;151037,51;151185,01;150901,37;150929,73;1,44941752E10;479856
WINFUT;28/07/2025;12:30:00;151298,46;151304,13;150969,44;151037,51;1,488626438E10;492597
WINFUT;28/07/2025;12:00:00;151338,17;151338,17;151094,24;151298,46;1,743249982E10;576433
WINFUT;28/07/2025;11:30:00;151445,95;151474,32;151122,60;151332,50;2,026776843E10;669854
WINFUT;28/07/2025;11:00:00;151185,01;151599,12;150992,13;151451,63;2,934907585E10;970482
WINFUT;28/07/2025;10:30:00;151956,50;152109,67;151071,55;151185,01;5,285871631E10;1743880
WINFUT;28/07/2025;10:00:00;152495,42;152591,85;151939,48;151956,50;3,640990515E10;1195340
WINFUT;28/07/2025;09:30:00;152949,24;152988,95;152347,92;152489,74;2,859823082E10;936857
WINFUT;28/07/2025;09:00:00;152268,50;153034,33;151757,95;152949,24;4,04920382E10;1327865
WINFUT;25/07/2025;18:00:00;152347,92;152370,61;152177,74;152347,92;3007202255,00;98734
WINFUT;25/07/2025;17:30:00;152416,00;152461,38;152279,85;152353,60;5520361907,00;181169
WINFUT;25/07/2025;17:00:00;152342,25;152484,07;152342,25;152416,00;7243677398,00;237626
WINFUT;25/07/2025;16:30:00;152325,23;152427,34;152251,49;152347,92;9975211741,00;327404
WINFUT;25/07/2025;16:00:00;152319,56;152444,36;152274,18;152325,23;1,006817767E10;330396
WINFUT;25/07/2025;15:30:00;152518,11;152529,45;152240,14;152319,56;1,717113362E10;563534
WINFUT;25/07/2025;15:00:00;152268,50;152569,16;152115,34;152518,11;1,706023243E10;559943
WINFUT;25/07/2025;14:30:00;152705,31;152722,33;152223,12;152268,50;1,605775788E10;526560
WINFUT;25/07/2025;14:00:00;152801,74;152920,87;152637,23;152699,63;1,492140336E10;488368
WINFUT;25/07/2025;13:30:00;152688,29;152886,84;152586,18;152807,42;1,359660012E10;445076
WINFUT;25/07/2025;13:00:00;152262,83;152705,31;152234,47;152688,29;1,566610333E10;513630
WINFUT;25/07/2025;12:30:00;152484,07;152580,51;152189,09;152262,83;2,407013423E10;789958
WINFUT;25/07/2025;12:00:00;152455,71;152580,51;152336,58;152478,40;1,645132064E10;539513
WINFUT;25/07/2025;11:30:00;152620,22;152665,60;152398,98;152455,71;2,467611605E10;808877
WINFUT;25/07/2025;11:00:00;152557,82;153022,98;152461,38;152614,54;3,462233257E10;1133288
WINFUT;25/07/2025;10:30:00;152988,95;153108,07;152450,03;152563,49;4,808282393E10;1574448
WINFUT;25/07/2025;10:00:00;153017,31;153221,53;152659,93;152988,95;4,705625606E10;1538190
WINFUT;25/07/2025;09:30:00;153283,93;153312,29;152852,80;153022,98;2,331101771E10;761626
WINFUT;25/07/2025;09:00:00;152631,56;153794,48;152625,89;153283,93;4,413377977E10;1438974
WINFUT;24/07/2025;18:00:00;152994,62;153034,33;152705,31;152705,31;4453154688,00;145594
WINFUT;24/07/2025;17:30:00;152881,16;153062,69;152841,45;152994,62;9420938208,00;307980
WINFUT;24/07/2025;17:00:00;152631,56;152926,55;152625,89;152875,49;1,161632222E10;380135
WINFUT;24/07/2025;16:30:00;152756,36;152813,09;152614,54;152637,23;1,068831951E10;349941
WINFUT;24/07/2025;16:00:00;152716,65;152847,13;152688,29;152750,69;8918077087,00;291880
WINFUT;24/07/2025;15:30:00;152773,38;152830,11;152654,25;152710,98;9042537121,00;295982
WINFUT;24/07/2025;15:00:00;152762,04;152869,82;152739,34;152773,38;9674196820,00;316537
WINFUT;24/07/2025;14:30:00;152892,51;153022,98;152728,00;152756,36;1,129571771E10;369386
WINFUT;24/07/2025;14:00:00;152818,76;153040,00;152773,38;152892,51;1,760795794E10;575823
WINFUT;24/07/2025;13:30:00;153147,78;153289,60;152642,91;152824,44;2,114767443E10;691190
WINFUT;24/07/2025;13:00:00;152960,58;153244,22;152960,58;153142,11;1,677565257E10;547884
WINFUT;24/07/2025;12:30:00;152909,53;153040,00;152824,44;152966,26;1,422297983E10;464997
WINFUT;24/07/2025;12:00:00;153147,78;153300,95;152852,80;152909,53;1,996367876E10;652125
WINFUT;24/07/2025;11:30:00;153130,77;153386,04;153102,40;153153,46;2,789963894E10;910309
WINFUT;24/07/2025;11:00:00;152682,62;153210,18;152608,87;153136,44;2,979666792E10;974201
WINFUT;24/07/2025;10:30:00;153108,07;153130,77;152620,22;152682,62;3,769411823E10;1233486
WINFUT;24/07/2025;10:00:00;153567,57;153675,35;152994,62;153108,07;5,179416041E10;1688764
WINFUT;24/07/2025;09:30:00;153431,42;153595,93;153238,55;153567,57;2,854627794E10;930351
WINFUT;24/07/2025;09:00:00;154373,10;154480,88;153278,26;153431,42;3,828073503E10;1245901
WINFUT;23/07/2025;18:00:00;154554,63;154781,54;154531,94;154707,80;2847266622,00;92070
WINFUT;23/07/2025;17:30:00;154611,36;154707,80;154492,23;154548,96;5086259451,00;164475
WINFUT;23/07/2025;17:00:00;154832,60;154832,60;154548,96;154611,36;1,208870884E10;390799
WINFUT;23/07/2025;16:30:00;154980,09;155014,13;154781,54;154832,60;1,294293522E10;417783
WINFUT;23/07/2025;16:00:00;155087,87;155167,29;154968,74;154980,09;1,103680564E10;355871
WINFUT;23/07/2025;15:30:00;155019,80;155207,00;155014,13;155093,54;1,244739922E10;401242
WINFUT;23/07/2025;15:00:00;154792,89;155076,53;154707,80;155019,80;1,60332362E10;517461
WINFUT;23/07/2025;14:30:00;154809,91;155025,47;154685,10;154798,56;1,756552205E10;567164
WINFUT;23/07/2025;14:00:00;154770,20;155014,13;154753,18;154809,91;1,729579739E10;558371
WINFUT;23/07/2025;13:30:00;154634,05;154872,31;154424,16;154775,87;1,759209905E10;568849
WINFUT;23/07/2025;13:00:00;154588,67;154860,96;154543,29;154634,05;1,872168332E10;605028
WINFUT;23/07/2025;12:30:00;154668,09;154685,10;154248,30;154594,34;2,178403943E10;705260
WINFUT;23/07/2025;12:00:00;154242,63;154724,81;154072,45;154662,41;2,673702005E10;865526
WINFUT;23/07/2025;11:30:00;154004,37;154452,52;153924,95;154242,63;2,807074889E10;909970
WINFUT;23/07/2025;11:00:00;153726,41;154185,90;153709,39;154010,04;3,023066273E10;981501
WINFUT;23/07/2025;10:30:00;153448,44;154282,34;153340,66;153726,41;6,126469338E10;1991038
WINFUT;23/07/2025;10:00:00;152977,60;153476,80;152671,27;153448,44;5,047635286E10;1649788
WINFUT;23/07/2025;09:30:00;153028,66;153119,42;152756,36;152983,27;3,087617202E10;1009461
WINFUT;23/07/2025;09:00:00;153930,63;153958,99;152603,20;153028,66;5,426519876E10;1772906
WINFUT;22/07/2025;18:00:00;153556,22;153817,17;153465,46;153817,17;3643203546,00;118568
WINFUT;22/07/2025;17:30:00;153567,57;153681,02;153510,84;153556,22;5155956797,00;167832
WINFUT;22/07/2025;17:00:00;153215,86;153607,28;153210,18;153561,90;1,176430828E10;383355
WINFUT;22/07/2025;16:30:00;153363,35;153420,08;153136,44;153210,18;1,40268104E10;457678
WINFUT;22/07/2025;16:00:00;153340,66;153448,44;153266,91;153357,68;8826557819,00;287776
WINFUT;22/07/2025;15:30:00;153334,99;153403,06;153255,57;153334,99;1,168172768E10;380947
WINFUT;22/07/2025;15:00:00;153499,50;153505,17;153306,62;153334,99;1,518917027E10;495029
WINFUT;22/07/2025;14:30:00;153737,75;153788,81;153493,82;153499,50;1,905817513E10;620122
WINFUT;22/07/2025;14:00:00;154100,81;154106,48;153692,37;153737,75;1,569752225E10;509907
WINFUT;22/07/2025;13:30:00;153970,34;154208,59;153941,97;154100,81;1,593138348E10;517009
WINFUT;22/07/2025;13:00:00;154390,12;154418,48;153839,86;153976,01;1,893628242E10;614461
WINFUT;22/07/2025;12:30:00;154265,32;154514,92;154168,88;154395,79;1,695136806E10;549113
WINFUT;22/07/2025;12:00:00;154520,59;154696,45;154219,94;154270,99;1,73256163E10;560859
WINFUT;22/07/2025;11:30:00;154543,29;154736,16;154339,07;154514,92;2,469658852E10;799081
WINFUT;22/07/2025;11:00:00;154361,76;154582,99;154123,50;154543,29;3,177804675E10;1029450
WINFUT;22/07/2025;10:30:00;154401,47;154719,14;154208,59;154356,08;4,222688051E10;1366917
WINFUT;22/07/2025;10:00:00;153885,24;154531,94;153839,86;154401,47;4,788618183E10;1552903
WINFUT;22/07/2025;09:30:00;153113,75;153987,35;153096,73;153890,92;3,700334355E10;1204936
WINFUT;22/07/2025;09:00:00;153448,44;153698,04;152920,87;153113,75;3,230451823E10;1054024
WINFUT;21/07/2025;18:00:00;153499,50;153505,17;153136,44;153329,31;3999798366,00;130449
WINFUT;21/07/2025;17:30:00;153561,90;153601,61;153391,71;153488,15;5081399507,00;165526
WINFUT;21/07/2025;17:00:00;153578,91;153635,64;153533,53;153567,57;5895421538,00;191935
WINFUT;21/07/2025;16:30:00;153465,46;153601,61;153437,10;153578,91;1,178009842E10;383683
WINFUT;21/07/2025;16:00:00;153578,91;153686,70;153459,79;153465,46;1,275587402E10;415285
WINFUT;21/07/2025;15:30:00;153471,13;153681,02;153374,69;153578,91;1,497489897E10;487667
WINFUT;21/07/2025;15:00:00;153544,88;153556,22;153369,02;153471,13;1,294014764E10;421594
WINFUT;21/07/2025;14:30:00;153885,24;153919,28;153476,80;153544,88;1,832764013E10;596410
WINFUT;21/07/2025;14:00:00;154231,28;154305,03;153862,55;153885,24;1,563130907E10;507291
WINFUT;21/07/2025;13:30:00;154066,77;154356,08;154049,75;154231,28;1,150416335E10;372934
WINFUT;21/07/2025;13:00:00;154214,26;154248,30;154032,74;154066,77;1,463112072E10;474623
WINFUT;21/07/2025;12:30:00;154219,94;154316,37;154129,17;154214,26;1,360282151E10;440991
WINFUT;21/07/2025;12:00:00;154015,72;154270,99;153936,30;154225,61;2,228144671E10;722824
WINFUT;21/07/2025;11:30:00;153510,84;154112,15;153476,80;154015,72;3,113906895E10;1012022
WINFUT;21/07/2025;11:00:00;153493,82;153868,23;153300,95;153516,51;3,343865571E10;1088856
WINFUT;21/07/2025;10:30:00;153108,07;153805,83;153108,07;153493,82;4,681260494E10;1524880
WINFUT;21/07/2025;10:00:00;153323,64;153567,57;153074,04;153108,07;3,930523705E10;1281920
WINFUT;21/07/2025;09:30:00;153698,04;153760,44;153130,77;153317,97;3,08796853E10;1006480
WINFUT;21/07/2025;09:00:00;152189,09;153896,59;152075,63;153692,37;3,881952033E10;1266248
WINFUT;18/07/2025;18:00:00;152790,40;152881,16;152682,62;152852,80;3631781724,00;118836
WINFUT;18/07/2025;17:30:00;152614,54;152835,78;152614,54;152796,07;5636441912,00;184561
WINFUT;18/07/2025;17:00:00;152591,85;152705,31;152381,96;152614,54;1,126542666E10;369224
WINFUT;18/07/2025;16:30:00;152682,62;152796,07;152563,49;152586,18;1,396320369E10;457177
WINFUT;18/07/2025;16:00:00;152580,51;152705,31;152512,43;152676,94;1,140501599E10;373634
WINFUT;18/07/2025;15:30:00;152796,07;152807,42;152501,09;152580,51;1,873373195E10;613690
WINFUT;18/07/2025;15:00:00;152864,15;153005,96;152790,40;152801,74;1,517579441E10;496328
WINFUT;18/07/2025;14:30:00;152642,91;152869,82;152569,16;152858,47;1,431690111E10;468866
WINFUT;18/07/2025;14:00:00;152875,49;152915,20;152608,87;152637,23;1,598121095E10;523039
WINFUT;18/07/2025;13:30:00;153045,67;153130,77;152847,13;152875,49;1,573443767E10;514181
WINFUT;18/07/2025;13:00:00;153329,31;153346,33;152892,51;153040,00;1,903740168E10;621636
WINFUT;18/07/2025;12:30:00;153664,01;153766,12;153289,60;153334,99;2,094500806E10;682367
WINFUT;18/07/2025;12:00:00;154083,79;154322,05;153646,99;153664,01;2,49004107E10;808905
WINFUT;18/07/2025;11:30:00;154225,61;154469,54;153987,35;154083,79;2,690379111E10;872274
WINFUT;18/07/2025;11:00:00;154367,43;154730,49;154106,48;154231,28;3,420868796E10;1107602
WINFUT;18/07/2025;10:30:00;154412,81;154685,10;154010,04;154367,43;4,155628535E10;1345777
WINFUT;18/07/2025;10:00:00;153749,10;154565,98;153448,44;154418,48;6,008950282E10;1949655
WINFUT;18/07/2025;09:30:00;154384,45;154429,83;153698,04;153749,10;3,759995558E10;1220571
WINFUT;18/07/2025;09:00:00;154940,38;155025,47;153958,99;154378,77;4,565923337E10;1479919
WINFUT;17/07/2025;18:00:00;155258,05;155331,80;155138,93;155201,33;2975626975,00;95847
WINFUT;17/07/2025;17:30:00;155297,76;155365,84;155212,67;155258,05;3571387064,00;114983
WINFUT;17/07/2025;17:00:00;155246,71;155411,22;155155,94;155303,44;8620037404,00;277525
WINFUT;17/07/2025;16:30:00;155201,33;155348,82;155178,64;155246,71;8631092605,00;277963
WINFUT;17/07/2025;16:00:00;155309,11;155365,84;155172,96;155195,65;1,106049918E10;356190
WINFUT;17/07/2025;15:30:00;155144,60;155343,15;155031,14;155303,44;1,274014621E10;410510
WINFUT;17/07/2025;15:00:00;154792,89;155229,69;154571,65;155150,27;2,137196877E10;689880
WINFUT;17/07/2025;14:30:00;154809,91;154826,92;154628,38;154792,89;1,249148304E10;403670
WINFUT;17/07/2025;14:00:00;154781,54;155065,18;154753,18;154809,91;1,697342073E10;547843
WINFUT;17/07/2025;13:30:00;154736,16;154940,38;154719,14;154787,21;1,574346283E10;508392
WINFUT;17/07/2025;13:00:00;155127,58;155144,60;154673,76;154741,83;1,731199656E10;558963
WINFUT;17/07/2025;12:30:00;154997,11;155473,62;154985,76;155121,91;2,040151239E10;657169
WINFUT;17/07/2025;12:00:00;155354,49;155507,66;154900,67;154997,11;2,405225024E10;774894
WINFUT;17/07/2025;11:30:00;154628,38;155450,93;154594,34;155354,49;3,143001738E10;1013347
WINFUT;17/07/2025;11:00:00;154792,89;155036,82;154577,32;154628,38;3,630165906E10;1172656
WINFUT;17/07/2025;10:30:00;154741,83;155184,31;154514,92;154787,21;4,988978754E10;1611246
WINFUT;17/07/2025;10:00:00;155042,49;155161,62;154668,09;154747,51;4,118270213E10;1329246
WINFUT;17/07/2025;09:30:00;154662,41;155365,84;154424,16;155042,49;3,911494875E10;1262179
WINFUT;17/07/2025;09:00:00;154537,61;154719,14;153885,24;154662,41;4,001118179E10;1295784
WINFUT;16/07/2025;18:00:00;155042,49;155053,83;154809,91;154860,96;2760017446,00;89069
WINFUT;16/07/2025;17:30:00;155065,18;155093,54;154906,34;155042,49;5014455719,00;161766
WINFUT;16/07/2025;17:00:00;155314,78;155377,18;154985,76;155070,85;9423605345,00;303567
WINFUT;16/07/2025;16:30:00;155207,00;155377,18;155133,25;155309,11;1,225080022E10;394538
WINFUT;16/07/2025;16:00:00;155303,44;155411,22;155099,22;155207,00;1,541704549E10;496514
WINFUT;16/07/2025;15:30:00;154571,65;155360,16;154514,92;155297,76;2,454529186E10;792117
WINFUT;16/07/2025;15:00:00;155099,22;155263,73;154458,19;154571,65;2,967902139E10;957706
WINFUT;16/07/2025;14:30:00;154707,80;155144,60;154679,43;155099,22;1,888720829E10;609490
WINFUT;16/07/2025;14:00:00;154242,63;154940,38;154225,61;154707,80;2,790903392E10;902580
WINFUT;16/07/2025;13:30:00;154134,85;154248,30;154044,08;154242,63;1,237851946E10;401516
WINFUT;16/07/2025;13:00:00;154180,23;154219,94;154049,75;154134,85;1,352063226E10;438643
WINFUT;16/07/2025;12:30:00;154038,41;154339,07;153760,44;154174,56;3,04906545E10;989435
WINFUT;16/07/2025;12:00:00;153998,70;154231,28;153800,15;154038,41;3,229150695E10;1048508
WINFUT;16/07/2025;11:30:00;154378,77;154412,81;153993,03;153998,70;3,213482058E10;1042472
WINFUT;16/07/2025;11:00:00;154407,14;154724,81;154219,94;154378,77;3,228108191E10;1045219
WINFUT;16/07/2025;10:30:00;154656,74;154843,94;154259,65;154407,14;4,398322525E10;1422848
WINFUT;16/07/2025;10:00:00;155207,00;155388,53;154605,69;154662,41;5,065111482E10;1633826
WINFUT;16/07/2025;09:30:00;155326,13;155751,59;155104,89;155207,00;4,093592313E10;1317083
WINFUT;16/07/2025;09:00:00;155025,47;155581,40;154622,70;155326,13;3,444019847E10;1108843
WINFUT;15/07/2025;18:00:00;155258,05;155632,46;155229,69;155632,46;3862836690,00;124277
WINFUT;15/07/2025;17:30:00;155189,98;155286,42;155138,93;155258,05;4555371936,00;146743
WINFUT;15/07/2025;17:00:00;155070,85;155212,67;155042,49;155189,98;7726442934,00;249042
WINFUT;15/07/2025;16:30:00;155036,82;155235,36;155031,14;155076,53;1,187338433E10;382686
WINFUT;15/07/2025;16:00:00;154974,42;155144,60;154923,36;155031,14;1,137608846E10;366840
WINFUT;15/07/2025;15:30:00;155224,02;155224,02;154923,36;154980,09;1,710672875E10;551593
WINFUT;15/07/2025;15:00:00;155138,93;155462,27;155065,18;155224,02;1,895673111E10;610480
WINFUT;15/07/2025;14:30:00;154940,38;155269,40;154895,00;155133,25;2,083030484E10;671505
WINFUT;15/07/2025;14:00:00;154503,58;155036,82;154503,58;154946,05;2,576551514E10;832133
WINFUT;15/07/2025;13:30:00;153993,03;154565,98;153919,28;154497,90;2,072067978E10;671404
WINFUT;15/07/2025;13:00:00;154390,12;154503,58;153902,26;153993,03;2,169426118E10;703422
WINFUT;15/07/2025;12:30:00;154253,97;154446,85;153981,68;154384,45;2,274021701E10;737202
WINFUT;15/07/2025;12:00:00;154497,90;154724,81;154236,96;154253,97;2,055319953E10;665117
WINFUT;15/07/2025;11:30:00;154543,29;154628,38;154151,86;154497,90;2,312416303E10;748754
WINFUT;15/07/2025;11:00:00;154673,76;154770,20;154316,37;154543,29;2,947837854E10;954083
WINFUT;15/07/2025;10:30:00;154946,05;155207,00;154168,88;154668,09;5,549063406E10;1794729
WINFUT;15/07/2025;10:00:00;155263,73;156040,90;154826,92;154946,05;6,186317999E10;1989854
WINFUT;15/07/2025;09:30:00;154946,05;155433,91;154781,54;155269,40;3,801796547E10;1225980
WINFUT;15/07/2025;09:00:00;155297,76;155297,76;154560,30;154946,05;3,195800765E10;1031619
WINFUT;14/07/2025;18:00:00;155099,22;155150,27;154957,40;155138,93;2540599121,00;81911
WINFUT;14/07/2025;17:30:00;155099,22;155195,65;155070,85;155099,22;4004371206,00;129065
WINFUT;14/07/2025;17:00:00;155127,58;155263,73;155019,80;155104,89;9719919567,00;313293
WINFUT;14/07/2025;16:30:00;154980,09;155218,34;154951,72;155121,91;1,062496978E10;342591
WINFUT;14/07/2025;16:00:00;155036,82;155184,31;154968,74;154980,09;1,042659084E10;336194
WINFUT;14/07/2025;15:30:00;154968,74;155150,27;154934,71;155031,14;1,224338226E10;394842
WINFUT;14/07/2025;15:00:00;154917,69;155099,22;154917,69;154968,74;1,189517E10;383688
WINFUT;14/07/2025;14:30:00;154968,74;155053,83;154775,87;154917,69;1,29323818E10;417386
WINFUT;14/07/2025;14:00:00;155252,38;155280,75;154838,27;154968,74;1,549602312E10;499701
WINFUT;14/07/2025;13:30:00;154957,40;155337,47;154940,38;155252,38;1,450549059E10;467524
WINFUT;14/07/2025;13:00:00;155065,18;155178,64;154809,91;154951,72;1,686888624E10;544201
WINFUT;14/07/2025;12:30:00;155167,29;155297,76;155042,49;155070,85;1,604922888E10;517113
WINFUT;14/07/2025;12:00:00;154787,21;155235,36;154741,83;155172,96;2,284202542E10;736786
WINFUT;14/07/2025;11:30:00;154770,20;155025,47;154554,63;154792,89;2,810286894E10;907615
WINFUT;14/07/2025;11:00:00;155445,26;155462,27;154668,09;154770,20;3,341916001E10;1077555
WINFUT;14/07/2025;10:30:00;155116,24;155626,78;154980,09;155445,26;3,861729834E10;1242778
WINFUT;14/07/2025;10:00:00;155796,97;155944,46;154883,65;155121,91;4,968287577E10;1598771
WINFUT;14/07/2025;09:30:00;155689,18;156018,21;155224,02;155796,97;3,277823087E10;1053539
WINFUT;14/07/2025;09:00:00;155853,70;156250,79;155439,58;155683,51;4,537758348E10;1456808
WINFUT;11/07/2025;18:00:00;156262,13;156375,59;155955,81;156131,66;3493447171,00;111827
WINFUT;11/07/2025;17:30:00;156262,13;156415,30;156120,32;156262,13;6837194672,00;218799
WINFUT;11/07/2025;17:00:00;156233,77;156477,70;156228,10;156267,81;1,05540161E10;337491
WINFUT;11/07/2025;16:30:00;156211,08;156313,19;156154,35;156233,77;9786209876,00;313198
WINFUT;11/07/2025;16:00:00;156256,46;156352,90;156148,68;156211,08;1,216943906E10;389430
WINFUT;11/07/2025;15:30:00;156188,39;156341,55;156035,22;156256,46;1,500115843E10;480261
WINFUT;11/07/2025;15:00:00;155989,84;156358,57;155916,10;156194,06;2,051690302E10;657073
WINFUT;11/07/2025;14:30:00;155904,75;156006,86;155621,11;155984,17;1,694227185E10;543730
WINFUT;11/07/2025;14:00:00;155541,69;155967,15;155490,64;155904,75;1,693299637E10;543555
WINFUT;11/07/2025;13:30:00;155530,35;155655,15;155445,26;155541,69;1,065435547E10;342467
WINFUT;11/07/2025;13:00:00;155734,57;155740,24;155439,58;155536,02;1,619457991E10;520460
WINFUT;11/07/2025;12:30:00;155643,80;155802,64;155570,06;155734,57;1,853777054E10;595321
WINFUT;11/07/2025;12:00:00;156120,32;156165,70;155490,64;155643,80;2,08530089E10;669088
WINFUT;11/07/2025;11:30:00;156143,01;156216,75;155916,10;156125,99;2,52038992E10;807413
WINFUT;11/07/2025;11:00:00;155802,64;156738,65;155604,09;156137,33;4,891607532E10;1566635
WINFUT;11/07/2025;10:30:00;156029,55;156205,41;155587,08;155802,64;4,882544968E10;1566069
WINFUT;11/07/2025;10:00:00;156432,32;156574,14;155882,06;156035,22;4,400507974E10;1408489
WINFUT;11/07/2025;09:30:00;156602,50;156608,17;156233,77;156426,65;2,309390155E10;738240
WINFUT;11/07/2025;09:00:00;156681,92;156857,78;156040,90;156596,83;4,115881537E10;1315149
WINFUT;10/07/2025;18:00:00;157294,58;157561,20;157220,83;157220,83;4557300484,00;144775
WINFUT;10/07/2025;17:30:00;157067,67;157356,98;157067,67;157288,91;6235931748,00;198291
WINFUT;10/07/2025;17:00:00;156982,58;157141,41;156852,10;157067,67;1,087189925E10;346326
WINFUT;10/07/2025;16:30:00;157226,51;157266,22;156954,21;156982,58;1,297981146E10;413111
WINFUT;10/07/2025;16:00:00;157010,94;157288,91;156993,92;157232,18;1,705125459E10;542385
WINFUT;10/07/2025;15:30:00;156925,85;157113,05;156755,67;157010,94;1,479202108E10;471269
WINFUT;10/07/2025;15:00:00;156891,81;157079,01;156681,92;156920,18;1,680952683E10;535639
WINFUT;10/07/2025;14:30:00;157016,61;157056,32;156710,28;156897,49;1,974182176E10;629246
WINFUT;10/07/2025;14:00:00;156971,23;157215,16;156869,12;157016,61;1,768230219E10;563075
WINFUT;10/07/2025;13:30:00;157124,40;157209,49;156942,87;156971,23;1,650081971E10;525213
WINFUT;10/07/2025;13:00:00;156801,05;157311,60;156767,01;157124,40;2,028755121E10;645685
WINFUT;10/07/2025;12:30:00;156738,65;156903,16;156642,21;156801,05;1,636146756E10;521772
WINFUT;10/07/2025;12:00:00;156784,03;156925,85;156477,70;156732,97;2,052866894E10;655162
WINFUT;10/07/2025;11:30:00;156534,43;157016,61;156443,66;156789,70;3,053472479E10;974141
WINFUT;10/07/2025;11:00:00;156528,75;156863,45;156262,13;156540,10;3,133795809E10;1000636
WINFUT;10/07/2025;10:30:00;156250,79;156914,50;155984,17;156534,43;5,470850575E10;1748122
WINFUT;10/07/2025;10:00:00;156001,19;156687,59;155978,50;156256,46;5,051040751E10;1615187
WINFUT;10/07/2025;09:30:00;155921,77;156177,04;155717,55;155995,51;3,231297424E10;1035849
WINFUT;10/07/2025;09:00:00;155796,97;156160,02;155155,94;155921,77;5,142964991E10;1651652
WINFUT;09/07/2025;18:00:00;156534,43;156602,50;156001,19;156364,24;6948194702,00;222264
WINFUT;09/07/2025;17:30:00;156080,61;156965,56;156080,61;156534,43;1,662868669E10;531087
WINFUT;09/07/2025;17:00:00;157827,82;157946,95;155609,77;156080,61;3,43208225E10;1093268
WINFUT;09/07/2025;16:30:00;157799,46;157844,84;157657,64;157822,15;1,342216686E10;425411
WINFUT;09/07/2025;16:00:00;158043,38;158083,09;157634,95;157799,46;1,773809353E10;561840
WINFUT;09/07/2025;15:30:00;158105,79;158151,17;157980,98;158037,71;1,029164506E10;325526
WINFUT;09/07/2025;15:00:00;158088,77;158207,89;157975,31;158100,11;1,53174558E10;484490
WINFUT;09/07/2025;14:30:00;158576,63;158644,70;157793,78;158094,44;4,100625912E10;1296263
WINFUT;09/07/2025;14:00:00;158497,21;158633,35;158474,52;158570,95;1,293133781E10;407807
WINFUT;09/07/2025;13:30:00;158508,55;158582,30;158406,44;158497,21;1,078131296E10;340149
WINFUT;09/07/2025;13:00:00;158616,33;158633,35;158446,15;158508,55;1,589595511E10;501333
WINFUT;09/07/2025;12:30:00;158383,75;158667,39;158361,06;158616,33;1,605389457E10;506261
WINFUT;09/07/2025;12:00:00;158531,24;158622,01;158304,33;158383,75;2,244744592E10;708289
WINFUT;09/07/2025;11:30:00;158911,32;159007,76;158519,90;158531,24;2,471447962E10;778196
WINFUT;09/07/2025;11:00:00;158888,63;159064,48;158684,41;158905,65;3,06349271E10;964184
WINFUT;09/07/2025;10:30:00;159104,19;159495,61;158848,92;158888,63;4,602529652E10;1446544
WINFUT;09/07/2025;10:00:00;159671,47;159796,27;158922,66;159109,87;5,202815483E10;1631906
WINFUT;09/07/2025;09:30:00;159546,67;159756,56;159416,20;159671,47;2,978992603E10;933329
WINFUT;09/07/2025;09:00:00;160289,80;160357,87;159070,16;159546,67;4,661518992E10;1461730
WINFUT;08/07/2025;18:00:00;160261,44;160391,91;160204,71;160255,77;4143221780,00;129223
WINFUT;08/07/2025;17:30:00;160096,93;160301,15;160011,84;160267,11;8639108747,00;269655
WINFUT;08/07/2025;17:00:00;159858,67;160193,36;159853,00;160102,60;1,420145652E10;443644
WINFUT;08/07/2025;16:30:00;159813,29;159915,40;159682,82;159853,00;1,425845395E10;446139
WINFUT;08/07/2025;16:00:00;159915,40;159960,78;159705,51;159807,62;1,149104052E10;359468
WINFUT;08/07/2025;15:30:00;160006,16;160017,51;159813,29;159921,07;1,421176363E10;444372
WINFUT;08/07/2025;15:00:00;159994,82;160238,75;159915,40;160011,84;1,777016842E10;555119
WINFUT;08/07/2025;14:30:00;159870,02;160096,93;159818,96;160000,49;1,624946077E10;508015
WINFUT;08/07/2025;14:00:00;159870,02;159972,13;159773,58;159875,69;1,680224089E10;525483
WINFUT;08/07/2025;13:30:00;159983,47;160006,16;159438,89;159870,02;3,332132177E10;1043472
WINFUT;08/07/2025;13:00:00;159926,74;160000,49;159705,51;159983,47;1,847083601E10;577746
WINFUT;08/07/2025;12:30:00;160074,24;160165,00;159813,29;159921,07;2,056826242E10;642685
WINFUT;08/07/2025;12:00:00;160085,58;160301,15;159994,82;160079,91;2,005129979E10;626089
WINFUT;08/07/2025;11:30:00;160221,73;160278,46;159756,56;160085,58;3,227161702E10;1008414
WINFUT;08/07/2025;11:00:00;160142,31;160352,20;160006,16;160216,06;2,864638427E10;894119
WINFUT;08/07/2025;10:30:00;159932,42;160346,53;159745,22;160142,31;4,967563128E10;1551832
WINFUT;08/07/2025;10:00:00;160465,66;160465,66;159864,34;159932,42;5,95670935E10;1859571
WINFUT;08/07/2025;09:30:00;160391,91;160630,17;160182,02;160459,98;3,377998932E10;1052937
WINFUT;08/07/2025;09:00:00;160732,28;160987,55;159813,29;160391,91;6,142194387E10;1915948
WINFUT;07/07/2025;18:00:00;160459,98;160499,69;160340,86;160340,86;3949492234,00;123084
WINFUT;07/07/2025;17:30:00;160357,87;160511,04;160357,87;160465,66;7842857227,00;244400
WINFUT;07/07/2025;17:00:00;160391,91;160482,68;160295,47;160357,87;9081199001,00;283085
WINFUT;07/07/2025;16:30:00;160306,82;160454,31;160238,75;160391,91;1,412714117E10;440526
WINFUT;07/07/2025;16:00:00;160437,29;160477,00;160284,13;160306,82;1,295119309E10;403745
WINFUT;07/07/2025;15:30:00;160352,20;160465,66;160199,04;160431,62;1,549474476E10;483228
WINFUT;07/07/2025;15:00:00;160391,91;160516,71;160199,04;160357,87;1,90641401E10;594360
WINFUT;07/07/2025;14:30:00;160357,87;160505,37;160323,84;160397,58;1,788891166E10;557543
WINFUT;07/07/2025;14:00:00;160329,51;160437,29;160136,64;160352,20;2,379456361E10;742337
WINFUT;07/07/2025;13:30:00;160522,39;160613,15;160295,47;160329,51;2,310777718E10;719949
WINFUT;07/07/2025;13:00:00;160834,39;160896,79;160425,95;160522,39;2,695124752E10;838865
WINFUT;07/07/2025;12:30:00;160987,55;161061,30;160715,26;160834,39;2,03145089E10;631363
WINFUT;07/07/2025;12:00:00;161373,30;161378,97;160862,75;160981,88;3,185972941E10;988890
WINFUT;07/07/2025;11:30:00;161475,41;161532,14;161174,75;161373,30;2,93124658E10;908296
WINFUT;07/07/2025;11:00:00;161776,07;161793,09;161333,59;161469,74;3,519841619E10;1089802
WINFUT;07/07/2025;10:30:00;161889,52;162314,98;161685,30;161776,07;5,0659755E10;1564007
WINFUT;07/07/2025;10:00:00;162490,84;162632,66;161849,81;161889,52;4,910707561E10;1513258
WINFUT;07/07/2025;09:30:00;162280,94;162541,89;162116,43;162496,51;3,152622982E10;971028
WINFUT;07/07/2025;09:00:00;162649,67;162712,07;162076,72;162275,27;4,341667763E10;1336510
WINFUT;04/07/2025;18:00:00;162683,71;163177,24;162678,04;163165,90;4544923022,00;139500
WINFUT;04/07/2025;17:30:00;162575,93;162695,06;162507,85;162683,71;4723753515,00;145230
WINFUT;04/07/2025;17:00:00;162672,37;162672,37;162496,51;162581,60;8110885202,00;249451
WINFUT;04/07/2025;16:30:00;162910,62;162961,68;162638,33;162672,37;9826320819,00;301814
WINFUT;04/07/2025;16:00:00;162819,86;162950,33;162791,49;162910,62;5576927886,00;171183
WINFUT;04/07/2025;15:30:00;162882,26;162978,69;162785,82;162814,18;8861115368,00;272017
WINFUT;04/07/2025;15:00:00;162842,55;162961,68;162808,51;162882,26;1,184096005E10;363465
WINFUT;04/07/2025;14:30:00;162621,31;162876,59;162615,64;162842,55;1,327872931E10;407886
WINFUT;04/07/2025;14:00:00;162524,87;162666,69;162502,18;162615,64;7662690674,00;235636
WINFUT;04/07/2025;13:30:00;162587,27;162649,67;162496,51;162519,20;7271762536,00;223652
WINFUT;04/07/2025;13:00:00;162570,26;162712,07;162524,87;162581,60;1,033666749E10;317823
WINFUT;04/07/2025;12:30:00;162632,66;162717,75;162547,56;162575,93;1,030579257E10;316851
WINFUT;04/07/2025;12:00:00;162417,09;162808,51;162297,96;162638,33;2,475944387E10;761400
WINFUT;04/07/2025;11:30:00;162485,16;162661,02;162349,02;162417,09;1,764765787E10;542993
WINFUT;04/07/2025;11:00:00;162212,87;162621,31;162207,20;162490,84;3,342761635E10;1028920
WINFUT;04/07/2025;10:30:00;161889,52;162224,22;161719,34;162224,22;3,48256439E10;1074743
WINFUT;04/07/2025;10:00:00;161776,07;162093,74;161713,67;161895,20;3,868890464E10;1194938
WINFUT;04/07/2025;09:30:00;161878,18;161878,18;161617,23;161776,07;1,800942722E10;556747
WINFUT;04/07/2025;09:00:00;161872,50;162065,38;161577,52;161878,18;2,941021171E10;908623
WINFUT;03/07/2025;18:00:00;162400,07;162530,55;162309,31;162383,05;3671908548,00;113051
WINFUT;03/07/2025;17:30:00;162314,98;162462,47;162258,25;162400,07;5919943458,00;182314
WINFUT;03/07/2025;17:00:00;162462,47;162479,49;162286,62;162314,98;1,226265334E10;377586
WINFUT;03/07/2025;16:30:00;162524,87;162678,04;162388,73;162462,47;1,312802934E10;403792
WINFUT;03/07/2025;16:00:00;162615,64;162638,33;162479,49;162530,55;9539844762,00;293438
WINFUT;03/07/2025;15:30:00;162553,24;162666,69;162536,22;162615,64;9501456806,00;292165
WINFUT;03/07/2025;15:00:00;162706,40;162746,11;162507,85;162547,56;1,060671343E10;326152
WINFUT;03/07/2025;14:30:00;162615,64;162746,11;162519,20;162700,73;1,136716228E10;349469
WINFUT;03/07/2025;14:00:00;162581,60;162723,42;162468,15;162615,64;1,634401067E10;502605
WINFUT;03/07/2025;13:30:00;162286,62;162609,96;162280,94;162575,93;1,899933783E10;584801
WINFUT;03/07/2025;13:00:00;162178,83;162360,36;162110,76;162286,62;1,505073154E10;463842
WINFUT;03/07/2025;12:30:00;162309,31;162400,07;162082,40;162173,16;1,677623432E10;517074
WINFUT;03/07/2025;12:00:00;161883,85;162349,02;161713,67;162309,31;2,896522361E10;893751
WINFUT;03/07/2025;11:30:00;162218,54;162349,02;161810,10;161883,85;2,666789002E10;822989
WINFUT;03/07/2025;11:00:00;162224,22;162575,93;162031,34;162218,54;3,54553861E10;1092468
WINFUT;03/07/2025;10:30:00;160828,71;162468,15;160823,04;162229,89;7,033943363E10;2172711
WINFUT;03/07/2025;10:00:00;160312,49;160851,41;160210,38;160828,71;5,99140805E10;1866328
WINFUT;03/07/2025;09:30:00;160306,82;160442,97;159818,96;160312,49;4,171756679E10;1302328
WINFUT;03/07/2025;09:00:00;160153,66;160511,04;159932,42;160312,49;3,6295704E10;1132310
WINFUT;02/07/2025;18:00:00;160340,86;160482,68;160295,47;160465,66;4767644272,00;148610
WINFUT;02/07/2025;17:30:00;160267,11;160346,53;160210,38;160340,86;4032003236,00;125785
WINFUT;02/07/2025;17:00:00;160216,06;160306,82;160040,20;160261,44;1,177080436E10;367513
WINFUT;02/07/2025;16:30:00;160301,15;160374,89;160119,62;160216,06;1,692655726E10;528103
WINFUT;02/07/2025;16:00:00;160182,02;160306,82;160096,93;160295,47;1,358240567E10;423851
WINFUT;02/07/2025;15:30:00;160227,40;160244,42;159932,42;160182,02;2,320996842E10;724918
WINFUT;02/07/2025;15:00:00;160454,31;160482,68;160210,38;160221,73;1,565046263E10;488001
WINFUT;02/07/2025;14:30:00;160556,42;160749,30;160363,55;160454,31;2,12319357E10;661209
WINFUT;02/07/2025;14:00:00;160289,80;160601,80;160193,36;160556,42;2,010716526E10;626623
WINFUT;02/07/2025;13:30:00;160165,00;160408,93;160153,66;160289,80;1,962917499E10;612314
WINFUT;02/07/2025;13:00:00;160051,55;160187,69;159875,69;160165,00;1,973500188E10;616521
WINFUT;02/07/2025;12:30:00;160272,78;160357,87;160028,85;160051,55;1,812105127E10;565766
WINFUT;02/07/2025;12:00:00;159779,25;160346,53;159660,12;160272,78;3,514694509E10;1098289
WINFUT;02/07/2025;11:30:00;159529,65;159943,76;159472,92;159779,25;3,83596349E10;1201076
WINFUT;02/07/2025;11:00:00;159620,41;159705,51;159291,39;159523,98;4,125964784E10;1293700
WINFUT;02/07/2025;10:30:00;160692,57;160698,24;159427,54;159620,41;6,846309106E10;2138607
WINFUT;02/07/2025;10:00:00;161044,28;161146,39;160488,35;160692,57;5,475130089E10;1701787
WINFUT;02/07/2025;09:30:00;161004,57;161186,10;160737,95;161049,95;4,509656004E10;1401032
WINFUT;02/07/2025;09:00:00;160913,81;161333,59;160590,46;160998,90;4,507773847E10;1399427
WINFUT;01/07/2025;18:00:00;160720,93;160862,75;160681,22;160862,75;3779501237,00;117556
WINFUT;01/07/2025;17:30:00;160840,06;160845,73;160698,24;160726,61;5712046952,00;177654
WINFUT;01/07/2025;17:00:00;160976,21;161010,24;160737,95;160840,06;9896276585,00;307626
WINFUT;01/07/2025;16:30:00;160936,50;161044,28;160874,10;160976,21;1,204809707E10;374249
WINFUT;01/07/2025;16:00:00;161032,93;161032,93;160885,44;160942,17;1,03842777E10;322596
WINFUT;01/07/2025;15:30:00;160925,15;161049,95;160828,71;161032,93;1,326895962E10;412255
WINFUT;01/07/2025;15:00:00;160919,48;160970,53;160794,68;160919,48;1,35140466E10;419986
WINFUT;01/07/2025;14:30:00;160681,22;160987,55;160607,48;160913,81;1,703579006E10;529634
WINFUT;01/07/2025;14:00:00;160613,15;160930,82;160613,15;160686,90;1,718343248E10;534389
WINFUT;01/07/2025;13:30:00;160800,35;160862,75;160601,80;160607,48;1,589956342E10;494643
WINFUT;01/07/2025;13:00:00;160386,24;160919,48;160374,89;160800,35;2,333238674E10;726003
WINFUT;01/07/2025;12:30:00;160363,55;160579,11;160159,33;160380,57;2,097511855E10;653845
WINFUT;01/07/2025;12:00:00;160357,87;160437,29;160142,31;160363,55;2,191014188E10;683502
WINFUT;01/07/2025;11:30:00;160301,15;160482,68;160057,22;160352,20;2,592921287E10;808902
WINFUT;01/07/2025;11:00:00;160346,53;160488,35;160108,27;160301,15;3,520070572E10;1097952
WINFUT;01/07/2025;10:30:00;160528,06;160902,46;160182,02;160335,18;4,357606773E10;1357246
WINFUT;01/07/2025;10:00:00;160244,42;160976,21;160130,96;160528,06;5,08538793E10;1583504
WINFUT;01/07/2025;09:30:00;160817,37;160925,15;160233,07;160244,42;3,737695621E10;1164032
WINFUT;01/07/2025;09:00:00;159858,67;160964,86;159660,12;160811,70;5,245368982E10;1634578
WINFUT;30/06/2025;18:00:00;160193,36;160369,22;160102,60;160102,60;4632398507,00;144578
WINFUT;30/06/2025;17:30:00;160238,75;160272,78;160011,84;160193,36;9366565614,00;292486
WINFUT;30/06/2025;17:00:00;160278,46;160301,15;160119,62;160244,42;1,009509646E10;315044
WINFUT;30/06/2025;16:30:00;160380,57;160471,33;160165,00;160284,13;1,653931094E10;515819
WINFUT;30/06/2025;16:00:00;160193,36;160482,68;160096,93;160386,24;1,77273745E10;553012
WINFUT;30/06/2025;15:30:00;160085,58;160289,80;160000,49;160199,04;1,888058556E10;589405
WINFUT;30/06/2025;15:00:00;159915,40;160125,29;159801,94;160091,25;1,844110412E10;576380
WINFUT;30/06/2025;14:30:00;159614,74;160011,84;159592,05;159915,40;2,462052483E10;770158
WINFUT;30/06/2025;14:00:00;159484,27;159694,16;159382,16;159609,07;1,648357632E10;516622
WINFUT;30/06/2025;13:30:00;159206,30;159489,94;159166,59;159478,60;1,730885325E10;543185
WINFUT;30/06/2025;13:00:00;159206,30;159302,74;159053,14;159200,63;1,306645457E10;410451
WINFUT;30/06/2025;12:30:00;159030,45;159444,56;158990,74;159200,63;1,901737658E10;597328
WINFUT;30/06/2025;12:00:00;159160,92;159382,16;159002,08;159030,45;2,149201423E10;674971
WINFUT;30/06/2025;11:30:00;158848,92;159240,34;158775,17;159166,59;2,298768873E10;722869
WINFUT;30/06/2025;11:00:00;159041,79;159217,65;158763,83;158848,92;2,847421179E10;895371
WINFUT;30/06/2025;10:30:00;157549,85;159172,27;157493,13;159036,12;5,008374749E10;1580008
WINFUT;30/06/2025;10:00:00;157606,58;158145,49;157192,47;157549,85;4,370870197E10;1386520
WINFUT;30/06/2025;09:30:00;157237,85;157850,51;157141,41;157606,58;3,158602247E10;1002801
WINFUT;30/06/2025;09:00:00;157986,66;157986,66;156596,83;157237,85;4,667048569E10;1485065
WINFUT;27/06/2025;18:00:00;157867,53;158083,09;157861,86;158083,09;2764304789,00;87482
WINFUT;27/06/2025;17:30:00;157986,66;158003,68;157793,78;157867,53;5196448576,00;164566
WINFUT;27/06/2025;17:00:00;157901,57;158020,69;157725,71;157992,33;9962946059,00;315587
WINFUT;27/06/2025;16:30:00;157720,04;157952,62;157646,29;157895,89;1,153866623E10;365586
WINFUT;27/06/2025;16:00:00;157606,58;157759,75;157504,47;157714,36;1,143808777E10;362815
WINFUT;27/06/2025;15:30:00;157839,16;157901,57;157532,84;157600,91;1,710992479E10;542443
WINFUT;27/06/2025;15:00:00;157867,53;158043,38;157822,15;157839,16;1,559003384E10;493582
WINFUT;27/06/2025;14:30:00;158037,71;158190,88;157629,27;157861,86;2,508060131E10;794198
WINFUT;27/06/2025;14:00:00;158043,38;158100,11;157878,87;158043,38;1,381372778E10;437138
WINFUT;27/06/2025;13:30:00;158185,20;158219,24;157986,66;158043,38;1,155990046E10;365594
WINFUT;27/06/2025;13:00:00;158066,08;158344,04;157963,97;158190,88;1,745968683E10;551805
WINFUT;27/06/2025;12:30:00;157759,75;158253,28;157504,47;158060,40;2,566524798E10;812607
WINFUT;27/06/2025;12:00:00;157731,38;158043,38;157708,69;157765,42;1,757893287E10;556636
WINFUT;27/06/2025;11:30:00;157867,53;157929,93;157578,22;157731,38;2,6344385E10;835041
WINFUT;27/06/2025;11:00:00;157816,47;158173,86;157759,75;157873,20;3,282342189E10;1039080
WINFUT;27/06/2025;10:30:00;157385,34;157975,31;157317,27;157816,47;4,013866535E10;1273132
WINFUT;27/06/2025;10:00:00;157130,07;158015,02;156908,83;157385,34;4,944924211E10;1569949
WINFUT;27/06/2025;09:30:00;157396,69;157646,29;157079,01;157135,74;3,73242172E10;1186021
WINFUT;27/06/2025;09:00:00;158383,75;158542,59;157339,96;157396,69;3,585569316E10;1135269
WINFUT;26/06/2025;18:00:00;158009,35;158253,28;157861,86;157958,29;5395587492,00;170676
WINFUT;26/06/2025;17:30:00;158236,26;158241,93;157952,62;158009,35;8842568715,00;279732
WINFUT;26/06/2025;17:00:00;158224,91;158292,99;158134,15;158236,26;9041435986,00;285743
WINFUT;26/06/2025;16:30:00;158179,53;158315,68;158083,09;158224,91;1,159431511E10;366479
WINFUT;26/06/2025;16:00:00;158185,20;158224,91;158020,69;158185,20;1,179679799E10;373009
WINFUT;26/06/2025;15:30:00;158224,91;158253,28;158066,08;158185,20;1,265884716E10;400168
WINFUT;26/06/2025;15:00:00;158162,51;158287,31;158117,13;158230,59;1,048443542E10;331350
WINFUT;26/06/2025;14:30:00;158287,31;158457,50;158094,44;158168,19;1,648278929E10;520668
WINFUT;26/06/2025;14:00:00;158298,66;158417,79;158162,51;158281,64;1,526036501E10;481994
WINFUT;26/06/2025;13:30:00;158321,35;158553,93;158253,28;158298,66;1,690960041E10;533732
WINFUT;26/06/2025;13:00:00;158258,95;158502,88;158105,79;158321,35;1,881975955E10;594394
WINFUT;26/06/2025;12:30:00;158207,89;158395,10;158128,48;158258,95;1,71487314E10;541821
WINFUT;26/06/2025;12:00:00;158105,79;158383,75;157998,00;158207,89;2,683366294E10;848307
WINFUT;26/06/2025;11:30:00;157805,13;158344,04;157737,06;158105,79;3,018352576E10;954436
WINFUT;26/06/2025;11:00:00;157589,56;158037,71;157476,11;157799,46;3,488686854E10;1105376
WINFUT;26/06/2025;10:30:00;157754,07;157929,93;157464,76;157589,56;5,030329244E10;1595057
WINFUT;26/06/2025;10:00:00;157396,69;157782,44;156999,59;157759,75;5,030640794E10;1598613
WINFUT;26/06/2025;09:30:00;157198,14;157668,98;157135,74;157396,69;3,031666992E10;962951
WINFUT;26/06/2025;09:00:00;157288,91;157527,16;156937,19;157192,47;3,928568105E10;1248970
WINFUT;25/06/2025;18:00:00;156545,77;156806,72;156443,66;156784,03;4478736026,00;142970
WINFUT;25/06/2025;17:30:00;156341,55;156557,12;156324,54;156540,10;7196572755,00;229987
WINFUT;25/06/2025;17:00:00;156744,32;156806,72;156267,81;156347,23;1,23127592E10;393230
WINFUT;25/06/2025;16:30:00;156897,49;156993,92;156647,88;156744,32;1,248835582E10;398233
WINFUT;25/06/2025;16:00:00;156772,68;156954,21;156670,57;156903,16;1,199500737E10;382491
WINFUT;25/06/2025;15:30:00;156818,07;156965,56;156738,65;156772,68;1,265753842E10;403497
WINFUT;25/06/2025;15:00:00;156852,10;156886,14;156523,08;156818,07;1,677080381E10;535131
WINFUT;25/06/2025;14:30:00;156925,85;157073,34;156767,01;156846,43;1,614199847E10;514406
WINFUT;25/06/2025;14:00:00;157147,09;157181,12;156761,34;156931,52;1,923667911E10;612927
WINFUT;25/06/2025;13:30:00;157130,07;157300,25;157096,03;157147,09;1,528850344E10;486278
WINFUT;25/06/2025;13:00:00;156880,47;157164,11;156869,12;157124,40;1,532548132E10;487937
WINFUT;25/06/2025;12:30:00;156585,48;156959,89;156557,12;156880,47;2,202647004E10;702487
WINFUT;25/06/2025;12:00:00;157101,70;157101,70;156455,01;156585,48;3,158773449E10;1007679
WINFUT;25/06/2025;11:30:00;157181,12;157510,14;157039,30;157101,70;2,760396192E10;877590
WINFUT;25/06/2025;11:00:00;157141,41;157345,63;156874,79;157181,12;2,957963385E10;941329
WINFUT;25/06/2025;10:30:00;157328,62;157374,00;156852,10;157141,41;4,643268797E10;1477615
WINFUT;25/06/2025;10:00:00;157396,69;157634,95;157147,09;157328,62;4,213405356E10;1338220
WINFUT;25/06/2025;09:30:00;156999,59;157595,24;156914,50;157402,36;3,434901557E10;1092143
WINFUT;25/06/2025;09:00:00;158043,38;158139,82;156863,45;156999,59;4,485501338E10;1424773
WINFUT;24/06/2025;18:00:00;158264,62;158281,64;158043,38;158043,38;3086130045,00;97549
WINFUT;24/06/2025;17:30:00;158179,53;158292,99;158173,86;158275,97;4474805004,00;141391
WINFUT;24/06/2025;17:00:00;158474,52;158474,52;158077,42;158179,53;1,097265493E10;346523
WINFUT;24/06/2025;16:30:00;158656,04;158678,73;158463,17;158474,52;1,334464126E10;420774
WINFUT;24/06/2025;16:00:00;158491,53;158763,83;158485,86;158661,72;1,427070921E10;449733
WINFUT;24/06/2025;15:30:00;159064,48;159098,52;158292,99;158485,86;2,561359662E10;807373
WINFUT;24/06/2025;15:00:00;159382,16;159433,21;158962,37;159064,48;1,434616573E10;450522
WINFUT;24/06/2025;14:30:00;159155,25;159455,90;159143,90;159382,16;1,219617672E10;382753
WINFUT;24/06/2025;14:00:00;159240,34;159274,38;159115,54;159155,25;1,201470049E10;377326
WINFUT;24/06/2025;13:30:00;159393,50;159501,29;159206,30;159234,67;1,232160053E10;386528
WINFUT;24/06/2025;13:00:00;159489,94;159506,96;159263,03;159393,50;1,200639151E10;376723
WINFUT;24/06/2025;12:30:00;159523,98;159597,72;159399,18;159484,27;1,430702337E10;448470
WINFUT;24/06/2025;12:00:00;159206,30;159569,36;159194,96;159523,98;2,325541641E10;729474
WINFUT;24/06/2025;11:30:00;158236,26;159234,67;158190,88;159200,63;3,377560535E10;1062762
WINFUT;24/06/2025;11:00:00;157992,33;158536,92;157958,29;158241,93;3,413145136E10;1078342
WINFUT;24/06/2025;10:30:00;158094,44;158519,90;157844,84;157998,00;4,514494235E10;1427311
WINFUT;24/06/2025;10:00:00;158151,17;158264,62;157294,58;158100,11;5,494402479E10;1740992
WINFUT;24/06/2025;09:30:00;157549,85;158327,02;157374,00;158151,17;4,13191928E10;1307777
WINFUT;24/06/2025;09:00:00;158678,73;158724,12;157419,38;157549,85;4,298656043E10;1361154
WINFUT;23/06/2025;18:00:00;157856,18;157998,00;157822,15;157946,95;2969311057,00;94027
WINFUT;23/06/2025;17:30:00;157805,13;157924,26;157754,07;157856,18;5196933919,00;164633
WINFUT;23/06/2025;17:00:00;157697,35;157963,97;157691,67;157810,80;1,111801944E10;352203
WINFUT;23/06/2025;16:30:00;157515,82;157754,07;157470,43;157691,67;1,12139837E10;355827
WINFUT;23/06/2025;16:00:00;157510,14;157583,89;157413,71;157515,82;1,329228038E10;421973
WINFUT;23/06/2025;15:30:00;157532,84;157612,25;157362,65;157515,82;1,318086802E10;418487
WINFUT;23/06/2025;15:00:00;157600,91;157737,06;157408,03;157532,84;1,821911338E10;578083
WINFUT;23/06/2025;14:30:00;157056,32;157640,62;156976,90;157595,24;2,439617155E10;775163
WINFUT;23/06/2025;14:00:00;157203,81;157351,31;156931,52;157056,32;2,050759995E10;652668
WINFUT;23/06/2025;13:30:00;157220,83;157311,60;156959,89;157203,81;2,486022639E10;790934
WINFUT;23/06/2025;13:00:00;157408,03;157527,16;157181,12;157226,51;1,771842038E10;563002
WINFUT;23/06/2025;12:30:00;157555,53;157720,04;157379,67;157402,36;1,930094718E10;612600
WINFUT;23/06/2025;12:00:00;157816,47;157969,64;157436,40;157555,53;2,57983507E10;817911
WINFUT;23/06/2025;11:30:00;157799,46;157980,98;157748,40;157810,80;1,833306853E10;580676
WINFUT;23/06/2025;11:00:00;157663,31;157998,00;157470,43;157793,78;3,246054702E10;1028947
WINFUT;23/06/2025;10:30:00;157867,53;158077,42;157527,16;157668,98;4,6435132E10;1471743
WINFUT;23/06/2025;10:00:00;158553,93;158627,68;157856,18;157867,53;4,420085581E10;1396412
WINFUT;23/06/2025;09:30:00;158429,13;158735,46;158241,93;158559,61;3,130870807E10;987684
WINFUT;23/06/2025;09:00:00;158491,53;158775,17;158219,24;158429,13;3,597503417E10;1134861
WINFUT;20/06/2025;18:00:00;158531,24;158667,39;158463,17;158508,55;3244957739,00;102320
WINFUT;20/06/2025;17:30:00;158480,19;158565,28;158389,42;158531,24;4845859061,00;152887
WINFUT;20/06/2025;17:00:00;158315,68;158491,53;158281,64;158474,52;9204715215,00;290567
WINFUT;20/06/2025;16:30:00;158366,73;158536,92;158270,30;158321,35;1,115650869E10;352089
WINFUT;20/06/2025;16:00:00;158429,13;158514,22;158332,70;158372,41;1,009592455E10;318615
WINFUT;20/06/2025;15:30:00;158457,50;158616,33;158395,10;158423,46;1,26060554E10;397623
WINFUT;20/06/2025;15:00:00;158349,71;158497,21;158139,82;158463,17;1,31708784E10;415923
WINFUT;20/06/2025;14:30:00;158604,99;158633,35;158230,59;158349,71;1,699934848E10;536645
WINFUT;20/06/2025;14:00:00;158650,37;158814,88;158406,44;158604,99;1,651784012E10;520669
WINFUT;20/06/2025;13:30:00;159126,88;159263,03;158576,63;158656,04;2,076181365E10;653390
WINFUT;20/06/2025;13:00:00;158587,97;159234,67;158570,95;159126,88;2,451692357E10;771184
WINFUT;20/06/2025;12:30:00;158258,95;158656,04;158219,24;158582,30;1,914145878E10;603802
WINFUT;20/06/2025;12:00:00;158264,62;158383,75;158049,06;158258,95;2,279294932E10;720360
WINFUT;20/06/2025;11:30:00;158695,75;158741,14;158156,84;158270,30;2,942871351E10;928669
WINFUT;20/06/2025;11:00:00;159087,17;159280,05;158644,70;158690,08;2,835354662E10;891635
WINFUT;20/06/2025;10:30:00;159234,67;159484,27;158854,59;159081,50;3,785986917E10;1189684
WINFUT;20/06/2025;10:00:00;159280,05;159410,52;158990,74;159234,67;3,390849929E10;1065026
WINFUT;20/06/2025;09:30:00;159699,83;159733,87;159138,23;159285,72;2,989857829E10;937881
WINFUT;20/06/2025;09:00:00;160630,17;160817,37;159660,12;159699,83;3,531726863E10;1101329
WINFUT;18/06/2025;18:00:00;160647,19;160743,62;160539,40;160715,26;3101822242,00;96555
WINFUT;18/06/2025;17:30:00;160482,68;160698,24;160425,95;160647,19;4834355608,00;150528
WINFUT;18/06/2025;17:00:00;160289,80;160522,39;160261,44;160482,68;7051015441,00;219808
WINFUT;18/06/2025;16:30:00;160204,71;160459,98;160165,00;160284,13;1,154747231E10;360128
WINFUT;18/06/2025;16:00:00;160340,86;160477,00;160147,98;160199,04;1,822775034E10;568516
WINFUT;18/06/2025;15:30:00;160766,31;160964,86;160255,77;160340,86;2,07455454E10;645652
WINFUT;18/06/2025;15:00:00;160851,41;160959,19;160545,08;160766,31;1,722809487E10;535993
WINFUT;18/06/2025;14:30:00;160817,37;160902,46;160465,66;160874,10;1,800061646E10;560311
WINFUT;18/06/2025;14:00:00;160743,62;161061,30;160703,91;160817,37;1,77973086E10;553166
WINFUT;18/06/2025;13:30:00;160272,78;160930,82;160233,07;160737,95;1,796207822E10;559005
WINFUT;18/06/2025;13:00:00;160477,00;160499,69;160250,09;160272,78;1,11385585E10;347280
WINFUT;18/06/2025;12:30:00;160482,68;160664,20;160352,20;160477,00;1,582403313E10;493007
WINFUT;18/06/2025;12:00:00;160641,51;160726,61;160284,13;160482,68;2,091063922E10;651481
WINFUT;18/06/2025;11:30:00;160437,29;160913,81;160431,62;160641,51;2,460129667E10;765371
WINFUT;18/06/2025;11:00:00;160113,95;160618,82;160108,27;160431,62;3,38413175E10;1054955
WINFUT;18/06/2025;10:30:00;160749,30;160840,06;160057,22;160113,95;3,580809562E10;1115907
WINFUT;18/06/2025;10:00:00;160329,51;160806,02;160153,66;160749,30;3,998175821E10;1245833
WINFUT;18/06/2025;09:30:00;160301,15;160494,02;159972,13;160329,51;2,400612725E10;749151
WINFUT;18/06/2025;09:00:00;160760,64;160874,10;160011,84;160312,49;3,147728814E10;981390
WINFUT;17/06/2025;18:00:00;160410,04;160652,86;160334,88;160652,86;3792117393,00;118116
WINFUT;17/06/2025;17:30:00;160600,83;160722,24;160323,32;160404,26;6877888473,00;214190
WINFUT;17/06/2025;17:00:00;160641,30;160722,24;160433,17;160595,05;7993875132,00;248933
WINFUT;17/06/2025;16:30:00;160149,88;160745,36;160144,10;160641,30;2,217532095E10;690776
WINFUT;17/06/2025;16:00:00;160340,66;160386,92;160109,41;160149,88;9555038439,00;298151
WINFUT;17/06/2025;15:30:00;160173,00;160375,35;160080,50;160346,45;1,200716336E10;374732
WINFUT;17/06/2025;15:00:00;160138,32;160398,48;160086,28;160167,22;1,708740167E10;533161
WINFUT;17/06/2025;14:30:00;160184,57;160329,10;160074,72;160138,32;1,80438719E10;563145
WINFUT;17/06/2025;14:00:00;160034,25;160259,73;159999,56;160184,57;1,520484659E10;474728
WINFUT;17/06/2025;13:30:00;160300,20;160386,92;159889,72;160028,47;2,086185452E10;651240
WINFUT;17/06/2025;13:00:00;160213,47;160456,29;160184,57;160300,20;1,785201255E10;556723
WINFUT;17/06/2025;12:30:00;160120,97;160340,66;160016,91;160207,69;2,175799994E10;679230
WINFUT;17/06/2025;12:00:00;160514,11;160583,48;160115,19;160120,97;2,269571054E10;707786
WINFUT;17/06/2025;11:30:00;160826,30;160884,11;160421,60;160508,32;3,124726441E10;972419
WINFUT;17/06/2025;11:00:00;161132,71;161213,65;160589,26;160820,52;3,704452158E10;1151229
WINFUT;17/06/2025;10:30:00;161132,71;161294,59;160884,11;161132,71;4,341904739E10;1347341
WINFUT;17/06/2025;10:00:00;161531,63;161641,47;160993,96;161138,49;5,317664085E10;1648521
WINFUT;17/06/2025;09:30:00;161450,69;161589,44;161196,31;161525,85;2,862932952E10;886825
WINFUT;17/06/2025;09:00:00;161473,81;161612,57;161132,71;161444,91;3,972432172E10;1230688
WINFUT;16/06/2025;18:00:00;161595,22;162051,95;161577,88;162051,95;4060622239,00;125574
WINFUT;16/06/2025;17:30:00;161462,25;161826,48;161375,53;161595,22;1,110523753E10;343537
WINFUT;16/06/2025;17:00:00;161427,56;161514,28;161254,12;161462,25;1,337945976E10;414554
WINFUT;16/06/2025;16:30:00;161462,25;161560,53;161329,28;161427,56;1,750094788E10;542021
WINFUT;16/06/2025;16:00:00;161577,88;161681,94;161444,91;161468,03;1,262012085E10;390524
WINFUT;16/06/2025;15:30:00;161653,04;161780,23;161566,32;161583,66;1,256337389E10;388550
WINFUT;16/06/2025;15:00:00;161647,26;161814,92;161612,57;161647,26;1,318237896E10;407580
WINFUT;16/06/2025;14:30:00;161797,57;161866,95;161572,10;161647,26;1,461311819E10;451870
WINFUT;16/06/2025;14:00:00;161849,60;161930,54;161635,69;161803,35;1,42289524E10;439825
WINFUT;16/06/2025;13:30:00;161814,92;162184,92;161757,10;161843,82;1,775764266E10;548351
WINFUT;16/06/2025;13:00:00;161872,73;162017,26;161722,41;161820,70;1,322214712E10;408352
WINFUT;16/06/2025;12:30:00;162051,95;162086,64;161774,45;161872,73;1,545966702E10;477457
WINFUT;16/06/2025;12:00:00;161965,23;162086,64;161722,41;162051,95;2,589440525E10;799705
WINFUT;16/06/2025;11:30:00;161306,15;162011,48;161271,47;161965,23;3,344779108E10;1034348
WINFUT;16/06/2025;11:00:00;161387,09;161491,16;161167,40;161300,37;3,181964921E10;986187
WINFUT;16/06/2025;10:30:00;160496,76;161786,01;160462,07;161392,88;6,618415152E10;2051604
WINFUT;16/06/2025;10:00:00;160340,66;160641,30;160120,97;160490,98;4,377128137E10;1364597
WINFUT;16/06/2025;09:30:00;160288,63;160664,42;160277,07;160334,88;3,405641053E10;1061149
WINFUT;16/06/2025;09:00:00;159103,45;160358,01;159045,64;160288,63;3,927221968E10;1227482
WINFUT;13/06/2025;18:00:00;158710,32;158901,10;158704,54;158739,22;3372772117,00;106193
WINFUT;13/06/2025;17:30:00;158606,25;158739,22;158594,69;158710,32;4502074127,00;141883
WINFUT;13/06/2025;17:00:00;159034,07;159126,58;158484,84;158606,25;1,423218633E10;448160
WINFUT;13/06/2025;16:30:00;159057,20;159247,98;158958,92;159034,07;1,259264019E10;395725
WINFUT;13/06/2025;16:00:00;159195,95;159421,43;158953,13;159057,20;1,838558221E10;577642
WINFUT;13/06/2025;15:30:00;158849,07;159207,52;158773,91;159190,17;2,15936113E10;679155
WINFUT;13/06/2025;15:00:00;159195,95;159219,08;158623,60;158849,07;2,393479375E10;753285
WINFUT;13/06/2025;14:30:00;159149,70;159253,77;158964,70;159190,17;1,764559102E10;554500
WINFUT;13/06/2025;14:00:00;159288,45;159508,15;159126,58;159149,70;1,635105251E10;513150
WINFUT;13/06/2025;13:30:00;159103,45;159398,30;159103,45;159288,45;1,617196591E10;507699
WINFUT;13/06/2025;13:00:00;158895,32;159224,86;158750,79;159103,45;1,634024248E10;513917
WINFUT;13/06/2025;12:30:00;159028,29;159201,73;158797,04;158895,32;1,818437012E10;571776
WINFUT;13/06/2025;12:00:00;158681,41;159276,89;158640,94;159034,07;2,576067631E10;810337
WINFUT;13/06/2025;11:30:00;158565,78;158953,13;158432,81;158681,41;3,183752082E10;1003093
WINFUT;13/06/2025;11:00:00;158802,82;158982,04;158016,55;158565,78;5,086255936E10;1605196
WINFUT;13/06/2025;10:30:00;158970,48;159485,02;158773,91;158797,04;4,991944399E10;1568717
WINFUT;13/06/2025;10:00:00;158837,51;159155,48;158565,78;158976,26;5,043128576E10;1587468
WINFUT;13/06/2025;09:30:00;158958,92;159086,11;158727,66;158843,29;2,328497483E10;732566
WINFUT;13/06/2025;09:00:00;158854,85;159155,48;158536,88;158958,92;4,180213067E10;1315700
WINFUT;12/06/2025;18:00:00;159565,96;159814,56;159554,40;159768,31;4978607644,00;155903
WINFUT;12/06/2025;17:30:00;159571,74;159646,90;159479,24;159565,96;5960447611,00;186793
WINFUT;12/06/2025;17:00:00;159646,90;159704,71;159508,15;159571,74;9222165956,00;288917
WINFUT;12/06/2025;16:30:00;159461,90;159849,25;159450,33;159646,90;1,860301253E10;582590
WINFUT;12/06/2025;16:00:00;159340,49;159502,37;159288,45;159456,11;1,351129039E10;423848
WINFUT;12/06/2025;15:30:00;159276,89;159404,08;159195,95;159340,49;1,275536895E10;400390
WINFUT;12/06/2025;15:00:00;159016,73;159415,64;159010,95;159271,11;1,620199206E10;508887
WINFUT;12/06/2025;14:30:00;158733,44;159080,32;158704,54;159016,73;1,405925274E10;442320
WINFUT;12/06/2025;14:00:00;159005,17;159155,48;158727,66;158739,22;1,586005097E10;498937
WINFUT;12/06/2025;13:30:00;158976,26;159132,36;158866,41;159005,17;1,727107822E10;543081
WINFUT;12/06/2025;13:00:00;159062,98;159219,08;158797,04;158976,26;1,672067879E10;525702
WINFUT;12/06/2025;12:30:00;158987,82;159288,45;158935,79;159068,76;1,557107657E10;489318
WINFUT;12/06/2025;12:00:00;158768,13;159143,92;158681,41;158987,82;2,494348239E10;784739
WINFUT;12/06/2025;11:30:00;159236,42;159380,96;158496,41;158768,13;3,876163103E10;1218901
WINFUT;12/06/2025;11:00:00;158548,44;159323,14;158542,66;159236,42;4,172067522E10;1312105
WINFUT;12/06/2025;10:30:00;158120,62;158704,54;157981,86;158548,44;5,023178713E10;1585665
WINFUT;12/06/2025;10:00:00;157733,26;158155,30;157652,33;158114,84;4,696592987E10;1487491
WINFUT;12/06/2025;09:30:00;157617,64;158103,27;157369,04;157739,05;3,354443027E10;1062860
WINFUT;12/06/2025;09:00:00;158213,12;158369,22;157276,54;157617,64;4,415425194E10;1398331
WINFUT;11/06/2025;18:00:00;158797,04;158912,67;158773,91;158779,69;2695106553,00;84841
WINFUT;11/06/2025;17:30:00;158958,92;158999,39;158768,13;158797,04;4311371301,00;135688
WINFUT;11/06/2025;17:00:00;158941,57;158982,04;158791,26;158958,92;6959515876,00;218993
WINFUT;11/06/2025;16:30:00;158912,67;159005,17;158571,56;158941,57;1,88839326E10;594590
WINFUT;11/06/2025;16:00:00;159028,29;159138,14;158889,54;158912,67;1,394688564E10;438602
WINFUT;11/06/2025;15:30:00;158918,45;159317,36;158814,38;159028,29;1,819617299E10;571935
WINFUT;11/06/2025;15:00:00;159149,70;159230,64;158768,13;158918,45;2,21885913E10;697770
WINFUT;11/06/2025;14:30:00;159398,30;159461,90;159132,36;159149,70;1,807381064E10;567312
WINFUT;11/06/2025;14:00:00;158652,50;159508,15;158646,72;159392,52;2,654405609E10;834148
WINFUT;11/06/2025;13:30:00;158461,72;158733,44;158380,78;158658,28;1,407940411E10;444022
WINFUT;11/06/2025;13:00:00;158461,72;158687,19;158218,90;158461,72;1,712946272E10;540591
WINFUT;11/06/2025;12:30:00;158201,56;158577,35;158080,15;158467,50;1,992418096E10;629044
WINFUT;11/06/2025;12:00:00;158039,68;158270,93;157461,54;158201,56;2,868773067E10;908603
WINFUT;11/06/2025;11:30:00;158380,78;158490,62;158004,99;158039,68;2,125693068E10;671615
WINFUT;11/06/2025;11:00:00;158311,40;158889,54;158068,58;158375,00;4,407823295E10;1390139
WINFUT;11/06/2025;10:30:00;157455,76;158357,65;157132,00;158311,40;4,383665622E10;1389936
WINFUT;11/06/2025;10:00:00;157652,33;157958,74;157166,69;157455,76;4,644784705E10;1474166
WINFUT;11/06/2025;09:30:00;157577,17;158346,09;156918,09;157652,33;4,564849284E10;1445384
WINFUT;11/06/2025;09:00:00;158432,81;158548,44;157241,85;157577,17;4,895443144E10;1552610
WINFUT;10/06/2025;18:00:00;158386,56;158710,32;158369,22;158461,72;3215528600,00;101431
WINFUT;10/06/2025;17:30:00;158432,81;158473,28;158322,96;158380,78;4560299646,00;143958
WINFUT;10/06/2025;17:00:00;158340,31;158484,84;158161,09;158432,81;1,115301036E10;352252
WINFUT;10/06/2025;16:30:00;158427,03;158455,94;158213,12;158340,31;1,336354296E10;421986
WINFUT;10/06/2025;16:00:00;158224,68;158484,84;158184,21;158427,03;1,340621535E10;423299
WINFUT;10/06/2025;15:30:00;158195,77;158351,87;158062,80;158218,90;1,704735124E10;538793
WINFUT;10/06/2025;15:00:00;158375,00;158450,16;158010,77;158189,99;1,855712687E10;586545
WINFUT;10/06/2025;14:30:00;158675,63;158704,54;158242,03;158369,22;2,077424475E10;655736
WINFUT;10/06/2025;14:00:00;158750,79;158953,13;158606,25;158675,63;1,634874835E10;514886
WINFUT;10/06/2025;13:30:00;158710,32;158785,47;158432,81;158756,57;1,94006331E10;611453
WINFUT;10/06/2025;13:00:00;158877,98;159178,61;158698,75;158716,10;1,804753605E10;567694
WINFUT;10/06/2025;12:30:00;158687,19;158924,23;158600,47;158877,98;1,969245831E10;620147
WINFUT;10/06/2025;12:00:00;158779,69;158802,82;158461,72;158687,19;2,042388513E10;643699
WINFUT;10/06/2025;11:30:00;159091,89;159115,01;158577,35;158779,69;3,209010029E10;1010423
WINFUT;10/06/2025;11:00:00;158745,01;159432,99;158716,10;159091,89;4,143943245E10;1302076
WINFUT;10/06/2025;10:30:00;158091,71;158854,85;157964,52;158745,01;4,385233099E10;1383522
WINFUT;10/06/2025;10:00:00;158831,73;159034,07;157831,55;158091,71;5,705507129E10;1800251
WINFUT;10/06/2025;09:30:00;158935,79;159288,45;158825,94;158825,94;3,547885137E10;1115209
WINFUT;10/06/2025;09:00:00;158155,30;159120,79;157929,83;158941,57;4,90438787E10;1545394
WINFUT;09/06/2025;18:00:00;157594,51;157663,89;157530,92;157588,73;2896306237,00;91891
WINFUT;09/06/2025;17:30:00;157559,82;157600,29;157478,88;157594,51;4046357860,00;128422
WINFUT;09/06/2025;17:00:00;157507,79;157600,29;157403,73;157565,60;8601268443,00;273032
WINFUT;09/06/2025;16:30:00;157461,54;157571,39;157415,29;157513,57;1,395050333E10;442927
WINFUT;09/06/2025;16:00:00;157692,79;157773,73;157455,76;157461,54;1,59211811E10;505038
WINFUT;09/06/2025;15:30:00;157565,60;157825,77;157507,79;157692,79;1,416584956E10;449146
WINFUT;09/06/2025;15:00:00;157461,54;157744,83;157386,38;157565,60;1,717025775E10;544771
WINFUT;09/06/2025;14:30:00;157444,20;157606,07;157305,44;157461,54;1,555569023E10;493875
WINFUT;09/06/2025;14:00:00;157189,82;157478,88;157184,03;157444,20;1,559539566E10;495508
WINFUT;09/06/2025;13:30:00;156981,69;157496,23;156825,59;157189,82;2,185461407E10;695339
WINFUT;09/06/2025;13:00:00;157010,59;157143,56;156952,78;156981,69;1,311019642E10;417394
WINFUT;09/06/2025;12:30:00;156952,78;157160,91;156871,84;157004,81;1,953260295E10;621983
WINFUT;09/06/2025;12:00:00;156334,17;157056,84;156305,26;156952,78;2,478983962E10;791042
WINFUT;09/06/2025;11:30:00;155836,97;156409,33;155576,81;156334,17;2,678951799E10;858514
WINFUT;09/06/2025;11:00:00;155599,94;155998,85;155565,25;155842,75;2,692742178E10;864185
WINFUT;09/06/2025;10:30:00;156814,03;157108,88;155542,12;155594,16;5,009274589E10;1602161
WINFUT;09/06/2025;10:00:00;156935,43;157542,48;156530,74;156814,03;4,686435915E10;1491309
WINFUT;09/06/2025;09:30:00;156825,59;156964,34;156501,83;156935,43;2,671343142E10;852233
WINFUT;09/06/2025;09:00:00;158149,52;158640,94;156761,99;156819,81;4,133420045E10;1309751
WINFUT;06/06/2025;18:00:00;158276,71;158392,34;158120,62;158178,43;2994610783,00;94634
WINFUT;06/06/2025;17:30:00;158178,43;158369,22;158155,30;158282,50;4431970049,00;140023
WINFUT;06/06/2025;17:00:00;158143,74;158276,71;158016,55;158178,43;1,009012868E10;319014
WINFUT;06/06/2025;16:30:00;157739,05;158294,06;157739,05;158143,74;1,805360404E10;571052
WINFUT;06/06/2025;16:00:00;157629,20;157756,39;157426,85;157733,26;1,462004471E10;463837
WINFUT;06/06/2025;15:30:00;157785,30;157831,55;157588,73;157629,20;1,291295721E10;409385
WINFUT;06/06/2025;15:00:00;157762,17;157941,39;157617,64;157785,30;1,609402267E10;510008
WINFUT;06/06/2025;14:30:00;157895,14;157900,92;157536,70;157756,39;2,004417207E10;635437
WINFUT;06/06/2025;14:00:00;157681,23;158172,65;157634,98;157895,14;1,968518176E10;623215
WINFUT;06/06/2025;13:30:00;158109,05;158201,56;157611,86;157681,23;1,941066851E10;614564
WINFUT;06/06/2025;13:00:00;158346,09;158403,90;157976,08;158103,27;1,488971572E10;470712
WINFUT;06/06/2025;12:30:00;158213,12;158409,69;158051,24;158346,09;1,889945542E10;597095
WINFUT;06/06/2025;12:00:00;157710,14;158218,90;157629,20;158213,12;2,623095925E10;830617
WINFUT;06/06/2025;11:30:00;158178,43;158189,99;157634,98;157704,36;3,337103744E10;1056959
WINFUT;06/06/2025;11:00:00;158756,57;158930,01;158022,33;158172,65;3,912892863E10;1234916
WINFUT;06/06/2025;10:30:00;158525,31;159028,29;158484,84;158756,57;3,942677866E10;1241687
WINFUT;06/06/2025;10:00:00;158375,00;158912,67;158213,12;158519,53;4,363036642E10;1376297
WINFUT;06/06/2025;09:30:00;158583,13;158872,20;158155,30;158375,00;3,802214364E10;1199896
WINFUT;06/06/2025;09:00:00;158872,20;158877,98;158328,75;158583,13;2,437344487E10;768729
WINFUT;05/06/2025;18:00:00;158253,59;158403,90;158230,46;158334,53;2851511751,00;90053
WINFUT;05/06/2025;17:30:00;158346,09;158369,22;158218,90;158253,59;4368362868,00;137982
WINFUT;05/06/2025;17:00:00;158149,52;158363,43;158109,05;158340,31;8195884928,00;258978
WINFUT;05/06/2025;16:30:00;158305,62;158403,90;158137,96;158149,52;1,459660027E10;461086
WINFUT;05/06/2025;16:00:00;158340,31;158519,53;158074,37;158311,40;2,327974714E10;735312
WINFUT;05/06/2025;15:30:00;158109,05;158386,56;157912,49;158340,31;2,470116158E10;781162
WINFUT;05/06/2025;15:00:00;158773,91;158808,60;158039,68;158109,05;2,800763968E10;884308
WINFUT;05/06/2025;14:30:00;159132,36;159172,83;158710,32;158779,69;1,737159285E10;546342
WINFUT;05/06/2025;14:00:00;159276,89;159386,74;159109,23;159126,58;1,211053047E10;380227
WINFUT;05/06/2025;13:30:00;159224,86;159386,74;159080,32;159276,89;1,58104865E10;496387
WINFUT;05/06/2025;13:00:00;159438,77;159496,58;159190,17;159224,86;1,316161458E10;412969
WINFUT;05/06/2025;12:30:00;159155,48;159496,58;159028,29;159438,77;1,839390615E10;577496
WINFUT;05/06/2025;12:00:00;159062,98;159357,83;159045,64;159155,48;2,283396241E10;717121
WINFUT;05/06/2025;11:30:00;158802,82;159190,17;158640,94;159068,76;3,492363056E10;1098775
WINFUT;05/06/2025;11:00:00;159288,45;159328,92;158623,60;158802,82;3,754124661E10;1181609
WINFUT;05/06/2025;10:30:00;159415,64;159733,62;158976,26;159288,45;5,18728435E10;1627412
WINFUT;05/06/2025;10:00:00;159537,05;159658,46;159132,36;159415,64;5,164938169E10;1620365
WINFUT;05/06/2025;09:30:00;159473,46;159855,03;159398,30;159537,05;2,889356408E10;905198
WINFUT;05/06/2025;09:00:00;159577,52;159739,40;159357,83;159473,46;2,645438239E10;829138
WINFUT;04/06/2025;18:00:00;159363,61;159438,77;159305,80;159352,05;2654032737,00;83263
WINFUT;04/06/2025;17:30:00;159328,92;159479,24;159317,36;159357,83;5061607236,00;158784
WINFUT;04/06/2025;17:00:00;159120,79;159380,96;159103,45;159328,92;9978702786,00;313362
WINFUT;04/06/2025;16:30:00;159126,58;159207,52;159005,17;159120,79;1,12229076E10;352710
WINFUT;04/06/2025;16:00:00;159086,11;159178,61;158999,39;159120,79;9036865665,00;284024
WINFUT;04/06/2025;15:30:00;159062,98;159236,42;158918,45;159080,32;1,535594554E10;482662
WINFUT;04/06/2025;15:00:00;159230,64;159288,45;159022,51;159062,98;1,341258895E10;421364
WINFUT;04/06/2025;14:30:00;159508,15;159641,12;159149,70;159224,86;1,746980636E10;548002
WINFUT;04/06/2025;14:00:00;159496,58;159560,18;159334,71;159502,37;1,155784186E10;362412
WINFUT;04/06/2025;13:30:00;159496,58;159606,43;159352,05;159496,58;1,468347056E10;460335
WINFUT;04/06/2025;13:00:00;159635,34;159739,40;159432,99;159502,37;1,399886686E10;438576
WINFUT;04/06/2025;12:30:00;159831,90;159988,00;159571,74;159635,34;1,813530762E10;567589
WINFUT;04/06/2025;12:00:00;160213,47;160311,76;159704,71;159826,12;3,016080445E10;942432
WINFUT;04/06/2025;11:30:00;161051,77;161092,24;160144,10;160207,69;3,510136024E10;1092751
WINFUT;04/06/2025;11:00:00;160751,14;161358,19;160577,70;161051,77;3,885752306E10;1206616
WINFUT;04/06/2025;10:30:00;160768,49;161092,24;160514,11;160756,92;4,170540638E10;1297025
WINFUT;04/06/2025;10:00:00;160797,39;161196,31;160554,58;160768,49;4,318326431E10;1342435
WINFUT;04/06/2025;09:30:00;160808,96;161144,28;160652,86;160797,39;2,9018831E10;901760
WINFUT;04/06/2025;09:00:00;160317,54;161161,62;160317,54;160803,17;3,994253318E10;1241805
WINFUT;03/06/2025;18:00:00;159970,66;160230,82;159959,09;160132,54;3599087619,00;112411
WINFUT;03/06/2025;17:30:00;160016,91;160103,63;159947,53;159970,66;3936817428,00;122999
WINFUT;03/06/2025;17:00:00;159953,31;160057,38;159831,90;160022,69;8078204418,00;252516
WINFUT;03/06/2025;16:30:00;159849,25;159999,56;159797,22;159953,31;1,115641837E10;348858
WINFUT;03/06/2025;16:00:00;159843,47;159935,97;159716,28;159855,03;1,262885395E10;395064
WINFUT;03/06/2025;15:30:00;159791,43;159912,84;159485,02;159843,47;2,25397546E10;705528
WINFUT;03/06/2025;15:00:00;159797,22;160178,79;159762,53;159797,22;2,241563074E10;700735
WINFUT;03/06/2025;14:30:00;159392,52;159912,84;159276,89;159797,22;2,185733077E10;684556
WINFUT;03/06/2025;14:00:00;159467,68;159670,03;159380,96;159398,30;1,225583169E10;384150
WINFUT;03/06/2025;13:30:00;159369,39;159583,30;159311,58;159461,90;1,395005436E10;437456
WINFUT;03/06/2025;13:00:00;159670,03;159710,49;159352,05;159369,39;1,478365813E10;463522
WINFUT;03/06/2025;12:30:00;159288,45;159739,40;159265,33;159664,24;2,350326004E10;736796
WINFUT;03/06/2025;12:00:00;159386,74;159710,49;159132,36;159288,45;2,370588656E10;743585
WINFUT;03/06/2025;11:30:00;159421,43;159519,71;159045,64;159386,74;3,164335423E10;993419
WINFUT;03/06/2025;11:00:00;158490,62;159438,77;158230,46;159427,21;4,286476262E10;1349277
WINFUT;03/06/2025;10:30:00;159057,20;159091,89;158294,06;158484,84;4,733385448E10;1492098
WINFUT;03/06/2025;10:00:00;158548,44;159097,67;158421,25;159057,20;3,488822111E10;1098964
WINFUT;03/06/2025;09:30:00;158640,94;158698,75;158346,09;158554,22;3993715062,00;125928
WINFUT;03/06/2025;09:00:00;159016,73;159022,51;158762,35;158837,51;4407300623,00;138702
WINFUT;02/06/2025;18:00:00;159057,20;159074,54;158808,60;158912,67;3667364211,00;115351
WINFUT;02/06/2025;17:30:00;159039,86;159120,79;158930,01;159062,98;4640054210,00;145885
WINFUT;02/06/2025;17:00:00;159010,95;159178,61;158941,57;159039,86;1,129891484E10;355190
WINFUT;02/06/2025;16:30:00;158987,82;159068,76;158849,07;159010,95;1,317084764E10;414301
WINFUT;02/06/2025;16:00:00;159051,42;159155,48;158953,13;158987,82;1,321223548E10;415346
WINFUT;02/06/2025;15:30:00;159167,05;159201,73;158889,54;159057,20;1,596294026E10;501955
WINFUT;02/06/2025;15:00:00;158877,98;159201,73;158687,19;159167,05;1,80289414E10;567201
WINFUT;02/06/2025;14:30:00;158791,26;158906,88;158704,54;158872,20;1,493421007E10;470176
WINFUT;02/06/2025;14:00:00;158993,60;159080,32;158768,13;158785,47;1,619110789E10;509344
WINFUT;02/06/2025;13:30:00;159051,42;159103,45;158802,82;158993,60;1,634383659E10;514185
WINFUT;02/06/2025;13:00:00;159167,05;159253,77;158930,01;159051,42;1,605591332E10;504637
WINFUT;02/06/2025;12:30:00;159409,86;159479,24;159120,79;159161,26;1,73667815E10;545034
WINFUT;02/06/2025;12:00:00;159432,99;159623,77;159109,23;159404,08;2,490713855E10;781507
WINFUT;02/06/2025;11:30:00;159646,90;159722,06;159305,80;159438,77;2,635511935E10;826135
WINFUT;02/06/2025;11:00:00;159716,28;159855,03;159363,61;159646,90;3,193590008E10;1000274
WINFUT;02/06/2025;10:30:00;160311,76;160398,48;159415,64;159716,28;4,885836428E10;1528444
WINFUT;02/06/2025;10:00:00;161057,56;161381,31;160178,79;160305,98;5,273294911E10;1639041
WINFUT;02/06/2025;09:30:00;160421,60;161098,02;160323,32;161057,56;3,144947935E10;978440
WINFUT;02/06/2025;09:00:00;159693,15;160479,42;159519,71;160415,82;3,109139453E10;971527
WINFUT;30/05/2025;18:00:00;159432,99;159589,09;159236,42;159589,09;3124792067,00;98046
WINFUT;30/05/2025;17:30:00;159698,93;159768,31;159230,64;159432,99;6730470917,00;210926
WINFUT;30/05/2025;17:00:00;159733,62;160028,47;159646,90;159693,15;1,194582554E10;373677
WINFUT;30/05/2025;16:30:00;159831,90;159855,03;159513,93;159727,84;1,622822048E10;508139
WINFUT;30/05/2025;16:00:00;159791,43;159976,44;159750,96;159826,12;1,275646981E10;398997
WINFUT;30/05/2025;15:30:00;160109,41;160126,75;159675,81;159797,22;1,640991791E10;513118
WINFUT;30/05/2025;15:00:00;159808,78;160230,82;159791,43;160115,19;1,849229997E10;577827
WINFUT;30/05/2025;14:30:00;159710,49;159999,56;159681,59;159814,56;1,745836915E10;546063
WINFUT;30/05/2025;14:00:00;159519,71;159837,69;159461,90;159710,49;1,854651824E10;580773
WINFUT;30/05/2025;13:30:00;159195,95;159548,62;159028,29;159513,93;1,737797127E10;545437
WINFUT;30/05/2025;13:00:00;159560,18;159664,24;159115,01;159201,73;1,533199425E10;480853
WINFUT;30/05/2025;12:30:00;159785,65;159843,47;159432,99;159554,40;1,743103851E10;546012
WINFUT;30/05/2025;12:00:00;159589,09;159878,15;159479,24;159779,87;1,908536904E10;597456
WINFUT;30/05/2025;11:30:00;159404,08;159843,47;159265,33;159583,30;3,032233871E10;950236
WINFUT;30/05/2025;11:00:00;159820,34;159895,50;159224,86;159409,86;3,452147805E10;1082126
WINFUT;30/05/2025;10:30:00;160716,45;160733,80;159698,93;159820,34;4,167586106E10;1301720
WINFUT;30/05/2025;10:00:00;161664,60;161664,60;160566,14;160716,45;4,787835523E10;1485966
WINFUT;30/05/2025;09:30:00;161624,13;161930,54;161300,37;161664,60;3,289741229E10;1017870
WINFUT;30/05/2025;09:00:00;161416,00;161768,66;160832,08;161624,13;4,006566703E10;1241780
WINFUT;29/05/2025;18:00:00;161508,50;161554,75;161421,78;161421,78;2434309372,00;75368
WINFUT;29/05/2025;17:30:00;161416,00;161560,53;161375,53;161508,50;4365234389,00;135182
WINFUT;29/05/2025;17:00:00;161404,44;161473,81;161311,94;161416,00;6695982261,00;207446
WINFUT;29/05/2025;16:30:00;161560,53;161658,82;161265,68;161404,44;1,367718703E10;423547
WINFUT;29/05/2025;16:00:00;161560,53;161780,23;161520,07;161554,75;1,392754421E10;430799
WINFUT;29/05/2025;15:30:00;161774,45;161999,92;161520,07;161560,53;1,693362069E10;523331
WINFUT;29/05/2025;15:00:00;161618,35;162005,70;161606,79;161774,45;1,894369945E10;585314
WINFUT;29/05/2025;14:30:00;161306,15;161878,51;161283,03;161624,13;2,249502877E10;695873
WINFUT;29/05/2025;14:00:00;161069,12;161456,47;160953,49;161306,15;2,15928738E10;669723
WINFUT;29/05/2025;13:30:00;161069,12;161178,96;160924,58;161063,34;1,434104259E10;445254
WINFUT;29/05/2025;13:00:00;160652,86;161196,31;160531,45;161063,34;1,781647914E10;553688
WINFUT;29/05/2025;12:30:00;161294,59;161352,41;160583,48;160652,86;2,457408301E10;763479
WINFUT;29/05/2025;12:00:00;161537,41;161589,44;161184,75;161294,59;1,814947692E10;562256
WINFUT;29/05/2025;11:30:00;161601,00;161814,92;161346,62;161543,19;3,089511213E10;956034
WINFUT;29/05/2025;11:00:00;160947,71;161653,04;160872,55;161606,79;3,261135713E10;1011368
WINFUT;29/05/2025;10:30:00;161520,07;161554,75;160797,39;160953,49;5,145249381E10;1596803
WINFUT;29/05/2025;10:00:00;161502,72;162023,05;161323,50;161514,28;4,919464186E10;1520773
WINFUT;29/05/2025;09:30:00;161462,25;161560,53;161150,06;161502,72;3,279377842E10;1016118
WINFUT;29/05/2025;09:00:00;162572,28;162572,28;161421,78;161462,25;3,47428163E10;1073327
WINFUT;28/05/2025;18:00:00;162208,05;162312,11;162161,80;162208,05;3182811517,00;98094
WINFUT;28/05/2025;17:30:00;162023,05;162248,52;162011,48;162208,05;4686348861,00;144525
WINFUT;28/05/2025;17:00:00;161942,11;162075,08;161843,82;162023,05;9512848416,00;293710
WINFUT;28/05/2025;16:30:00;161907,42;162051,95;161855,39;161942,11;8686717624,00;268190
WINFUT;28/05/2025;16:00:00;162011,48;162040,39;161843,82;161907,42;1,009187235E10;311629
WINFUT;28/05/2025;15:30:00;161797,57;162086,64;161728,19;162017,26;1,824998535E10;563495
WINFUT;28/05/2025;15:00:00;161884,29;162034,61;161757,10;161803,35;1,049557693E10;324129
WINFUT;28/05/2025;14:30:00;161971,01;162092,42;161838,04;161878,51;1,14974799E10;354967
WINFUT;28/05/2025;14:00:00;161543,19;162144,45;161514,28;161971,01;1,8455938E10;570084
WINFUT;28/05/2025;13:30:00;161514,28;161612,57;161433,34;161548,97;9446683043,00;292423
WINFUT;28/05/2025;13:00:00;161525,85;161653,04;161381,31;161508,50;1,287584363E10;398614
WINFUT;28/05/2025;12:30:00;161705,07;161710,85;161375,53;161520,07;1,644820137E10;509142
WINFUT;28/05/2025;12:00:00;162011,48;162092,42;161589,44;161705,07;1,811293521E10;559748
WINFUT;28/05/2025;11:30:00;161762,88;162121,33;161647,26;162011,48;2,250520579E10;694920
WINFUT;28/05/2025;11:00:00;161999,92;162138,67;161560,53;161762,88;2,760149148E10;852825
WINFUT;28/05/2025;10:30:00;161901,64;162317,90;161786,01;161994,14;3,528701119E10;1089082
WINFUT;28/05/2025;10:00:00;162508,68;162630,09;161520,07;161907,42;4,653051806E10;1436032
WINFUT;28/05/2025;09:30:00;162976,97;163011,66;162502,90;162508,68;2,811004178E10;863293
WINFUT;28/05/2025;09:00:00;162797,75;163127,29;162398,83;162976,97;3,319230651E10;1019405
WINFUT;27/05/2025;18:00:00;162924,94;163005,88;162919,16;162953,85;2483399743,00;76196
WINFUT;27/05/2025;17:30:00;162936,50;163005,88;162861,34;162924,94;4750805113,00;145795
WINFUT;27/05/2025;17:00:00;162797,75;162959,63;162641,65;162936,50;9552442544,00;293415
WINFUT;27/05/2025;16:30:00;162595,40;162849,78;162502,90;162803,53;1,264177142E10;388541
WINFUT;27/05/2025;16:00:00;162670,56;162820,87;162531,81;162595,40;1,526551247E10;469128
WINFUT;27/05/2025;15:30:00;163023,22;163075,26;162624,31;162676,34;1,731023371E10;531564
WINFUT;27/05/2025;15:00:00;162924,94;163029,00;162791,97;163017,44;1,559994431E10;478787
WINFUT;27/05/2025;14:30:00;162734,15;163057,91;162699,47;162919,16;1,750471821E10;537377
WINFUT;27/05/2025;14:00:00;162433,52;162803,53;162369,93;162734,15;1,731782881E10;532526
WINFUT;27/05/2025;13:30:00;162699,47;162867,13;162364,15;162433,52;2,195364285E10;675137
WINFUT;27/05/2025;13:00:00;162635,87;162878,69;162601,18;162699,47;1,540079807E10;473146
WINFUT;27/05/2025;12:30:00;162647,43;162768,84;162526,02;162635,87;1,838208495E10;565063
WINFUT;27/05/2025;12:00:00;163034,79;163075,26;162497,12;162641,65;2,326066412E10;714424
WINFUT;27/05/2025;11:30:00;163335,42;163364,32;162971,19;163040,57;3,01423839E10;923665
WINFUT;27/05/2025;11:00:00;162676,34;163664,96;162606,96;163335,42;3,598445682E10;1102154
WINFUT;27/05/2025;10:30:00;162994,32;163242,92;162595,40;162670,56;3,840305741E10;1178635
WINFUT;27/05/2025;10:00:00;163144,63;163370,11;162774,62;162994,32;4,567124736E10;1400418
WINFUT;27/05/2025;09:30:00;163294,95;163757,46;163063,69;163150,41;4,044163565E10;1237701
WINFUT;27/05/2025;09:00:00;161901,64;163346,98;161901,64;163289,17;4,132185805E10;1269929
WINFUT;26/05/2025;18:00:00;161132,71;161271,47;161040,21;161207,87;3098939431,00;96144
WINFUT;26/05/2025;17:30:00;161178,96;161196,31;161098,02;161138,49;2469634708,00;76630
WINFUT;26/05/2025;17:00:00;161057,56;161248,34;161028,65;161178,96;7437443985,00;230748
WINFUT;26/05/2025;16:30:00;161028,65;161126,93;160999,74;161051,77;5218567272,00;162013
WINFUT;26/05/2025;16:00:00;160982,40;161109,59;160918,80;161022,87;1,034115007E10;321095
WINFUT;26/05/2025;15:30:00;160999,74;161144,28;160959,27;160982,40;7210801826,00;223874
WINFUT;26/05/2025;15:00:00;161121,15;161184,75;160918,80;160993,96;9770445940,00;303382
WINFUT;26/05/2025;14:30:00;160785,83;161161,62;160780,05;161121,15;1,112252227E10;345460
WINFUT;26/05/2025;14:00:00;160791,61;160976,62;160699,11;160785,83;1,061345669E10;329974
WINFUT;26/05/2025;13:30:00;160913,02;161005,52;160693,33;160785,83;1,262051248E10;392289
WINFUT;26/05/2025;13:00:00;160751,14;160947,71;160704,89;160913,02;8513144096,00;264675
WINFUT;26/05/2025;12:30:00;160647,08;160889,90;160595,05;160751,14;1,413286576E10;439666
WINFUT;26/05/2025;12:00:00;160884,11;161138,49;160537,23;160647,08;2,220024611E10;689887
WINFUT;26/05/2025;11:30:00;161207,87;161375,53;160826,30;160884,11;2,601208919E10;807373
WINFUT;26/05/2025;11:00:00;161294,59;161392,88;160785,83;161207,87;3,445613536E10;1069510
WINFUT;26/05/2025;10:30:00;160965,05;161838,04;160739,58;161288,81;5,017907458E10;1554830
WINFUT;26/05/2025;10:00:00;160623,95;161150,06;160548,79;160965,05;4,871618168E10;1514523
WINFUT;26/05/2025;09:30:00;160745,36;160814,74;160392,70;160623,95;3,109226648E10;967988
WINFUT;26/05/2025;09:00:00;160953,49;161294,59;160704,89;160739,58;3,14558931E10;976906
WINFUT;23/05/2025;18:00:00;160566,14;160959,27;160490,98;160525,67;4773612720,00;148535
WINFUT;23/05/2025;17:30:00;160641,30;160664,42;160404,26;160571,92;6057776209,00;188687
WINFUT;23/05/2025;17:00:00;160618,17;160832,08;160496,76;160647,08;1,113038669E10;346439
WINFUT;23/05/2025;16:30:00;160259,73;160681,77;160144,10;160618,17;1,52987141E10;476743
WINFUT;23/05/2025;16:00:00;160340,66;160571,92;160161,44;160253,94;1,279055166E10;398878
WINFUT;23/05/2025;15:30:00;160092,07;160716,45;159976,44;160340,66;1,801915123E10;562035
WINFUT;23/05/2025;15:00:00;159872,37;160167,22;159710,49;160092,07;1,939163425E10;606293
WINFUT;23/05/2025;14:30:00;160207,69;160300,20;159826,12;159878,15;1,750112421E10;546541
WINFUT;23/05/2025;14:00:00;159935,97;160236,60;159548,62;160207,69;2,095286884E10;655203
WINFUT;23/05/2025;13:30:00;160514,11;160543,01;159843,47;159935,97;2,426084185E10;757243
WINFUT;23/05/2025;13:00:00;159831,90;160583,48;159826,12;160514,11;2,32521736E10;725667
WINFUT;23/05/2025;12:30:00;159930,19;160103,63;159779,87;159831,90;2,109433182E10;659444
WINFUT;23/05/2025;12:00:00;159623,77;159941,75;159438,77;159924,41;2,058509801E10;644552
WINFUT;23/05/2025;11:30:00;159034,07;159837,69;158953,13;159623,77;3,620018598E10;1135047
WINFUT;23/05/2025;11:00:00;158398,12;159247,98;158398,12;159034,07;3,780622599E10;1189874
WINFUT;23/05/2025;10:30:00;157779,52;158797,04;157669,67;158403,90;4,919790216E10;1553161
WINFUT;23/05/2025;10:00:00;158259,37;158265,15;157253,41;157779,52;4,593891109E10;1457032
WINFUT;23/05/2025;09:30:00;158739,22;158745,01;157721,70;158259,37;3,209033408E10;1014939
WINFUT;23/05/2025;09:00:00;157762,17;158825,94;157207,16;158745,01;4,765848091E10;1508810
WINFUT;22/05/2025;18:00:00;158866,41;158947,35;156299,48;157588,73;1,371604691E10;434501
WINFUT;22/05/2025;17:30:00;159479,24;159548,62;158808,60;158872,20;1,443778908E10;453420
WINFUT;22/05/2025;17:00:00;160063,16;160196,13;159438,77;159485,02;1,669153149E10;522071
WINFUT;22/05/2025;16:30:00;160623,95;160635,51;159976,44;160063,16;2,276426881E10;710141
WINFUT;22/05/2025;16:00:00;159935,97;160675,98;159756,75;160618,17;2,43889327E10;760511
WINFUT;22/05/2025;15:30:00;161514,28;161635,69;159935,97;159941,75;4,497751486E10;1398992
WINFUT;22/05/2025;15:00:00;161768,66;161814,92;161444,91;161508,50;1,825428084E10;564841
WINFUT;22/05/2025;14:30:00;161595,22;162051,95;161543,19;161768,66;2,304352157E10;712221
WINFUT;22/05/2025;14:00:00;160814,74;161861,17;160808,96;161595,22;3,154518217E10;977142
WINFUT;22/05/2025;13:30:00;161040,21;161045,99;160797,39;160814,74;1,228628933E10;381735
WINFUT;22/05/2025;13:00:00;160756,92;161173,18;160687,55;161034,43;2,084792543E10;647754
WINFUT;22/05/2025;12:30:00;160889,90;161040,21;160670,20;160756,92;1,84211135E10;572658
WINFUT;22/05/2025;12:00:00;161045,99;161155,84;160855,21;160889,90;2,872848908E10;892232
WINFUT;22/05/2025;11:30:00;160496,76;161103,81;160427,39;161040,21;2,608029277E10;811202
WINFUT;22/05/2025;11:00:00;160450,51;160907,24;160381,13;160496,76;3,78070009E10;1176612
WINFUT;22/05/2025;10:30:00;160878,33;160901,46;160236,60;160456,29;4,431331082E10;1380348
WINFUT;22/05/2025;10:00:00;160849,43;161231,00;160641,30;160884,11;5,684033984E10;1765851
WINFUT;22/05/2025;09:30:00;160340,66;160901,46;160045,81;160849,43;3,813711276E10;1188461
WINFUT;22/05/2025;09:00:00;160797,39;160965,05;160173,00;160334,88;3,253786872E10;1014024
WINFUT;21/05/2025;18:00:00;160693,33;160907,24;160618,17;160791,61;3601951363,00;112038
WINFUT;21/05/2025;17:30:00;160733,80;160785,83;160571,92;160693,33;5233234641,00;162835
WINFUT;21/05/2025;17:00:00;160785,83;160860,99;160664,42;160733,80;9752755000,00;303332
WINFUT;21/05/2025;16:30:00;160745,36;161080,68;160745,36;160791,61;1,706652226E10;530257
WINFUT;21/05/2025;16:00:00;160687,55;160918,80;160641,30;160745,36;1,605233683E10;499086
WINFUT;21/05/2025;15:30:00;160687,55;160930,37;160618,17;160687,55;1,92956505E10;600148
WINFUT;21/05/2025;15:00:00;160855,21;160878,33;160514,11;160687,55;2,123807347E10;660873
WINFUT;21/05/2025;14:30:00;160739,58;161069,12;160479,42;160860,99;2,964828998E10;921737
WINFUT;21/05/2025;14:00:00;161612,57;161699,29;160710,67;160733,80;3,664034956E10;1136899
WINFUT;21/05/2025;13:30:00;161311,94;161641,47;161300,37;161606,79;1,516357009E10;469535
WINFUT;21/05/2025;13:00:00;161473,81;161601,00;161259,90;161311,94;1,690788639E10;523728
WINFUT;21/05/2025;12:30:00;161681,94;161762,88;161335,06;161473,81;1,72935987E10;535310
WINFUT;21/05/2025;12:00:00;161942,11;161999,92;161618,35;161681,94;2,267617031E10;700626
WINFUT;21/05/2025;11:30:00;161739,76;161976,79;161404,44;161942,11;4,12023682E10;1274364
WINFUT;21/05/2025;11:00:00;162693,68;162780,41;161693,51;161739,76;4,488921272E10;1383966
WINFUT;21/05/2025;10:30:00;162739,94;162838,22;162479,77;162693,68;3,625799489E10;1114505
WINFUT;21/05/2025;10:00:00;163190,88;163208,23;162693,68;162745,72;4,36820667E10;1340775
WINFUT;21/05/2025;09:30:00;163387,45;163624,49;163109,94;163185,10;2,68659989E10;822126
WINFUT;21/05/2025;09:00:00;163346,98;163630,27;163248,70;163375,89;2,894974155E10;885553
WINFUT;20/05/2025;18:00:00;163584,02;163641,83;163520,42;163612,92;2947857098,00;90102
WINFUT;20/05/2025;17:30:00;163578,23;163728,55;163514,64;163589,80;5621566308,00;171801
WINFUT;20/05/2025;17:00:00;163797,93;163803,71;163514,64;163578,23;9323051151,00;284884
WINFUT;20/05/2025;16:30:00;163497,30;163878,87;163445,26;163803,71;1,636026E10;499828
WINFUT;20/05/2025;16:00:00;163052,13;163722,77;162988,53;163497,30;2,304459389E10;705633
WINFUT;20/05/2025;15:30:00;162647,43;163092,60;162612,75;163052,13;1,682992979E10;516671
WINFUT;20/05/2025;15:00:00;163017,44;163046,35;162612,75;162647,43;1,846122005E10;566978
WINFUT;20/05/2025;14:30:00;162965,41;163052,13;162711,03;163023,22;1,610893014E10;494507
WINFUT;20/05/2025;14:00:00;163138,85;163173,54;162901,81;162971,19;1,60812905E10;493199
WINFUT;20/05/2025;13:30:00;163063,69;163242,92;162965,41;163133,07;1,559951837E10;478181
WINFUT;20/05/2025;13:00:00;162797,75;163075,26;162687,90;163063,69;1,607123055E10;493335
WINFUT;20/05/2025;12:30:00;162849,78;162867,13;162699,47;162791,97;1,099791168E10;337797
WINFUT;20/05/2025;12:00:00;162757,28;162896,03;162618,53;162855,56;1,635046353E10;502259
WINFUT;20/05/2025;11:30:00;162624,31;162976,97;162514,46;162751,50;2,638103258E10;810577
WINFUT;20/05/2025;11:00:00;162763,06;162878,69;162479,77;162630,09;3,030181072E10;931235
WINFUT;20/05/2025;10:30:00;162936,50;162959,63;162329,46;162768,84;5,081598192E10;1562501
WINFUT;20/05/2025;10:00:00;163468,39;163491,51;162595,40;162936,50;5,527392476E10;1695423
WINFUT;20/05/2025;09:30:00;163179,32;163560,89;163029,00;163468,39;2,500008028E10;765302
WINFUT;20/05/2025;09:00:00;163381,67;163439,48;162936,50;163179,32;2,746055394E10;841299
WINFUT;19/05/2025;18:00:00;163231,35;163404,79;163161,98;163393,23;3599505181,00;110234
WINFUT;19/05/2025;17:30:00;163271,82;163318,07;163115,72;163237,13;6989167767,00;214117
WINFUT;19/05/2025;17:00:00;163237,13;163329,64;163098,38;163266,04;1,05540822E10;323334
WINFUT;19/05/2025;16:30:00;163393,23;163410,58;163167,76;163237,13;1,454036168E10;445238
WINFUT;19/05/2025;16:00:00;163497,30;163601,36;163352,76;163399,01;1,348729062E10;412497
WINFUT;19/05/2025;15:30:00;163381,67;163584,02;163370,11;163497,30;1,397296811E10;427286
WINFUT;19/05/2025;15:00:00;163711,21;163774,80;163323,85;163381,67;1,973415121E10;603447
WINFUT;19/05/2025;14:30:00;163705,43;163890,43;163566,67;163711,21;1,912931347E10;584205
WINFUT;19/05/2025;14:00:00;163462,61;163838,40;163439,48;163705,43;2,11045682E10;644742
WINFUT;19/05/2025;13:30:00;163664,96;163676,52;163381,67;163468,39;1,667470455E10;509973
WINFUT;19/05/2025;13:00:00;163612,92;163745,89;163514,64;163664,96;1,84501226E10;563749
WINFUT;19/05/2025;12:30:00;163260,26;163670,74;163214,01;163607,14;2,218137431E10;678700
WINFUT;19/05/2025;12:00:00;163294,95;163612,92;163202,45;163260,26;2,692197363E10;823602
WINFUT;19/05/2025;11:30:00;162901,81;163399,01;162855,56;163294,95;2,911750439E10;892344
WINFUT;19/05/2025;11:00:00;163040,57;163370,11;162791,97;162907,60;4,56137295E10;1398150
WINFUT;19/05/2025;10:30:00;162028,83;163115,72;161953,67;163046,35;5,860275596E10;1803209
WINFUT;19/05/2025;10:00:00;162109,77;162410,40;161947,89;162028,83;4,709003957E10;1451878
WINFUT;19/05/2025;09:30:00;161988,36;162208,05;161895,85;162109,77;2,342768235E10;722818
WINFUT;19/05/2025;09:00:00;161878,51;162306,33;161757,10;161982,58;2,841228704E10;876652
WINFUT;16/05/2025;18:00:00;162416,18;162456,65;162167,58;162254,30;3299450304,00;101606
WINFUT;16/05/2025;17:30:00;162485,56;162578,06;162352,58;162421,96;5968085745,00;183687
WINFUT;16/05/2025;17:00:00;162687,90;162728,37;162468,21;162491,34;9420816190,00;289658
WINFUT;16/05/2025;16:30:00;162508,68;162734,15;162445,09;162693,68;1,487859085E10;457610
WINFUT;16/05/2025;16:00:00;162687,90;162820,87;162473,99;162514,46;1,446094008E10;444577
WINFUT;16/05/2025;15:30:00;162393,05;162861,34;162358,36;162687,90;1,842401535E10;566471
WINFUT;16/05/2025;15:00:00;162317,90;162537,59;162283,21;162393,05;1,482814924E10;456517
WINFUT;16/05/2025;14:30:00;162410,40;162566,49;162161,80;162312,11;1,821870391E10;561094
WINFUT;16/05/2025;14:00:00;162069,30;162439,30;162028,83;162416,18;1,70729031E10;526120
WINFUT;16/05/2025;13:30:00;161872,73;162294,77;161861,17;162069,30;1,904508979E10;587336
WINFUT;16/05/2025;13:00:00;161670,38;162028,83;161635,69;161872,73;1,684086113E10;520291
WINFUT;16/05/2025;12:30:00;161577,88;161872,73;161479,60;161676,16;1,88579652E10;583096
WINFUT;16/05/2025;12:00:00;161178,96;161612,57;161051,77;161577,88;1,899748987E10;588898
WINFUT;16/05/2025;11:30:00;161138,49;161340,84;160860,99;161184,75;2,645541978E10;820761
WINFUT;16/05/2025;11:00:00;161768,66;161786,01;161138,49;161138,49;3,952772203E10;1223958
WINFUT;16/05/2025;10:30:00;161242,56;161878,51;160930,37;161768,66;5,3136141E10;1647087
WINFUT;16/05/2025;10:00:00;161323,50;161468,03;161011,30;161236,78;4,263947626E10;1322207
WINFUT;16/05/2025;09:30:00;161554,75;161647,26;161103,81;161329,28;3,3412925E10;1035418
WINFUT;16/05/2025;09:00:00;162768,84;162791,97;161381,31;161554,75;4,340005835E10;1340242
WINFUT;15/05/2025;18:00:00;163086,82;163138,85;162953,85;163121,51;3120137693,00;95686
WINFUT;15/05/2025;17:30:00;163052,13;163161,98;162953,85;163086,82;6160823270,00;188934
WINFUT;15/05/2025;17:00:00;163156,19;163231,35;163005,88;163057,91;9092576209,00;278732
WINFUT;15/05/2025;16:30:00;162751,50;163196,66;162734,15;163156,19;1,76329051E10;540926
WINFUT;15/05/2025;16:00:00;162606,96;162844,00;162543,37;162745,72;1,529655461E10;470065
WINFUT;15/05/2025;15:30:00;162179,14;162647,43;162144,45;162601,18;1,633503494E10;502862
WINFUT;15/05/2025;15:00:00;162103,98;162502,90;162069,30;162179,14;2,286704629E10;704568
WINFUT;15/05/2025;14:30:00;162352,58;162601,18;161878,51;162098,20;2,835027407E10;873648
WINFUT;15/05/2025;14:00:00;162728,37;162872,91;162306,33;162352,58;2,220677113E10;682636
WINFUT;15/05/2025;13:30:00;162948,07;163063,69;162624,31;162728,37;1,756280294E10;539168
WINFUT;15/05/2025;13:00:00;162606,96;163029,00;162583,84;162953,85;2,116354139E10;649802
WINFUT;15/05/2025;12:30:00;162497,12;162653,21;162317,90;162601,18;1,517975911E10;467147
WINFUT;15/05/2025;12:00:00;162242,74;162554,93;161913,20;162502,90;2,459827764E10;758139
WINFUT;15/05/2025;11:30:00;162624,31;162763,06;162040,39;162242,74;3,732869391E10;1149470
WINFUT;15/05/2025;11:00:00;162335,24;162965,41;162103,98;162624,31;4,093450958E10;1258900
WINFUT;15/05/2025;10:30:00;162254,30;162427,74;161843,82;162341,02;3,679240608E10;1134578
WINFUT;15/05/2025;10:00:00;161890,07;162387,27;161774,45;162248,52;4,250615143E10;1311043
WINFUT;15/05/2025;09:30:00;161797,57;161936,32;161629,91;161895,85;2,297744967E10;710148
WINFUT;15/05/2025;09:00:00;161618,35;161843,82;161381,31;161791,79;2,370325714E10;733274
WINFUT;14/05/2025;18:00:00;161901,64;162046,17;161895,85;161953,67;2720006866,00;83961
WINFUT;14/05/2025;17:30:00;161965,23;161988,36;161878,51;161907,42;3870052917,00;119490
WINFUT;14/05/2025;17:00:00;162069,30;162069,30;161890,07;161971,01;9463616575,00;292135
WINFUT;14/05/2025;16:30:00;162260,08;162341,02;162046,17;162069,30;1,363403944E10;420253
WINFUT;14/05/2025;16:00:00;162208,05;162265,86;162057,73;162254,30;1,295038111E10;399310
WINFUT;14/05/2025;15:30:00;161988,36;162219,61;161982,58;162202,27;1,50614755E10;464450
WINFUT;14/05/2025;15:00:00;162190,70;162260,08;161791,79;161994,14;1,93255049E10;596535
WINFUT;14/05/2025;14:30:00;162369,93;162404,62;162138,67;162190,70;1,460466793E10;450040
WINFUT;14/05/2025;14:00:00;162485,56;162739,94;162265,86;162364,15;2,316718492E10;712778
WINFUT;14/05/2025;13:30:00;162433,52;162531,81;162265,86;162491,34;1,224002864E10;376836
WINFUT;14/05/2025;13:00:00;162520,24;162606,96;162404,62;162433,52;1,378458699E10;424134
WINFUT;14/05/2025;12:30:00;162537,59;162601,18;162288,99;162520,24;1,644388096E10;506102
WINFUT;14/05/2025;12:00:00;162369,93;162624,31;162075,08;162531,81;2,925274541E10;900820
WINFUT;14/05/2025;11:30:00;162427,74;162456,65;161982,58;162364,15;3,721635118E10;1147288
WINFUT;14/05/2025;11:00:00;162705,25;162849,78;162294,77;162433,52;3,23642226E10;995248
WINFUT;14/05/2025;10:30:00;162820,87;163069,47;162520,24;162699,47;5,101515384E10;1567563
WINFUT;14/05/2025;10:00:00;162711,03;162965,41;162236,96;162815,09;5,243939596E10;1612359
WINFUT;14/05/2025;09:30:00;162803,53;162965,41;162589,62;162716,81;2,80693224E10;862329
WINFUT;14/05/2025;09:00:00;162520,24;162948,07;162381,49;162797,75;3,556091792E10;1093271
WINFUT;13/05/2025;18:00:00;162751,50;162763,06;162485,56;162485,56;3768228374,00;115867
WINFUT;13/05/2025;17:30:00;162820,87;162844,00;162641,65;162745,72;6239603405,00;191743
WINFUT;13/05/2025;17:00:00;162844,00;162890,25;162711,03;162820,87;9353775602,00;287291
WINFUT;13/05/2025;16:30:00;163046,35;163057,91;162791,97;162844,00;1,4681879E10;450570
WINFUT;13/05/2025;16:00:00;162653,21;163451,04;162635,87;163046,35;2,945920801E10;903493
WINFUT;13/05/2025;15:30:00;162531,81;162739,94;162416,18;162653,21;1,740835489E10;535415
WINFUT;13/05/2025;15:00:00;162260,08;162711,03;162242,74;162531,81;2,118796495E10;652073
WINFUT;13/05/2025;14:30:00;162184,92;162352,58;162167,58;162260,08;1,409179811E10;434250
WINFUT;13/05/2025;14:00:00;162254,30;162306,33;162121,33;162190,70;1,305112449E10;402256
WINFUT;13/05/2025;13:30:00;162236,96;162323,68;162069,30;162260,08;1,780878745E10;549007
WINFUT;13/05/2025;13:00:00;162462,43;162497,12;162098,20;162231,17;1,830234985E10;563852
WINFUT;13/05/2025;12:30:00;162641,65;162653,21;162404,62;162468,21;1,973255429E10;607038
WINFUT;13/05/2025;12:00:00;161924,76;162826,66;161901,64;162635,87;3,623252661E10;1115891
WINFUT;13/05/2025;11:30:00;161554,75;162011,48;161543,19;161924,76;2,902620206E10;896787
WINFUT;13/05/2025;11:00:00;161236,78;161751,32;161150,06;161554,75;3,005579303E10;930754
WINFUT;13/05/2025;10:30:00;161126,93;161681,94;161040,21;161236,78;4,566945962E10;1414807
WINFUT;13/05/2025;10:00:00;160398,48;161358,19;160323,32;161121,15;5,458700396E10;1697693
WINFUT;13/05/2025;09:30:00;160190,35;160519,89;160057,38;160398,48;3,070302745E10;957417
WINFUT;13/05/2025;09:00:00;160375,35;160473,64;159941,75;160184,57;2,75727826E10;860694
WINFUT;12/05/2025;18:00:00;160190,35;160282,85;160080,50;160282,85;3146429675,00;98226
WINFUT;12/05/2025;17:30:00;160132,54;160248,16;160097,85;160184,57;4681903065,00;146161
WINFUT;12/05/2025;17:00:00;160011,13;160207,69;159976,44;160132,54;9158158249,00;286011
WINFUT;12/05/2025;16:30:00;160167,22;160178,79;159935,97;160005,35;1,362139619E10;425557
WINFUT;12/05/2025;16:00:00;160115,19;160271,29;160074,72;160173,00;1,211108777E10;378039
WINFUT;12/05/2025;15:30:00;159837,69;160178,79;159826,12;160109,41;1,60766626E10;502252
WINFUT;12/05/2025;15:00:00;159959,09;160011,13;159635,34;159837,69;1,735012205E10;542770
WINFUT;12/05/2025;14:30:00;159999,56;160103,63;159883,94;159953,31;1,301918102E10;406904
WINFUT;12/05/2025;14:00:00;160086,28;160138,32;159918,62;159999,56;1,399079701E10;437117
WINFUT;12/05/2025;13:30:00;160045,81;160178,79;159982,22;160092,07;1,448495469E10;452442
WINFUT;12/05/2025;13:00:00;159883,94;160086,28;159843,47;160045,81;1,706043793E10;533289
WINFUT;12/05/2025;12:30:00;159849,25;160016,91;159670,03;159889,72;2,023628039E10;633054
WINFUT;12/05/2025;12:00:00;160149,88;160184,57;159745,18;159855,03;2,120712126E10;662962
WINFUT;12/05/2025;11:30:00;159999,56;160300,20;159831,90;160155,66;2,895281353E10;904461
WINFUT;12/05/2025;11:00:00;160196,13;160652,86;159883,94;160005,35;3,967144794E10;1237545
WINFUT;12/05/2025;10:30:00;160531,45;160901,46;160126,75;160201,91;4,810661343E10;1498806
WINFUT;12/05/2025;10:00:00;161306,15;161317,72;160329,10;160531,45;4,967631244E10;1544544
WINFUT;12/05/2025;09:30:00;161283,03;161612,57;161248,34;161306,15;2,466045214E10;763890
WINFUT;12/05/2025;09:00:00;162231,17;162236,96;161045,99;161283,03;3,440429461E10;1065451
WINFUT;09/05/2025;18:00:00;159860,81;159959,09;159814,56;159820,34;1968854583,00;61574
WINFUT;09/05/2025;17:30:00;159912,84;159930,19;159808,78;159855,03;2813023650,00;87987
WINFUT;09/05/2025;17:00:00;159716,28;159959,09;159710,49;159912,84;7389042514,00;231110
WINFUT;09/05/2025;16:30:00;159924,41;160034,25;159716,28;159722,06;1,288111502E10;402813
WINFUT;09/05/2025;16:00:00;159895,50;160086,28;159872,37;159924,41;1,150180409E10;359486
WINFUT;09/05/2025;15:30:00;160034,25;160155,66;159837,69;159901,28;1,393799096E10;435639
WINFUT;09/05/2025;15:00:00;159889,72;160040,03;159768,31;160040,03;1,528331656E10;477887
WINFUT;09/05/2025;14:30:00;159687,37;159924,41;159583,30;159883,94;1,490307489E10;466499
WINFUT;09/05/2025;14:00:00;159797,22;159878,15;159456,11;159687,37;1,941879447E10;607890
WINFUT;09/05/2025;13:30:00;159907,06;160063,16;159756,75;159797,22;1,466334739E10;458419
WINFUT;09/05/2025;13:00:00;160016,91;160074,72;159745,18;159907,06;1,612720713E10;504318
WINFUT;09/05/2025;12:30:00;159912,84;160126,75;159762,53;160011,13;1,904930205E10;595345
WINFUT;09/05/2025;12:00:00;160219,26;160253,94;159785,65;159907,06;2,614769142E10;817115
WINFUT;09/05/2025;11:30:00;160398,48;160421,60;159803,00;160213,47;3,926487828E10;1225826
WINFUT;09/05/2025;11:00:00;160496,76;160803,17;160294,41;160398,48;3,720036139E10;1158451
WINFUT;09/05/2025;10:30:00;160109,41;160774,27;160022,69;160496,76;4,568527645E10;1423653
WINFUT;09/05/2025;10:00:00;160392,70;160514,11;160016,91;160109,41;4,404183522E10;1374111
WINFUT;09/05/2025;09:30:00;160080,50;160543,01;159941,75;160392,70;3,387101279E10;1056718
WINFUT;09/05/2025;09:00:00;160490,98;160525,67;159889,72;160080,50;3,263026402E10;1019022
WINFUT;08/05/2025;18:00:00;159860,81;159982,22;159803,00;159982,22;3346004232,00;104648
WINFUT;08/05/2025;17:30:00;159889,72;159941,75;159768,31;159866,59;5526008861,00;172839
WINFUT;08/05/2025;17:00:00;159970,66;159976,44;159623,77;159895,50;1,676400623E10;524469
WINFUT;08/05/2025;16:30:00;160652,86;160670,20;159837,69;159970,66;2,607840381E10;813678
WINFUT;08/05/2025;16:00:00;160658,64;160745,36;160490,98;160658,64;1,854091107E10;577168
WINFUT;08/05/2025;15:30:00;160722,24;160901,46;160612,39;160652,86;1,667967157E10;518784
WINFUT;08/05/2025;15:00:00;160647,08;160826,30;160583,48;160722,24;1,578474267E10;490988
WINFUT;08/05/2025;14:30:00;160860,99;160976,62;160548,79;160652,86;1,827962379E10;568524
WINFUT;08/05/2025;14:00:00;160988,18;161022,87;160722,24;160866,77;1,556264332E10;483777
WINFUT;08/05/2025;13:30:00;160993,96;161196,31;160710,67;160982,40;1,924512017E10;597832
WINFUT;08/05/2025;13:00:00;161017,09;161132,71;160849,43;160993,96;1,632160145E10;506917
WINFUT;08/05/2025;12:30:00;161028,65;161439,13;160872,55;161017,09;3,174261569E10;984746
WINFUT;08/05/2025;12:00:00;160271,29;161184,75;160201,91;161034,43;3,634847832E10;1131159
WINFUT;08/05/2025;11:30:00;160167,22;160433,17;159970,66;160271,29;2,685755504E10;838219
WINFUT;08/05/2025;11:00:00;160467,86;160490,98;159803,00;160167,22;3,821135901E10;1193067
WINFUT;08/05/2025;10:30:00;159404,08;160589,26;159340,49;160462,07;6,194426133E10;1936520
WINFUT;08/05/2025;10:00:00;159074,54;159525,49;158947,35;159404,08;4,184587626E10;1313255
WINFUT;08/05/2025;09:30:00;158502,19;159213,30;158490,62;159074,54;3,951169537E10;1243873
WINFUT;08/05/2025;09:00:00;157715,92;158664,07;157692,79;158496,41;4,069172012E10;1286324
WINFUT;07/05/2025;18:00:00;156507,61;156611,68;156461,36;156548,08;2980339787,00;95192
WINFUT;07/05/2025;17:30:00;156467,14;156536,52;156386,20;156501,83;3700863239,00;118275
WINFUT;07/05/2025;17:00:00;156374,64;156576,99;156293,70;156467,14;1,163377481E10;371828
WINFUT;07/05/2025;16:30:00;156068,23;156605,90;156027,76;156368,86;3,071535319E10;982410
WINFUT;07/05/2025;16:00:00;156380,42;156380,42;155975,73;156068,23;2,667922807E10;854167
WINFUT;07/05/2025;15:30:00;156322,61;156611,68;156050,88;156386,20;3,451066049E10;1103565
WINFUT;07/05/2025;15:00:00;156368,86;156698,40;156033,54;156328,39;2,732858852E10;874396
WINFUT;07/05/2025;14:30:00;156420,89;156432,46;156154,95;156374,64;2,031119927E10;649784
WINFUT;07/05/2025;14:00:00;156571,21;156646,37;156374,64;156420,89;1,683452223E10;537809
WINFUT;07/05/2025;13:30:00;156068,23;156652,15;156062,45;156571,21;2,000991727E10;639780
WINFUT;07/05/2025;13:00:00;156183,86;156351,52;156016,20;156068,23;1,614617948E10;516811
WINFUT;07/05/2025;12:30:00;156149,17;156328,39;156050,88;156183,86;2,308972405E10;739139
WINFUT;07/05/2025;12:00:00;155952,60;156189,64;155813,85;156149,17;2,110704582E10;676570
WINFUT;07/05/2025;11:30:00;156050,88;156189,64;155819,63;155952,60;2,968388077E10;951422
WINFUT;07/05/2025;11:00:00;156016,20;156143,39;155721,35;156045,10;3,60357011E10;1155295
WINFUT;07/05/2025;10:30:00;156565,43;156675,27;155819,63;156016,20;4,670473679E10;1494718
WINFUT;07/05/2025;10:00:00;157484,67;157490,45;156513,39;156565,43;5,011642856E10;1596543
WINFUT;07/05/2025;09:30:00;157594,51;157687,01;157288,10;157490,45;2,615919672E10;830575
WINFUT;07/05/2025;09:00:00;157253,41;157831,55;157253,41;157600,29;3,574021771E10;1133609
WINFUT;06/05/2025;18:00:00;156692,62;156889,18;156681,05;156866,06;3146923426,00;100368
WINFUT;06/05/2025;17:30:00;156686,84;156721,52;156594,33;156686,84;3638636434,00;116129
WINFUT;06/05/2025;17:00:00;156652,15;156819,81;156605,90;156692,62;6939454506,00;221432
WINFUT;06/05/2025;16:30:00;156681,05;156750,43;156605,90;156646,37;1,081681742E10;345213
WINFUT;06/05/2025;16:00:00;156600,11;156761,99;156582,77;156686,84;1,443742044E10;460757
WINFUT;06/05/2025;15:30:00;156663,71;156681,05;156282,14;156600,11;1,768627776E10;565132
WINFUT;06/05/2025;15:00:00;156663,71;156842,93;156501,83;156669,49;1,829993724E10;583996
WINFUT;06/05/2025;14:30:00;156600,11;156709,96;156524,96;156657,93;1,202804071E10;384006
WINFUT;06/05/2025;14:00:00;156623,24;156709,96;156455,58;156605,90;1,492509889E10;476544
WINFUT;06/05/2025;13:30:00;156894,97;156958,56;156472,92;156623,24;2,003363882E10;639241
WINFUT;06/05/2025;13:00:00;156553,86;157056,84;156524,96;156889,18;2,391989007E10;762619
WINFUT;06/05/2025;12:30:00;156860,28;157068,41;156513,39;156553,86;2,04395436E10;651841
WINFUT;06/05/2025;12:00:00;156715,74;157045,28;156634,80;156866,06;2,196441274E10;700052
WINFUT;06/05/2025;11:30:00;156993,25;157132,00;156652,15;156709,96;2,80269246E10;893088
WINFUT;06/05/2025;11:00:00;156912,31;157357,48;156761,99;156999,03;3,939849375E10;1254202
WINFUT;06/05/2025;10:30:00;157114,66;157369,04;156721,52;156912,31;4,994773087E10;1590764
WINFUT;06/05/2025;10:00:00;157126,22;157507,79;156947,00;157114,66;4,712621862E10;1498797
WINFUT;06/05/2025;09:30:00;157051,06;157270,75;156952,78;157126,22;2,533601003E10;806242
WINFUT;06/05/2025;09:00:00;156444,02;157189,82;156426,67;157051,06;3,712818723E10;1182846
WINFUT;05/05/2025;18:00:00;156727,31;156756,21;156444,02;156444,02;4232148202,00;135099
WINFUT;05/05/2025;17:30:00;156727,31;156756,21;156686,84;156727,31;3963984669,00;126461
WINFUT;05/05/2025;17:00:00;156675,27;156790,90;156594,33;156727,31;8953088744,00;285672
WINFUT;05/05/2025;16:30:00;156756,21;156814,03;156617,46;156669,49;1,392797055E10;444382
WINFUT;05/05/2025;16:00:00;156837,15;156929,65;156686,84;156756,21;1,185794438E10;378082
WINFUT;05/05/2025;15:30:00;156837,15;156958,56;156738,87;156842,93;1,267095653E10;403860
WINFUT;05/05/2025;15:00:00;156831,37;156929,65;156681,05;156837,15;1,678372706E10;535193
WINFUT;05/05/2025;14:30:00;156727,31;156889,18;156652,15;156831,37;1,294641598E10;412892
WINFUT;05/05/2025;14:00:00;156715,74;156906,53;156559,65;156727,31;1,639013143E10;522863
WINFUT;05/05/2025;13:30:00;156773,56;156871,84;156681,05;156721,52;1,214131278E10;387239
WINFUT;05/05/2025;13:00:00;156952,78;157143,56;156617,46;156773,56;1,910499076E10;608871
WINFUT;05/05/2025;12:30:00;157218,72;157293,88;156773,56;156952,78;2,05265571E10;653804
WINFUT;05/05/2025;12:00:00;157195,60;157357,48;156958,56;157224,50;2,385802091E10;759112
WINFUT;05/05/2025;11:30:00;157132,00;157195,60;156814,03;157189,82;3,255350291E10;1036806
WINFUT;05/05/2025;11:00:00;157704,36;157779,52;157016,37;157126,22;4,031064264E10;1281289
WINFUT;05/05/2025;10:30:00;158664,07;158704,54;157536,70;157704,36;5,226111487E10;1653933
WINFUT;05/05/2025;10:00:00;158716,10;158808,60;158276,71;158664,07;4,655081609E10;1467912
WINFUT;05/05/2025;09:30:00;158536,88;158941,57;158473,28;158721,88;2,527326518E10;795811
WINFUT;05/05/2025;09:00:00;158380,78;158762,35;158334,53;158542,66;2,339796766E10;737758
WINFUT;02/05/2025;18:00:00;158681,41;159051,42;158658,28;159051,42;3493830043,00;110014
WINFUT;02/05/2025;17:30:00;158623,60;158762,35;158600,47;158681,41;4072653116,00;128333
WINFUT;02/05/2025;17:00:00;158444,37;158704,54;158392,34;158629,38;8831228072,00;278535
WINFUT;02/05/2025;16:30:00;158507,97;158640,94;158432,81;158450,16;1,408693767E10;444276
WINFUT;02/05/2025;16:00:00;158132,18;158554,22;158103,27;158507,97;1,359981929E10;429407
WINFUT;02/05/2025;15:30:00;158109,05;158322,96;158022,33;158137,96;1,453954859E10;459622
WINFUT;02/05/2025;15:00:00;157964,52;158143,74;157906,71;158109,05;1,315601538E10;416214
WINFUT;02/05/2025;14:30:00;158236,24;158421,25;157900,92;157970,30;1,55698688E10;492187
WINFUT;02/05/2025;14:00:00;158010,77;158340,31;157912,49;158242,03;1,954532684E10;617854
WINFUT;02/05/2025;13:30:00;157912,49;158132,18;157848,89;158004,99;1,459340328E10;461834
WINFUT;02/05/2025;13:00:00;157929,83;158270,93;157791,08;157912,49;2,260440366E10;714980
WINFUT;02/05/2025;12:30:00;157906,71;158085,93;157692,79;157924,05;2,247563195E10;711613
WINFUT;02/05/2025;12:00:00;158542,66;158588,91;157877,80;157912,49;2,544410405E10;803713
WINFUT;02/05/2025;11:30:00;158519,53;158658,28;158137,96;158542,66;2,738959712E10;864584
WINFUT;02/05/2025;11:00:00;158201,56;158652,50;157692,79;158513,75;4,49239233E10;1420330
WINFUT;02/05/2025;10:30:00;158479,06;158814,38;157935,61;158201,56;4,956564651E10;1565725
WINFUT;02/05/2025;10:00:00;158247,81;158490,62;157929,83;158484,84;4,129324873E10;1304891
WINFUT;02/05/2025;09:30:00;158259,37;158479,06;157819,99;158247,81;3,463007672E10;1094659
WINFUT;02/05/2025;09:00:00;158687,19;158947,35;158236,24;158265,15;2,942232145E10;927533
WINFUT;30/04/2025;18:00:00;158380,78;158444,37;158161,09;158178,43;3328466831,00;105122
WINFUT;30/04/2025;17:30:00;158461,72;158531,09;158369,22;158386,56;3786698533,00;119487
WINFUT;30/04/2025;17:00:00;158606,25;158716,10;158363,43;158461,72;1,595309014E10;503126
WINFUT;30/04/2025;16:30:00;158536,88;158825,94;158340,31;158600,47;2,0360295E10;642036
WINFUT;30/04/2025;16:00:00;158438,59;158739,22;158438,59;158542,66;1,467931899E10;462763
WINFUT;30/04/2025;15:30:00;158421,25;158577,35;158322,96;158432,81;1,416832226E10;447092
WINFUT;30/04/2025;15:00:00;158294,06;158987,82;158224,68;158427,03;2,961946385E10;933673
WINFUT;30/04/2025;14:30:00;158588,91;158739,22;158132,18;158294,06;2,995917669E10;945446
WINFUT;30/04/2025;14:00:00;158334,53;158629,38;158224,68;158588,91;1,964194982E10;620044
WINFUT;30/04/2025;13:30:00;158201,56;158351,87;158091,71;158334,53;1,781559678E10;563028
WINFUT;30/04/2025;13:00:00;158311,40;158369,22;158016,55;158201,56;2,074524803E10;655654
WINFUT;30/04/2025;12:30:00;157831,55;158386,56;157831,55;158311,40;2,849268661E10;900782
WINFUT;30/04/2025;12:00:00;157548,26;157993,43;157519,35;157837,33;2,485609602E10;787566
WINFUT;30/04/2025;11:30:00;157721,70;158080,15;157386,38;157548,26;3,5882812E10;1137976
WINFUT;30/04/2025;11:00:00;157952,96;158166,87;157559,82;157715,92;4,049051281E10;1282805
WINFUT;30/04/2025;10:30:00;158484,84;158814,38;157779,52;157952,96;5,357724129E10;1691280
WINFUT;30/04/2025;10:00:00;158149,52;158513,75;157634,98;158490,62;4,657037849E10;1473139
WINFUT;30/04/2025;09:30:00;158906,88;159149,70;158091,71;158149,52;4,582569033E10;1444498
WINFUT;30/04/2025;09:00:00;158588,91;159091,89;158421,25;158906,88;2,909180341E10;915789
WINFUT;29/04/2025;18:00:00;158883,76;158912,67;158791,26;158895,32;3299978432,00;103869
WINFUT;29/04/2025;17:30:00;158768,13;158912,67;158739,22;158877,98;5014679384,00;157863
WINFUT;29/04/2025;17:00:00;159005,17;159062,98;158745,01;158773,91;9700741859,00;305316
WINFUT;29/04/2025;16:30:00;159080,32;159149,70;158941,57;159005,17;1,303038354E10;409640
WINFUT;29/04/2025;16:00:00;159213,30;159230,64;158930,01;159086,11;1,83660689E10;577339
WINFUT;29/04/2025;15:30:00;159438,77;159490,80;159115,01;159207,52;1,717215143E10;539049
WINFUT;29/04/2025;15:00:00;159542,83;159594,87;159265,33;159438,77;2,140639801E10;671314
WINFUT;29/04/2025;14:30:00;159710,49;159826,12;159508,15;159542,83;1,761207313E10;551565
WINFUT;29/04/2025;14:00:00;159664,24;159791,43;159600,65;159716,28;1,187771057E10;371871
WINFUT;29/04/2025;13:30:00;159681,59;159872,37;159589,09;159670,03;1,410028486E10;441396
WINFUT;29/04/2025;13:00:00;159762,53;159901,28;159617,99;159687,37;1,43304012E10;448498
WINFUT;29/04/2025;12:30:00;159918,62;160034,25;159554,40;159762,53;1,907687749E10;596955
WINFUT;29/04/2025;12:00:00;159953,31;160103,63;159814,56;159912,84;2,206610834E10;689778
WINFUT;29/04/2025;11:30:00;159444,55;160068,94;159409,86;159953,31;3,378473917E10;1056849
WINFUT;29/04/2025;11:00:00;159143,92;159658,46;158987,82;159444,55;3,854550984E10;1209010
WINFUT;29/04/2025;10:30:00;158976,26;159305,80;158577,35;159138,14;4,622749715E10;1453821
WINFUT;29/04/2025;10:00:00;158727,66;159207,52;158617,81;158976,26;4,38919486E10;1380820
WINFUT;29/04/2025;09:30:00;158808,60;159184,39;158716,10;158721,88;2,795558147E10;879260
WINFUT;29/04/2025;09:00:00;158716,10;158976,26;158640,94;158814,38;2,759987117E10;868996
WINFUT;28/04/2025;18:00:00;158664,07;158785,47;158640,94;158727,66;2332940048,00;73490
WINFUT;28/04/2025;17:30:00;158652,50;158733,44;158640,94;158664,07;3077379393,00;96965
WINFUT;28/04/2025;17:00:00;158716,10;158785,47;158600,47;158646,72;7113468007,00;224122
WINFUT;28/04/2025;16:30:00;158577,35;158820,16;158531,09;158721,88;1,262273679E10;397763
WINFUT;28/04/2025;16:00:00;158606,25;158716,10;158519,53;158583,13;1,204760175E10;379776
WINFUT;28/04/2025;15:30:00;158721,88;158733,44;158380,78;158606,25;1,908880605E10;601964
WINFUT;28/04/2025;15:00:00;158583,13;158872,20;158513,75;158727,66;1,496594403E10;471451
WINFUT;28/04/2025;14:30:00;158565,78;158785,47;158467,50;158583,13;1,62656423E10;512691
WINFUT;28/04/2025;14:00:00;158623,60;158739,22;158357,65;158560,00;2,131734528E10;672237
WINFUT;28/04/2025;13:30:00;158802,82;159022,51;158560,00;158629,38;1,958660481E10;616649
WINFUT;28/04/2025;13:00:00;158883,76;158987,82;158704,54;158802,82;1,379522566E10;434263
WINFUT;28/04/2025;12:30:00;158687,19;158999,39;158664,07;158883,76;1,624945581E10;511434
WINFUT;28/04/2025;12:00:00;159340,49;159450,33;158640,94;158687,19;3,09553394E10;973455
WINFUT;28/04/2025;11:30:00;159392,52;159646,90;159230,64;159340,49;2,699347658E10;846658
WINFUT;28/04/2025;11:00:00;159028,29;159554,40;158953,13;159392,52;3,869734292E10;1214501
WINFUT;28/04/2025;10:30:00;158687,19;159282,67;158681,41;159028,29;5,104212633E10;1604911
WINFUT;28/04/2025;10:00:00;158982,04;159010,95;158317,18;158687,19;4,441761549E10;1400279
WINFUT;28/04/2025;09:30:00;158635,16;159028,29;158496,41;158976,26;2,510198638E10;790677
WINFUT;28/04/2025;09:00:00;158282,50;158750,79;158224,68;158629,38;2,757161334E10;869677
WINFUT;25/04/2025;18:00:00;158606,25;158739,22;158531,09;158716,10;2192428832,00;69111
WINFUT;25/04/2025;17:30:00;158560,00;158716,10;158415,47;158612,03;5949603456,00;187613
WINFUT;25/04/2025;17:00:00;158542,66;158640,94;158473,28;158560,00;7612122454,00;240067
WINFUT;25/04/2025;16:30:00;158502,19;158721,88;158380,78;158542,66;1,603772652E10;505755
WINFUT;25/04/2025;16:00:00;158421,25;158507,97;158322,96;158496,41;1,364258046E10;430596
WINFUT;25/04/2025;15:30:00;158380,78;158779,69;158276,71;158421,25;2,169128272E10;684037
WINFUT;25/04/2025;15:00:00;158137,96;158409,69;158068,58;158386,56;1,748704417E10;552407
WINFUT;25/04/2025;14:30:00;158294,06;158438,59;157831,55;158137,96;2,988463758E10;944789
WINFUT;25/04/2025;14:00:00;158305,62;158398,12;158062,80;158288,28;1,924584622E10;608175
WINFUT;25/04/2025;13:30:00;158461,72;158617,81;158236,24;158311,40;1,573572931E10;496722
WINFUT;25/04/2025;13:00:00;158513,75;158623,60;158270,93;158467,50;1,502736734E10;474243
WINFUT;25/04/2025;12:30:00;158213,12;158542,66;158189,99;158513,75;1,455750684E10;459630
WINFUT;25/04/2025;12:00:00;158716,10;158733,44;158201,56;158218,90;2,288732772E10;722450
WINFUT;25/04/2025;11:30:00;158421,25;158906,88;158259,37;158716,10;3,12414761E10;985059
WINFUT;25/04/2025;11:00:00;158039,68;158808,60;157981,86;158421,25;4,489343644E10;1416321
WINFUT;25/04/2025;10:30:00;158351,87;158427,03;157924,05;158033,90;4,46432821E10;1410926
WINFUT;25/04/2025;10:00:00;158386,56;158669,85;158062,80;158346,09;4,326787254E10;1366222
WINFUT;25/04/2025;09:30:00;158149,52;158542,66;158109,05;158380,78;2,54589545E10;803753
WINFUT;25/04/2025;09:00:00;158114,84;158629,38;157866,24;158149,52;3,703319914E10;1169580
WINFUT;24/04/2025;18:00:00;158386,56;158496,41;158363,43;158467,50;3384970854,00;106834
WINFUT;24/04/2025;17:30:00;158467,50;158525,31;158334,53;158380,78;4963370948,00;156665
WINFUT;24/04/2025;17:00:00;158265,15;158542,66;158259,37;158467,50;1,076596991E10;339796
WINFUT;24/04/2025;16:30:00;158328,75;158588,91;158236,24;158265,15;1,715008322E10;541314
WINFUT;24/04/2025;16:00:00;158606,25;158664,07;158247,81;158334,53;2,035621527E10;642446
WINFUT;24/04/2025;15:30:00;158606,25;158860,63;158502,19;158606,25;2,074518192E10;653657
WINFUT;24/04/2025;15:00:00;158386,56;158646,72;158340,31;158606,25;1,908147388E10;601930
WINFUT;24/04/2025;14:30:00;158224,68;158519,53;158109,05;158380,78;2,070688669E10;654026
WINFUT;24/04/2025;14:00:00;158213,12;158311,40;157958,74;158224,68;2,009499177E10;635326
WINFUT;24/04/2025;13:30:00;158010,77;158392,34;157877,80;158207,34;2,432763398E10;769075
WINFUT;24/04/2025;13:00:00;157710,14;158155,30;157623,42;158010,77;2,52806381E10;800681
WINFUT;24/04/2025;12:30:00;157293,88;157796,86;157224,50;157710,14;2,581790069E10;819316
WINFUT;24/04/2025;12:00:00;156675,27;157444,20;156669,49;157293,88;3,381128762E10;1075806
WINFUT;24/04/2025;11:30:00;156617,46;156761,99;156166,51;156675,27;3,562134786E10;1138176
WINFUT;24/04/2025;11:00:00;156316,83;156640,58;156039,32;156617,46;4,07956624E10;1304716
WINFUT;24/04/2025;10:30:00;156860,28;156866,06;155941,04;156311,05;4,877281428E10;1560184
WINFUT;24/04/2025;10:00:00;156380,42;156929,65;156224,33;156854,50;4,339749934E10;1385415
WINFUT;24/04/2025;09:30:00;156467,14;156669,49;156351,52;156380,42;2,367101387E10;756162
WINFUT;24/04/2025;09:00:00;155848,54;156617,46;155721,35;156467,14;3,227104262E10;1032066
WINFUT;23/04/2025;18:00:00;156010,41;156149,17;155946,82;156114,48;2654054142,00;85044
WINFUT;23/04/2025;17:30:00;155998,85;156143,39;155935,26;156016,20;6452508247,00;206744
WINFUT;23/04/2025;17:00:00;155900,57;156126,04;155663,53;156004,63;1,506026424E10;483076
WINFUT;23/04/2025;16:30:00;155883,22;156102,92;155727,13;155894,79;1,970409216E10;631869
WINFUT;23/04/2025;16:00:00;156085,57;156235,89;155854,32;155883,22;1,658067779E10;531186
WINFUT;23/04/2025;15:30:00;156178,07;156305,26;155958,38;156085,57;1,788520038E10;572761
WINFUT;23/04/2025;15:00:00;156201,20;156270,58;155894,79;156178,07;1,781451085E10;570494
WINFUT;23/04/2025;14:30:00;155883,22;156235,89;155808,07;156201,20;1,732811914E10;555330
WINFUT;23/04/2025;14:00:00;156183,86;156345,73;155842,75;155883,22;2,168007401E10;694420
WINFUT;23/04/2025;13:30:00;156039,32;156241,67;155900,57;156183,86;1,85868317E10;595489
WINFUT;23/04/2025;13:00:00;156490,27;156542,30;155709,78;156045,10;2,532086659E10;811043
WINFUT;23/04/2025;12:30:00;156571,21;156588,55;156201,20;156496,05;2,087839853E10;667456
WINFUT;23/04/2025;12:00:00;156773,56;156987,47;156455,58;156576,99;3,352199891E10;1069460
WINFUT;23/04/2025;11:30:00;156478,71;156871,84;156461,36;156767,77;2,751490234E10;878229
WINFUT;23/04/2025;11:00:00;156571,21;156790,90;156097,14;156478,71;4,284580239E10;1369063
WINFUT;23/04/2025;10:30:00;156004,63;156605,90;155623,06;156571,21;5,809731655E10;1859417
WINFUT;23/04/2025;10:00:00;155507,43;156166,51;155316,65;155998,85;4,784494308E10;1536397
WINFUT;23/04/2025;09:30:00;155663,53;155698,22;155310,87;155507,43;2,668828971E10;858194
WINFUT;23/04/2025;09:00:00;155085,39;155883,22;155068,05;155663,53;4,016631336E10;1291210
WINFUT;22/04/2025;18:00:00;153599,58;153911,78;153576,46;153911,78;3238024524,00;105363
WINFUT;22/04/2025;17:30:00;153559,11;153720,99;153541,77;153605,36;4446936753,00;144728
WINFUT;22/04/2025;17:00:00;153801,93;153888,65;153507,08;153564,89;1,117911286E10;363674
WINFUT;22/04/2025;16:30:00;153934,90;154096,78;153796,15;153807,71;1,529110755E10;496703
WINFUT;22/04/2025;16:00:00;154004,28;154148,81;153882,87;153940,68;1,355418009E10;440011
WINFUT;22/04/2025;15:30:00;153975,37;154171,94;153853,96;154004,28;1,824822782E10;592378
WINFUT;22/04/2025;15:00:00;153287,39;154096,78;153264,26;153975,37;2,22143662E10;722583
WINFUT;22/04/2025;14:30:00;153258,48;153455,05;153119,73;153293,17;1,731832325E10;564835
WINFUT;22/04/2025;14:00:00;153535,99;153767,24;153108,16;153264,26;3,126648077E10;1019082
WINFUT;22/04/2025;13:30:00;153859,74;153946,46;153443,48;153541,77;2,020066523E10;657286
WINFUT;22/04/2025;13:00:00;153692,08;154010,06;153686,30;153859,74;1,956113101E10;635604
WINFUT;22/04/2025;12:30:00;153426,14;153784,59;153379,89;153692,08;2,189748734E10;712970
WINFUT;22/04/2025;12:00:00;153229,57;153564,89;153148,63;153420,36;2,603924355E10;848893
WINFUT;22/04/2025;11:30:00;152425,96;153333,64;152333,46;153229,57;3,499301201E10;1144275
WINFUT;22/04/2025;11:00:00;152084,86;152547,37;151911,42;152425,96;3,380631249E10;1110170
WINFUT;22/04/2025;10:30:00;151639,69;152472,21;151581,88;152084,86;5,116867457E10;1681839
WINFUT;22/04/2025;10:00:00;152073,30;152206,27;151402,66;151639,69;4,357536955E10;1435581
WINFUT;22/04/2025;09:30:00;152639,87;152697,69;152055,95;152073,30;3,168284026E10;1039968
WINFUT;22/04/2025;09:00:00;152790,19;152998,32;152443,31;152645,65;3,385335308E10;1108276
WINFUT;17/04/2025;18:00:00;152605,18;152709,25;152454,87;152483,78;3123154197,00;102343
WINFUT;17/04/2025;17:30:00;152674,56;152807,53;152564,71;152605,18;6447823284,00;211166
WINFUT;17/04/2025;17:00:00;152472,21;152876,91;152460,65;152686,12;1,038609088E10;340110
WINFUT;17/04/2025;16:30:00;152755,50;152830,66;152466,43;152477,99;1,463044875E10;479143
WINFUT;17/04/2025;16:00:00;153027,22;153079,26;152605,18;152749,72;1,561811267E10;511026
WINFUT;17/04/2025;15:30:00;153021,44;153322,08;152905,82;153027,22;1,842417478E10;601632
WINFUT;17/04/2025;15:00:00;152853,78;153241,14;152784,41;153021,44;1,70094125E10;555600
WINFUT;17/04/2025;14:30:00;152489,56;153061,91;152454,87;152853,78;1,846008696E10;604104
WINFUT;17/04/2025;14:00:00;152836,44;152998,32;152449,09;152489,56;1,923898005E10;629645
WINFUT;17/04/2025;13:30:00;152853,78;152952,07;152524,25;152830,66;1,933482872E10;632882
WINFUT;17/04/2025;13:00:00;152235,18;152934,72;152229,40;152853,78;3,231756694E10;1059037
WINFUT;17/04/2025;12:30:00;152229,40;152576,28;152206,27;152240,96;2,170610378E10;712149
WINFUT;17/04/2025;12:00:00;151795,79;152477,99;151755,32;152229,40;2,704830584E10;888371
WINFUT;17/04/2025;11:30:00;151466,25;152084,86;151304,38;151795,79;2,93130161E10;966364
WINFUT;17/04/2025;11:00:00;151645,48;151842,04;151362,19;151466,25;4,064143256E10;1340213
WINFUT;17/04/2025;10:30:00;150812,96;151807,35;150795,61;151645,48;4,987457584E10;1647629
WINFUT;17/04/2025;10:00:00;151304,38;151304,38;150627,95;150807,18;4,291860993E10;1421700
WINFUT;17/04/2025;09:30:00;151148,28;151396,88;150951,71;151304,38;2,808979792E10;928897
WINFUT;17/04/2025;09:00:00;151304,38;151697,51;150922,80;151142,50;2,771001323E10;915920
WINFUT;16/04/2025;18:00:00;151021,09;151165,62;150853,43;150974,84;2978993288,00;98645
WINFUT;16/04/2025;17:30:00;151055,78;151113,59;150755,14;151021,09;6134394121,00;203175
WINFUT;16/04/2025;17:00:00;151113,59;151229,22;150957,49;151049,99;6843218038,00;226444
WINFUT;16/04/2025;16:30:00;150870,77;151315,94;150784,05;151107,81;2,09883218E10;694677
WINFUT;16/04/2025;16:00:00;151668,60;151703,29;150836,08;150864,99;2,227583023E10;736061
WINFUT;16/04/2025;15:30:00;152032,83;152044,39;151633,91;151668,60;1,94085518E10;639279
WINFUT;16/04/2025;15:00:00;151211,87;152131,11;151165,62;152032,83;3,078509012E10;1015032
WINFUT;16/04/2025;14:30:00;152425,96;152431,74;151142,50;151211,87;3,214418222E10;1058799
WINFUT;16/04/2025;14:00:00;151963,45;152703,47;151830,48;152425,96;3,001350527E10;985210
WINFUT;16/04/2025;13:30:00;151518,29;152044,39;151269,69;151957,67;2,093702623E10;690570
WINFUT;16/04/2025;13:00:00;151662,82;151749,54;151472,03;151518,29;1,317854914E10;434569
WINFUT;16/04/2025;12:30:00;151616,57;151790,01;151506,72;151668,60;1,289954507E10;425383
WINFUT;16/04/2025;12:00:00;151211,87;151703,29;151188,75;151616,57;2,22191608E10;733789
WINFUT;16/04/2025;11:30:00;151662,82;151685,95;150934,37;151211,87;3,246668806E10;1073202
WINFUT;16/04/2025;11:00:00;151524,07;152027,05;151431,57;151668,60;3,121348626E10;1028739
WINFUT;16/04/2025;10:30:00;151922,98;151980,80;151472,03;151518,29;4,381546705E10;1443633
WINFUT;16/04/2025;10:00:00;151616,57;152067,52;151448,91;151922,98;3,490140261E10;1149880
WINFUT;16/04/2025;09:30:00;151836,26;151969,23;151252,34;151616,57;3,353052821E10;1106180
WINFUT;16/04/2025;09:00:00;152073,30;152258,30;151535,63;151836,26;3,300427227E10;1086699
WINFUT;15/04/2025;18:00:00;152228,97;152258,41;152146,52;152252,52;3152385721,00;103558
WINFUT;15/04/2025;17:30:00;152270,19;152323,19;152128,86;152223,08;4735416418,00;155537
WINFUT;15/04/2025;17:00:00;152146,52;152399,74;152122,97;152276,08;7331288905,00;240706
WINFUT;15/04/2025;16:30:00;152234,85;152411,52;152134,75;152146,52;1,163345354E10;381955
WINFUT;15/04/2025;16:00:00;152046,42;152440,96;152011,08;152234,85;1,360204432E10;446658
WINFUT;15/04/2025;15:30:00;152122,97;152211,30;151981,64;152052,30;1,55290953E10;510518
WINFUT;15/04/2025;15:00:00;152134,75;152411,52;152046,42;152117,08;1,986201496E10;652387
WINFUT;15/04/2025;14:30:00;152287,85;152552,84;151952,20;152134,75;2,15958027E10;709116
WINFUT;15/04/2025;14:00:00;152452,74;152800,17;152205,41;152293,74;2,091413081E10;685700
WINFUT;15/04/2025;13:30:00;152570,51;152700,06;152382,07;152452,74;1,637589018E10;536785
WINFUT;15/04/2025;13:00:00;152617,62;152970,94;152493,96;152570,51;2,041261864E10;668419
WINFUT;15/04/2025;12:30:00;152423,29;152658,84;152187,74;152617,62;2,170103784E10;711684
WINFUT;15/04/2025;12:00:00;152205,41;152599,95;152093,53;152417,40;2,92404622E10;959554
WINFUT;15/04/2025;11:30:00;152340,85;152570,51;151869,75;152205,41;3,919612241E10;1287201
WINFUT;15/04/2025;11:00:00;152806,06;153100,49;152228,97;152346,74;4,740480946E10;1553106
WINFUT;15/04/2025;10:30:00;152741,28;153000,39;152435,07;152800,17;4,901015808E10;1604549
WINFUT;15/04/2025;10:00:00;152122,97;152753,06;152069,97;152747,17;3,999380478E10;1311957
WINFUT;15/04/2025;09:30:00;152664,73;152800,17;152111,19;152122,97;2,970447783E10;974157
WINFUT;15/04/2025;09:00:00;152458,63;153053,38;152376,18;152670,62;3,159698857E10;1033879
WINFUT;14/04/2025;18:00:00;152664,73;152729,51;152399,74;152493,96;3639490399,00;119253
WINFUT;14/04/2025;17:30:00;152711,84;152823,73;152546,96;152664,73;6824004606,00;223500
WINFUT;14/04/2025;17:00:00;152729,51;152782,50;152505,74;152711,84;1,480078636E10;484864
WINFUT;14/04/2025;16:30:00;152870,83;153035,72;152641,18;152735,39;1,687605467E10;552040
WINFUT;14/04/2025;16:00:00;152988,61;153253,60;152729,51;152876,72;2,27880138E10;744614
WINFUT;14/04/2025;15:30:00;152864,95;153106,38;152664,73;152982,72;2,303958166E10;753399
WINFUT;14/04/2025;15:00:00;152270,19;152941,50;152211,30;152870,83;2,221006561E10;727877
WINFUT;14/04/2025;14:30:00;151852,09;152552,84;151787,31;152264,30;2,302254445E10;756470
WINFUT;14/04/2025;14:00:00;151781,42;152458,63;151763,76;151857,98;2,579876371E10;848656
WINFUT;14/04/2025;13:30:00;151592,99;152069,97;151569,43;151787,31;2,186486133E10;719890
WINFUT;14/04/2025;13:00:00;151634,21;151946,31;151251,44;151592,99;3,240635241E10;1068711
WINFUT;14/04/2025;12:30:00;151952,20;152128,86;151316,22;151634,21;3,42302278E10;1128466
WINFUT;14/04/2025;12:00:00;151763,76;152293,74;151616,54;151946,31;3,207544782E10;1055116
WINFUT;14/04/2025;11:30:00;152217,19;152264,30;151663,65;151769,65;3,426623788E10;1127268
WINFUT;14/04/2025;11:00:00;152081,75;152623,51;152011,08;152217,19;4,026931623E10;1322237
WINFUT;14/04/2025;10:30:00;152252,52;152523,40;151899,20;152075,86;4,840743143E10;1590590
WINFUT;14/04/2025;10:00:00;152476,29;152753,06;152075,86;152252,52;4,44081209E10;1456377
WINFUT;14/04/2025;09:30:00;152046,42;152511,62;151999,31;152482,18;2,576463766E10;846193
WINFUT;14/04/2025;09:00:00;151457,55;152234,85;151275,00;152040,53;3,496818122E10;1151708
WINFUT;11/04/2025;18:00:00;150621,35;150745,01;150444,69;150656,68;2233140234,00;74135
WINFUT;11/04/2025;17:30:00;150692,01;150745,01;150521,24;150615,46;4468475581,00;148304
WINFUT;11/04/2025;17:00:00;150815,68;150851,01;150427,02;150697,90;1,207427978E10;400695
WINFUT;11/04/2025;16:30:00;151110,11;151139,55;150792,12;150815,68;1,314534929E10;435325
WINFUT;11/04/2025;16:00:00;150904,01;151310,33;150874,56;151110,11;1,570982186E10;519752
WINFUT;11/04/2025;15:30:00;150762,68;151039,45;150750,90;150909,90;1,424056291E10;471827
WINFUT;11/04/2025;15:00:00;150998,23;151186,66;150697,90;150756,79;1,919442168E10;635817
WINFUT;11/04/2025;14:30:00;150197,36;151386,88;150026,59;151004,11;3,355705371E10;1112749
WINFUT;11/04/2025;14:00:00;150379,91;150462,35;149873,48;150191,47;2,065061579E10;687520
WINFUT;11/04/2025;13:30:00;149879,37;150544,80;149873,48;150385,80;2,288717119E10;761878
WINFUT;11/04/2025;13:00:00;149573,16;150150,25;149384,72;149879,37;2,017699451E10;673476
WINFUT;11/04/2025;12:30:00;149066,73;149626,16;149019,62;149573,16;1,719179989E10;575432
WINFUT;11/04/2025;12:00:00;149184,50;150014,81;148742,85;149066,73;3,222797895E10;1080082
WINFUT;11/04/2025;11:30:00;148766,41;149643,82;148707,52;149184,50;3,49867848E10;1172794
WINFUT;11/04/2025;11:00:00;149567,27;149926,48;148513,19;148772,29;4,85239039E10;1625252
WINFUT;11/04/2025;10:30:00;148907,74;150103,14;148636,85;149561,38;5,954650834E10;1992218
WINFUT;11/04/2025;10:00:00;149914,70;149973,59;148878,29;148913,62;4,627196155E10;1549480
WINFUT;11/04/2025;09:30:00;150132,59;150344,58;149708,60;149920,59;3,127834805E10;1042929
WINFUT;11/04/2025;09:00:00;149667,38;150368,13;149526,05;150126,70;3,24822624E10;1082385
WINFUT;10/04/2025;18:00:00;149096,17;149137,39;148819,40;149025,51;2244207771,00;75313
WINFUT;10/04/2025;17:30:00;148996,07;149314,06;148901,85;149102,06;5275127971,00;176956
WINFUT;10/04/2025;17:00:00;148954,84;149325,83;148878,29;149001,95;1,015524504E10;340494
WINFUT;10/04/2025;16:30:00;148760,52;149149,17;147977,32;148954,84;2,7178548E10;914351
WINFUT;10/04/2025;16:00:00;148848,85;149390,61;148695,74;148754,63;2,331953925E10;782453
WINFUT;10/04/2025;15:30:00;149272,83;149437,72;148695,74;148848,85;2,172829224E10;728476
WINFUT;10/04/2025;15:00:00;148878,29;149484,83;148613,30;149266,95;2,875468832E10;964777
WINFUT;10/04/2025;14:30:00;148377,75;149172,73;148301,20;148884,18;2,694685446E10;905570
WINFUT;10/04/2025;14:00:00;148625,08;149143,28;147788,88;148389,53;3,150979429E10;1062245
WINFUT;10/04/2025;13:30:00;147423,78;148683,96;147394,34;148625,08;2,846069833E10;961028
WINFUT;10/04/2025;13:00:00;148454,30;148572,08;147288,34;147429,67;3,259191029E10;1101285
WINFUT;10/04/2025;12:30:00;148825,29;149243,39;148377,75;148454,30;2,783783805E10;935409
WINFUT;10/04/2025;12:00:00;149231,61;149537,83;148813,52;148831,18;2,675114958E10;896309
WINFUT;10/04/2025;11:30:00;149160,95;150003,03;149160,95;149225,73;3,027217416E10;1011583
WINFUT;10/04/2025;11:00:00;149390,61;149802,82;148996,07;149160,95;4,13272039E10;1383027
WINFUT;10/04/2025;10:30:00;149119,73;150515,35;149102,06;149384,72;5,529914448E10;1845319
WINFUT;10/04/2025;10:00:00;149897,04;150138,47;149031,40;149119,73;4,853745673E10;1621436
WINFUT;10/04/2025;09:30:00;150303,36;151039,45;149855,82;149902,93;3,855160224E10;1281941
WINFUT;10/04/2025;09:00:00;149743,93;150727,35;149261,06;150303,36;3,585906876E10;1195675
WINFUT;09/04/2025;18:00:00;150303,36;150686,12;150162,03;150220,92;2975157139,00;98875
WINFUT;09/04/2025;17:30:00;150503,57;150650,79;150167,92;150309,25;7056440368,00;234532
WINFUT;09/04/2025;17:00:00;150639,01;151027,67;150209,14;150503,57;1,23614181E10;410432
WINFUT;09/04/2025;16:30:00;150821,56;151198,44;150397,58;150639,01;1,918699219E10;635926
WINFUT;09/04/2025;16:00:00;149749,82;151039,45;149449,50;150827,45;2,444813905E10;813332
WINFUT;09/04/2025;15:30:00;151080,67;151322,10;149614,38;149743,93;3,016781462E10;1003199
WINFUT;09/04/2025;15:00:00;151416,32;151746,09;150162,03;151092,45;3,159335639E10;1045945
WINFUT;09/04/2025;14:30:00;150750,90;152093,53;149950,04;151422,21;4,131049316E10;1367730
WINFUT;09/04/2025;14:00:00;146728,91;153059,27;145804,39;150980,56;4,526450105E10;1531602
WINFUT;09/04/2025;13:30:00;146428,59;147005,68;146275,48;146728,91;2,37695975E10;810307
WINFUT;09/04/2025;13:00:00;145792,61;146776,02;145721,94;146428,59;1,993740158E10;681247
WINFUT;09/04/2025;12:30:00;146357,92;146581,70;145733,72;145798,50;2,698338622E10;923149
WINFUT;09/04/2025;12:00:00;145981,05;146658,25;145574,73;146352,04;3,721340195E10;1273636
WINFUT;09/04/2025;11:30:00;146458,03;147117,57;145839,72;145981,05;3,991946252E10;1362321
WINFUT;09/04/2025;11:00:00;146599,36;147264,79;146251,93;146458,03;4,958162287E10;1690557
WINFUT;09/04/2025;10:30:00;145727,83;146935,02;145480,51;146599,36;5,817576793E10;1988327
WINFUT;09/04/2025;10:00:00;145044,74;145875,05;144932,86;145727,83;5,06632104E10;1742275
WINFUT;09/04/2025;09:30:00;145015,30;145262,63;144343,99;145038,85;4,15377349E10;1433582
WINFUT;09/04/2025;09:00:00;144879,86;145339,18;144626,65;145015,30;3,578555095E10;1234094
WINFUT;08/04/2025;18:00:00;146051,71;146187,15;145804,39;146039,93;3658097890,00;125278
WINFUT;08/04/2025;17:30:00;146087,04;146216,60;145951,60;146051,71;5644124062,00;193200
WINFUT;08/04/2025;17:00:00;146304,93;146505,14;146057,60;146087,04;1,062830228E10;363220
WINFUT;08/04/2025;16:30:00;146269,59;146440,37;145621,84;146299,04;2,468924665E10;845120
WINFUT;08/04/2025;16:00:00;146870,24;146911,46;145827,94;146269,59;3,133684006E10;1071384
WINFUT;08/04/2025;15:30:00;147023,35;148124,54;146840,80;146870,24;2,715648546E10;921413
WINFUT;08/04/2025;15:00:00;147447,34;147547,44;146893,80;147029,24;2,275848896E10;773015
WINFUT;08/04/2025;14:30:00;146687,69;147606,33;146670,03;147453,22;2,923759829E10;993364
WINFUT;08/04/2025;14:00:00;147217,68;147400,23;146546,36;146693,58;3,188846851E10;1084953
WINFUT;08/04/2025;13:30:00;147853,66;147918,43;146834,91;147217,68;3,672912563E10;1246257
WINFUT;08/04/2025;13:00:00;148130,43;148159,87;147247,12;147853,66;2,482780648E10;840137
WINFUT;08/04/2025;12:30:00;147753,55;148477,86;147724,10;148136,31;2,776422326E10;937059
WINFUT;08/04/2025;12:00:00;148148,09;148377,75;147512,11;147753,55;3,279760093E10;1108651
WINFUT;08/04/2025;11:30:00;149425,94;149526,05;148059,76;148148,09;4,220848936E10;1417266
WINFUT;08/04/2025;11:00:00;149555,49;150132,59;149190,39;149425,94;3,616615144E10;1208570
WINFUT;08/04/2025;10:30:00;150438,80;150568,35;149414,16;149555,49;5,076122995E10;1693377
WINFUT;08/04/2025;10:00:00;149107,95;150727,35;148948,96;150438,80;5,481968923E10;1829207
WINFUT;08/04/2025;09:30:00;149025,51;149196,28;148595,63;149113,84;2,976123066E10;999694
WINFUT;08/04/2025;09:00:00;149926,48;150097,25;148913,62;149025,51;3,898433949E10;1305633
WINFUT;07/04/2025;18:00:00;148277,64;148348,31;148065,65;148265,87;1968570762,00;66418
WINFUT;07/04/2025;17:30:00;148277,64;148348,31;148059,76;148277,64;5036464520,00;169923
WINFUT;07/04/2025;17:00:00;148177,54;148536,75;148148,09;148277,64;8843317803,00;298096
WINFUT;07/04/2025;16:30:00;148165,76;148807,63;147835,99;148177,54;1,962760327E10;661694
WINFUT;07/04/2025;16:00:00;147877,21;148460,19;147847,77;148159,87;1,871186019E10;631300
WINFUT;07/04/2025;15:30:00;148683,96;148766,41;147729,99;147883,10;2,197964079E10;740970
WINFUT;07/04/2025;15:00:00;149043,18;149414,16;148583,86;148678,08;2,131728993E10;715287
WINFUT;07/04/2025;14:30:00;149019,62;149449,50;148589,74;149043,18;2,288487514E10;767896
WINFUT;07/04/2025;14:00:00;147971,43;149060,84;147841,88;149025,51;3,027832751E10;1019520
WINFUT;07/04/2025;13:30:00;147912,54;148307,09;147641,66;147977,32;2,177474004E10;735830
WINFUT;07/04/2025;13:00:00;148265,87;148477,86;147323,67;147918,43;2,542315793E10;859838
WINFUT;07/04/2025;12:30:00;147688,77;148943,07;147541,55;148259,98;3,250205704E10;1095841
WINFUT;07/04/2025;12:00:00;149796,93;150262,14;147523,89;147682,88;4,322688865E10;1451858
WINFUT;07/04/2025;11:30:00;148460,19;149932,37;147812,44;149796,93;5,471243178E10;1836834
WINFUT;07/04/2025;11:00:00;147841,88;151958,09;147653,44;148454,30;8,856795963E10;2960901
WINFUT;07/04/2025;10:30:00;147512,11;148065,65;146304,93;147847,77;6,677137264E10;2267601
WINFUT;07/04/2025;10:00:00;148489,64;148536,75;147359,01;147518,00;4,593642438E10;1552644
WINFUT;07/04/2025;09:30:00;148878,29;148972,51;148348,31;148483,75;3,830984113E10;1288204
WINFUT;07/04/2025;09:00:00;147983,21;148919,51;147629,89;148878,29;4,252775028E10;1434433
WINFUT;04/04/2025;18:00:00;150309,25;150503,57;149985,37;150338,69;3717824240,00;123751
WINFUT;04/04/2025;17:30:00;150061,92;150385,80;150026,59;150303,36;7418690682,00;247005
WINFUT;04/04/2025;17:00:00;150144,36;150415,24;149902,93;150061,92;1,248259955E10;415640
WINFUT;04/04/2025;16:30:00;150085,48;150580,13;150038,37;150144,36;1,86015041E10;618693
WINFUT;04/04/2025;16:00:00;150014,81;150209,14;149867,59;150091,37;1,525878606E10;508419
WINFUT;04/04/2025;15:30:00;150185,58;150379,91;149767,49;150014,81;1,823248599E10;607517
WINFUT;04/04/2025;15:00:00;150432,91;150544,80;150073,70;150185,58;1,720797264E10;572557
WINFUT;04/04/2025;14:30:00;150085,48;150574,24;149914,70;150432,91;2,093510213E10;696477
WINFUT;04/04/2025;14:00:00;150244,47;150356,36;149861,71;150091,37;1,833134639E10;610765
WINFUT;04/04/2025;13:30:00;149991,26;150509,46;149967,70;150238,58;1,612398434E10;536573
WINFUT;04/04/2025;13:00:00;150209,14;150574,24;149826,37;149991,26;2,005269718E10;667554
WINFUT;04/04/2025;12:30:00;150120,81;150538,91;149855,82;150209,14;2,436947965E10;811136
WINFUT;04/04/2025;12:00:00;149902,93;151004,11;149814,60;150126,70;5,160122755E10;1714463
WINFUT;04/04/2025;11:30:00;150332,80;150480,02;149367,05;149908,82;4,297263713E10;1433606
WINFUT;04/04/2025;11:00:00;150768,57;150774,46;150185,58;150332,80;3,243246923E10;1077970
WINFUT;04/04/2025;10:30:00;151198,44;151486,99;150362,25;150768,57;5,197425672E10;1723209
WINFUT;04/04/2025;10:00:00;151899,20;152299,63;150815,68;151204,33;5,000899051E10;1650346
WINFUT;04/04/2025;09:30:00;152352,63;152988,61;151610,65;151899,20;3,784393819E10;1242674
WINFUT;04/04/2025;09:00:00;152753,06;152900,28;151775,54;152317,30;3,57301723E10;1171964
WINFUT;03/04/2025;18:00:00;155155,65;155308,76;155055,55;155308,76;2347070188,00;75631
WINFUT;03/04/2025;17:30:00;155196,87;155302,87;155090,88;155167,43;5465636264,00;176111
WINFUT;03/04/2025;17:00:00;155161,54;155314,65;155008,44;155202,76;1,049331961E10;338174
WINFUT;03/04/2025;16:30:00;155155,65;155196,87;154937,77;155161,54;1,587300411E10;511810
WINFUT;03/04/2025;16:00:00;155373,54;155491,31;155073,21;155155,65;1,436087438E10;462365
WINFUT;03/04/2025;15:30:00;155296,98;155497,20;155155,65;155373,54;1,695302901E10;545644
WINFUT;03/04/2025;15:00:00;155338,20;155473,64;155090,88;155296,98;1,895360378E10;610273
WINFUT;03/04/2025;14:30:00;155126,21;155626,75;154984,88;155338,20;2,163519188E10;696387
WINFUT;03/04/2025;14:00:00;155349,98;155532,53;155073,21;155126,21;1,42105118E10;457507
WINFUT;03/04/2025;13:30:00;155243,98;155603,19;155026,10;155349,98;2,00285167E10;644836
WINFUT;03/04/2025;13:00:00;154955,44;155320,54;154896,55;155249,87;1,667166562E10;537427
WINFUT;03/04/2025;12:30:00;155143,88;155243,98;154708,11;154949,55;2,312680759E10;746486
WINFUT;03/04/2025;12:00:00;155650,30;155679,75;154890,66;155143,88;3,613295686E10;1163640
WINFUT;03/04/2025;11:30:00;156009,52;156474,72;155626,75;155644,42;3,424697298E10;1096987
WINFUT;03/04/2025;11:00:00;156109,62;156792,71;155597,31;156015,40;4,135662441E10;1323976
WINFUT;03/04/2025;10:30:00;155261,65;156722,05;155249,87;156109,62;5,775430823E10;1850246
WINFUT;03/04/2025;10:00:00;153530,37;155544,31;153418,48;155261,65;6,109934812E10;1977404
WINFUT;03/04/2025;09:30:00;154478,45;154796,44;153347,82;153530,37;3,849729951E10;1248736
WINFUT;03/04/2025;09:00:00;153506,82;154978,99;153371,37;154478,45;4,575626828E10;1481236
WINFUT;02/04/2025;18:00:00;154743,44;154931,88;154001,47;154001,47;4363391604,00;141143
WINFUT;02/04/2025;17:30:00;154543,23;156021,29;154513,78;154737,55;2,036015376E10;656669
WINFUT;02/04/2025;17:00:00;155408,87;157122,48;154272,35;154543,23;4,680102613E10;1504749
WINFUT;02/04/2025;16:30:00;155167,43;155455,98;155114,43;155408,87;1,239800453E10;399274
WINFUT;02/04/2025;16:00:00;155090,88;155249,87;155079,10;155167,43;8791544422,00;283281
WINFUT;02/04/2025;15:30:00;155079,10;155273,43;155067,32;155096,77;1,219676862E10;392997
WINFUT;02/04/2025;15:00:00;155096,77;155161,54;154978,99;155084,99;1,14186227E10;368166
WINFUT;02/04/2025;14:30:00;154908,33;155114,43;154896,55;155090,88;1,636508326E10;527919
WINFUT;02/04/2025;14:00:00;155291,09;155314,65;154778,78;154902,44;1,874048684E10;604517
WINFUT;02/04/2025;13:30:00;155031,99;155379,42;154702,22;155291,09;2,527236409E10;815104
WINFUT;02/04/2025;13:00:00;154902,44;155167,43;154902,44;155026,10;1,710519791E10;551644
WINFUT;02/04/2025;12:30:00;155020,21;155102,65;154708,11;154902,44;1,839901879E10;593920
WINFUT;02/04/2025;12:00:00;154873,00;155084,99;154743,44;155014,32;2,015701275E10;650469
WINFUT;02/04/2025;11:30:00;154496,12;155167,43;154354,79;154867,11;3,63749775E10;1175057
WINFUT;02/04/2025;11:00:00;154425,45;154584,45;154148,68;154496,12;3,349960719E10;1085052
WINFUT;02/04/2025;10:30:00;155314,65;155385,31;154319,46;154419,56;5,083330799E10;1641588
WINFUT;02/04/2025;10:00:00;155014,32;155614,97;154949,55;155320,54;4,374797649E10;1409217
WINFUT;02/04/2025;09:30:00;154790,55;155285,20;154790,55;155014,32;3,194192212E10;1029778
WINFUT;02/04/2025;09:00:00;154902,44;155514,86;154761,11;154796,44;3,613677004E10;1164986
WINFUT;01/04/2025;18:00:00;155261,65;155273,43;155002,55;155108,54;2762230325,00;89021
WINFUT;01/04/2025;17:30:00;155155,65;155332,31;155126,21;155261,65;4882873605,00;157275
WINFUT;01/04/2025;17:00:00;155308,76;155332,31;155037,88;155155,65;1,025692269E10;330517
WINFUT;01/04/2025;16:30:00;155379,42;155414,76;155031,99;155314,65;1,743898445E10;561744
WINFUT;01/04/2025;16:00:00;155296,98;155556,09;155255,76;155373,54;1,434755073E10;461505
WINFUT;01/04/2025;15:30:00;155585,53;155638,53;155014,32;155296,98;2,444709097E10;787136
WINFUT;01/04/2025;15:00:00;155962,41;156021,29;155573,75;155585,53;1,351468561E10;433680
WINFUT;01/04/2025;14:30:00;155997,74;156245,06;155915,30;155956,52;1,760964239E10;564109
WINFUT;01/04/2025;14:00:00;155738,64;156015,40;155679,75;155991,85;1,422080979E10;456235
WINFUT;01/04/2025;13:30:00;155915,30;155997,74;155514,86;155744,52;1,837483063E10;589837
WINFUT;01/04/2025;13:00:00;155968,29;156150,84;155821,08;155915,30;1,898416626E10;608582
WINFUT;01/04/2025;12:30:00;155885,85;156021,29;155709,19;155968,29;1,318721159E10;422983
WINFUT;01/04/2025;12:00:00;155503,09;156068,40;155503,09;155891,74;2,553175367E10;819312
WINFUT;01/04/2025;11:30:00;155338,20;155921,19;155314,65;155508,98;3,743628764E10;1203095
WINFUT;01/04/2025;11:00:00;154731,67;155391,20;154425,45;155338,20;4,585757452E10;1479850
WINFUT;01/04/2025;10:30:00;154661,00;154884,77;154372,46;154731,67;4,727310111E10;1528635
WINFUT;01/04/2025;10:00:00;154401,90;154696,33;153842,47;154661,00;5,00979001E10;1625271
WINFUT;01/04/2025;09:30:00;154631,56;154637,45;154125,13;154407,79;2,966090659E10;960802
WINFUT;01/04/2025;09:00:00;154437,23;154666,89;154207,57;154631,56;2,650927024E10;858185
WINFUT;31/03/2025;18:00:00;154337,12;154366,57;154237,01;154237,01;2816841773,00;91278
WINFUT;31/03/2025;17:30:00;154313,57;154390,12;154201,68;154343,01;6150087116,00;199323
WINFUT;31/03/2025;17:00:00;154419,56;154454,90;154131,02;154307,68;1,517540714E10;491711
WINFUT;31/03/2025;16:30:00;154537,34;154755,22;154378,34;154419,56;1,916280653E10;619718
WINFUT;31/03/2025;16:00:00;154672,78;154820,00;154525,56;154537,34;1,637989597E10;529388
WINFUT;31/03/2025;15:30:00;154967,21;155037,88;154596,23;154678,67;1,972367151E10;637154
WINFUT;31/03/2025;15:00:00;154413,68;155132,10;154401,90;154967,21;2,915032548E10;941257
WINFUT;31/03/2025;14:30:00;154125,13;154525,56;154119,24;154419,56;1,714817653E10;555419
WINFUT;31/03/2025;14:00:00;154337,12;154366,57;154054,46;154131,02;1,579560714E10;512144
WINFUT;31/03/2025;13:30:00;154319,46;154490,23;154237,01;154337,12;1,348249813E10;436687
WINFUT;31/03/2025;13:00:00;154325,35;154384,23;154166,35;154325,35;1,35605419E10;439454
WINFUT;31/03/2025;12:30:00;154254,68;154396,01;154113,35;154319,46;1,708806464E10;553855
WINFUT;31/03/2025;12:00:00;154814,11;154820,00;154237,01;154248,79;2,163325785E10;700031
WINFUT;31/03/2025;11:30:00;154743,44;154973,10;154666,89;154814,11;2,029640308E10;655479
WINFUT;31/03/2025;11:00:00;154719,89;155049,66;154608,00;154737,55;3,334373257E10;1076955
WINFUT;31/03/2025;10:30:00;154743,44;154908,33;154201,68;154714,00;4,3042656E10;1392751
WINFUT;31/03/2025;10:00:00;155090,88;155214,54;154619,78;154749,33;4,067050581E10;1312621
WINFUT;31/03/2025;09:30:00;155214,54;155273,43;154790,55;155084,99;2,53972002E10;819262
WINFUT;31/03/2025;09:00:00;155385,31;155662,08;154937,77;155214,54;3,108445162E10;1001107
WINFUT;28/03/2025;18:00:00;156274,51;156345,17;156180,29;156309,84;2118574239,00;67788
WINFUT;28/03/2025;17:30:00;156221,51;156356,95;156121,40;156274,51;4306850944,00;137843
WINFUT;28/03/2025;17:00:00;156421,73;156427,61;156068,40;156221,51;1,287199173E10;411977
WINFUT;28/03/2025;16:30:00;156515,94;156639,61;156362,84;156421,73;1,174751027E10;375278
WINFUT;28/03/2025;16:00:00;156639,61;156727,94;156433,50;156521,83;1,044312873E10;333492
WINFUT;28/03/2025;15:30:00;156415,84;156963,49;156380,50;156633,72;1,970666103E10;628998
WINFUT;28/03/2025;15:00:00;156197,95;157387,47;156186,18;156415,84;4,319143184E10;1377831
WINFUT;28/03/2025;14:30:00;155720,97;156197,95;155603,19;156197,95;1,964363783E10;629903
WINFUT;28/03/2025;14:00:00;155703,30;155897,63;155497,20;155720,97;1,792968129E10;575893
WINFUT;28/03/2025;13:30:00;155962,41;155974,18;155685,64;155697,41;1,340823039E10;430196
WINFUT;28/03/2025;13:00:00;155927,07;156086,07;155868,19;155962,41;1,06683702E10;341970
WINFUT;28/03/2025;12:30:00;155809,30;155991,85;155750,41;155932,96;1,451611482E10;465635
WINFUT;28/03/2025;12:00:00;155673,86;156056,63;155556,09;155815,19;2,201577305E10;706623
WINFUT;28/03/2025;11:30:00;156209,73;156298,06;155603,19;155679,75;3,09324215E10;991855
WINFUT;28/03/2025;11:00:00;156951,71;156957,60;155985,96;156209,73;4,301901345E10;1375060
WINFUT;28/03/2025;10:30:00;157234,37;157581,80;156910,49;156951,71;3,592517548E10;1142531
WINFUT;28/03/2025;10:00:00;157151,92;157352,14;156751,49;157234,37;4,77683244E10;1520620
WINFUT;28/03/2025;09:30:00;156727,94;157210,81;156674,94;157157,81;2,741183113E10;872758
WINFUT;28/03/2025;09:00:00;157517,02;157522,91;156462,95;156722,05;3,892694043E10;1241767
WINFUT;27/03/2025;18:00:00;157676,02;157717,24;157540,58;157623,02;2951939029,00;93638
WINFUT;27/03/2025;17:30:00;157628,91;157746,68;157605,36;157676,02;3971717962,00;125940
WINFUT;27/03/2025;17:00:00;157752,57;157911,57;157575,91;157628,91;1,089681694E10;345442
WINFUT;27/03/2025;16:30:00;157664,24;157764,35;157416,92;157752,57;1,461183587E10;463643
WINFUT;27/03/2025;16:00:00;157929,23;158029,34;157464,03;157670,13;1,559595874E10;494181
WINFUT;27/03/2025;15:30:00;158129,45;158153,01;157723,13;157929,23;1,342673308E10;425135
WINFUT;27/03/2025;15:00:00;157793,79;158188,34;157746,68;158135,34;2,059422025E10;651604
WINFUT;27/03/2025;14:30:00;158223,67;158571,10;157493,47;157787,91;2,593120657E10;819706
WINFUT;27/03/2025;14:00:00;158341,44;158388,55;158211,89;158223,67;1,047009054E10;330702
WINFUT;27/03/2025;13:30:00;158523,99;158565,21;158276,67;158335,56;1,426948739E10;450367
WINFUT;27/03/2025;13:00:00;158359,11;158571,10;158153,01;158523,99;1,822655032E10;575526
WINFUT;27/03/2025;12:30:00;157729,02;158494,55;157687,80;158365,00;2,736756718E10;865202
WINFUT;27/03/2025;12:00:00;157446,36;157799,68;157422,81;157729,02;1,810164315E10;574178
WINFUT;27/03/2025;11:30:00;157499,36;157681,91;157352,14;157446,36;2,395210639E10;760305
WINFUT;27/03/2025;11:00:00;157570,02;157817,35;157263,81;157505,25;3,607456463E10;1144784
WINFUT;27/03/2025;10:30:00;157782,02;157817,35;157393,36;157564,13;3,546769337E10;1125351
WINFUT;27/03/2025;10:00:00;157782,02;157882,12;156922,27;157776,13;6,153338788E10;1954238
WINFUT;27/03/2025;09:30:00;157811,46;158011,68;157599,47;157782,02;2,791515327E10;884457
WINFUT;27/03/2025;09:00:00;157440,47;157946,90;157352,14;157811,46;3,72316964E10;1180476
WINFUT;26/03/2025;18:00:00;157010,60;157034,15;156174,40;156875,16;5477844358,00;174712
WINFUT;26/03/2025;17:30:00;157122,48;157134,26;156892,82;157010,60;7969331107,00;253824
WINFUT;26/03/2025;17:00:00;157275,59;157411,03;156963,49;157122,48;1,232249763E10;392008
WINFUT;26/03/2025;16:30:00;157040,04;157393,36;156922,27;157275,59;1,798111629E10;571957
WINFUT;26/03/2025;16:00:00;156998,82;157075,37;156898,71;157040,04;1,161938322E10;370076
WINFUT;26/03/2025;15:30:00;157104,82;157287,37;156939,93;156998,82;1,494051423E10;475541
WINFUT;26/03/2025;15:00:00;157010,60;157204,92;156951,71;157104,82;1,700683823E10;541340
WINFUT;26/03/2025;14:30:00;156987,04;157087,15;156792,71;157010,60;1,637168722E10;521695
WINFUT;26/03/2025;14:00:00;157104,82;157128,37;156751,49;156987,04;2,15328302E10;685907
WINFUT;26/03/2025;13:30:00;157116,59;157670,13;157069,48;157098,93;2,373812579E10;754549
WINFUT;26/03/2025;13:00:00;157075,37;157269,70;157016,48;157116,59;1,243337137E10;395616
WINFUT;26/03/2025;12:30:00;157151,92;157322,70;156951,71;157075,37;1,88829127E10;600778
WINFUT;26/03/2025;12:00:00;156981,15;157275,59;156951,71;157157,81;2,218667129E10;706000
WINFUT;26/03/2025;11:30:00;157352,14;157428,69;156951,71;156981,15;2,413653942E10;767744
WINFUT;26/03/2025;11:00:00;157151,92;157623,02;157040,04;157358,03;3,147575567E10;1000247
WINFUT;26/03/2025;10:30:00;157016,48;157305,03;156674,94;157151,92;4,618566969E10;1470811
WINFUT;26/03/2025;10:00:00;157522,91;157575,91;156916,38;157022,37;4,952117846E10;1574610
WINFUT;26/03/2025;09:30:00;157210,81;157528,80;157087,15;157528,80;2,28403614E10;726046
WINFUT;26/03/2025;09:00:00;156851,60;157428,69;156639,61;157204,92;3,766024739E10;1198630
WINFUT;25/03/2025;18:00:00;157051,82;157063,59;156704,38;156869,27;4418334496,00;140841
WINFUT;25/03/2025;17:30:00;156886,93;157110,70;156839,82;157045,93;6919581008,00;220410
WINFUT;25/03/2025;17:00:00;156722,05;156963,49;156616,05;156886,93;1,048520165E10;334368
WINFUT;25/03/2025;16:30:00;156563,05;156875,16;156515,94;156727,94;1,466805557E10;468026
WINFUT;25/03/2025;16:00:00;156833,93;156934,04;156527,72;156563,05;1,937821082E10;618227
WINFUT;25/03/2025;15:30:00;156975,26;157175,48;156816,27;156839,82;1,419503155E10;452072
WINFUT;25/03/2025;15:00:00;157040,04;157081,26;156810,38;156975,26;1,56326489E10;497977
WINFUT;25/03/2025;14:30:00;157340,36;157393,36;156898,71;157040,04;2,271214547E10;722631
WINFUT;25/03/2025;14:00:00;157428,69;157587,69;157228,48;157334,47;1,653360183E10;525181
WINFUT;25/03/2025;13:30:00;158023,45;158082,34;157122,48;157428,69;2,599666308E10;824789
WINFUT;25/03/2025;13:00:00;158123,56;158129,45;157899,79;158017,56;1,098895677E10;347741
WINFUT;25/03/2025;12:30:00;158300,22;158353,22;157994,01;158123,56;1,658299037E10;524332
WINFUT;25/03/2025;12:00:00;157876,24;158353,22;157811,46;158300,22;2,425224407E10;766956
WINFUT;25/03/2025;11:30:00;157870,35;157893,90;157664,24;157876,24;2,07209275E10;656652
WINFUT;25/03/2025;11:00:00;157263,81;157941,01;157187,26;157870,35;3,076856875E10;976699
WINFUT;25/03/2025;10:30:00;156627,83;157440,47;156598,39;157263,81;4,058727338E10;1291888
WINFUT;25/03/2025;10:00:00;156462,95;156798,60;156121,40;156621,94;4,292784298E10;1372395
WINFUT;25/03/2025;09:30:00;155950,63;156563,05;155885,85;156457,06;3,104890836E10;994133
WINFUT;25/03/2025;09:00:00;155697,41;156091,96;155567,86;155956,52;4,030466803E10;1293175
WINFUT;24/03/2025;18:00:00;155862,30;156097,85;155803,41;156015,40;4791348973,00;153592
WINFUT;24/03/2025;17:30:00;155662,08;155891,74;155644,42;155856,41;6085930999,00;195341
WINFUT;24/03/2025;17:00:00;155868,19;155985,96;155650,30;155667,97;1,074933529E10;344906
WINFUT;24/03/2025;16:30:00;155885,85;156103,74;155815,19;155868,19;2,030568362E10;651074
WINFUT;24/03/2025;16:00:00;155638,53;155891,74;155514,86;155879,96;1,561683271E10;501539
WINFUT;24/03/2025;15:30:00;155550,20;155803,41;155485,42;155644,42;1,780468369E10;572001
WINFUT;24/03/2025;15:00:00;155526,64;155620,86;155373,54;155544,31;1,594985553E10;512793
WINFUT;24/03/2025;14:30:00;155768,08;155821,08;155391,20;155532,53;2,196237115E10;705555
WINFUT;24/03/2025;14:00:00;156474,72;156480,61;155638,53;155768,08;2,86372809E10;917807
WINFUT;24/03/2025;13:30:00;156345,17;156521,83;156286,28;156474,72;1,146601255E10;366532
WINFUT;24/03/2025;13:00:00;156669,05;156680,83;156309,84;156351,06;1,621786585E10;518285
WINFUT;24/03/2025;12:30:00;156639,61;156786,83;156533,61;156669,05;1,404855128E10;448321
WINFUT;24/03/2025;12:00:00;156833,93;156857,49;156492,39;156633,72;2,105219361E10;672100
WINFUT;24/03/2025;11:30:00;157087,15;157128,37;156533,61;156833,93;2,703632034E10;862434
WINFUT;24/03/2025;11:00:00;156604,28;157116,59;156462,95;157087,15;3,020966979E10;963745
WINFUT;24/03/2025;10:30:00;156392,28;156957,60;156321,62;156604,28;4,54907435E10;1451989
WINFUT;24/03/2025;10:00:00;156480,61;156586,61;156056,63;156392,28;3,421679959E10;1094469
WINFUT;24/03/2025;09:30:00;157234,37;157252,03;156250,95;156480,61;3,991874869E10;1274082
WINFUT;24/03/2025;09:00:00;157699,57;157988,12;157204,92;157240,26;2,802264604E10;889396
WINFUT;21/03/2025;18:00:00;156951,71;156987,04;156769,16;156769,16;2623268857,00;83604
WINFUT;21/03/2025;17:30:00;157122,48;157151,92;156804,49;156945,82;5941029919,00;189271
WINFUT;21/03/2025;17:00:00;157210,81;157328,59;156910,49;157122,48;1,408780774E10;448379
WINFUT;21/03/2025;16:30:00;156839,82;157287,37;156722,05;157204,92;1,958139334E10;623607
WINFUT;21/03/2025;16:00:00;156539,50;156916,38;156462,95;156833,93;1,69551224E10;540926
WINFUT;21/03/2025;15:30:00;156798,60;156998,82;156504,17;156539,50;1,637529979E10;522105
WINFUT;21/03/2025;15:00:00;157004,71;157045,93;156674,94;156798,60;1,52196944E10;485221
WINFUT;21/03/2025;14:30:00;157004,71;157104,82;156828,05;157004,71;1,486807583E10;473665
WINFUT;21/03/2025;14:00:00;156969,37;157151,92;156910,49;157004,71;1,409640096E10;448846
WINFUT;21/03/2025;13:30:00;156610,16;157069,48;156586,61;156969,37;1,659022875E10;528870
WINFUT;21/03/2025;13:00:00;156733,83;156863,38;156504,17;156604,28;1,458616731E10;465550
WINFUT;21/03/2025;12:30:00;156669,05;156769,16;156598,39;156727,94;1,204412692E10;384336
WINFUT;21/03/2025;12:00:00;156934,04;156975,26;156498,28;156674,94;2,265674944E10;722929
WINFUT;21/03/2025;11:30:00;157422,81;157505,25;156863,38;156934,04;2,973399556E10;945973
WINFUT;21/03/2025;11:00:00;156957,60;157464,03;156704,38;157422,81;3,549032596E10;1129822
WINFUT;21/03/2025;10:30:00;156610,16;157140,15;156539,50;156951,71;4,119752552E10;1313203
WINFUT;21/03/2025;10:00:00;156557,17;156851,60;156427,61;156616,05;3,552667041E10;1134076
WINFUT;21/03/2025;09:30:00;156580,72;156686,72;156256,84;156563,05;2,516563651E10;804194
WINFUT;21/03/2025;09:00:00;156580,72;156775,05;156186,18;156574,83;3,986740391E10;1273629
WINFUT;20/03/2025;18:00:00;156810,38;156975,26;156698,49;156951,71;4134685190,00;131800
WINFUT;20/03/2025;17:30:00;156951,71;156987,04;156769,16;156816,27;5278568367,00;168260
WINFUT;20/03/2025;17:00:00;157004,71;157040,04;156739,72;156951,71;1,259822212E10;401559
WINFUT;20/03/2025;16:30:00;156810,38;157122,48;156780,94;156998,82;1,630183446E10;519269
WINFUT;20/03/2025;16:00:00;156639,61;156875,16;156592,50;156810,38;1,421959859E10;453575
WINFUT;20/03/2025;15:30:00;156674,94;156904,60;156568,94;156633,72;1,979917977E10;631642
WINFUT;20/03/2025;15:00:00;156786,83;157040,04;156639,61;156674,94;1,666303511E10;531044
WINFUT;20/03/2025;14:30:00;156957,60;157045,93;156727,94;156786,83;1,400694731E10;446398
WINFUT;20/03/2025;14:00:00;156904,60;157087,15;156839,82;156951,71;1,302288923E10;414842
WINFUT;20/03/2025;13:30:00;156822,16;157134,26;156816,27;156898,71;1,775017264E10;565450
WINFUT;20/03/2025;13:00:00;156722,05;156939,93;156669,05;156822,16;1,580042528E10;503871
WINFUT;20/03/2025;12:30:00;157310,92;157352,14;156515,94;156722,05;2,877197332E10;917035
WINFUT;20/03/2025;12:00:00;157428,69;157764,35;157263,81;157310,92;2,380917941E10;755982
WINFUT;20/03/2025;11:30:00;157181,37;157487,58;157151,92;157434,58;2,17950539E10;692736
WINFUT;20/03/2025;11:00:00;157375,70;157416,92;156910,49;157181,37;3,580472003E10;1139137
WINFUT;20/03/2025;10:30:00;157411,03;157634,80;157169,59;157375,70;3,750471299E10;1191297
WINFUT;20/03/2025;10:00:00;157116,59;157452,25;156939,93;157411,03;4,288232729E10;1363945
WINFUT;20/03/2025;09:30:00;156875,16;157246,14;156869,27;157122,48;1,873450293E10;596264
WINFUT;20/03/2025;09:00:00;157334,47;157346,25;156710,27;156881,04;3,559090166E10;1133432
WINFUT;19/03/2025;18:00:00;157964,57;158353,22;157946,90;157970,46;5332779568,00;168594
WINFUT;19/03/2025;17:30:00;158023,45;158123,56;157899,79;157958,68;7023113773,00;222225
WINFUT;19/03/2025;17:00:00;157634,80;158076,45;157546,47;158023,45;1,404238703E10;444915
WINFUT;19/03/2025;16:30:00;157699,57;157764,35;157475,80;157640,69;1,393841113E10;442125
WINFUT;19/03/2025;16:00:00;158100,01;158194,23;157599,47;157705,46;2,367440196E10;749828
WINFUT;19/03/2025;15:30:00;157405,14;158123,56;157310,92;158100,01;2,846838604E10;902668
WINFUT;19/03/2025;15:00:00;157151,92;157552,36;156945,82;157411,03;1,825235562E10;580079
WINFUT;19/03/2025;14:30:00;157310,92;157570,02;156939,93;157163,70;1,731996494E10;550621
WINFUT;19/03/2025;14:00:00;157369,81;157405,14;157234,37;157310,92;9436807346,00;299905
WINFUT;19/03/2025;13:30:00;157293,25;157570,02;157275,59;157369,81;1,667490724E10;529642
WINFUT;19/03/2025;13:00:00;157305,03;157617,13;157263,81;157293,25;1,537860247E10;488455
WINFUT;19/03/2025;12:30:00;157199,03;157493,47;157169,59;157299,14;1,480150265E10;470507
WINFUT;19/03/2025;12:00:00;157422,81;157452,25;157140,15;157199,03;1,980727534E10;629740
WINFUT;19/03/2025;11:30:00;157628,91;157793,79;157369,81;157422,81;2,462135887E10;781190
WINFUT;19/03/2025;11:00:00;157098,93;157882,12;157069,48;157628,91;3,578663734E10;1135796
WINFUT;19/03/2025;10:30:00;157022,37;157381,58;156769,16;157093,04;3,437210606E10;1094133
WINFUT;19/03/2025;10:00:00;156663,16;157122,48;156380,50;157022,37;4,261868935E10;1359718
WINFUT;19/03/2025;09:30:00;156427,61;156745,60;156368,73;156663,16;2,337612913E10;746549
WINFUT;19/03/2025;09:00:00;156097,85;156639,61;156086,07;156421,73;3,51040441E10;1122278
WINFUT;18/03/2025;18:00:00;156445,28;156563,05;156374,62;156439,39;3017212271,00;96420
WINFUT;18/03/2025;17:30:00;156551,28;156563,05;156380,50;156451,17;6220264462,00;198793
WINFUT;18/03/2025;17:00:00;156386,39;156574,83;156245,06;156545,39;9238789579,00;295369
WINFUT;18/03/2025;16:30:00;156521,83;156557,17;156239,18;156380,50;1,484686785E10;474701
WINFUT;18/03/2025;16:00:00;156533,61;156686,72;156415,84;156527,72;1,370002665E10;437554
WINFUT;18/03/2025;15:30:00;156362,84;156639,61;156356,95;156533,61;1,3180391E10;421080
WINFUT;18/03/2025;15:00:00;156616,05;156710,27;156356,95;156368,73;1,400079722E10;447209
WINFUT;18/03/2025;14:30:00;156545,39;156828,05;156439,39;156621,94;2,028938783E10;647785
WINFUT;18/03/2025;14:00:00;155991,85;156674,94;155932,96;156545,39;2,150681994E10;688216
WINFUT;18/03/2025;13:30:00;156050,74;156180,29;155897,63;155985,96;1,325683856E10;424761
WINFUT;18/03/2025;13:00:00;156086,07;156404,06;155991,85;156050,74;1,872886082E10;599653
WINFUT;18/03/2025;12:30:00;155909,41;156327,51;155750,41;156091,96;2,238225585E10;717411
WINFUT;18/03/2025;12:00:00;155656,19;156409,95;155538,42;155909,41;3,226277263E10;1034185
WINFUT;18/03/2025;11:30:00;155650,30;155738,64;155503,09;155650,30;1,925260182E10;618574
WINFUT;18/03/2025;11:00:00;155467,75;155832,85;155426,53;155644,42;2,447088221E10;786103
WINFUT;18/03/2025;10:30:00;156186,18;156333,39;155361,76;155467,75;4,925155406E10;1581399
WINFUT;18/03/2025;10:00:00;155514,86;156303,95;155503,09;156186,18;4,868504102E10;1560990
WINFUT;18/03/2025;09:30:00;155479,53;155685,64;155279,32;155514,86;2,661008806E10;855600
WINFUT;18/03/2025;09:00:00;155302,87;155650,30;154861,22;155479,53;3,712715475E10;1195636
WINFUT;17/03/2025;18:00:00;155691,53;155879,96;155656,19;155815,19;3911789409,00;125593
WINFUT;17/03/2025;17:30:00;155809,30;155832,85;155620,86;155697,41;6581603391,00;211341
WINFUT;17/03/2025;17:00:00;155685,64;155921,19;155526,64;155815,19;1,482944448E10;476082
WINFUT;17/03/2025;16:30:00;156068,40;156097,85;155561,97;155691,53;1,96931532E10;631869
WINFUT;17/03/2025;16:00:00;156009,52;156268,62;156003,63;156074,29;1,521658834E10;487286
WINFUT;17/03/2025;15:30:00;155868,19;156044,85;155850,52;156015,40;1,259802063E10;403906
WINFUT;17/03/2025;15:00:00;155838,74;156015,40;155779,86;155862,30;1,391214839E10;446172
WINFUT;17/03/2025;14:30:00;155703,30;155909,41;155609,08;155838,74;1,143115277E10;366950
WINFUT;17/03/2025;14:00:00;155473,64;155803,41;155379,42;155697,41;1,60883763E10;516942
WINFUT;17/03/2025;13:30:00;155461,87;155579,64;155320,54;155473,64;1,409953274E10;453520
WINFUT;17/03/2025;13:00:00;155497,20;155756,30;155450,09;155455,98;1,313204957E10;422032
WINFUT;17/03/2025;12:30:00;155302,87;155650,30;155302,87;155497,20;1,803866751E10;580023
WINFUT;17/03/2025;12:00:00;154437,23;155432,42;154431,34;155302,87;3,044457954E10;982049
WINFUT;17/03/2025;11:30:00;154160,46;154708,11;153930,80;154443,12;2,66074654E10;862019
WINFUT;17/03/2025;11:00:00;153783,58;154248,79;153724,70;154154,57;3,093487342E10;1004101
WINFUT;17/03/2025;10:30:00;153718,81;154078,02;153495,04;153783,58;4,043105379E10;1314804
WINFUT;17/03/2025;10:00:00;153618,70;153748,25;153341,93;153712,92;3,539168735E10;1152394
WINFUT;17/03/2025;09:30:00;153771,81;154042,69;153612,81;153618,70;2,526463241E10;821363
WINFUT;17/03/2025;09:00:00;153206,49;153836,58;152976,83;153771,81;3,512074723E10;1144708
WINFUT;14/03/2025;18:00:00;153383,15;153424,37;153124,05;153206,49;4749324773,00;154926
WINFUT;14/03/2025;17:30:00;153436,15;153559,81;153253,60;153389,04;7612545037,00;248152
WINFUT;14/03/2025;17:00:00;153489,15;153589,26;153359,60;153442,04;1,156388475E10;376771
WINFUT;14/03/2025;16:30:00;153542,15;153636,37;153406,71;153489,15;1,482289974E10;482731
WINFUT;14/03/2025;16:00:00;153235,93;153754,14;153218,27;153548,04;2,092143738E10;681308
WINFUT;14/03/2025;15:30:00;153118,16;153359,60;153076,94;153230,05;1,550163427E10;505815
WINFUT;14/03/2025;15:00:00;152906,17;153147,60;152806,06;153118,16;1,591237994E10;520103
WINFUT;14/03/2025;14:30:00;153194,71;153247,71;152800,17;152906,17;1,644408706E10;537284
WINFUT;14/03/2025;14:00:00;153118,16;153247,71;152994,50;153194,71;1,388098235E10;453271
WINFUT;14/03/2025;13:30:00;152864,95;153212,38;152859,06;153118,16;1,357403222E10;443348
WINFUT;14/03/2025;13:00:00;153200,60;153459,71;152853,17;152859,06;2,153531829E10;702792
WINFUT;14/03/2025;12:30:00;152835,50;153259,49;152782,50;153206,49;1,632022084E10;533341
WINFUT;14/03/2025;12:00:00;152517,51;153006,28;152505,74;152835,50;2,716627187E10;889032
WINFUT;14/03/2025;11:30:00;151905,09;152576,40;151834,42;152523,40;2,994268081E10;983663
WINFUT;14/03/2025;11:00:00;151098,33;151946,31;150827,45;151905,09;3,749084139E10;1237699
WINFUT;14/03/2025;10:30:00;150432,91;151151,33;150321,02;151098,33;4,047670191E10;1342602
WINFUT;14/03/2025;10:00:00;150438,80;150739,12;150262,14;150427,02;3,626528598E10;1204551
WINFUT;14/03/2025;09:30:00;150480,02;150597,79;150244,47;150438,80;2,501921687E10;831573
WINFUT;14/03/2025;09:00:00;150067,81;150509,46;149991,26;150480,02;2,631374348E10;875596
WINFUT;13/03/2025;18:00:00;149461,27;149796,93;149437,72;149655,60;5451791814,00;182204
WINFUT;13/03/2025;17:30:00;149655,60;149655,60;149431,83;149461,27;7241038648,00;242151
WINFUT;13/03/2025;17:00:00;149732,15;149743,93;149514,27;149655,60;1,051235443E10;351303
WINFUT;13/03/2025;16:30:00;149637,93;149767,49;149579,05;149732,15;1,222065371E10;408305
WINFUT;13/03/2025;16:00:00;149590,83;149767,49;149526,05;149637,93;1,204511498E10;402422
WINFUT;13/03/2025;15:30:00;149502,49;149649,71;149467,16;149590,83;1,05516762E10;352758
WINFUT;13/03/2025;15:00:00;149361,17;149561,38;149349,39;149496,61;1,222207785E10;408868
WINFUT;13/03/2025;14:30:00;149449,50;149496,61;149319,94;149367,05;9944171950,00;332765
WINFUT;13/03/2025;14:00:00;149531,94;149726,27;149319,94;149443,61;1,751654096E10;585738
WINFUT;13/03/2025;13:30:00;149502,49;149690,93;149314,06;149537,83;1,739131958E10;581582
WINFUT;13/03/2025;13:00:00;149308,17;149567,27;149272,83;149502,49;1,431440489E10;478984
WINFUT;13/03/2025;12:30:00;149314,06;149443,61;149178,62;149314,06;1,85706561E10;621875
WINFUT;13/03/2025;12:00:00;149172,73;149449,50;148895,96;149319,94;2,372238242E10;795184
WINFUT;13/03/2025;11:30:00;148842,96;149302,28;148772,29;149178,62;2,787107525E10;934726
WINFUT;13/03/2025;11:00:00;147323,67;148925,40;147264,79;148848,85;4,815552814E10;1624325
WINFUT;13/03/2025;10:30:00;147182,34;147700,55;147164,68;147323,67;4,04930644E10;1372810
WINFUT;13/03/2025;10:00:00;147847,77;147983,21;147005,68;147182,34;4,012921644E10;1361702
WINFUT;13/03/2025;09:30:00;147506,22;148124,54;147506,22;147847,77;2,637603223E10;891712
WINFUT;13/03/2025;09:00:00;147011,57;147618,11;146811,36;147512,11;2,938474199E10;997921
WINFUT;12/03/2025;18:00:00;147406,11;147523,89;147247,12;147247,12;2817516030,00;95563
WINFUT;12/03/2025;17:30:00;147441,45;147512,11;147300,12;147394,34;4578212238,00;155284
WINFUT;12/03/2025;17:00:00;147488,56;147571,00;147264,79;147441,45;1,238960246E10;420213
WINFUT;12/03/2025;16:30:00;147188,23;147677,00;147176,46;147488,56;1,849772436E10;627116
WINFUT;12/03/2025;16:00:00;146923,24;147264,79;146887,91;147188,23;1,607042146E10;546157
WINFUT;12/03/2025;15:30:00;146870,24;147453,22;146799,58;146923,24;2,54991056E10;866681
WINFUT;12/03/2025;15:00:00;146505,14;146976,24;146493,37;146876,13;2,475766996E10;843689
WINFUT;12/03/2025;14:30:00;147200,01;147229,45;146463,92;146505,14;2,2545525E10;767620
WINFUT;12/03/2025;14:00:00;147152,90;147253,01;146952,68;147194,12;1,770092075E10;601608
WINFUT;12/03/2025;13:30:00;147488,56;147629,89;147141,12;147152,90;2,17912576E10;738939
WINFUT;12/03/2025;13:00:00;147253,01;147506,22;147052,79;147488,56;1,708204661E10;579988
WINFUT;12/03/2025;12:30:00;147176,46;147376,67;147041,01;147247,12;1,871470564E10;635585
WINFUT;12/03/2025;12:00:00;146911,46;147306,01;146864,35;147182,34;2,22160719E10;755159
WINFUT;12/03/2025;11:30:00;146958,57;147046,90;146687,69;146911,46;1,965238045E10;668914
WINFUT;12/03/2025;11:00:00;147347,23;147376,67;146711,25;146958,57;3,018950733E10;1026395
WINFUT;12/03/2025;10:30:00;146999,79;147700,55;146988,02;147353,12;3,748085981E10;1271573
WINFUT;12/03/2025;10:00:00;147229,45;147488,56;146858,46;146999,79;3,546396879E10;1204675
WINFUT;12/03/2025;09:30:00;147147,01;148130,43;146999,79;147223,56;3,91704609E10;1328580
WINFUT;12/03/2025;09:00:00;147571,00;147588,66;146552,25;147158,79;3,721943658E10;1265644
WINFUT;11/03/2025;18:00:00;147317,78;147453,22;147235,34;147406,11;3841801728,00;130349
WINFUT;11/03/2025;17:30:00;147076,35;147453,22;147052,79;147323,67;8855716800,00;300585
WINFUT;11/03/2025;17:00:00;146988,02;147205,90;146964,46;147076,35;1,046476371E10;355730
WINFUT;11/03/2025;16:30:00;147317,78;147423,78;146952,68;146988,02;1,77106881E10;601443
WINFUT;11/03/2025;16:00:00;147217,68;147482,67;147088,12;147323,67;2,766236751E10;939008
WINFUT;11/03/2025;15:30:00;146799,58;147247,12;146728,91;147217,68;2,448147581E10;832609
WINFUT;11/03/2025;15:00:00;146422,70;146946,80;146375,59;146799,58;2,439364317E10;831614
WINFUT;11/03/2025;14:30:00;146051,71;146475,70;146039,93;146422,70;2,02909718E10;693667
WINFUT;11/03/2025;14:00:00;146263,71;146334,37;145998,71;146045,82;1,664413333E10;569391
WINFUT;11/03/2025;13:30:00;146310,82;146405,03;146140,04;146263,71;1,429765232E10;488652
WINFUT;11/03/2025;13:00:00;146611,14;146640,58;146204,82;146304,93;2,179302374E10;744447
WINFUT;11/03/2025;12:30:00;146734,80;146887,91;146564,03;146617,03;1,669845739E10;569043
WINFUT;11/03/2025;12:00:00;146728,91;146893,80;146540,47;146734,80;2,319423958E10;790338
WINFUT;11/03/2025;11:30:00;146817,24;147029,24;146617,03;146728,91;2,78916946E10;949880
WINFUT;11/03/2025;11:00:00;147311,90;147476,78;146758,36;146811,36;3,659200322E10;1243975
WINFUT;11/03/2025;10:30:00;147500,33;147759,44;147170,57;147317,78;4,542487119E10;1540371
WINFUT;11/03/2025;10:00:00;148159,87;148371,86;147382,56;147500,33;5,440556166E10;1838906
WINFUT;11/03/2025;09:30:00;148489,64;148530,86;148095,09;148159,87;2,08676332E10;703692
WINFUT;11/03/2025;09:00:00;148701,63;148778,18;148006,76;148495,53;3,48572129E10;1174933
WINFUT;10/03/2025;18:00:00;148206,98;148354,20;148159,87;148236,42;3150186124,00;106242
WINFUT;10/03/2025;17:30:00;148283,53;148389,53;148148,09;148212,87;6486916983,00;218755
WINFUT;10/03/2025;17:00:00;148171,65;148436,64;148089,20;148277,64;1,537910843E10;518585
WINFUT;10/03/2025;16:30:00;147959,65;148307,09;147777,10;148165,76;2,183055112E10;737387
WINFUT;10/03/2025;16:00:00;147700,55;148106,87;147476,78;147953,76;2,332638609E10;789374
WINFUT;10/03/2025;15:30:00;148153,98;148242,31;147665,22;147706,44;2,170748642E10;733526
WINFUT;10/03/2025;15:00:00;148006,76;148259,98;147894,88;148153,98;1,979450549E10;668470
WINFUT;10/03/2025;14:30:00;148389,53;148395,42;147947,88;148012,65;2,08840034E10;704964
WINFUT;10/03/2025;14:00:00;148454,30;148619,19;148248,20;148383,64;1,751821119E10;590194
WINFUT;10/03/2025;13:30:00;148501,41;148731,07;148377,75;148460,19;1,76679836E10;594639
WINFUT;10/03/2025;13:00:00;148248,20;148577,97;148230,53;148501,41;1,743608403E10;587430
WINFUT;10/03/2025;12:30:00;148424,86;148583,86;148159,87;148248,20;2,00410231E10;675372
WINFUT;10/03/2025;12:00:00;147671,11;148813,52;147612,22;148424,86;3,616868572E10;1219526
WINFUT;10/03/2025;11:30:00;147594,55;147847,77;147311,90;147671,11;2,826576516E10;957507
WINFUT;10/03/2025;11:00:00;147653,44;147700,55;147094,01;147594,55;4,035354317E10;1368483
WINFUT;10/03/2025;10:30:00;147700,55;148042,10;147571,00;147647,55;3,862847082E10;1306952
WINFUT;10/03/2025;10:00:00;147759,44;148189,31;147588,66;147700,55;4,12648068E10;1395426
WINFUT;10/03/2025;09:30:00;147806,55;147912,54;147500,33;147759,44;2,358592707E10;798407
WINFUT;10/03/2025;09:00:00;148454,30;148642,74;147741,77;147806,55;3,720633057E10;1255215
WINFUT;07/03/2025;18:00:00;149390,61;149402,39;148984,29;149213,95;9178631095,00;307682
WINFUT;07/03/2025;17:30:00;149661,49;149673,27;149208,06;149390,61;1,670805511E10;559176
WINFUT;07/03/2025;17:00:00;149832,26;149832,26;149408,28;149667,38;1,608837938E10;537600
WINFUT;07/03/2025;16:30:00;149961,81;150020,70;149696,82;149832,26;1,698634885E10;566763
WINFUT;07/03/2025;16:00:00;149449,50;150114,92;149449,50;149961,81;2,53449658E10;845980
WINFUT;07/03/2025;15:30:00;149090,28;149537,83;149031,40;149443,61;1,621181137E10;542938
WINFUT;07/03/2025;15:00:00;148725,19;149343,50;148689,85;149090,28;2,18648797E10;733246
WINFUT;07/03/2025;14:30:00;148954,84;148978,40;148642,74;148719,30;1,541694997E10;517905
WINFUT;07/03/2025;14:00:00;148430,75;149054,95;148360,09;148954,84;1,946753845E10;654760
WINFUT;07/03/2025;13:30:00;148418,97;148524,97;148312,98;148430,75;1,190268135E10;400958
WINFUT;07/03/2025;13:00:00;148813,52;148907,74;148401,31;148424,86;1,402777845E10;471754
WINFUT;07/03/2025;12:30:00;148695,74;149102,06;148277,64;148825,29;2,848293608E10;957862
WINFUT;07/03/2025;12:00:00;148136,31;148860,63;148089,20;148695,74;2,916430961E10;981475
WINFUT;07/03/2025;11:30:00;147412,00;148195,20;147182,34;148136,31;3,828841315E10;1295840
WINFUT;07/03/2025;11:00:00;146681,80;147788,88;146611,14;147406,11;4,6161433E10;1567172
WINFUT;07/03/2025;10:30:00;146293,15;146681,80;145692,50;146675,92;4,118144941E10;1407341
WINFUT;07/03/2025;10:00:00;146116,49;146322,59;146051,71;146287,26;2,784815653E10;952436
WINFUT;07/03/2025;09:30:00;146670,03;146717,14;146057,60;146116,49;2,517219395E10;859909
WINFUT;07/03/2025;09:00:00;147400,23;147547,44;146652,36;146670,03;3,285831374E10;1117882
WINFUT;06/03/2025;18:00:00;147182,34;147311,90;147046,90;147288,34;5439727455,00;184788
WINFUT;06/03/2025;17:30:00;147176,46;147364,89;147058,68;147182,34;1,041368751E10;353654
WINFUT;06/03/2025;17:00:00;146740,69;147276,56;146699,47;147176,46;1,367925716E10;465235
WINFUT;06/03/2025;16:30:00;146599,36;146982,13;146540,47;146734,80;1,549418824E10;527890
WINFUT;06/03/2025;16:00:00;147170,57;147188,23;146505,14;146605,25;1,937578882E10;660183
WINFUT;06/03/2025;15:30:00;147076,35;147612,22;147076,35;147170,57;2,211322306E10;750626
WINFUT;06/03/2025;15:00:00;147058,68;147264,79;146935,02;147082,24;1,463057264E10;497268
WINFUT;06/03/2025;14:30:00;147506,22;147547,44;147035,13;147058,68;1,422516037E10;482870
WINFUT;06/03/2025;14:00:00;147300,12;147677,00;147099,90;147506,22;1,878459548E10;637165
WINFUT;06/03/2025;13:30:00;147606,33;147677,00;146899,69;147306,01;2,956108609E10;1003502
WINFUT;06/03/2025;13:00:00;147359,01;147888,99;147288,34;147606,33;2,273667308E10;770043
WINFUT;06/03/2025;12:30:00;147677,00;147806,55;147117,57;147359,01;2,649213686E10;898319
WINFUT;06/03/2025;12:00:00;146781,91;148171,65;146764,25;147682,88;4,352347385E10;1473459
WINFUT;06/03/2025;11:30:00;146940,91;147152,90;146299,04;146776,02;3,972379869E10;1353181
WINFUT;06/03/2025;11:00:00;146870,24;147023,35;146611,14;146940,91;2,402751527E10;818480
WINFUT;06/03/2025;10:30:00;146752,47;147311,90;146717,14;146864,35;3,15164476E10;1072160
WINFUT;06/03/2025;10:00:00;147417,89;147417,89;146664,14;146746,58;3,364894433E10;1145008
WINFUT;06/03/2025;09:30:00;147317,78;147470,89;146999,79;147412,00;2,874609653E10;976315
WINFUT;06/03/2025;09:00:00;146617,03;147353,12;146475,70;147323,67;3,076053452E10;1047111
WINFUT;05/03/2025;18:00:00;146970,35;147152,90;146817,24;146982,13;5838102153,00;198643
WINFUT;05/03/2025;17:30:00;147046,90;147276,56;146905,57;146970,35;1,382535404E10;470051
WINFUT;05/03/2025;17:00:00;146917,35;147058,68;146705,36;147046,90;1,365745453E10;465029
WINFUT;05/03/2025;16:30:00;146982,13;147099,90;146893,80;146911,46;1,142311732E10;388493
WINFUT;05/03/2025;16:00:00;146899,69;147029,24;146823,13;146982,13;1,364474181E10;464338
WINFUT;05/03/2025;15:30:00;146846,69;146993,91;146675,92;146899,69;1,562882522E10;532188
WINFUT;05/03/2025;15:00:00;146858,46;146929,13;146540,47;146840,80;2,013615014E10;686008
WINFUT;05/03/2025;14:30:00;146823,13;147041,01;146622,92;146858,46;1,684531989E10;573587
WINFUT;05/03/2025;14:00:00;146946,80;147141,12;146787,80;146829,02;2,007465237E10;683071
WINFUT;05/03/2025;13:30:00;146893,80;146976,24;146670,03;146952,68;2,158469756E10;735067
WINFUT;05/03/2025;13:00:00;147441,45;147571,00;146723,02;146893,80;3,345423801E10;1137805
WINFUT;28/02/2025;18:00:00;146952,68;147141,12;146605,25;147041,01;9053098324,00;308343
WINFUT;28/02/2025;17:30:00;146846,69;147147,01;146734,80;146952,68;1,293458446E10;440192
WINFUT;28/02/2025;17:00:00;146829,02;147111,68;146770,13;146846,69;1,259097495E10;428394
WINFUT;28/02/2025;16:30:00;146693,58;146976,24;146599,36;146829,02;1,312489436E10;447100
WINFUT;28/02/2025;16:00:00;146593,47;146905,57;146575,81;146693,58;1,256951253E10;428217
WINFUT;28/02/2025;15:30:00;146528,70;146876,13;146499,25;146587,58;1,766334646E10;602003
WINFUT;28/02/2025;15:00:00;147217,68;147217,68;146387,37;146534,59;2,620612338E10;893258
WINFUT;28/02/2025;14:30:00;147435,56;147506,22;147111,68;147217,68;1,781800157E10;604708
WINFUT;28/02/2025;14:00:00;147571,00;147718,22;147394,34;147435,56;1,695631079E10;574561
WINFUT;28/02/2025;13:30:00;148030,32;148112,76;147553,33;147576,89;2,082597396E10;704618
WINFUT;28/02/2025;13:00:00;148454,30;148530,86;148030,32;148030,32;1,626846832E10;548541
WINFUT;28/02/2025;12:30:00;148183,42;148654,52;148148,09;148454,30;1,818346457E10;612731
WINFUT;28/02/2025;12:00:00;148224,65;148466,08;148112,76;148189,31;1,775256778E10;598645
WINFUT;28/02/2025;11:30:00;148059,76;148536,75;147989,10;148218,76;3,112860674E10;1049511
WINFUT;28/02/2025;11:00:00;148689,85;148866,51;147959,65;148059,76;3,357031724E10;1131454
WINFUT;28/02/2025;10:30:00;148795,85;148931,29;148607,41;148689,85;2,162061394E10;726667
WINFUT;28/02/2025;10:00:00;148442,53;149155,06;148354,20;148795,85;3,718522468E10;1249121
WINFUT;28/02/2025;09:30:00;148307,09;148483,75;148153,98;148436,64;1,895126287E10;638937
WINFUT;28/02/2025;09:00:00;148854,74;148866,51;148224,65;148307,09;2,273889679E10;766125
WINFUT;27/02/2025;18:00:00;148837,07;149072,62;148772,29;149001,95;6371831462,00;213909
WINFUT;27/02/2025;17:30:00;149037,29;149096,17;148713,41;148842,96;1,601261605E10;537678
WINFUT;27/02/2025;17:00:00;149626,16;149632,05;148913,62;149043,18;2,273396223E10;761701
WINFUT;27/02/2025;16:30:00;149720,38;149732,15;149461,27;149626,16;1,435494662E10;479801
WINFUT;27/02/2025;16:00:00;149785,15;149932,37;149649,71;149720,38;1,368935837E10;456975
WINFUT;27/02/2025;15:30:00;149343,50;149897,04;149213,95;149785,15;2,185089036E10;730383
WINFUT;27/02/2025;15:00:00;149213,95;149425,94;149149,17;149337,61;1,281709151E10;429253
WINFUT;27/02/2025;14:30:00;148972,51;149349,39;148872,40;149208,06;1,728858934E10;579789
WINFUT;27/02/2025;14:00:00;148866,51;149102,06;148866,51;148972,51;1,224972003E10;411079
WINFUT;27/02/2025;13:30:00;148813,52;148954,84;148648,63;148860,63;1,488340233E10;500126
WINFUT;27/02/2025;13:00:00;148901,85;148954,84;148707,52;148819,40;1,289504254E10;433204
WINFUT;27/02/2025;12:30:00;149019,62;149149,17;148813,52;148901,85;1,472807221E10;494267
WINFUT;27/02/2025;12:00:00;148772,29;149060,84;148595,63;149025,51;2,190471783E10;735717
WINFUT;27/02/2025;11:30:00;148837,07;149102,06;148524,97;148772,29;3,234955034E10;1086800
WINFUT;27/02/2025;11:00:00;148772,29;149001,95;148719,30;148837,07;2,532422867E10;850598
WINFUT;27/02/2025;10:30:00;148907,74;149078,51;148536,75;148778,18;3,357367134E10;1128147
WINFUT;27/02/2025;10:00:00;148689,85;149049,06;148672,19;148901,85;3,018052997E10;1013649
WINFUT;27/02/2025;09:30:00;148495,53;148825,29;148418,97;148695,74;1,861048142E10;626053
WINFUT;27/02/2025;09:00:00;148513,19;148707,52;148218,76;148495,53;2,86953299E10;966398
WINFUT;26/02/2025;18:00:00;149166,84;149437,72;149037,29;149437,72;6516593462,00;218395
WINFUT;26/02/2025;17:30:00;149473,05;149520,16;149049,06;149172,73;1,303107201E10;436551
WINFUT;26/02/2025;17:00:00;149490,72;149685,04;149361,17;149473,05;1,225891911E10;409952
WINFUT;26/02/2025;16:30:00;149431,83;149649,71;149420,05;149490,72;1,133155595E10;378856
WINFUT;26/02/2025;16:00:00;149696,82;149743,93;149396,50;149425,94;1,266938162E10;423600
WINFUT;26/02/2025;15:30:00;149608,49;149826,37;149590,83;149696,82;1,139736565E10;380697
WINFUT;26/02/2025;15:00:00;149573,16;149767,49;149355,28;149608,49;1,789593014E10;598206
WINFUT;26/02/2025;14:30:00;149938,26;149985,37;149514,27;149567,27;1,702483309E10;568588
WINFUT;26/02/2025;14:00:00;149967,70;150026,59;149720,38;149938,26;1,398690633E10;466555
WINFUT;26/02/2025;13:30:00;150003,03;150179,70;149950,04;149967,70;1,252256011E10;417232
WINFUT;26/02/2025;13:00:00;150008,92;150097,25;149873,48;150003,03;1,255144496E10;418414
WINFUT;26/02/2025;12:30:00;149950,04;150109,03;149808,71;150008,92;1,426935892E10;475780
WINFUT;26/02/2025;12:00:00;149796,93;150020,70;149643,82;149950,04;2,015956255E10;672596
WINFUT;26/02/2025;11:30:00;149914,70;150109,03;149461,27;149791,04;3,220158855E10;1074758
WINFUT;26/02/2025;11:00:00;150226,81;150485,91;149743,93;149908,82;3,162863301E10;1053453
WINFUT;26/02/2025;10:30:00;150862,79;150862,79;150150,25;150226,81;3,778107059E10;1255420
WINFUT;26/02/2025;10:00:00;152028,75;152075,86;150827,45;150862,79;4,804163092E10;1587634
WINFUT;26/02/2025;09:30:00;151669,54;152087,64;151528,21;152034,64;2,56124925E10;843789
WINFUT;26/02/2025;09:00:00;151127,78;151704,87;151045,34;151663,65;3,311854232E10;1093722
WINFUT;25/02/2025;18:00:00;150639,01;150815,68;150421,13;150533,02;7594906425,00;252117
WINFUT;25/02/2025;17:30:00;150962,89;150974,67;150615,46;150633,13;1,115384775E10;369779
WINFUT;25/02/2025;17:00:00;150968,78;151086,56;150868,67;150962,89;1,075984324E10;356287
WINFUT;25/02/2025;16:30:00;150839,23;150998,23;150756,79;150968,78;1,122507733E10;371944
WINFUT;25/02/2025;16:00:00;150909,90;151092,45;150803,90;150833,34;1,414846664E10;468648
WINFUT;25/02/2025;15:30:00;150821,56;151157,22;150756,79;150904,01;1,66119428E10;550222
WINFUT;25/02/2025;15:00:00;150768,57;151110,11;150727,35;150827,45;1,807739343E10;598857
WINFUT;25/02/2025;14:30:00;150803,90;150880,45;150650,79;150768,57;1,18198762E10;391976
WINFUT;25/02/2025;14:00:00;150709,68;150909,90;150639,01;150803,90;1,48317829E10;491856
WINFUT;25/02/2025;13:30:00;150868,67;150921,67;150586,02;150715,57;2,023850246E10;671276
WINFUT;25/02/2025;13:00:00;151192,55;151504,65;150809,79;150868,67;2,314551412E10;765537
WINFUT;25/02/2025;12:30:00;151269,11;151292,66;151068,89;151192,55;1,451062073E10;479927
WINFUT;25/02/2025;12:00:00;151351,55;151369,21;151015,89;151269,11;1,946788888E10;643721
WINFUT;25/02/2025;11:30:00;151227,89;151634,21;150927,56;151357,44;3,511241001E10;1160588
WINFUT;25/02/2025;11:00:00;150798,01;151245,55;150686,12;151227,89;2,989760119E10;990449
WINFUT;25/02/2025;10:30:00;150344,58;151086,56;150315,14;150803,90;3,499742089E10;1160586
WINFUT;25/02/2025;10:00:00;150462,35;150721,46;150209,14;150350,47;3,812158365E10;1267022
WINFUT;25/02/2025;09:30:00;150686,12;150750,90;150379,91;150462,35;2,529991573E10;840165
WINFUT;25/02/2025;09:00:00;150303,36;150845,12;150303,36;150692,01;3,207992864E10;1064702
WINFUT;24/02/2025;18:00:00;149944,15;150220,92;149902,93;150220,92;6420514520,00;213915
WINFUT;24/02/2025;17:30:00;149796,93;150109,03;149791,04;149938,26;1,445371321E10;481872
WINFUT;24/02/2025;17:00:00;149820,48;149950,04;149649,71;149802,82;1,690718869E10;564385
WINFUT;24/02/2025;16:30:00;150250,36;150303,36;149743,93;149820,48;1,794092294E10;597754
WINFUT;24/02/2025;16:00:00;150403,47;150474,13;150226,81;150256,25;1,20658256E10;401313
WINFUT;24/02/2025;15:30:00;150615,46;150627,24;150379,91;150409,36;1,53384475E10;509605
WINFUT;24/02/2025;15:00:00;150544,80;150692,01;150462,35;150615,46;1,556546087E10;516872
WINFUT;24/02/2025;14:30:00;150650,79;150733,23;150533,02;150550,68;1,490660507E10;494809
WINFUT;24/02/2025;14:00:00;151057,11;151104,22;150639,01;150650,79;1,861059038E10;616794
WINFUT;24/02/2025;13:30:00;151139,55;151339,77;151045,34;151057,11;1,46394326E10;484129
WINFUT;24/02/2025;13:00:00;151416,32;151504,65;151127,78;151133,67;1,724410048E10;569807
WINFUT;24/02/2025;12:30:00;151369,21;151545,88;151316,22;151416,32;1,189142952E10;392639
WINFUT;24/02/2025;12:00:00;151681,32;151722,54;151286,77;151363,33;2,174896511E10;718164
WINFUT;24/02/2025;11:30:00;151910,98;152240,74;151628,32;151681,32;3,366929844E10;1108053
WINFUT;24/02/2025;11:00:00;151934,53;152223,08;151710,76;151910,98;2,918075823E10;960237
WINFUT;24/02/2025;10:30:00;152099,41;152228,97;151746,09;151940,42;3,43449957E10;1130019
WINFUT;24/02/2025;10:00:00;152611,73;152694,17;151981,64;152105,30;4,321127664E10;1418963
WINFUT;24/02/2025;09:30:00;152399,74;152841,39;152387,96;152617,62;2,143359452E10;702098
WINFUT;24/02/2025;09:00:00;152440,96;152705,95;152293,74;152399,74;2,520311315E10;826328
WINFUT;21/02/2025;18:00:00;152128,86;152270,19;152099,41;152117,08;5294927219,00;173970
WINFUT;21/02/2025;17:30:00;151793,20;152217,19;151722,54;152128,86;1,13851352E10;374455
WINFUT;21/02/2025;17:00:00;151781,42;151840,31;151651,87;151793,20;7016208822,00;231174
WINFUT;21/02/2025;16:30:00;151604,76;151857,98;151581,21;151781,42;9392952433,00;309524
WINFUT;21/02/2025;16:00:00;151581,21;151916,86;151557,65;151598,87;1,389873258E10;458015
WINFUT;21/02/2025;15:30:00;151569,43;151863,87;151551,76;151575,32;1,253423722E10;413154
WINFUT;21/02/2025;15:00:00;152040,53;152122,97;151275,00;151569,43;2,825176411E10;931225
WINFUT;21/02/2025;14:30:00;152187,74;152329,07;152016,97;152040,53;1,092433421E10;358939
WINFUT;21/02/2025;14:00:00;151946,31;152334,96;151940,42;152187,74;1,653336403E10;543176
WINFUT;21/02/2025;13:30:00;151875,64;152087,64;151852,09;151940,42;9323184978,00;306744
WINFUT;21/02/2025;13:00:00;151822,65;152122,97;151681,32;151869,75;1,553619475E10;511392
WINFUT;21/02/2025;12:30:00;151728,43;151852,09;151645,98;151822,65;1,257380562E10;414259
WINFUT;21/02/2025;12:00:00;152005,19;152128,86;151722,54;151734,31;1,887379042E10;621040
WINFUT;21/02/2025;11:30:00;152069,97;152440,96;151958,09;152011,08;2,805771409E10;921596
WINFUT;21/02/2025;11:00:00;152452,74;152476,29;151834,42;152069,97;2,774044705E10;911925
WINFUT;21/02/2025;10:30:00;152417,40;152705,95;152329,07;152446,85;2,607940218E10;855151
WINFUT;21/02/2025;10:00:00;152588,18;152811,95;152093,53;152423,29;3,839815955E10;1259345
WINFUT;21/02/2025;09:30:00;152594,07;152623,51;152293,74;152588,18;1,647281119E10;540194
WINFUT;21/02/2025;09:00:00;152541,07;152764,84;152340,85;152594,07;2,280019986E10;747217
WINFUT;20/02/2025;18:00:00;152823,73;152835,50;152417,40;152482,18;5839469847,00;191276
WINFUT;20/02/2025;17:30:00;152729,51;152935,61;152670,62;152817,84;9754300072,00;319170
WINFUT;20/02/2025;17:00:00;152529,29;152794,28;152517,51;152729,51;9553497380,00;312912
WINFUT;20/02/2025;16:30:00;152523,40;152588,18;152423,29;152529,29;8250821667,00;270508
WINFUT;20/02/2025;16:00:00;152393,85;152558,73;152334,96;152529,29;9823591234,00;322214
WINFUT;20/02/2025;15:30:00;152252,52;152511,62;152205,41;152387,96;1,166032259E10;382678
WINFUT;20/02/2025;15:00:00;152411,52;152423,29;152228,97;152258,41;1,003663606E10;329427
WINFUT;20/02/2025;14:30:00;152523,40;152647,06;152358,52;152411,52;1,237865466E10;405862
WINFUT;20/02/2025;14:00:00;152340,85;152594,07;152240,74;152517,51;1,428916512E10;468773
WINFUT;20/02/2025;13:30:00;152258,41;152429,18;152258,41;152346,74;1,328841798E10;436107
WINFUT;20/02/2025;13:00:00;152464,51;152623,51;152175,97;152264,30;1,638809166E10;537680
WINFUT;20/02/2025;12:30:00;152688,28;152753,06;152458,63;152464,51;1,557910923E10;510497
WINFUT;20/02/2025;12:00:00;152876,72;153082,83;152541,07;152688,28;2,1795658E10;713139
WINFUT;20/02/2025;11:30:00;152499,85;153106,38;152488,07;152876,72;3,961818205E10;1296733
WINFUT;20/02/2025;11:00:00;152429,18;152623,51;152287,85;152493,96;2,376524335E10;779427
WINFUT;20/02/2025;10:30:00;152440,96;152476,29;152040,53;152429,18;2,742674914E10;900500
WINFUT;20/02/2025;10:00:00;152711,84;152747,17;152193,63;152440,96;3,93436987E10;1290271
WINFUT;20/02/2025;09:30:00;152582,29;152817,84;152499,85;152711,84;1,71661602E10;562113
WINFUT;20/02/2025;09:00:00;152753,06;152988,61;152488,07;152582,29;3,378058395E10;1105995
WINFUT;19/02/2025;18:00:00;152464,51;152623,51;152323,19;152387,96;8123996431,00;266446
WINFUT;19/02/2025;17:30:00;152352,63;152511,62;152287,85;152458,63;1,047494854E10;343642
WINFUT;19/02/2025;17:00:00;152228,97;152370,29;152105,30;152352,63;1,027848872E10;337550
WINFUT;19/02/2025;16:30:00;152382,07;152452,74;152217,19;152228,97;1,132083761E10;371595
WINFUT;19/02/2025;16:00:00;152358,52;152570,51;152334,96;152382,07;1,446777735E10;474457
WINFUT;19/02/2025;15:30:00;152458,63;152458,63;152299,63;152358,52;1,135913356E10;372741
WINFUT;19/02/2025;15:00:00;152576,40;152647,06;152364,41;152452,74;1,260687462E10;413313
WINFUT;19/02/2025;14:30:00;152670,62;152723,62;152482,18;152576,40;1,254040915E10;410861
WINFUT;19/02/2025;14:00:00;152723,62;152753,06;152499,85;152676,51;1,572292455E10;515024
WINFUT;19/02/2025;13:30:00;152929,72;152941,50;152700,06;152723,62;1,116367851E10;365267
WINFUT;19/02/2025;13:00:00;152965,05;153076,94;152770,73;152923,83;1,399083804E10;457405
WINFUT;19/02/2025;12:30:00;153000,39;153147,60;152829,61;152970,94;1,672675285E10;546702
WINFUT;19/02/2025;12:00:00;152888,50;153059,27;152817,84;152994,50;1,530260274E10;500284
WINFUT;19/02/2025;11:30:00;152729,51;153182,94;152717,73;152882,61;2,883225688E10;942368
WINFUT;19/02/2025;11:00:00;153224,16;153294,82;152664,73;152735,39;2,63208514E10;860491
WINFUT;19/02/2025;10:30:00;152694,17;153253,60;152641,18;153224,16;2,497484734E10;816566
WINFUT;19/02/2025;10:00:00;152611,73;152994,50;152458,63;152694,17;3,533636603E10;1156934
WINFUT;19/02/2025;09:30:00;153118,16;153218,27;152488,07;152605,84;3,026406926E10;990255
WINFUT;19/02/2025;09:00:00;153813,03;153836,58;152912,06;153118,16;3,710316552E10;1210395
WINFUT;18/02/2025;18:00:00;153777,70;154054,46;153718,81;154013,24;6444070208,00;209394
WINFUT;18/02/2025;17:30:00;153748,25;153948,47;153506,82;153783,58;1,40266571E10;456284
WINFUT;18/02/2025;17:00:00;153730,59;153813,03;153471,48;153748,25;1,56069549E10;507831
WINFUT;18/02/2025;16:30:00;154001,47;154101,57;153712,92;153736,47;9605474535,00;311959
WINFUT;18/02/2025;16:00:00;154019,13;154136,91;153942,58;154007,36;1,077037701E10;349584
WINFUT;18/02/2025;15:30:00;153919,02;154113,35;153836,58;154025,02;1,566045055E10;508565
WINFUT;18/02/2025;15:00:00;154237,01;154325,35;153907,25;153924,91;1,897152337E10;615478
WINFUT;18/02/2025;14:30:00;154507,90;154613,89;154207,57;154242,90;1,485777308E10;481091
WINFUT;18/02/2025;14:00:00;154761,11;154802,33;154443,12;154507,90;1,522657847E10;492451
WINFUT;18/02/2025;13:30:00;154737,55;154825,89;154608,00;154761,11;1,084831613E10;350544
WINFUT;18/02/2025;13:00:00;154820,00;154843,55;154649,22;154731,67;1,498823193E10;484296
WINFUT;18/02/2025;12:30:00;154873,00;155002,55;154778,78;154820,00;1,528256675E10;493372
WINFUT;18/02/2025;12:00:00;154290,01;154878,88;154284,12;154867,11;2,505691802E10;810065
WINFUT;18/02/2025;11:30:00;154325,35;154472,56;154195,79;154290,01;2,915588847E10;944605
WINFUT;18/02/2025;11:00:00;154101,57;154325,35;153860,14;154325,35;2,685993022E10;871569
WINFUT;18/02/2025;10:30:00;153571,59;154184,02;153471,48;154101,57;3,7579761E10;1221202
WINFUT;18/02/2025;10:00:00;154366,57;154472,56;153453,82;153571,59;4,869747327E10;1581163
WINFUT;18/02/2025;09:30:00;154013,24;154378,34;154007,36;154372,46;2,289967591E10;742347
WINFUT;18/02/2025;09:00:00;154637,45;154666,89;153919,02;154013,24;2,598962526E10;843210
WINFUT;17/02/2025;18:00:00;154272,35;154301,79;154001,47;154142,80;6316769883,00;204893
WINFUT;17/02/2025;17:30:00;154790,55;154802,33;154142,80;154272,35;1,359654826E10;440183
WINFUT;17/02/2025;17:00:00;154855,33;154925,99;154613,89;154790,55;9635911892,00;311327
WINFUT;17/02/2025;16:30:00;154843,55;155031,99;154761,11;154861,22;1,173454203E10;378808
WINFUT;17/02/2025;16:00:00;154672,78;154861,22;154531,45;154843,55;1,318289461E10;426096
WINFUT;17/02/2025;15:30:00;154996,66;155008,44;154496,12;154666,89;1,877665517E10;606826
WINFUT;17/02/2025;15:00:00;155096,77;155137,99;154955,44;155002,55;8307312252,00;267901
WINFUT;17/02/2025;14:30:00;155167,43;155179,21;154943,66;155102,65;1,422583631E10;458714
WINFUT;17/02/2025;14:00:00;155308,76;155326,43;155114,43;155161,54;9217168364,00;296934
WINFUT;17/02/2025;13:30:00;155149,76;155391,20;155137,99;155308,76;1,241967937E10;399914
WINFUT;17/02/2025;13:00:00;155179,21;155314,65;155061,43;155149,76;1,256228034E10;404763
WINFUT;17/02/2025;12:30:00;154814,11;155279,32;154808,22;155185,10;1,829947847E10;590016
WINFUT;17/02/2025;12:00:00;154843,55;154931,88;154743,44;154808,22;1,381386339E10;446079
WINFUT;17/02/2025;11:30:00;154825,89;155026,10;154731,67;154843,55;2,726042189E10;879996
WINFUT;17/02/2025;11:00:00;154449,01;154873,00;154343,01;154825,89;3,436867985E10;1111381
WINFUT;17/02/2025;10:30:00;154343,01;154513,78;154248,79;154454,90;1,844020153E10;597269
WINFUT;17/02/2025;10:00:00;154437,23;154519,67;154083,91;154337,12;3,63789257E10;1178969
WINFUT;17/02/2025;09:30:00;154189,91;154472,56;154172,24;154431,34;2,020012854E10;654522
WINFUT;17/02/2025;09:00:00;153636,37;154219,35;153601,03;154195,79;2,705390535E10;878468
WINFUT;14/02/2025;18:00:00;153871,92;154001,47;153412,60;153642,26;9651149030,00;313924
WINFUT;14/02/2025;17:30:00;154072,13;154195,79;153836,58;153871,92;1,242450768E10;403369
WINFUT;14/02/2025;17:00:00;153807,14;154213,46;153601,03;154072,13;1,74906964E10;568225
WINFUT;14/02/2025;16:30:00;153559,81;154172,24;153512,70;153813,03;2,695413284E10;875956
WINFUT;14/02/2025;16:00:00;152782,50;153624,59;152782,50;153559,81;2,675344462E10;873242
WINFUT;14/02/2025;15:30:00;152564,62;152811,95;152535,18;152782,50;1,212579163E10;397060
WINFUT;14/02/2025;15:00:00;152558,73;152623,51;152464,51;152558,73;9019590658,00;295643
WINFUT;14/02/2025;14:30:00;152576,40;152717,73;152511,62;152558,73;1,154104687E10;378135
WINFUT;14/02/2025;14:00:00;152452,74;152676,51;152323,19;152582,29;1,563378467E10;512616
WINFUT;14/02/2025;13:30:00;152193,63;152446,85;152016,97;152446,85;1,528816331E10;502136
WINFUT;14/02/2025;13:00:00;151946,31;152217,19;151875,64;152193,63;1,222090754E10;401976
WINFUT;14/02/2025;12:30:00;151922,75;152199,52;151887,42;151946,31;1,514380406E10;497969
WINFUT;14/02/2025;12:00:00;151592,99;152028,75;151545,88;151916,86;2,143838258E10;705996
WINFUT;14/02/2025;11:30:00;151622,43;151651,87;151310,33;151592,99;2,208100705E10;728949
WINFUT;14/02/2025;11:00:00;151163,11;151640,10;151068,89;151628,32;2,105993628E10;696000
WINFUT;14/02/2025;10:30:00;151504,65;151675,43;150945,23;151157,22;2,837932999E10;938302
WINFUT;14/02/2025;10:00:00;150821,56;151722,54;150780,34;151498,77;4,13241568E10;1366685
WINFUT;14/02/2025;09:30:00;150792,12;151186,66;150715,57;150821,56;2,511956143E10;831962
WINFUT;14/02/2025;09:00:00;149596,71;150945,23;149567,27;150792,12;3,791517336E10;1261541
WINFUT;13/02/2025;18:00:00;149820,48;149914,70;149702,71;149738,04;5394411274,00;180021
WINFUT;13/02/2025;17:30:00;149484,83;149844,04;149467,16;149826,37;1,202316838E10;401634
WINFUT;13/02/2025;17:00:00;149319,94;149508,38;149202,17;149490,72;9992582666,00;334477
WINFUT;13/02/2025;16:30:00;149520,16;149537,83;149284,61;149325,83;1,034811843E10;346293
WINFUT;13/02/2025;16:00:00;149331,72;149549,60;149319,94;149520,16;1,169944583E10;391367
WINFUT;13/02/2025;15:30:00;149319,94;149425,94;149131,51;149331,72;1,793765508E10;600759
WINFUT;13/02/2025;15:00:00;149278,72;149467,16;149202,17;149314,06;1,824922068E10;611130
WINFUT;13/02/2025;14:30:00;149355,28;149514,27;149266,95;149284,61;1,310080217E10;438439
WINFUT;13/02/2025;14:00:00;149237,50;149408,28;149125,62;149355,28;1,579891603E10;529217
WINFUT;13/02/2025;13:30:00;149261,06;149296,39;149107,95;149231,61;1,021416011E10;342299
WINFUT;13/02/2025;13:00:00;149025,51;149296,39;148966,62;149255,17;1,420462423E10;476292
WINFUT;13/02/2025;12:30:00;148931,29;149184,50;148760,52;149031,40;1,599702052E10;536793
WINFUT;13/02/2025;12:00:00;148919,51;149243,39;148725,19;148931,29;2,741930503E10;920323
WINFUT;13/02/2025;11:30:00;148483,75;149072,62;148454,30;148919,51;2,882198113E10;968096
WINFUT;13/02/2025;11:00:00;148972,51;149066,73;148436,64;148483,75;3,038947522E10;1021566
WINFUT;13/02/2025;10:30:00;148825,29;149202,17;148695,74;148966,62;3,446230531E10;1156122
WINFUT;13/02/2025;10:00:00;148825,29;149096,17;148742,85;148819,40;3,377653563E10;1134019
WINFUT;13/02/2025;09:30:00;148831,18;148931,29;148672,19;148819,40;1,780052132E10;598151
WINFUT;13/02/2025;09:00:00;149490,72;149608,49;148778,18;148831,18;2,644284116E10;886803
WINFUT;12/02/2025;18:00:00;149160,95;149278,72;148884,18;148884,18;7093631229,00;237872
WINFUT;12/02/2025;17:30:00;149496,61;149543,72;149137,39;149160,95;1,372373602E10;459463
WINFUT;12/02/2025;17:00:00;149431,83;149667,38;149414,16;149496,61;1,228695174E10;410763
WINFUT;12/02/2025;16:30:00;149396,50;149467,16;149255,17;149431,83;1,062795894E10;355778
WINFUT;12/02/2025;16:00:00;149531,94;149555,49;149202,17;149396,50;1,509089517E10;505233
WINFUT;12/02/2025;15:30:00;149626,16;149637,93;149219,84;149531,94;2,07261723E10;693488
WINFUT;12/02/2025;15:00:00;149590,83;149855,82;149502,49;149632,05;2,16755012E10;723925
WINFUT;12/02/2025;14:30:00;149461,27;149602,60;149196,28;149584,94;1,769134857E10;592119
WINFUT;12/02/2025;14:00:00;149266,95;149632,05;149107,95;149455,38;1,662138697E10;556344
WINFUT;12/02/2025;13:30:00;149037,29;149284,61;148990,18;149266,95;1,162900291E10;389871
WINFUT;12/02/2025;13:00:00;149219,84;149319,94;148972,51;149043,18;1,206113278E10;404288
WINFUT;12/02/2025;12:30:00;149155,06;149261,06;148925,40;149225,73;1,72172144E10;577294
WINFUT;12/02/2025;12:00:00;149726,27;149726,27;149072,62;149155,06;2,285548745E10;765193
WINFUT;12/02/2025;11:30:00;149720,38;149926,48;149484,83;149726,27;2,115951663E10;706881
WINFUT;12/02/2025;11:00:00;149596,71;150020,70;149396,50;149720,38;2,911696352E10;972529
WINFUT;12/02/2025;10:30:00;150244,47;150268,03;149237,50;149596,71;4,338724337E10;1450925
WINFUT;12/02/2025;10:00:00;150238,58;150644,90;150044,26;150238,58;4,464706798E10;1485374
WINFUT;12/02/2025;09:30:00;151033,56;151086,56;150220,92;150238,58;4,01931687E10;1333710
WINFUT;12/02/2025;09:00:00;151963,97;152329,07;151021,78;151027,67;4,192639555E10;1383209
WINFUT;11/02/2025;18:00:00;152047,56;152107,59;151873,47;151987,53;5152385370,00;169487
WINFUT;11/02/2025;17:30:00;151909,49;152149,61;151897,48;152047,56;7323761523,00;240879
WINFUT;11/02/2025;17:00:00;151807,43;152017,54;151795,43;151909,49;8975522894,00;295418
WINFUT;11/02/2025;16:30:00;151891,48;151921,49;151711,38;151813,44;9124112311,00;300508
WINFUT;11/02/2025;16:00:00;151921,49;151987,53;151873,47;151891,48;7862512693,00;258768
WINFUT;11/02/2025;15:30:00;151939,50;152083,58;151915,49;151921,49;8953686636,00;294558
WINFUT;11/02/2025;15:00:00;151975,52;152023,55;151831,45;151945,51;8135591540,00;267761
WINFUT;11/02/2025;14:30:00;151897,48;152053,56;151807,43;151969,52;1,263732451E10;415906
WINFUT;11/02/2025;14:00:00;151981,53;151999,54;151807,43;151897,48;8242288067,00;271290
WINFUT;11/02/2025;13:30:00;152011,54;152035,55;151771,42;151987,53;1,303966954E10;429231
WINFUT;11/02/2025;13:00:00;151873,47;152029,55;151789,43;152005,54;1,435638626E10;472512
WINFUT;11/02/2025;12:30:00;151603,33;151891,48;151561,31;151873,47;1,229870302E10;405295
WINFUT;11/02/2025;12:00:00;151831,45;151909,49;151435,24;151603,33;1,925027748E10;634716
WINFUT;11/02/2025;11:30:00;152455,77;152455,77;151765,41;151825,44;2,826100595E10;929224
WINFUT;11/02/2025;11:00:00;151963,52;152479,79;151915,49;152455,77;2,723197852E10;894975
WINFUT;11/02/2025;10:30:00;151777,42;152329,71;151657,36;151963,52;3,633014777E10;1194900
WINFUT;11/02/2025;10:00:00;151081,05;151921,49;150936,98;151783,42;4,418640476E10;1460049
WINFUT;11/02/2025;09:30:00;150973,00;151201,12;150900,96;151087,06;1,761931982E10;583201
WINFUT;11/02/2025;09:00:00;150979,00;151531,29;150756,88;150966,99;3,365047429E10;1113415
WINFUT;10/02/2025;18:00:00;151045,04;151093,06;150810,91;150858,94;5999853472,00;198703
WINFUT;10/02/2025;17:30:00;150918,97;151105,07;150888,95;151045,04;8906777734,00;294934
WINFUT;10/02/2025;17:00:00;150979,00;150991,01;150768,89;150918,97;9212645608,00;305305
WINFUT;10/02/2025;16:30:00;150900,96;151051,04;150846,93;150973,00;8907354555,00;295005
WINFUT;10/02/2025;16:00:00;150942,98;151009,02;150828,92;150906,96;1,118644745E10;370637
WINFUT;10/02/2025;15:30:00;150966,99;151051,04;150900,96;150948,99;9971984715,00;330222
WINFUT;10/02/2025;15:00:00;151135,08;151201,12;150942,98;150966,99;1,019970816E10;337549
WINFUT;10/02/2025;14:30:00;151129,08;151189,11;150930,98;151141,09;1,392343532E10;460839
WINFUT;10/02/2025;14:00:00;151117,07;151201,12;151081,05;151135,08;9227378093,00;305259
WINFUT;10/02/2025;13:30:00;151105,07;151201,12;151021,02;151111,07;1,244459006E10;411792
WINFUT;10/02/2025;13:00:00;151243,14;151435,24;151075,05;151111,07;1,682028823E10;556124
WINFUT;10/02/2025;12:30:00;150876,95;151273,16;150816,92;151243,14;1,555693729E10;514879
WINFUT;10/02/2025;12:00:00;150876,95;151045,04;150750,88;150876,95;1,892204971E10;627002
WINFUT;10/02/2025;11:30:00;150918,97;151099,06;150540,77;150870,94;3,473070208E10;1151437
WINFUT;10/02/2025;11:00:00;151597,32;151621,34;150912,97;150918,97;2,776202901E10;918039
WINFUT;10/02/2025;10:30:00;151675,37;151825,44;151423,23;151591,32;2,664451817E10;878624
WINFUT;10/02/2025;10:00:00;150744,88;151867,47;150690,85;151675,37;5,066206789E10;1675221
WINFUT;10/02/2025;09:30:00;150324,66;150882,95;150282,64;150750,88;2,284446831E10;758204
WINFUT;10/02/2025;09:00:00;150198,59;150426,71;149910,44;150324,66;2,823457852E10;940188
WINFUT;07/02/2025;18:00:00;149754,36;150072,53;149736,35;149988,48;5421948739,00;180886
WINFUT;07/02/2025;17:30:00;149652,31;149892,43;149604,28;149760,36;9006073070,00;300718
WINFUT;07/02/2025;17:00:00;149748,36;149760,36;149544,25;149652,31;8247921744,00;275586
WINFUT;07/02/2025;16:30:00;149652,31;149808,39;149592,28;149748,36;1,148556157E10;383655
WINFUT;07/02/2025;16:00:00;149460,21;149856,41;149388,17;149652,31;1,825775197E10;610119
WINFUT;07/02/2025;15:30:00;150288,64;150444,72;149262,10;149466,21;2,712005307E10;904440
WINFUT;07/02/2025;15:00:00;150108,55;150384,69;150090,54;150288,64;1,224787489E10;407599
WINFUT;07/02/2025;14:30:00;149988,48;150150,57;149964,47;150108,55;8542045650,00;284633
WINFUT;07/02/2025;14:00:00;150108,55;150228,61;149868,42;149988,48;2,160868103E10;720047
WINFUT;07/02/2025;13:30:00;150306,65;150474,74;150054,52;150102,54;1,792797503E10;596559
WINFUT;07/02/2025;13:00:00;150582,79;150630,82;150210,60;150306,65;2,491771774E10;828179
WINFUT;07/02/2025;12:30:00;150816,92;150876,95;150402,70;150582,79;2,508940631E10;832718
WINFUT;07/02/2025;12:00:00;151147,09;151207,12;150708,86;150816,92;2,529787697E10;837800
WINFUT;07/02/2025;11:30:00;151213,12;151345,19;150768,89;151153,09;3,221081061E10;1066364
WINFUT;07/02/2025;11:00:00;151921,49;151969,52;151111,07;151219,13;2,971741754E10;980457
WINFUT;07/02/2025;10:30:00;151867,47;152173,63;151597,32;151927,50;3,615858776E10;1190876
WINFUT;07/02/2025;10:00:00;151567,31;152053,56;151543,30;151867,47;3,569082485E10;1175400
WINFUT;07/02/2025;09:30:00;151675,37;151759,41;151459,25;151567,31;1,474580449E10;486316
WINFUT;07/02/2025;09:00:00;151741,40;151843,45;151525,29;151681,37;2,498389943E10;823605
WINFUT;06/02/2025;18:00:00;151813,44;151879,47;151423,23;151423,23;5528587980,00;182172
WINFUT;06/02/2025;17:30:00;151747,40;151921,49;151717,39;151813,44;7707949200,00;253851
WINFUT;06/02/2025;17:00:00;151753,41;151873,47;151687,37;151747,40;7061279787,00;232611
WINFUT;06/02/2025;16:30:00;151933,50;151945,51;151705,38;151753,41;1,178933105E10;388285
WINFUT;06/02/2025;16:00:00;151795,43;152053,56;151771,42;151933,50;1,411127263E10;464440
WINFUT;06/02/2025;15:30:00;151435,24;151867,47;151405,22;151795,43;1,928386015E10;635642
WINFUT;06/02/2025;15:00:00;151255,15;151459,25;151153,09;151435,24;1,555877446E10;514178
WINFUT;06/02/2025;14:30:00;151327,18;151387,21;151189,11;151249,14;1,227446764E10;405621
WINFUT;06/02/2025;14:00:00;151219,13;151411,23;151063,05;151321,18;1,318672267E10;435926
WINFUT;06/02/2025;13:30:00;151123,08;151285,16;151069,05;151219,13;1,146189933E10;379068
WINFUT;06/02/2025;13:00:00;150852,94;151171,10;150822,92;151117,07;1,351305872E10;447519
WINFUT;06/02/2025;12:30:00;151189,11;151213,12;150756,88;150846,93;2,017123431E10;667998
WINFUT;06/02/2025;12:00:00;151087,06;151297,17;151063,05;151189,11;1,990661568E10;658330
WINFUT;06/02/2025;11:30:00;151477,26;151825,44;151039,03;151093,06;3,43487126E10;1133764
WINFUT;06/02/2025;11:00:00;151009,02;151759,41;150684,85;151477,26;4,501702918E10;1488825
WINFUT;06/02/2025;10:30:00;150756,88;151051,04;150684,85;151015,02;2,611883008E10;865622
WINFUT;06/02/2025;10:00:00;150997,01;151003,01;150558,78;150756,88;3,130929316E10;1038274
WINFUT;06/02/2025;09:30:00;151039,03;151135,08;150630,82;150997,01;2,624151029E10;869700
WINFUT;06/02/2025;09:00:00;151219,13;151549,30;150870,94;151039,03;3,182731551E10;1052923
WINFUT;05/02/2025;18:00:00;150966,99;151201,12;150936,98;151129,08;5025359640,00;166314
WINFUT;05/02/2025;17:30:00;151003,01;151069,05;150888,95;150966,99;7264138368,00;240578
WINFUT;05/02/2025;17:00:00;151105,07;151135,08;150954,99;151009,02;8352230555,00;276471
WINFUT;05/02/2025;16:30:00;151087,06;151171,10;151009,02;151105,07;1,059747754E10;350710
WINFUT;05/02/2025;16:00:00;150948,99;151117,07;150912,97;151087,06;1,068456927E10;353761
WINFUT;05/02/2025;15:30:00;150966,99;150979,00;150780,90;150948,99;9472342332,00;313924
WINFUT;05/02/2025;15:00:00;150912,97;151081,05;150846,93;150973,00;9975690559,00;330415
WINFUT;05/02/2025;14:30:00;150918,97;151045,04;150720,87;150912,97;1,327833218E10;440018
WINFUT;05/02/2025;14:00:00;150966,99;151069,05;150846,93;150912,97;1,133787947E10;375525
WINFUT;05/02/2025;13:30:00;150852,94;151027,03;150780,90;150966,99;1,09770987E10;363674
WINFUT;05/02/2025;13:00:00;151099,06;151111,07;150798,91;150852,94;1,797059256E10;595250
WINFUT;05/02/2025;12:30:00;151219,13;151423,23;150991,01;151099,06;1,949555868E10;644733
WINFUT;05/02/2025;12:00:00;150594,80;151249,14;150570,79;151213,12;2,691574092E10;892130
WINFUT;05/02/2025;11:30:00;150018,50;150768,89;149928,45;150588,80;3,238546861E10;1076997
WINFUT;05/02/2025;11:00:00;150594,80;150648,83;149892,43;150024,50;3,37986022E10;1125236
WINFUT;05/02/2025;10:30:00;150720,87;150822,92;150426,71;150600,80;2,564819538E10;851442
WINFUT;05/02/2025;10:00:00;150798,91;151117,07;150474,74;150726,87;4,266234599E10;1414364
WINFUT;05/02/2025;09:30:00;150918,97;150997,01;150540,77;150792,90;2,155439202E10;714809
WINFUT;05/02/2025;09:00:00;150738,88;151165,10;150600,80;150918,97;3,06443779E10;1015289
WINFUT;04/02/2025;18:00:00;150618,81;150720,87;150516,76;150618,81;4549266325,00;151029
WINFUT;04/02/2025;17:30:00;150588,80;150738,88;150534,77;150612,81;8399905677,00;278798
WINFUT;04/02/2025;17:00:00;150822,92;150852,94;150576,79;150588,80;1,035802845E10;343620
WINFUT;04/02/2025;16:30:00;150973,00;150997,01;150666,84;150822,92;1,098305362E10;364006
WINFUT;04/02/2025;16:00:00;151135,08;151165,10;150900,96;150979,00;1,023100168E10;338794
WINFUT;04/02/2025;15:30:00;151069,05;151171,10;151003,01;151135,08;9287280491,00;307364
WINFUT;04/02/2025;15:00:00;151015,02;151093,06;150840,93;151069,05;1,437533306E10;476026
WINFUT;04/02/2025;14:30:00;150798,91;151033,03;150720,87;151015,02;1,42925994E10;473724
WINFUT;04/02/2025;14:00:00;151123,08;151189,11;150702,86;150804,91;1,634789438E10;541572
WINFUT;04/02/2025;13:30:00;151243,14;151279,16;151063,05;151117,07;1,293913168E10;427984
WINFUT;04/02/2025;13:00:00;151051,04;151261,15;150780,90;151237,14;1,610269239E10;533121
WINFUT;04/02/2025;12:30:00;151177,10;151315,18;150991,01;151057,04;1,61858832E10;535494
WINFUT;04/02/2025;12:00:00;150834,93;151519,28;150780,90;151183,11;3,386863831E10;1120822
WINFUT;04/02/2025;11:30:00;150402,70;150979,00;150264,63;150828,92;3,544354082E10;1176558
WINFUT;04/02/2025;11:00:00;150234,61;150438,72;150072,53;150408,70;2,458865569E10;818155
WINFUT;04/02/2025;10:30:00;150660,83;150672,84;150036,51;150240,61;3,169505416E10;1054344
WINFUT;04/02/2025;10:00:00;151063,05;151441,24;150582,79;150660,83;3,86082348E10;1277890
WINFUT;04/02/2025;09:30:00;151345,19;151465,26;151057,04;151057,04;2,350464895E10;776820
WINFUT;04/02/2025;09:00:00;151879,47;151921,49;151279,16;151345,19;2,722536411E10;898669
WINFUT;03/02/2025;18:00:00;151513,28;151783,42;151387,21;151783,42;5567297053,00;183698
WINFUT;03/02/2025;17:30:00;151441,24;151813,44;151435,24;151507,28;9496381616,00;313165
WINFUT;03/02/2025;17:00:00;151663,36;151663,36;151417,23;151441,24;9999914014,00;329951
WINFUT;03/02/2025;16:30:00;151513,28;151753,41;151501,27;151663,36;1,11822068E10;368719
WINFUT;03/02/2025;16:00:00;151363,20;151531,29;151321,18;151519,28;9240855690,00;305108
WINFUT;03/02/2025;15:30:00;151621,34;151639,35;151351,20;151363,20;1,081378367E10;356958
WINFUT;03/02/2025;15:00:00;151615,33;151837,45;151513,28;151621,34;1,445075152E10;476399
WINFUT;03/02/2025;14:30:00;151795,43;151849,46;151483,26;151615,33;1,901534139E10;626794
WINFUT;03/02/2025;14:00:00;151759,41;151927,50;151675,37;151795,43;1,170061878E10;385390
WINFUT;03/02/2025;13:30:00;152041,56;152185,63;151717,39;151765,41;1,361692433E10;448027
WINFUT;03/02/2025;13:00:00;152257,67;152323,70;151873,47;152041,56;2,345172973E10;770851
WINFUT;03/02/2025;12:30:00;152095,59;152359,72;151927,50;152263,67;3,196563358E10;1050580
WINFUT;03/02/2025;12:00:00;151555,30;152251,67;151321,18;152089,58;4,287043071E10;1412885
WINFUT;03/02/2025;11:30:00;151645,35;151933,50;151387,21;151555,30;3,489017977E10;1150012
WINFUT;03/02/2025;11:00:00;151489,27;151687,37;151357,20;151651,35;2,163074758E10;713768
WINFUT;03/02/2025;10:30:00;151561,31;151663,36;151225,13;151489,27;2,696504052E10;890242
WINFUT;03/02/2025;10:00:00;151441,24;151849,46;151225,13;151555,30;4,216434953E10;1391398
WINFUT;03/02/2025;09:30:00;151123,08;151495,27;151123,08;151447,25;1,863083913E10;615494
WINFUT;03/02/2025;09:00:00;150936,98;151357,20;150636,82;151123,08;2,53751005E10;839629
WINFUT;31/01/2025;18:00:00;152065,57;152275,68;151981,53;152179,63;5856681216,00;192555
WINFUT;31/01/2025;17:30:00;151957,51;152419,75;151885,48;152071,57;1,424853264E10;468364
WINFUT;31/01/2025;17:00:00;152365,73;152365,73;151915,49;151957,51;1,290775152E10;424285
WINFUT;31/01/2025;16:30:00;152323,70;152485,79;152173,63;152365,73;1,425833364E10;468057
WINFUT;31/01/2025;16:00:00;152521,81;152611,86;152215,65;152323,70;1,525858378E10;500594
WINFUT;31/01/2025;15:30:00;152641,87;152737,92;152419,75;152521,81;1,815666352E10;595048
WINFUT;31/01/2025;15:00:00;153146,14;153206,17;152515,81;152641,87;2,405989816E10;786900
WINFUT;31/01/2025;14:30:00;153236,18;153260,19;152942,03;153140,13;1,283773288E10;419268
WINFUT;31/01/2025;14:00:00;153230,18;153332,23;152930,02;153236,18;1,89495493E10;618531
WINFUT;31/01/2025;13:30:00;153254,19;153434,29;153224,18;153230,18;1,295986169E10;422638
WINFUT;31/01/2025;13:00:00;153164,14;153350,24;153074,10;153254,19;1,301853408E10;424856
WINFUT;31/01/2025;12:30:00;153050,08;153248,19;152966,04;153164,14;1,32054603E10;431251
WINFUT;31/01/2025;12:00:00;153218,17;153404,27;152888,00;153044,08;1,979513811E10;646417
WINFUT;31/01/2025;11:30:00;153104,11;153326,23;152815,96;153218,17;3,24162333E10;1058693
WINFUT;31/01/2025;11:00:00;153410,27;153698,42;153086,10;153104,11;3,525206222E10;1148984
WINFUT;31/01/2025;10:30:00;153008,06;153488,31;152863,99;153416,28;2,945087659E10;961425
WINFUT;31/01/2025;10:00:00;152990,05;153296,21;152737,92;153014,07;3,325414243E10;1086567
WINFUT;31/01/2025;09:30:00;153026,07;153224,18;152785,95;152984,05;2,256827425E10;737477
WINFUT;31/01/2025;09:00:00;152851,98;153260,19;152761,93;153032,08;2,863329672E10;935574
WINFUT;30/01/2025;18:00:00;152972,04;153200,16;152749,93;153014,07;1,069836423E10;349560
WINFUT;30/01/2025;17:30:00;153098,11;153368,25;152671,89;152978,05;2,870025167E10;937827
WINFUT;30/01/2025;17:00:00;152948,03;153110,12;152635,87;153092,11;1,776165504E10;581046
WINFUT;30/01/2025;16:30:00;152888,00;153170,15;152839,97;152948,03;1,584954555E10;517917
WINFUT;30/01/2025;16:00:00;153044,08;153116,12;152821,97;152894,00;1,305392437E10;426778
WINFUT;30/01/2025;15:30:00;153050,08;153254,19;152900,01;153044,08;1,900404125E10;620710
WINFUT;30/01/2025;15:00:00;152707,91;153068,09;152683,89;153044,08;1,819934062E10;595028
WINFUT;30/01/2025;14:30:00;152443,77;152797,95;152347,72;152701,90;1,827912074E10;598851
WINFUT;30/01/2025;14:00:00;152311,70;152479,79;152269,68;152443,77;1,612566757E10;529115
WINFUT;30/01/2025;13:30:00;152161,62;152359,72;152023,55;152317,70;1,706616815E10;560696
WINFUT;30/01/2025;13:00:00;152023,55;152269,68;151903,48;152161,62;1,655985433E10;544379
WINFUT;30/01/2025;12:30:00;151717,39;152119,60;151717,39;152023,55;2,018196703E10;664208
WINFUT;30/01/2025;12:00:00;151243,14;151795,43;151159,10;151717,39;2,169102903E10;715967
WINFUT;30/01/2025;11:30:00;150810,91;151615,33;150756,88;151243,14;3,599806602E10;1189780
WINFUT;30/01/2025;11:00:00;150510,76;150894,96;150282,64;150810,91;3,123205583E10;1037178
WINFUT;30/01/2025;10:30:00;150852,94;151123,08;150504,75;150516,76;3,521629805E10;1167441
WINFUT;30/01/2025;10:00:00;149700,33;150936,98;149652,31;150858,94;4,868980683E10;1621400
WINFUT;30/01/2025;09:30:00;149760,36;149820,39;149436,19;149694,33;2,229391734E10;744871
WINFUT;30/01/2025;09:00:00;149418,18;149976,48;149172,06;149760,36;4,215689668E10;1408596
WINFUT;29/01/2025;18:00:00;148805,86;148835,88;148655,79;148817,87;5068636359,00;170381
WINFUT;29/01/2025;17:30:00;149027,98;149100,02;148577,74;148805,86;1,320519638E10;443726
WINFUT;29/01/2025;17:00:00;149160,05;149256,10;148949,94;149027,98;1,477199993E10;495369
WINFUT;29/01/2025;16:30:00;149076,01;149466,21;149009,97;149166,05;2,378771303E10;796827
WINFUT;29/01/2025;16:00:00;149430,19;149508,23;148907,92;149076,01;1,903094294E10;638043
WINFUT;29/01/2025;15:30:00;149454,20;149508,23;149316,13;149424,19;7339430093,00;245599
WINFUT;29/01/2025;15:00:00;149424,19;149550,25;149274,11;149454,20;1,172253916E10;392254
WINFUT;29/01/2025;14:30:00;149322,13;149550,25;149310,13;149424,19;1,107383178E10;370532
WINFUT;29/01/2025;14:00:00;149394,17;149526,24;149274,11;149316,13;1,022043765E10;342027
WINFUT;29/01/2025;13:30:00;149706,34;149778,37;149382,17;149400,17;1,317088677E10;440280
WINFUT;29/01/2025;13:00:00;149790,38;149898,44;149592,28;149700,33;1,568285937E10;523716
WINFUT;29/01/2025;12:30:00;149610,28;149796,38;149574,27;149796,38;1,418823969E10;473959
WINFUT;29/01/2025;12:00:00;149490,22;149634,30;149292,12;149604,28;1,703537013E10;569885
WINFUT;29/01/2025;11:30:00;149160,05;149526,24;149015,97;149484,22;2,690683754E10;901375
WINFUT;29/01/2025;11:00:00;149346,15;149442,20;149088,01;149160,05;2,310504735E10;774019
WINFUT;29/01/2025;10:30:00;149868,42;149940,46;149286,12;149346,15;3,420417485E10;1142960
WINFUT;29/01/2025;10:00:00;150702,86;150708,86;149856,41;149874,42;4,096850224E10;1363408
WINFUT;29/01/2025;09:30:00;150498,75;150720,87;150438,72;150696,85;1,905880607E10;632771
WINFUT;29/01/2025;09:00:00;149910,44;150540,77;149826,40;150498,75;2,734163382E10;910138
WINFUT;28/01/2025;18:00:00;149604,28;149760,36;149508,23;149748,36;5178993501,00;173090
WINFUT;28/01/2025;17:30:00;149604,28;149688,33;149532,24;149604,28;7716034810,00;257867
WINFUT;28/01/2025;17:00:00;149802,39;149844,41;149460,21;149598,28;1,145882668E10;382897
WINFUT;28/01/2025;16:30:00;149862,42;149886,43;149730,35;149808,39;7900672815,00;263679
WINFUT;28/01/2025;16:00:00;149958,47;150042,51;149832,40;149856,41;8607648650,00;287070
WINFUT;28/01/2025;15:30:00;149964,47;150042,51;149748,36;149958,47;1,102453891E10;367713
WINFUT;28/01/2025;15:00:00;149916,45;149994,49;149778,37;149958,47;9800669963,00;326914
WINFUT;28/01/2025;14:30:00;149718,34;149934,45;149670,32;149922,45;1,190743637E10;397421
WINFUT;28/01/2025;14:00:00;149802,39;149898,44;149694,33;149718,34;1,323449208E10;441791
WINFUT;28/01/2025;13:30:00;149694,33;149832,40;149556,26;149802,39;1,451056344E10;484750
WINFUT;28/01/2025;13:00:00;149994,49;150048,51;149598,28;149694,33;1,900491276E10;634229
WINFUT;28/01/2025;12:30:00;149778,37;150150,57;149724,34;150000,49;2,117462582E10;706029
WINFUT;28/01/2025;12:00:00;149946,46;150078,53;149712,34;149772,37;1,986857983E10;662980
WINFUT;28/01/2025;11:30:00;150108,55;150162,57;149886,43;149946,46;2,473572341E10;824410
WINFUT;28/01/2025;11:00:00;149940,46;150336,66;149910,44;150108,55;2,594785563E10;864045
WINFUT;28/01/2025;10:30:00;149946,46;150138,56;149838,40;149940,46;2,473023046E10;824449
WINFUT;28/01/2025;10:00:00;150432,72;150648,83;149874,42;149940,46;4,315196179E10;1435663
WINFUT;28/01/2025;09:30:00;150678,84;150774,89;150384,69;150438,72;2,001398652E10;664439
WINFUT;28/01/2025;09:00:00;150378,69;150804,91;150198,59;150678,84;3,509444905E10;1165673
WINFUT;27/01/2025;18:00:00;150600,80;150864,94;150588,80;150678,84;7553961953,00;250583
WINFUT;27/01/2025;17:30:00;150552,78;150672,84;150396,70;150600,80;1,191768008E10;395827
WINFUT;27/01/2025;17:00:00;150366,68;150648,83;150300,65;150546,77;1,308969651E10;434966
WINFUT;27/01/2025;16:30:00;150222,61;150468,73;150138,56;150366,68;1,023510239E10;340543
WINFUT;27/01/2025;16:00:00;150138,56;150276,63;150042,51;150228,61;1,240664241E10;413128
WINFUT;27/01/2025;15:30:00;150156,57;150408,70;150012,50;150132,56;1,938960377E10;645437
WINFUT;27/01/2025;15:00:00;149946,46;150258,62;149874,42;150156,57;1,583961963E10;527583
WINFUT;27/01/2025;14:30:00;150012,50;150048,51;149832,40;149946,46;1,538955941E10;513193
WINFUT;27/01/2025;14:00:00;149778,37;150186,59;149766,37;150006,49;2,195402932E10;731933
WINFUT;27/01/2025;13:30:00;149364,16;149784,38;149352,15;149778,37;1,758104654E10;587633
WINFUT;27/01/2025;13:00:00;149154,05;149394,17;149136,04;149364,16;1,35731092E10;454589
WINFUT;27/01/2025;12:30:00;149382,17;149382,17;149009,97;149160,05;1,966492378E10;659163
WINFUT;27/01/2025;12:00:00;149358,15;149586,27;149220,08;149382,17;2,005513342E10;671147
WINFUT;27/01/2025;11:30:00;149346,15;149598,28;149064,00;149358,15;3,18200454E10;1065778
WINFUT;27/01/2025;11:00:00;149166,05;149664,31;149148,04;149346,15;3,259445853E10;1091065
WINFUT;27/01/2025;10:30:00;148235,57;149502,23;148217,56;149160,05;4,746804826E10;1594429
WINFUT;27/01/2025;10:00:00;147527,19;148301,60;147443,15;148235,57;4,346417935E10;1469311
WINFUT;27/01/2025;09:30:00;147425,14;147629,25;147401,13;147533,20;1,800510071E10;610282
WINFUT;27/01/2025;09:00:00;146896,87;147509,19;146704,76;147425,14;3,148505323E10;1069038
WINFUT;24/01/2025;18:00:00;147851,36;147929,41;147761,32;147809,34;3235327076,00;109418
WINFUT;24/01/2025;17:30:00;147833,36;147893,39;147785,33;147857,37;4053237242,00;137085
WINFUT;24/01/2025;17:00:00;147761,32;147995,44;147671,27;147833,36;7819269727,00;264506
WINFUT;24/01/2025;16:30:00;147761,32;147803,34;147605,24;147761,32;6920159091,00;234235
WINFUT;24/01/2025;16:00:00;147815,35;147869,37;147713,29;147755,31;7441423202,00;251756
WINFUT;24/01/2025;15:30:00;147779,33;147875,38;147617,24;147809,34;9651416267,00;326581
WINFUT;24/01/2025;15:00:00;147815,35;147917,40;147665,27;147773,32;7596967209,00;257018
WINFUT;24/01/2025;14:30:00;147881,38;147947,41;147779,33;147815,35;9167792712,00;310008
WINFUT;24/01/2025;14:00:00;147905,39;148007,45;147791,33;147881,38;8997252230,00;304184
WINFUT;24/01/2025;13:30:00;147845,36;148025,46;147755,31;147905,39;1,167287215E10;394683
WINFUT;24/01/2025;13:00:00;147809,34;148007,45;147773,32;147839,36;1,184154752E10;400369
WINFUT;24/01/2025;12:30:00;147689,28;147941,41;147593,23;147809,34;1,336810549E10;452292
WINFUT;24/01/2025;12:00:00;147593,23;148037,46;147491,18;147689,28;2,268024547E10;767294
WINFUT;24/01/2025;11:30:00;147737,30;147905,39;147437,15;147593,23;2,275815536E10;770408
WINFUT;24/01/2025;11:00:00;148187,54;148223,56;147623,25;147737,30;2,586529109E10;874485
WINFUT;24/01/2025;10:30:00;147971,43;148355,63;147863,37;148187,54;3,243106024E10;1094974
WINFUT;24/01/2025;10:00:00;147875,38;148073,48;147425,14;147971,43;4,336012468E10;1467609
WINFUT;24/01/2025;09:30:00;147911,40;147929,41;147599,23;147881,38;2,13042448E10;720936
WINFUT;24/01/2025;09:00:00;148097,49;148343,62;147659,26;147905,39;3,524608848E10;1191270
WINFUT;23/01/2025;18:00:00;147887,38;147995,44;147773,32;147815,35;4125886341,00;139511
WINFUT;23/01/2025;17:30:00;147689,28;148001,44;147563,21;147881,38;1,150458264E10;389141
WINFUT;23/01/2025;17:00:00;147539,20;147797,34;147527,19;147683,28;8863005901,00;300048
WINFUT;23/01/2025;16:30:00;147701,29;147713,29;147473,17;147539,20;1,163753883E10;394277
WINFUT;23/01/2025;16:00:00;148025,46;148061,47;147563,21;147701,29;1,917776491E10;648966
WINFUT;23/01/2025;15:30:00;148385,64;148415,66;147923,40;148019,45;1,785617899E10;602842
WINFUT;23/01/2025;15:00:00;148547,73;148583,75;148229,56;148379,64;1,534028757E10;516910
WINFUT;23/01/2025;14:30:00;148247,57;148661,79;148157,52;148547,73;1,535955678E10;517303
WINFUT;23/01/2025;14:00:00;148265,58;148337,62;148181,54;148241,57;9406015170,00;317224
WINFUT;23/01/2025;13:30:00;148259,58;148361,63;147995,44;148265,58;1,847764995E10;623386
WINFUT;23/01/2025;13:00:00;148295,60;148403,65;148025,46;148259,58;2,472288457E10;833914
WINFUT;23/01/2025;12:30:00;148481,69;148547,73;148283,59;148295,60;1,470921401E10;495584
WINFUT;23/01/2025;12:00:00;148565,74;148661,79;148337,62;148487,70;1,974122611E10;664741
WINFUT;23/01/2025;11:30:00;149346,15;149418,18;148391,65;148565,74;3,595923516E10;1208028
WINFUT;23/01/2025;11:00:00;149352,15;149484,22;149021,98;149352,15;3,029754079E10;1015040
WINFUT;23/01/2025;10:30:00;149544,25;149754,36;149274,11;149346,15;3,284961598E10;1098601
WINFUT;23/01/2025;10:00:00;148811,87;149580,27;148721,82;149544,25;4,686855365E10;1572433
WINFUT;23/01/2025;09:30:00;148331,62;148835,88;148307,60;148811,87;2,870975435E10;965988
WINFUT;23/01/2025;09:00:00;148637,78;148709,81;148181,54;148325,61;2,843994588E10;958376
WINFUT;22/01/2025;18:00:00;148529,72;148625,77;148409,66;148589,75;5680383615,00;191206
WINFUT;22/01/2025;17:30:00;148781,85;148859,89;148445,68;148535,72;1,21772541E10;409560
WINFUT;22/01/2025;17:00:00;148901,91;149009,97;148763,84;148775,85;8881440008,00;298237
WINFUT;22/01/2025;16:30:00;149070,00;149118,03;148829,88;148907,92;1,101735798E10;369804
WINFUT;22/01/2025;16:00:00;148943,94;149154,05;148859,89;149070,00;1,312934723E10;440541
WINFUT;22/01/2025;15:30:00;149070,00;149124,03;148925,93;148943,94;1,147395303E10;384954
WINFUT;22/01/2025;15:00:00;149184,06;149280,11;149015,97;149076,01;1,326085257E10;444535
WINFUT;22/01/2025;14:30:00;149058,00;149280,11;149021,98;149178,06;1,383590744E10;463802
WINFUT;22/01/2025;14:00:00;148883,90;149112,02;148859,89;149058,00;1,098238296E10;368517
WINFUT;22/01/2025;13:30:00;148865,90;149094,01;148781,85;148889,91;1,422707127E10;477609
WINFUT;22/01/2025;13:00:00;148847,89;148985,96;148775,85;148865,90;1,148981221E10;385883
WINFUT;22/01/2025;12:30:00;148751,84;148937,93;148655,79;148853,89;1,729387734E10;581152
WINFUT;22/01/2025;12:00:00;148799,86;149082,01;148703,81;148751,84;2,253859765E10;756829
WINFUT;22/01/2025;11:30:00;149190,07;149340,14;148793,86;148799,86;3,707233418E10;1243371
WINFUT;22/01/2025;11:00:00;148955,94;149376,16;148883,90;149184,06;2,89962761E10;971762
WINFUT;22/01/2025;10:30:00;149027,98;149106,02;148721,82;148955,94;3,329469182E10;1117892
WINFUT;22/01/2025;10:00:00;149682,32;149802,39;148967,95;149033,98;3,932630857E10;1316236
WINFUT;22/01/2025;09:30:00;149250,10;149748,36;149190,07;149682,32;2,487605787E10;831900
WINFUT;22/01/2025;09:00:00;149154,05;149412,18;149009,97;149244,09;2,995863216E10;1003947
WINFUT;21/01/2025;18:00:00;149021,98;149142,04;148925,93;148925,93;4292908766,00;144005
WINFUT;21/01/2025;17:30:00;149118,03;149250,10;148985,96;149027,98;9802144427,00;328633
WINFUT;21/01/2025;17:00:00;148859,89;149178,06;148805,86;149118,03;1,176851791E10;394804
WINFUT;21/01/2025;16:30:00;148805,86;148913,92;148727,82;148859,89;7948930869,00;267085
WINFUT;21/01/2025;16:00:00;148733,83;148925,93;148679,80;148799,86;1,164336157E10;391221
WINFUT;21/01/2025;15:30:00;148781,85;148871,90;148643,78;148733,83;1,546855678E10;519883
WINFUT;21/01/2025;15:00:00;148385,64;148805,86;148379,64;148787,85;1,528873048E10;514321
WINFUT;21/01/2025;14:30:00;148505,71;148607,76;148325,61;148391,65;1,43714309E10;484008
WINFUT;21/01/2025;14:00:00;148433,67;148547,73;148301,60;148511,71;1,231495438E10;414889
WINFUT;21/01/2025;13:30:00;148715,82;148715,82;148349,63;148427,67;1,219637524E10;410575
WINFUT;21/01/2025;13:00:00;148379,64;148727,82;148337,62;148709,81;1,321893058E10;444961
WINFUT;21/01/2025;12:30:00;148367,63;148559,74;148301,60;148373,64;1,750544533E10;589743
WINFUT;21/01/2025;12:00:00;147971,43;148529,72;147881,38;148373,64;2,553111758E10;860923
WINFUT;21/01/2025;11:30:00;148049,47;148301,60;147899,39;147971,43;2,683629847E10;906160
WINFUT;21/01/2025;11:00:00;148199,55;148277,59;147905,39;148043,47;2,460604397E10;830721
WINFUT;21/01/2025;10:30:00;147971,43;148403,65;147971,43;148199,55;3,350734264E10;1130625
WINFUT;21/01/2025;10:00:00;148223,56;148223,56;147665,27;147971,43;3,839888661E10;1297682
WINFUT;21/01/2025;09:30:00;147995,44;148229,56;147869,37;148223,56;2,568471316E10;867456
WINFUT;21/01/2025;09:00:00;148205,55;148283,59;147527,19;147995,44;3,431411683E10;1160579
WINFUT;20/01/2025;18:00:00;148649,78;148703,81;148325,61;148499,70;5681047843,00;191222
WINFUT;20/01/2025;17:30:00;148817,87;148949,94;148571,74;148649,78;1,201976892E10;404027
WINFUT;20/01/2025;17:00:00;148265,58;148871,90;148265,58;148817,87;1,095909946E10;368791
WINFUT;20/01/2025;16:30:00;148151,52;148361,63;148139,52;148265,58;7091271474,00;239139
WINFUT;20/01/2025;16:00:00;148193,54;148289,59;148067,48;148151,52;7579750563,00;255725
WINFUT;20/01/2025;15:30:00;148241,57;148283,59;148025,46;148199,55;9613078632,00;324408
WINFUT;20/01/2025;15:00:00;148445,68;148541,73;148097,49;148241,57;1,159768769E10;390967
WINFUT;20/01/2025;14:30:00;148205,55;148661,79;148181,54;148445,68;1,503917404E10;506555
WINFUT;20/01/2025;14:00:00;148541,73;148595,75;148031,46;148211,55;2,012955271E10;678707
WINFUT;20/01/2025;13:30:00;148511,71;148733,83;148487,70;148535,72;1,306704367E10;439658
WINFUT;20/01/2025;13:00:00;148409,66;148649,78;148397,65;148517,71;1,356241244E10;456606
WINFUT;20/01/2025;12:30:00;148625,77;148709,81;148319,61;148409,66;1,349047493E10;454228
WINFUT;20/01/2025;12:00:00;148595,75;148787,85;148397,65;148625,77;2,193535254E10;738044
WINFUT;20/01/2025;11:30:00;147857,37;148691,80;147635,25;148595,75;3,39753337E10;1146026
WINFUT;20/01/2025;11:00:00;147527,19;148115,50;147419,14;147857,37;3,380777662E10;1143489
WINFUT;20/01/2025;10:30:00;146932,88;147713,29;146770,80;147521,19;5,101297948E10;1731420
WINFUT;20/01/2025;10:00:00;147401,13;147773,32;146920,88;146938,89;4,189654572E10;1421473
WINFUT;20/01/2025;09:30:00;147365,11;147539,20;147257,05;147401,13;2,095875495E10;710945
WINFUT;20/01/2025;09:00:00;147569,22;147959,42;147215,03;147371,11;3,299631321E10;1117799
WINFUT;17/01/2025;18:00:00;147785,33;147899,39;147527,19;147527,19;5461351267,00;184816
WINFUT;17/01/2025;17:30:00;147623,25;148301,60;147617,24;147785,33;1,78058697E10;602056
WINFUT;17/01/2025;17:00:00;147665,27;147665,27;147407,13;147623,25;1,381749727E10;468297
WINFUT;17/01/2025;16:30:00;147755,31;147857,37;147623,25;147665,27;8845049691,00;299346
WINFUT;17/01/2025;16:00:00;147827,35;147947,41;147743,31;147755,31;1,089326713E10;368425
WINFUT;17/01/2025;15:30:00;147701,29;147869,37;147623,25;147827,35;1,105294412E10;374014
WINFUT;17/01/2025;15:00:00;148157,52;148217,56;147587,23;147701,29;1,931948905E10;653253
WINFUT;17/01/2025;14:30:00;148211,55;148289,59;148037,46;148151,52;1,28440776E10;433419
WINFUT;17/01/2025;14:00:00;148175,53;148217,56;147959,42;148205,55;1,468791397E10;495850
WINFUT;17/01/2025;13:30:00;148151,52;148343,62;148073,48;148175,53;1,374902469E10;463740
WINFUT;17/01/2025;13:00:00;147989,44;148217,56;147971,43;148157,52;1,514755469E10;511394
WINFUT;17/01/2025;12:30:00;147845,36;148085,49;147773,32;147983,43;1,491312128E10;504078
WINFUT;17/01/2025;12:00:00;147563,21;147989,44;147515,19;147845,36;2,333688741E10;789277
WINFUT;17/01/2025;11:30:00;147106,98;147623,25;146980,91;147569,22;3,698152914E10;1254886
WINFUT;17/01/2025;11:00:00;146398,60;147106,98;146302,55;147106,98;3,493214737E10;1190144
WINFUT;17/01/2025;10:30:00;146380,59;146704,76;146302,55;146398,60;3,041238525E10;1038178
WINFUT;17/01/2025;10:00:00;147082,96;147203,03;146248,53;146374,59;4,585828966E10;1563549
WINFUT;17/01/2025;09:30:00;147191,02;147203,03;146734,78;147088,97;2,595876912E10;883148
WINFUT;17/01/2025;09:00:00;147155,00;147257,05;146734,78;147191,02;2,773960846E10;943621
WINFUT;16/01/2025;18:00:00;146566,69;146638,73;146392,60;146434,62;5599018835,00;191065
WINFUT;16/01/2025;17:30:00;146266,54;146854,84;146266,54;146560,69;1,587423316E10;541394
WINFUT;16/01/2025;17:00:00;146320,56;146464,64;146242,52;146260,53;1,18276433E10;404082
WINFUT;16/01/2025;16:30:00;146104,45;146314,56;146044,42;146314,56;1,255880346E10;429497
WINFUT;16/01/2025;16:00:00;146068,43;146152,48;146014,40;146104,45;9687498506,00;331555
WINFUT;16/01/2025;15:30:00;146152,48;146188,49;145990,39;146074,43;1,345991752E10;460674
WINFUT;16/01/2025;15:00:00;146296,55;146332,57;146092,44;146158,48;1,219749209E10;417095
WINFUT;16/01/2025;14:30:00;146584,70;146602,71;146146,47;146296,55;1,680200678E10;574069
WINFUT;16/01/2025;14:00:00;146578,70;146686,76;146458,64;146584,70;1,067584836E10;364209
WINFUT;16/01/2025;13:30:00;146494,65;146716,77;146488,65;146572,70;1,551023866E10;528935
WINFUT;16/01/2025;13:00:00;146758,79;146788,81;146410,61;146494,65;1,667175868E10;568705
WINFUT;16/01/2025;12:30:00;146812,82;146938,89;146608,71;146752,79;1,78576215E10;608514
WINFUT;16/01/2025;12:00:00;147070,96;147167,01;146746,79;146812,82;2,340022684E10;796105
WINFUT;16/01/2025;11:30:00;147389,12;147677,27;146926,88;147076,96;3,998479717E10;1357333
WINFUT;16/01/2025;11:00:00;147353,10;147581,22;147197,02;147395,13;2,803054331E10;950812
WINFUT;16/01/2025;10:30:00;147509,19;147851,36;147251,05;147347,10;3,842135495E10;1302256
WINFUT;16/01/2025;10:00:00;147821,35;147953,42;147353,10;147515,19;3,586295714E10;1214602
WINFUT;16/01/2025;09:30:00;148121,51;148121,51;147719,30;147827,35;2,403521299E10;812532
WINFUT;16/01/2025;09:00:00;147857,37;148181,54;147581,22;148121,51;3,617398619E10;1222726
WINFUT;15/01/2025;18:00:00;148433,67;148649,78;148241,57;148265,58;7898136340,00;265994
WINFUT;15/01/2025;17:30:00;148631,77;148649,78;148049,47;148439,67;2,13717066E10;720219
WINFUT;15/01/2025;17:00:00;147719,30;148829,88;147671,27;148631,77;3,572919484E10;1205497
WINFUT;15/01/2025;16:30:00;147287,07;147737,30;147239,04;147713,29;2,662884102E10;902782
WINFUT;15/01/2025;16:00:00;146806,82;147311,08;146764,80;147281,07;2,10733098E10;716535
WINFUT;15/01/2025;15:30:00;146716,77;146902,87;146686,76;146800,81;1,455433646E10;495712
WINFUT;15/01/2025;15:00:00;146458,64;146830,83;146422,62;146710,77;2,514428619E10;857246
WINFUT;15/01/2025;14:30:00;146308,56;146470,64;146266,54;146458,64;1,461545884E10;499307
WINFUT;15/01/2025;14:00:00;146386,60;146386,60;146188,49;146308,56;1,0200378E10;348651
WINFUT;15/01/2025;13:30:00;146056,43;146392,60;146020,41;146380,59;1,30775167E10;447256
WINFUT;15/01/2025;13:00:00;146014,40;146110,45;145918,35;146056,43;9807613304,00;335830
WINFUT;15/01/2025;12:30:00;146098,45;146134,47;145954,37;146008,40;1,344441529E10;460301
WINFUT;15/01/2025;12:00:00;146002,40;146194,50;145666,22;146098,45;2,961236692E10;1014637
WINFUT;15/01/2025;11:30:00;146326,57;146380,59;145846,32;145996,39;2,347192362E10;803426
WINFUT;15/01/2025;11:00:00;146368,59;146470,64;146056,43;146332,57;2,360422986E10;806971
WINFUT;15/01/2025;10:30:00;145534,15;146518,67;145504,14;146368,59;4,601917413E10;1573707
WINFUT;15/01/2025;10:00:00;145606,19;145786,28;145312,04;145528,15;3,429566318E10;1178078
WINFUT;15/01/2025;09:30:00;145270,01;145624,20;145252,00;145612,19;2,959636772E10;1017660
WINFUT;15/01/2025;09:00:00;144399,56;145330,05;144399,56;145276,02;2,710726966E10;934645
WINFUT;14/01/2025;18:00:00;144393,56;144525,62;144345,53;144465,59;3828217144,00;132541
WINFUT;14/01/2025;17:30:00;144303,51;144507,61;144183,45;144393,56;8872694247,00;307386
WINFUT;14/01/2025;17:00:00;144213,46;144309,51;144051,38;144303,51;9912575446,00;343826
WINFUT;14/01/2025;16:30:00;144267,49;144471,60;144147,43;144207,46;1,232982737E10;427204
WINFUT;14/01/2025;16:00:00;143961,33;144333,52;143925,31;144261,49;1,397137105E10;484609
WINFUT;14/01/2025;15:30:00;143913,30;144027,36;143829,26;143967,33;9290694567,00;322759
WINFUT;14/01/2025;15:00:00;143799,24;143997,35;143793,24;143913,30;9029257185,00;313721
WINFUT;14/01/2025;14:30:00;144033,37;144123,41;143769,23;143799,24;1,090818074E10;378822
WINFUT;14/01/2025;14:00:00;143931,31;144075,39;143703,19;144039,37;1,446476537E10;502678
WINFUT;14/01/2025;13:30:00;144069,39;144183,45;143871,28;143931,31;1,101200154E10;382382
WINFUT;14/01/2025;13:00:00;144189,45;144273,49;143985,34;144063,38;1,370675937E10;475450
WINFUT;14/01/2025;12:30:00;143949,32;144309,51;143949,32;144189,45;1,684044108E10;584202
WINFUT;14/01/2025;12:00:00;143547,11;143991,34;143511,09;143949,32;2,08545895E10;725303
WINFUT;14/01/2025;11:30:00;143174,92;143931,31;142940,80;143541,11;4,051162281E10;1412268
WINFUT;14/01/2025;11:00:00;144195,45;144201,45;143036,85;143174,92;3,740038331E10;1302803
WINFUT;14/01/2025;10:30:00;143703,19;144519,62;143391,03;144189,45;6,459910678E10;2243700
WINFUT;14/01/2025;10:00:00;144051,38;144171,44;143577,13;143703,19;3,390406612E10;1178013
WINFUT;14/01/2025;09:30:00;144285,50;144309,51;143991,34;144057,38;2,233978971E10;774936
WINFUT;14/01/2025;09:00:00;144351,53;144687,71;144195,45;144291,50;3,032220448E10;1049844
WINFUT;13/01/2025;18:00:00;143991,34;144045,37;143799,24;143799,24;4804709071,00;166880
WINFUT;13/01/2025;17:30:00;143973,34;144069,39;143949,32;143985,34;6961136340,00;241690
WINFUT;13/01/2025;17:00:00;143955,33;144027,36;143847,27;143967,33;9227259105,00;320549
WINFUT;13/01/2025;16:30:00;143967,33;144057,38;143871,28;143955,33;1,032790913E10;358705
WINFUT;13/01/2025;16:00:00;143973,34;144051,38;143811,25;143961,33;1,399672423E10;486172
WINFUT;13/01/2025;15:30:00;144015,36;144081,39;143925,31;143967,33;1,003165716E10;348297
WINFUT;13/01/2025;15:00:00;144033,37;144087,39;143907,30;144015,36;1,119677126E10;388806
WINFUT;13/01/2025;14:30:00;144009,35;144135,42;143919,31;144027,36;1,249935265E10;433902
WINFUT;13/01/2025;14:00:00;144189,45;144225,47;143901,30;144009,35;1,72104341E10;597317
WINFUT;13/01/2025;13:30:00;144657,69;144669,70;144177,44;144189,45;1,813206018E10;627894
WINFUT;13/01/2025;13:00:00;144597,66;144855,80;144561,64;144663,70;1,374446857E10;474977
WINFUT;13/01/2025;12:30:00;144609,67;144813,78;144543,63;144597,66;1,657516483E10;572821
WINFUT;13/01/2025;12:00:00;144423,57;144681,71;144339,53;144609,67;1,765128135E10;610695
WINFUT;13/01/2025;11:30:00;144039,37;144633,68;143991,34;144423,57;3,293739546E10;1140553
WINFUT;13/01/2025;11:00:00;143883,29;144213,46;143613,15;144039,37;2,787359074E10;968191
WINFUT;13/01/2025;10:30:00;143997,35;144159,43;143685,18;143889,29;3,332690037E10;1157976
WINFUT;13/01/2025;10:00:00;143925,31;144261,49;143853,27;143997,35;3,174564617E10;1101956
WINFUT;13/01/2025;09:30:00;144135,42;144273,49;143847,27;143919,31;2,199447813E10;763275
WINFUT;13/01/2025;09:00:00;143817,25;144135,42;143553,12;144135,42;2,813006915E10;977951
WINFUT;10/01/2025;18:00:00;143931,31;144249,48;143883,29;144135,42;5942075037,00;206282
WINFUT;10/01/2025;17:30:00;143949,32;144069,39;143811,25;143931,31;1,037074369E10;360234
WINFUT;10/01/2025;17:00:00;143985,34;143991,34;143757,22;143949,32;1,171724154E10;407256
WINFUT;10/01/2025;16:30:00;144243,48;144291,50;143949,32;143985,34;1,174846485E10;407604
WINFUT;10/01/2025;16:00:00;144339,53;144345,53;144099,40;144243,48;1,183037398E10;410187
WINFUT;10/01/2025;15:30:00;144309,51;144393,56;144111,41;144339,53;1,322331575E10;458371
WINFUT;10/01/2025;15:00:00;144249,48;144351,53;144099,40;144303,51;1,385691011E10;480444
WINFUT;10/01/2025;14:30:00;144009,35;144321,52;143961,33;144249,48;1,612177332E10;559257
WINFUT;10/01/2025;14:00:00;143877,29;144159,43;143691,19;144009,35;1,7133314E10;595241
WINFUT;10/01/2025;13:30:00;143769,23;144015,36;143703,19;143877,29;1,432578268E10;497803
WINFUT;10/01/2025;13:00:00;143829,26;143871,28;143661,17;143769,23;1,320549954E10;459239
WINFUT;10/01/2025;12:30:00;143793,24;143925,31;143721,20;143835,26;1,260603818E10;438211
WINFUT;10/01/2025;12:00:00;144081,39;144081,39;143673,18;143793,24;2,401503859E10;834830
WINFUT;10/01/2025;11:30:00;144195,45;144549,64;144021,36;144087,39;3,137818E10;1087497
WINFUT;10/01/2025;11:00:00;144357,54;144435,58;144069,39;144195,45;2,576100402E10;892883
WINFUT;10/01/2025;10:30:00;144855,80;144873,81;144183,45;144351,53;3,873093355E10;1341263
WINFUT;10/01/2025;10:00:00;145101,93;145209,98;144585,66;144855,80;3,234117401E10;1115897
WINFUT;10/01/2025;09:30:00;145191,97;145288,02;145065,91;145095,92;1,115429227E10;384182
WINFUT;10/01/2025;09:00:00;145408,09;145780,28;145035,89;145197,98;3,125964705E10;1075260
WINFUT;09/01/2025;18:00:00;145173,96;145209,98;144957,85;144975,86;4780776691,00;164777
WINFUT;09/01/2025;17:30:00;144945,84;145246,00;144897,82;145173,96;9845101490,00;339297
WINFUT;09/01/2025;17:00:00;145029,89;145065,91;144873,81;144945,84;7860352823,00;271103
WINFUT;09/01/2025;16:30:00;144975,86;145125,94;144855,80;145029,89;1,113545317E10;384014
WINFUT;09/01/2025;16:00:00;145119,94;145125,94;144855,80;144975,86;1,417544776E10;488946
WINFUT;09/01/2025;15:30:00;145221,99;145252,00;145065,91;145113,93;1,091993965E10;376154
WINFUT;09/01/2025;15:00:00;145366,06;145372,07;145221,99;145227,99;7358049728,00;253238
WINFUT;09/01/2025;14:30:00;145240,00;145390,08;145209,98;145360,06;9927757320,00;341668
WINFUT;09/01/2025;14:00:00;145324,04;145456,11;145191,97;145246,00;1,394486508E10;479678
WINFUT;09/01/2025;13:30:00;145179,97;145324,04;145131,94;145318,04;9529247301,00;328048
WINFUT;09/01/2025;13:00:00;145336,05;145342,05;145047,90;145179,97;1,484242859E10;511108
WINFUT;09/01/2025;12:30:00;145240,00;145390,08;145209,98;145336,05;1,264567303E10;435145
WINFUT;09/01/2025;12:00:00;145083,92;145264,01;145011,88;145240,00;1,686461735E10;580911
WINFUT;09/01/2025;11:30:00;144891,82;145191,97;144831,78;145089,92;2,192426683E10;755820
WINFUT;09/01/2025;11:00:00;145005,88;145029,89;144687,71;144891,82;2,774437533E10;957708
WINFUT;09/01/2025;10:30:00;145083,92;145209,98;144861,80;145011,88;3,057901406E10;1054258
WINFUT;09/01/2025;10:00:00;144849,79;145137,94;144771,75;145083,92;3,323253638E10;1146356
WINFUT;09/01/2025;09:30:00;144849,79;145011,88;144687,71;144843,79;1,996227111E10;689054
WINFUT;09/01/2025;09:00:00;145005,88;145191,97;144645,69;144843,79;3,764339749E10;1298885
WINFUT;08/01/2025;18:00:00;144789,76;145095,92;144747,74;145023,89;5606383156,00;193465
WINFUT;08/01/2025;17:30:00;144849,79;145005,88;144771,75;144789,76;9575942639,00;330515
WINFUT;08/01/2025;17:00:00;144555,64;144909,83;144549,64;144855,80;1,210297507E10;418117
WINFUT;08/01/2025;16:30:00;144855,80;144855,80;144519,62;144561,64;1,243065834E10;429667
WINFUT;08/01/2025;16:00:00;144765,75;144879,81;144699,72;144849,79;1,152521425E10;397997
WINFUT;08/01/2025;15:30:00;144813,78;144885,81;144627,68;144759,75;1,182426811E10;408463
WINFUT;08/01/2025;15:00:00;144849,79;144993,87;144699,72;144807,77;1,437018529E10;496041
WINFUT;08/01/2025;14:30:00;144807,77;145023,89;144771,75;144849,79;1,312049768E10;452791
WINFUT;08/01/2025;14:00:00;145221,99;145240,00;144747,74;144813,78;1,925258186E10;664106
WINFUT;08/01/2025;13:30:00;145161,96;145336,05;145077,91;145227,99;1,140177111E10;392589
WINFUT;08/01/2025;13:00:00;145312,04;145378,07;145119,94;145161,96;1,49712334E10;515432
WINFUT;08/01/2025;12:30:00;145258,01;145330,05;145059,90;145312,04;1,246048994E10;429077
WINFUT;08/01/2025;12:00:00;145089,92;145456,11;145077,91;145258,01;1,83941647E10;633079
WINFUT;08/01/2025;11:30:00;145456,11;145480,12;144945,84;145083,92;3,481733891E10;1198947
WINFUT;08/01/2025;11:00:00;145294,03;145522,15;145095,92;145456,11;2,536089185E10;872796
WINFUT;08/01/2025;10:30:00;145750,27;145834,31;145215,99;145300,03;3,628160913E10;1247311
WINFUT;08/01/2025;10:00:00;146056,43;146350,58;145720,25;145750,27;4,030178257E10;1379510
WINFUT;08/01/2025;09:30:00;145978,38;146182,49;145894,34;146056,43;2,145557496E10;734604
WINFUT;08/01/2025;09:00:00;146716,77;146896,87;145846,32;145978,38;4,016396404E10;1373252
WINFUT;07/01/2025;18:00:00;146860,85;147016,93;146806,82;146986,91;6196021171,00;210870
WINFUT;07/01/2025;17:30:00;146524,67;146866,85;146362,59;146860,85;1,315900257E10;448724
WINFUT;07/01/2025;17:00:00;146806,82;146884,86;146398,60;146530,67;1,370422611E10;467413
WINFUT;07/01/2025;16:30:00;146722,77;146962,90;146704,76;146812,82;1,173610775E10;399668
WINFUT;07/01/2025;16:00:00;146812,82;146866,85;146656,74;146722,77;1,154938613E10;393461
WINFUT;07/01/2025;15:30:00;147064,95;147100,97;146746,79;146818,82;1,528271161E10;520173
WINFUT;07/01/2025;15:00:00;147130,99;147305,08;147028,93;147064,95;1,230236353E10;417924
WINFUT;07/01/2025;14:30:00;147239,04;147311,08;147082,96;147136,99;1,166385086E10;396227
WINFUT;07/01/2025;14:00:00;147305,08;147413,14;147155,00;147245,05;1,560268051E10;529753
WINFUT;07/01/2025;13:30:00;147046,94;147347,10;146980,91;147305,08;1,609140094E10;546700
WINFUT;07/01/2025;13:00:00;147076,96;147311,08;146908,87;147052,95;1,700433401E10;577967
WINFUT;07/01/2025;12:30:00;147413,14;147503,18;147034,94;147070,96;1,984015058E10;673491
WINFUT;07/01/2025;12:00:00;146884,86;147485,17;146482,65;147413,14;3,98325309E10;1355684
WINFUT;07/01/2025;11:30:00;146608,71;147070,96;146554,69;146884,86;3,422532893E10;1165385
WINFUT;07/01/2025;11:00:00;146680,75;146986,91;146596,71;146614,72;3,036319009E10;1034513
WINFUT;07/01/2025;10:30:00;146614,72;146788,81;146278,54;146680,75;3,133194976E10;1069278
WINFUT;07/01/2025;10:00:00;146230,52;146734,78;146200,50;146614,72;3,776030588E10;1288631
WINFUT;07/01/2025;09:30:00;145852,32;146326,57;145714,25;146224,51;2,745747769E10;939868
WINFUT;07/01/2025;09:00:00;145348,05;145978,38;145173,96;145858,32;3,341246398E10;1147079
WINFUT;06/01/2025;18:00:00;145246,00;145450,11;145233,99;145372,07;4643391356,00;159725
WINFUT;06/01/2025;17:30:00;145209,98;145474,12;145173,96;145246,00;1,104989903E10;380305
WINFUT;06/01/2025;17:00:00;145215,99;145318,04;145113,93;145203,98;9463436623,00;325827
WINFUT;06/01/2025;16:30:00;145240,00;145288,02;145083,92;145215,99;1,025354244E10;353132
WINFUT;06/01/2025;16:00:00;145173,96;145348,05;145065,91;145240,00;9770594730,00;336404
WINFUT;06/01/2025;15:30:00;145065,91;145270,01;145059,90;145179,97;1,307638317E10;450374
WINFUT;06/01/2025;15:00:00;145276,02;145330,05;144939,84;145065,91;1,439539612E10;495982
WINFUT;06/01/2025;14:30:00;145516,14;145540,16;145149,95;145276,02;1,449072496E10;498547
WINFUT;06/01/2025;14:00:00;145606,19;145762,27;145438,10;145522,15;1,486209827E10;510334
WINFUT;06/01/2025;13:30:00;145438,10;145636,21;145366,06;145606,19;1,312573255E10;451058
WINFUT;06/01/2025;13:00:00;145276,02;145468,12;145035,89;145438,10;1,625361602E10;559548
WINFUT;06/01/2025;12:30:00;145306,03;145354,06;144981,86;145276,02;1,666868443E10;574164
WINFUT;06/01/2025;12:00:00;145564,17;145840,31;145161,96;145312,04;2,918654596E10;1003026
WINFUT;06/01/2025;11:30:00;145035,89;145600,19;144729,73;145558,16;3,460481451E10;1191858
WINFUT;06/01/2025;11:00:00;145246,00;145732,26;144783,76;145035,89;4,487008018E10;1544451
WINFUT;06/01/2025;10:30:00;145390,08;145516,14;145107,93;145246,00;2,680514343E10;922279
WINFUT;06/01/2025;10:00:00;145185,97;145576,17;145053,90;145390,08;4,036411874E10;1388659
WINFUT;06/01/2025;09:30:00;144753,74;145209,98;144567,65;145185,97;2,386345863E10;823560
WINFUT;06/01/2025;09:00:00;143985,34;144843,79;143865,28;144753,74;3,217119651E10;1113068
WINFUT;03/01/2025;18:00:00;143547,11;143697,19;143451,06;143475,07;5042800265,00;175617
WINFUT;03/01/2025;17:30:00;143727,21;143745,22;143517,10;143541,11;9072430961,00;315842
WINFUT;03/01/2025;17:00:00;143637,16;143835,26;143625,15;143727,21;7527950605,00;261854
WINFUT;03/01/2025;16:30:00;143721,20;143793,24;143565,12;143637,16;9195031672,00;319944
WINFUT;03/01/2025;16:00:00;143727,21;143907,30;143661,17;143727,21;1,161770731E10;404024
WINFUT;03/01/2025;15:30:00;143907,30;143925,31;143703,19;143727,21;8466966899,00;294383
WINFUT;03/01/2025;15:00:00;143721,20;143931,31;143643,16;143907,30;1,201885743E10;417864
WINFUT;03/01/2025;14:30:00;144171,44;144189,45;143631,16;143715,20;2,100974088E10;729950
WINFUT;03/01/2025;14:00:00;144051,38;144249,48;144009,35;144171,44;1,180866E10;409593
WINFUT;03/01/2025;13:30:00;144225,47;144249,48;143979,34;144051,38;1,470187339E10;510101
WINFUT;03/01/2025;13:00:00;144459,59;144471,60;144135,42;144225,47;1,639760913E10;568277
WINFUT;03/01/2025;12:30:00;144495,61;144723,73;144435,58;144453,59;1,442646821E10;498927
WINFUT;03/01/2025;12:00:00;144705,72;144735,73;144339,53;144489,61;1,933154296E10;669029
WINFUT;03/01/2025;11:30:00;144693,71;144957,85;144585,66;144711,72;2,374974103E10;820267
WINFUT;03/01/2025;11:00:00;145264,01;145282,02;144561,64;144693,71;3,08302235E10;1064452
WINFUT;03/01/2025;10:30:00;145540,16;145546,16;145011,88;145264,01;2,767246292E10;952753
WINFUT;03/01/2025;10:00:00;145101,93;145954,37;145065,91;145534,15;4,738913016E10;1627624
WINFUT;03/01/2025;09:30:00;145288,02;145300,03;144933,84;145101,93;1,66789743E10;574705
WINFUT;03/01/2025;09:00:00;145594,18;145780,28;145125,94;145294,03;2,621555089E10;901977
WINFUT;02/01/2025;18:00:00;145732,26;145834,31;145642,21;145708,24;4354470282,00;149396
WINFUT;02/01/2025;17:30:00;145834,31;145900,34;145702,24;145732,26;8506252423,00;291718
WINFUT;02/01/2025;17:00:00;145624,20;145888,34;145444,10;145834,31;1,391704334E10;477740
WINFUT;02/01/2025;16:30:00;145828,31;145888,34;145612,19;145630,20;1,00612472E10;345193
WINFUT;02/01/2025;16:00:00;145804,29;145840,31;145576,17;145834,31;1,189615543E10;408196
WINFUT;02/01/2025;15:30:00;145672,22;145882,33;145630,20;145804,29;1,162433729E10;398794
WINFUT;02/01/2025;15:00:00;145804,29;145918,35;145588,18;145678,23;1,710154009E10;586754
WINFUT;02/01/2025;14:30:00;145834,31;145858,32;145534,15;145804,29;1,914785819E10;657110
WINFUT;02/01/2025;14:00:00;146284,54;146332,57;145816,30;145834,31;1,67450813E10;573194
WINFUT;02/01/2025;13:30:00;146248,53;146446,63;146056,43;146284,54;1,868246071E10;638791
WINFUT;02/01/2025;13:00:00;146230,52;146434,62;145936,36;146254,53;2,311677265E10;790556
WINFUT;02/01/2025;12:30:00;145786,28;146314,56;145594,18;146236,52;2,483604478E10;851249
WINFUT;02/01/2025;12:00:00;145294,03;145840,31;145288,02;145786,28;2,152922077E10;739577
WINFUT;02/01/2025;11:30:00;144489,61;145570,17;144471,60;145288,02;3,057747563E10;1053303
WINFUT;02/01/2025;11:00:00;144801,77;144855,80;144435,58;144495,61;2,098201086E10;725328
WINFUT;02/01/2025;10:30:00;145390,08;145408,09;144543,63;144801,77;3,116135551E10;1075546
WINFUT;02/01/2025;10:00:00;145606,19;145756,27;145366,06;145384,07;2,33742633E10;803015
WINFUT;02/01/2025;09:30:00;146140,47;146170,48;145342,05;145606,19;2,420833279E10;831193
WINFUT;02/01/2025;09:00:00;146224,51;146926,88;146044,42;146140,47;2,328995664E10;795316
WINFUT;30/12/2024;18:00:00;146062,43;146158,48;145888,34;146020,41;4789016597,00;164013
WINFUT;30/12/2024;17:30:00;146254,53;146266,54;145954,37;146068,43;1,013132933E10;346664
WINFUT;30/12/2024;17:00:00;146110,45;146470,64;146068,43;146260,53;9650860045,00;329991
WINFUT;30/12/2024;16:30:00;145996,39;146128,46;145918,35;146104,45;8167072824,00;279624
WINFUT;30/12/2024;16:00:00;146044,42;146158,48;145954,37;145996,39;9172967109,00;314031
WINFUT;30/12/2024;15:30:00;145936,36;146146,47;145912,35;146050,42;8849039911,00;303000
WINFUT;30/12/2024;15:00:00;145960,38;146038,42;145882,33;145936,36;7204758741,00;246794
WINFUT;30/12/2024;14:30:00;145858,32;146056,43;145792,29;145960,38;1,134418249E10;388715
WINFUT;30/12/2024;14:00:00;145852,32;146044,42;145798,29;145858,32;1,490558926E10;510762
WINFUT;30/12/2024;13:30:00;146122,46;146146,47;145768,27;145852,32;1,759598859E10;602740
WINFUT;30/12/2024;13:00:00;146074,43;146230,52;145810,30;146122,46;1,771510903E10;606608
WINFUT;30/12/2024;12:30:00;146554,69;146590,70;145996,39;146068,43;1,818593837E10;621864
WINFUT;30/12/2024;12:00:00;146194,50;146656,74;146164,48;146548,68;1,809158619E10;617872
WINFUT;30/12/2024;11:30:00;146428,62;146554,69;146140,47;146200,50;2,205181113E10;753455
WINFUT;30/12/2024;11:00:00;146518,67;146764,80;146350,58;146428,62;1,795621229E10;612706
WINFUT;30/12/2024;10:30:00;146398,60;146968,90;146356,58;146524,67;3,257183434E10;1110378
WINFUT;30/12/2024;10:00:00;146302,55;146500,66;146098,45;146398,60;2,773595117E10;948056
WINFUT;30/12/2024;09:30:00;146272,54;146380,59;146068,43;146296,55;2,025446056E10;692498
WINFUT;30/12/2024;09:00:00;145882,33;146326,57;145810,30;146272,54;2,107617249E10;721426
WINFUT;27/12/2024;18:00:00;145804,29;146128,46;145642,21;145918,35;6905347022,00;236759
WINFUT;27/12/2024;17:30:00;146116,46;146128,46;145702,24;145804,29;1,234938587E10;423184
WINFUT;27/12/2024;17:00:00;145936,36;146182,49;145924,36;146110,45;1,129154838E10;386575
WINFUT;27/12/2024;16:30:00;146080,44;146080,44;145822,30;145942,37;9039177442,00;309706
WINFUT;27/12/2024;16:00:00;146020,41;146104,45;145882,33;146074,43;1,134567532E10;388613
WINFUT;27/12/2024;15:30:00;146200,50;146308,56;145978,38;146026,41;1,27789883E10;437232
WINFUT;27/12/2024;15:00:00;146374,59;146512,66;146170,48;146200,50;1,274233138E10;435323
WINFUT;27/12/2024;14:30:00;146260,53;146446,63;146164,48;146380,59;1,29413403E10;442307
WINFUT;27/12/2024;14:00:00;146434,62;146476,65;146248,53;146266,54;1,081203288E10;369330
WINFUT;27/12/2024;13:30:00;146620,72;146752,79;146314,56;146428,62;1,336529024E10;456017
WINFUT;27/12/2024;13:00:00;146602,71;146722,77;146476,65;146614,72;1,001560845E10;341648
WINFUT;27/12/2024;12:30:00;146542,68;146908,87;146512,66;146596,71;1,693628783E10;577286
WINFUT;27/12/2024;12:00:00;146872,85;146872,85;146398,60;146548,68;2,355553825E10;803364
WINFUT;27/12/2024;11:30:00;146602,71;147275,06;146554,69;146866,85;2,583987115E10;878914
WINFUT;27/12/2024;11:00:00;146560,69;146842,84;146554,69;146596,71;1,905689231E10;649550
WINFUT;27/12/2024;10:30:00;147311,08;147371,11;146506,66;146566,69;2,791871963E10;950215
WINFUT;27/12/2024;10:00:00;147647,26;147767,32;147136,99;147311,08;3,096645202E10;1050047
WINFUT;27/12/2024;09:30:00;147359,11;147737,30;147269,06;147647,26;2,270883697E10;769672
WINFUT;27/12/2024;09:00:00;147082,96;147437,15;146728,78;147353,10;2,945551224E10;1001687
WINFUT;26/12/2024;18:00:00;147173,01;147281,07;147070,96;147245,05;5480448692,00;186194
WINFUT;26/12/2024;17:30:00;147269,06;147269,06;146902,87;147179,01;1,176715144E10;400048
WINFUT;26/12/2024;17:00:00;147269,06;147347,10;147124,98;147269,06;9362696148,00;317954
WINFUT;26/12/2024;16:30:00;147245,05;147305,08;147112,98;147275,06;9765671446,00;331684
WINFUT;26/12/2024;16:00:00;147383,12;147383,12;147185,02;147245,05;1,124767474E10;381885
WINFUT;26/12/2024;15:30:00;147521,19;147593,23;147353,10;147383,12;1,18322896E10;401205
WINFUT;26/12/2024;15:00:00;147407,13;147641,25;147311,08;147527,19;1,592322649E10;539836
WINFUT;26/12/2024;14:30:00;147269,06;147497,18;147161,00;147407,13;1,636674693E10;555391
WINFUT;26/12/2024;14:00:00;147335,09;147371,11;147094,97;147269,06;1,318412615E10;447777
WINFUT;26/12/2024;13:30:00;147773,32;147785,33;147287,07;147329,09;1,339213557E10;453921
WINFUT;26/12/2024;13:00:00;147293,07;147809,34;147287,07;147773,32;1,703210086E10;577060
WINFUT;26/12/2024;12:30:00;147179,01;147305,08;147106,98;147299,08;1,227797263E10;417068
WINFUT;26/12/2024;12:00:00;147118,98;147335,09;146938,89;147179,01;1,726797768E10;586734
WINFUT;26/12/2024;11:30:00;146854,84;147317,08;146692,76;147118,98;2,629492168E10;894421
WINFUT;26/12/2024;11:00:00;146620,72;146860,85;146518,67;146854,84;1,723165447E10;587411
WINFUT;26/12/2024;10:30:00;146722,77;146818,82;146374,59;146614,72;2,7411433E10;934853
WINFUT;26/12/2024;10:00:00;146854,84;147179,01;146608,71;146728,78;3,127401459E10;1064702
WINFUT;26/12/2024;09:30:00;146506,66;147130,99;146482,65;146848,84;2,282574154E10;777014
WINFUT;26/12/2024;09:00:00;146722,77;146848,84;146068,43;146512,66;2,793086547E10;954483
WINFUT;23/12/2024;18:00:00;147088,97;147118,98;146590,70;146686,76;8364432379,00;284844
WINFUT;23/12/2024;17:30:00;147161,00;147317,08;147016,93;147088,97;1,141475591E10;387811
WINFUT;23/12/2024;17:00:00;147449,15;147461,16;147100,97;147167,01;1,194097529E10;405503
WINFUT;23/12/2024;16:30:00;147377,12;147485,17;147347,10;147449,15;8438801211,00;286210
WINFUT;23/12/2024;16:00:00;147461,16;147515,19;147233,04;147377,12;1,141408252E10;387300
WINFUT;23/12/2024;15:30:00;147142,99;147473,17;147064,95;147461,16;1,184179717E10;402091
WINFUT;23/12/2024;15:00:00;147227,04;147233,04;147046,94;147142,99;1,026159235E10;348726
WINFUT;23/12/2024;14:30:00;147209,03;147341,10;147010,92;147227,04;1,253910526E10;425968
WINFUT;23/12/2024;14:00:00;147329,09;147341,10;147028,93;147209,03;1,252548271E10;425478
WINFUT;23/12/2024;13:30:00;147124,98;147359,11;147094,97;147323,09;1,020552538E10;346562
WINFUT;23/12/2024;13:00:00;147112,98;147203,03;146998,92;147118,98;9019140021,00;306580
WINFUT;23/12/2024;12:30:00;147004,92;147233,04;146914,87;147112,98;1,638826324E10;557089
WINFUT;23/12/2024;12:00:00;147070,96;147130,99;146728,78;146998,92;2,199050133E10;748391
WINFUT;23/12/2024;11:30:00;147773,32;147833,36;147016,93;147064,95;2,5931138E10;879978
WINFUT;23/12/2024;11:00:00;147611,24;147863,37;147329,09;147767,32;2,205334295E10;746980
WINFUT;23/12/2024;10:30:00;147587,23;147809,34;147407,13;147605,24;2,274184681E10;770472
WINFUT;23/12/2024;10:00:00;147515,19;148091,49;147377,12;147587,23;3,607689892E10;1220739
WINFUT;23/12/2024;09:30:00;147527,19;147635,25;147215,03;147509,19;1,999864075E10;678181
WINFUT;23/12/2024;09:00:00;148217,56;148361,63;147521,19;147527,19;2,509121792E10;848113
WINFUT;20/12/2024;18:00:00;148265,58;148853,89;148247,57;148811,87;8690427168,00;292350
WINFUT;20/12/2024;17:30:00;148289,59;148523,72;148121,51;148265,58;1,270201385E10;428325
WINFUT;20/12/2024;17:00:00;148337,62;148499,70;148193,54;148289,59;1,113226795E10;375186
WINFUT;20/12/2024;16:30:00;148745,83;148823,87;148307,60;148337,62;1,227891194E10;413307
WINFUT;20/12/2024;16:00:00;148529,72;148793,86;148457,68;148745,83;1,172178262E10;394309
WINFUT;20/12/2024;15:30:00;148253,57;148817,87;148067,48;148529,72;2,435648744E10;820106
WINFUT;20/12/2024;15:00:00;147947,41;148439,67;147623,25;148259,58;2,782834844E10;940017
WINFUT;20/12/2024;14:30:00;147533,20;148049,47;147329,09;147947,41;2,067388852E10;699583
WINFUT;20/12/2024;14:00:00;147467,16;147707,29;147401,13;147527,19;1,280111674E10;433759
WINFUT;20/12/2024;13:30:00;147485,17;147689,28;147401,13;147467,16;1,334099588E10;452124
WINFUT;20/12/2024;13:00:00;147611,24;147653,26;147371,11;147485,17;1,481230359E10;502081
WINFUT;20/12/2024;12:30:00;147635,25;147869,37;147461,16;147611,24;1,772086562E10;600000
WINFUT;20/12/2024;12:00:00;147491,18;147791,33;147455,16;147635,25;1,800134807E10;609581
WINFUT;20/12/2024;11:30:00;147587,23;147875,38;147293,07;147485,17;2,972534369E10;1007161
WINFUT;20/12/2024;11:00:00;147106,98;147857,37;147094,97;147587,23;3,216910488E10;1089913
WINFUT;20/12/2024;10:30:00;147155,00;147449,15;146920,88;147112,98;3,053086389E10;1037077
WINFUT;20/12/2024;10:00:00;147353,10;147413,14;146938,89;147149,00;2,879851929E10;978267
WINFUT;20/12/2024;09:30:00;147136,99;147509,19;147022,93;147353,10;2,176244713E10;738928
WINFUT;20/12/2024;09:00:00;147197,02;147779,33;146962,90;147136,99;3,292438281E10;1117193
WINFUT;19/12/2024;18:00:00;147863,37;147875,38;147587,23;147665,27;6256271571,00;211781
WINFUT;19/12/2024;17:30:00;147593,23;148247,57;147557,21;147869,37;1,686118046E10;570115
WINFUT;19/12/2024;17:00:00;147521,19;147719,30;147461,16;147593,23;1,22781636E10;416013
WINFUT;19/12/2024;16:30:00;147863,37;147875,38;147437,15;147521,19;1,672780508E10;566601
WINFUT;19/12/2024;16:00:00;148097,49;148175,53;147833,36;147869,37;1,354211714E10;457576
WINFUT;19/12/2024;15:30:00;147809,34;148205,55;147797,34;148097,49;1,619200878E10;546937
WINFUT;19/12/2024;15:00:00;148181,54;148205,55;147791,33;147809,34;1,573344912E10;531350
WINFUT;19/12/2024;14:30:00;148085,49;148343,62;148013,45;148181,54;1,251976049E10;422450
WINFUT;19/12/2024;14:00:00;147929,41;148187,54;147905,39;148085,49;1,7064937E10;576395
WINFUT;19/12/2024;13:30:00;148253,57;148577,74;147923,40;147929,41;2,05940541E10;694348
WINFUT;19/12/2024;13:00:00;148175,53;148295,60;147929,41;148253,57;1,645569469E10;555602
WINFUT;19/12/2024;12:30:00;148181,54;148265,58;147935,41;148175,53;1,876443986E10;633581
WINFUT;19/12/2024;12:00:00;148265,58;148271,58;147647,26;148181,54;2,965770864E10;1002573
WINFUT;19/12/2024;11:30:00;148163,53;148403,65;147761,32;148259,58;3,460237678E10;1168189
WINFUT;19/12/2024;11:00:00;148073,48;148493,70;147863,37;148157,52;4,362369574E10;1471944
WINFUT;19/12/2024;10:30:00;148019,45;148331,62;147629,25;148073,48;4,619972342E10;1561522
WINFUT;19/12/2024;10:00:00;148109,50;148259,58;147557,21;148013,45;4,569494233E10;1544614
WINFUT;19/12/2024;09:30:00;148061,47;148331,62;147989,44;148103,50;2,137079464E10;721247
WINFUT;19/12/2024;09:00:00;148697,81;148763,84;147965,42;148061,47;3,192177903E10;1076549
WINFUT;18/12/2024;18:00:00;147371,11;148361,63;147136,99;147887,38;1,09066606E10;369528
WINFUT;18/12/2024;17:30:00;147623,25;147677,27;146530,67;147371,11;3,173044003E10;1078571
WINFUT;18/12/2024;17:00:00;147545,20;148013,45;147299,08;147629,25;2,907303796E10;984940
WINFUT;18/12/2024;16:30:00;148373,64;148523,72;147425,14;147545,20;3,162100055E10;1068392
WINFUT;18/12/2024;16:00:00;148853,89;148859,89;148223,56;148373,64;2,688323488E10;905389
WINFUT;18/12/2024;15:30:00;149148,04;149190,07;148745,83;148847,89;1,54226595E10;517852
WINFUT;18/12/2024;15:00:00;148937,93;149292,12;148937,93;149142,04;2,25177819E10;754934
WINFUT;18/12/2024;14:30:00;148949,94;149033,98;148703,81;148937,93;1,768189391E10;593773
WINFUT;18/12/2024;14:00:00;148895,91;149136,04;148763,84;148949,94;1,909234821E10;641084
WINFUT;18/12/2024;13:30:00;149256,10;149364,16;148889,91;148895,91;2,009209704E10;673669
WINFUT;18/12/2024;13:00:00;149358,15;149580,27;149214,08;149262,10;1,749376401E10;585507
WINFUT;18/12/2024;12:30:00;149502,23;149766,37;149238,09;149352,15;2,374167733E10;794193
WINFUT;18/12/2024;12:00:00;149952,46;149988,48;149274,11;149502,23;3,166904376E10;1058706
WINFUT;18/12/2024;11:30:00;150582,79;150660,83;149922,45;149952,46;3,342799208E10;1111969
WINFUT;18/12/2024;11:00:00;150756,88;150973,00;150564,78;150582,79;2,534780164E10;840612
WINFUT;18/12/2024;10:30:00;150894,96;151333,19;150642,83;150750,88;2,940696943E10;973752
WINFUT;18/12/2024;10:00:00;151081,05;151309,17;150786,90;150894,96;3,124652793E10;1034323
WINFUT;18/12/2024;09:30:00;151837,45;151873,47;151051,04;151081,05;3,005913493E10;992689
WINFUT;18/12/2024;09:00:00;152185,63;152515,81;151831,45;151837,45;3,377584732E10;1110039
WINFUT;17/12/2024;18:00:00;152573,08;152585,27;152231,71;152359,72;7106250839,00;233183
WINFUT;17/12/2024;17:30:00;152335,34;152615,75;152213,42;152573,08;1,51863699E10;498216
WINFUT;17/12/2024;17:00:00;151676,99;152396,30;151670,89;152341,44;1,655893915E10;544352
WINFUT;17/12/2024;16:30:00;151963,49;152042,74;151640,41;151676,99;1,567965089E10;516196
WINFUT;17/12/2024;16:00:00;152036,64;152396,30;151939,11;151963,49;1,8948855E10;622813
WINFUT;17/12/2024;15:30:00;152176,85;152286,57;151829,38;152036,64;2,077650746E10;683110
WINFUT;17/12/2024;15:00:00;152371,92;152920,54;152048,84;152182,94;3,353654379E10;1099650
WINFUT;17/12/2024;14:30:00;151744,04;152390,20;151664,80;152371,92;2,226087466E10;732414
WINFUT;17/12/2024;14:00:00;152262,19;152292,67;151579,45;151744,04;2,460311349E10;809535
WINFUT;17/12/2024;13:30:00;151872,06;152762,05;151701,37;152262,19;3,869586634E10;1271276
WINFUT;17/12/2024;13:00:00;151475,83;151963,49;151366,10;151872,06;2,380129493E10;784938
WINFUT;17/12/2024;12:30:00;151439,25;151622,13;151140,55;151469,73;2,605837215E10;860559
WINFUT;17/12/2024;12:00:00;151049,12;151591,65;150915,01;151439,25;3,5163114E10;1163253
WINFUT;17/12/2024;11:30:00;151280,76;151420,96;150805,28;151043,02;3,54974383E10;1174559
WINFUT;17/12/2024;11:00:00;151756,23;151829,38;151213,70;151274,66;3,364496104E10;1110448
WINFUT;17/12/2024;10:30:00;150756,51;151798,91;150750,42;151750,14;3,667713451E10;1212096
WINFUT;17/12/2024;10:00:00;151231,99;151268,57;150665,08;150756,51;3,243122352E10;1074259
WINFUT;17/12/2024;09:30:00;151396,58;151445,35;150896,72;151238,09;3,636847008E10;1203010
WINFUT;17/12/2024;09:00:00;150598,02;151628,22;150561,45;151396,58;3,830375961E10;1267072
WINFUT;16/12/2024;18:00:00;150677,27;150835,76;150348,09;150518,78;9337273161,00;309974
WINFUT;16/12/2024;17:30:00;151073,50;151152,74;150579,73;150671,17;1,888380807E10;626023
WINFUT;16/12/2024;17:00:00;151524,59;151555,07;151030,83;151073,50;1,770112671E10;585032
WINFUT;16/12/2024;16:30:00;151744,04;151786,71;151433,15;151518,50;1,506304423E10;496874
WINFUT;16/12/2024;16:00:00;151939,11;151957,40;151707,47;151750,14;1,100864137E10;362575
WINFUT;16/12/2024;15:30:00;151933,01;152036,64;151847,67;151945,21;1,246550318E10;410183
WINFUT;16/12/2024;15:00:00;151939,11;152121,99;151853,77;151939,11;1,51708402E10;499132
WINFUT;16/12/2024;14:30:00;152018,36;152030,55;151798,91;151939,11;1,690424956E10;556395
WINFUT;16/12/2024;14:00:00;152146,37;152256,09;151969,59;152018,36;1,94236185E10;638448
WINFUT;16/12/2024;13:30:00;151914,73;152182,94;151908,63;152152,46;1,547698258E10;508897
WINFUT;16/12/2024;13:00:00;151975,68;152024,45;151841,58;151914,73;1,334163505E10;439061
WINFUT;16/12/2024;12:30:00;151774,52;152079,31;151591,65;151981,78;1,92265421E10;633184
WINFUT;16/12/2024;12:00:00;152030,55;152054,93;151701,37;151780,62;1,953807593E10;643333
WINFUT;16/12/2024;11:30:00;151646,51;152182,94;151536,78;152036,64;3,560894075E10;1172213
WINFUT;16/12/2024;11:00:00;152134,18;152146,37;151616,03;151646,51;3,623100792E10;1192993
WINFUT;16/12/2024;10:30:00;152323,15;152408,49;152042,74;152134,18;2,525600031E10;829560
WINFUT;16/12/2024;10:00:00;152292,67;152420,68;151951,30;152323,15;3,12637909E10;1027310
WINFUT;16/12/2024;09:30:00;152079,31;152378,01;151914,73;152292,67;3,598795313E10;1182466
WINFUT;16/12/2024;09:00:00;152164,66;152384,11;151829,38;152079,31;3,444464836E10;1132678
WINFUT;13/12/2024;18:00:00;152067,12;152603,56;151963,49;152396,30;8562961665,00;281301
WINFUT;13/12/2024;17:30:00;152054,93;152170,75;151896,44;152067,12;1,457139316E10;479265
WINFUT;13/12/2024;17:00:00;152560,89;152579,17;152048,84;152054,93;1,948643566E10;639632
WINFUT;13/12/2024;16:30:00;152798,62;152810,82;152542,60;152560,89;1,232428132E10;403636
WINFUT;13/12/2024;16:00:00;152896,16;152938,83;152670,61;152804,72;1,467853976E10;480278
WINFUT;13/12/2024;15:30:00;152896,16;153018,08;152853,49;152902,25;1,094394557E10;357806
WINFUT;13/12/2024;15:00:00;152963,21;153085,13;152731,57;152890,06;1,900310604E10;621401
WINFUT;13/12/2024;14:30:00;153286,29;153341,16;152621,85;152963,21;3,745661076E10;1223953
WINFUT;13/12/2024;14:00:00;153347,25;153450,88;153133,90;153280,20;1,542876964E10;503280
WINFUT;13/12/2024;13:30:00;153280,20;153456,98;153194,86;153353,35;1,410916268E10;460084
WINFUT;13/12/2024;13:00:00;153152,18;153359,44;152981,50;153280,20;2,055401896E10;670866
WINFUT;13/12/2024;12:30:00;152938,83;153231,43;152877,87;153152,18;1,746236764E10;570355
WINFUT;13/12/2024;12:00:00;153152,18;153194,86;152823,01;152932,73;2,067489313E10;675732
WINFUT;13/12/2024;11:30:00;153524,03;153597,18;152975,40;153152,18;3,441254029E10;1122965
WINFUT;13/12/2024;11:00:00;153517,94;153731,29;153359,44;153524,03;3,07346469E10;1000755
WINFUT;13/12/2024;10:30:00;153816,63;153956,84;153438,69;153511,84;3,469339173E10;1128454
WINFUT;13/12/2024;10:00:00;153816,63;154005,60;153511,84;153822,73;4,331137263E10;1408336
WINFUT;13/12/2024;09:30:00;153908,07;153932,45;153670,33;153810,54;2,520048022E10;819219
WINFUT;13/12/2024;09:00:00;153987,32;154286,01;153554,51;153908,07;4,572101141E10;1485868
WINFUT;12/12/2024;18:00:00;153999,51;154097,04;153652,04;153932,45;9138529695,00;297036
WINFUT;12/12/2024;17:30:00;154005,60;154346,97;153865,40;153999,51;1,847639513E10;599393
WINFUT;12/12/2024;17:00:00;153993,41;154438,41;153981,22;154005,60;2,468561352E10;800474
WINFUT;12/12/2024;16:30:00;153761,77;154438,41;153554,51;153987,32;3,961653457E10;1287086
WINFUT;12/12/2024;16:00:00;153975,12;154036,08;153706,91;153767,87;1,967356226E10;639341
WINFUT;12/12/2024;15:30:00;154084,85;154273,82;153920,26;153981,22;2,163659161E10;702058
WINFUT;12/12/2024;15:00:00;154139,71;154206,77;153944,65;154090,95;1,68486186E10;546784
WINFUT;12/12/2024;14:30:00;154298,20;154353,07;153999,51;154133,62;2,612855536E10;847510
WINFUT;12/12/2024;14:00:00;154578,61;154584,71;154194,57;154298,20;2,784708952E10;901910
WINFUT;12/12/2024;13:30:00;154791,97;154889,50;154548,13;154578,61;1,80664896E10;583749
WINFUT;12/12/2024;13:00:00;154615,19;154834,64;154596,90;154791,97;1,654982651E10;534752
WINFUT;12/12/2024;12:30:00;154846,83;154859,02;154499,37;154615,19;2,8254555E10;913380
WINFUT;12/12/2024;12:00:00;155224,77;155255,25;154688,34;154846,83;2,717282003E10;876989
WINFUT;12/12/2024;11:30:00;155316,21;155340,60;154889,50;155224,77;3,736121997E10;1204213
WINFUT;12/12/2024;11:00:00;155584,43;155590,53;155084,57;155322,31;4,320571328E10;1391049
WINFUT;12/12/2024;10:30:00;155986,76;156053,81;155517,37;155590,53;3,621082762E10;1162684
WINFUT;12/12/2024;10:00:00;156657,30;156718,26;155816,07;155986,76;4,484095839E10;1433983
WINFUT;12/12/2024;09:30:00;157315,65;157370,51;156639,01;156657,30;3,405796404E10;1085171
WINFUT;12/12/2024;09:00:00;158809,13;159077,35;157016,95;157309,56;6,063604696E10;1922759
WINFUT;11/12/2024;18:00:00;158376,33;158827,42;158217,84;158559,20;9781744826,00;308606
WINFUT;11/12/2024;17:30:00;158559,20;158595,78;157717,98;158376,33;2,66893071E10;843810
WINFUT;11/12/2024;17:00:00;158876,19;159357,76;158547,01;158565,30;2,781340515E10;875236
WINFUT;11/12/2024;16:30:00;156029,43;160064,88;156017,23;158882,29;8,35604545E10;2634418
WINFUT;11/12/2024;16:00:00;155834,36;156041,62;155828,26;156023,33;9957511869,00;319322
WINFUT;11/12/2024;15:30:00;156029,43;156035,52;155749,02;155834,36;1,491652793E10;478499
WINFUT;11/12/2024;15:00:00;156078,19;156108,67;155822,17;156023,33;1,48545455E10;476230
WINFUT;11/12/2024;14:30:00;156096,48;156151,34;155956,28;156078,19;1,263794719E10;404910
WINFUT;11/12/2024;14:00:00;156041,62;156163,54;155883,13;156096,48;1,693197484E10;542606
WINFUT;11/12/2024;13:30:00;155998,95;156194,01;155980,66;156035,52;1,287863317E10;412529
WINFUT;11/12/2024;13:00:00;156023,33;156206,21;155931,89;155992,85;2,389144093E10;765364
WINFUT;11/12/2024;12:30:00;155761,21;156029,43;155633,20;156017,23;1,955272248E10;627477
WINFUT;11/12/2024;12:00:00;155925,80;155968,47;155474,70;155761,21;2,889740476E10;928159
WINFUT;11/12/2024;11:30:00;156590,24;156596,34;155834,36;155919,70;3,922261535E10;1255944
WINFUT;11/12/2024;11:00:00;156462,23;156803,60;156456,14;156590,24;3,19302727E10;1019244
WINFUT;11/12/2024;10:30:00;157029,15;157224,21;156425,66;156462,23;4,784101039E10;1525958
WINFUT;11/12/2024;10:00:00;156748,74;157303,46;156608,53;157035,24;5,695999747E10;1814815
WINFUT;11/12/2024;09:30:00;156693,87;156840,17;156511,00;156748,74;3,202231255E10;1021991
WINFUT;11/12/2024;09:00:00;156370,79;156943,80;156224,49;156693,87;4,023080791E10;1284263
WINFUT;10/12/2024;18:00:00;156632,92;156687,78;156541,48;156620,72;5949338832,00;189926
WINFUT;10/12/2024;17:30:00;156669,49;156718,26;156559,77;156626,82;1,097755064E10;350395
WINFUT;10/12/2024;17:00:00;156529,29;156760,93;156492,71;156669,49;1,539938477E10;491692
WINFUT;10/12/2024;16:30:00;156309,84;156584,15;156303,74;156529,29;1,258083682E10;402039
WINFUT;10/12/2024;16:00:00;156187,92;156443,94;156114,77;156309,84;1,318010251E10;421675
WINFUT;10/12/2024;15:30:00;156200,11;156285,45;156145,25;156187,92;7422195907,00;237573
WINFUT;10/12/2024;15:00:00;156267,16;156340,31;156120,86;156200,11;1,206310341E10;386030
WINFUT;10/12/2024;14:30:00;156273,26;156322,03;156059,91;156267,16;1,461465117E10;467842
WINFUT;10/12/2024;14:00:00;156236,69;156364,70;156194,01;156273,26;1,509582202E10;482952
WINFUT;10/12/2024;13:30:00;156133,06;156285,45;156017,23;156236,69;1,564207096E10;500910
WINFUT;10/12/2024;13:00:00;156450,04;156468,33;156090,38;156126,96;1,955764463E10;625814
WINFUT;10/12/2024;12:30:00;156462,23;156687,78;156382,99;156450,04;1,795237778E10;573318
WINFUT;10/12/2024;12:00:00;156535,38;156620,72;156285,45;156462,23;2,400095839E10;767078
WINFUT;10/12/2024;11:30:00;156553,67;156956,00;156407,37;156535,38;4,044356483E10;1290832
WINFUT;10/12/2024;11:00:00;156431,75;156608,53;156187,92;156553,67;2,964378439E10;947636
WINFUT;10/12/2024;10:30:00;156407,37;156968,19;156370,79;156431,75;4,464865576E10;1424776
WINFUT;10/12/2024;10:00:00;156602,44;156718,26;155937,99;156407,37;5,219770757E10;1670020
WINFUT;10/12/2024;09:30:00;156120,86;156663,40;156053,81;156602,44;2,775295737E10;887178
WINFUT;10/12/2024;09:00:00;156370,79;156797,50;155883,13;156120,86;6,131847464E10;1961384
WINFUT;09/12/2024;18:00:00;155413,75;155456,42;155230,87;155310,12;5370402525,00;172818
WINFUT;09/12/2024;17:30:00;155413,75;155486,90;155328,40;155419,84;8627793006,00;277577
WINFUT;09/12/2024;17:00:00;155346,69;155529,57;155328,40;155413,75;1,11488056E10;358656
WINFUT;09/12/2024;16:30:00;155425,94;155492,99;155334,50;155352,79;1,036997339E10;333591
WINFUT;09/12/2024;16:00:00;155236,97;155438,13;155212,58;155425,94;1,553715959E10;500065
WINFUT;09/12/2024;15:30:00;155328,40;155358,88;155194,29;155230,87;1,446864291E10;465863
WINFUT;09/12/2024;15:00:00;155352,79;155529,57;155304,02;155328,40;1,415111163E10;455234
WINFUT;09/12/2024;14:30:00;155401,55;155560,05;155346,69;155346,69;1,365867509E10;439330
WINFUT;09/12/2024;14:00:00;155371,07;155627,10;155304,02;155401,55;1,79160856E10;576199
WINFUT;09/12/2024;13:30:00;155310,12;155407,65;155060,19;155371,07;1,642035346E10;528730
WINFUT;09/12/2024;13:00:00;155364,98;155432,03;155243,06;155316,21;1,626913738E10;523638
WINFUT;09/12/2024;12:30:00;155169,91;155541,76;155157,72;155371,07;2,432229027E10;782703
WINFUT;09/12/2024;12:00:00;155492,99;155773,40;155108,95;155163,82;2,894261965E10;930822
WINFUT;09/12/2024;11:30:00;155285,73;155761,21;155273,54;155492,99;3,260193902E10;1047746
WINFUT;09/12/2024;11:00:00;155243,06;155523,47;155176,01;155285,73;2,913366215E10;937627
WINFUT;09/12/2024;10:30:00;155029,71;155438,13;154810,26;155243,06;3,747859732E10;1207700
WINFUT;09/12/2024;10:00:00;154584,71;155218,68;154523,75;155023,61;4,061623085E10;1310727
WINFUT;09/12/2024;09:30:00;154462,79;154712,72;154407,93;154584,71;2,251525616E10;728395
WINFUT;09/12/2024;09:00:00;154517,66;154548,13;154231,15;154462,79;2,732321667E10;884871
WINFUT;06/12/2024;18:00:00;153652,04;153822,73;153621,56;153737,39;7111740455,00;231338
WINFUT;06/12/2024;17:30:00;154011,70;154060,47;153621,56;153645,95;1,497162218E10;486619
WINFUT;06/12/2024;17:00:00;154017,80;154170,19;153950,74;154005,60;1,327457778E10;430889
WINFUT;06/12/2024;16:30:00;153841,02;154109,23;153786,15;154017,80;1,343869857E10;436424
WINFUT;06/12/2024;16:00:00;153755,67;153926,36;153694,72;153841,02;1,212986662E10;394269
WINFUT;06/12/2024;15:30:00;153780,06;153914,17;153719,10;153755,67;1,28433308E10;417464
WINFUT;06/12/2024;15:00:00;153847,11;153938,55;153597,18;153780,06;2,20543605E10;717081
WINFUT;06/12/2024;14:30:00;153975,12;154060,47;153725,19;153841,02;1,924656686E10;625315
WINFUT;06/12/2024;14:00:00;154042,18;154097,04;153773,96;153969,03;2,289669143E10;743758
WINFUT;06/12/2024;13:30:00;154194,57;154267,73;153987,32;154036,08;1,474728331E10;478393
WINFUT;06/12/2024;13:00:00;154304,30;154346,97;154145,81;154188,48;1,475801704E10;478355
WINFUT;06/12/2024;12:30:00;154218,96;154365,26;154036,08;154310,40;2,416202549E10;783428
WINFUT;06/12/2024;12:00:00;154554,23;154590,81;154115,33;154225,05;3,727591576E10;1207700
WINFUT;06/12/2024;11:30:00;155419,84;155486,90;154487,18;154554,23;4,122520266E10;1330328
WINFUT;06/12/2024;11:00:00;155633,20;155663,68;155169,91;155419,84;3,625991758E10;1166714
WINFUT;06/12/2024;10:30:00;155749,02;156017,23;155444,22;155633,20;4,592552928E10;1474998
WINFUT;06/12/2024;10:00:00;155694,15;155931,89;155511,28;155742,92;3,752940493E10;1204893
WINFUT;06/12/2024;09:30:00;155377,17;155846,55;155261,35;155694,15;3,1192562E10;1002876
WINFUT;06/12/2024;09:00:00;156011,14;156072,10;155261,35;155371,07;4,216571043E10;1355129
WINFUT;05/12/2024;18:00:00;156242,78;156443,94;156145,25;156443,94;7947335068,00;254264
WINFUT;05/12/2024;17:30:00;156175,73;156328,12;156066,00;156236,69;1,298700577E10;415745
WINFUT;05/12/2024;17:00:00;156114,77;156175,73;155870,93;156169,63;1,689691526E10;541559
WINFUT;05/12/2024;16:30:00;156005,04;156187,92;155986,76;156114,77;1,500206165E10;480563
WINFUT;05/12/2024;16:00:00;156212,30;156279,36;155986,76;156011,14;1,570044025E10;502763
WINFUT;05/12/2024;15:30:00;156261,07;156407,37;156206,21;156212,30;1,697761671E10;543093
WINFUT;05/12/2024;15:00:00;156120,86;156382,99;156102,58;156261,07;2,036894369E10;651818
WINFUT;05/12/2024;14:30:00;156005,04;156206,21;155901,41;156120,86;2,161770761E10;692599
WINFUT;05/12/2024;14:00:00;156108,67;156163,54;155944,08;156005,04;1,821464732E10;583590
WINFUT;05/12/2024;13:30:00;156254,97;156261,07;156102,58;156108,67;1,224950374E10;392158
WINFUT;05/12/2024;13:00:00;156187,92;156364,70;156133,06;156248,88;1,615337958E10;516927
WINFUT;05/12/2024;12:30:00;156181,82;156267,16;156041,62;156187,92;1,922421919E10;615528
WINFUT;05/12/2024;12:00:00;156407,37;156535,38;156157,44;156175,73;2,60692416E10;833823
WINFUT;05/12/2024;11:30:00;156029,43;156498,81;155980,66;156407,37;4,03785757E10;1291779
WINFUT;05/12/2024;11:00:00;156090,38;156279,36;155889,22;156029,43;3,878645381E10;1242489
WINFUT;05/12/2024;10:30:00;155822,17;156212,30;155767,30;156090,38;3,704322994E10;1187149
WINFUT;05/12/2024;10:00:00;155310,12;155992,85;155297,92;155828,26;5,508127138E10;1768766
WINFUT;05/12/2024;09:30:00;154621,28;155310,12;154505,46;155304,02;3,577696072E10;1155101
WINFUT;05/12/2024;09:00:00;154395,74;154645,67;153944,65;154621,28;3,841675683E10;1244802
WINFUT;04/12/2024;18:00:00;154151,90;154267,73;154097,04;154176,29;4083872229,00;132431
WINFUT;04/12/2024;17:30:00;154139,71;154231,15;154048,27;154151,90;1,056452394E10;342694
WINFUT;04/12/2024;17:00:00;153914,17;154145,81;153871,49;154139,71;1,287832982E10;418031
WINFUT;04/12/2024;16:30:00;154170,19;154231,15;153859,30;153920,26;1,684684324E10;546864
WINFUT;04/12/2024;16:00:00;154237,25;154359,16;154127,52;154170,19;1,496180891E10;484969
WINFUT;04/12/2024;15:30:00;154158,00;154450,60;154023,89;154237,25;2,101420779E10;681045
WINFUT;04/12/2024;15:00:00;154487,18;154517,66;154103,14;154164,10;2,565463522E10;831239
WINFUT;04/12/2024;14:30:00;154688,34;154761,49;154462,79;154481,08;1,556107194E10;503133
WINFUT;04/12/2024;14:00:00;154791,97;154859,02;154603,00;154688,34;1,589561228E10;513706
WINFUT;04/12/2024;13:30:00;154859,02;155005,32;154670,05;154791,97;1,572029439E10;507606
WINFUT;04/12/2024;13:00:00;154749,30;154883,41;154535,94;154859,02;1,936616549E10;625928
WINFUT;04/12/2024;12:30:00;154529,85;154944,36;154420,12;154743,20;2,590034088E10;837001
WINFUT;04/12/2024;12:00:00;154840,74;154871,21;154304,30;154529,85;3,070952056E10;993679
WINFUT;04/12/2024;11:30:00;154603,00;154987,04;154395,74;154840,74;3,352060486E10;1083213
WINFUT;04/12/2024;11:00:00;154353,07;154676,15;154249,44;154603,00;3,08637643E10;999266
WINFUT;04/12/2024;10:30:00;154261,63;154590,81;154151,90;154359,16;3,995985208E10;1294298
WINFUT;04/12/2024;10:00:00;153877,59;154383,55;153773,96;154255,53;4,613200127E10;1496607
WINFUT;04/12/2024;09:30:00;153786,15;154310,40;153688,62;153877,59;3,969615413E10;1288874
WINFUT;04/12/2024;09:00:00;154023,89;154340,88;153591,09;153792,25;4,169738384E10;1353598
WINFUT;03/12/2024;18:00:00;154206,77;154218,96;153956,84;153993,41;6221493503,00;201854
WINFUT;03/12/2024;17:30:00;154182,38;154249,44;153993,41;154206,77;1,058280556E10;343367
WINFUT;03/12/2024;17:00:00;153950,74;154212,86;153938,55;154182,38;1,411736994E10;458130
WINFUT;03/12/2024;16:30:00;154237,25;154371,35;153932,45;153950,74;1,481015298E10;480259
WINFUT;03/12/2024;16:00:00;154298,20;154322,59;154054,37;154231,15;1,687241197E10;547196
WINFUT;03/12/2024;15:30:00;153956,84;154346,97;153798,34;154292,11;1,920243272E10;623263
WINFUT;03/12/2024;15:00:00;154017,80;154023,89;153822,73;153962,93;1,348754897E10;438147
WINFUT;03/12/2024;14:30:00;154182,38;154206,77;153877,59;154017,80;1,803020318E10;585260
WINFUT;03/12/2024;14:00:00;153993,41;154206,77;153920,26;154182,38;1,735755184E10;563265
WINFUT;03/12/2024;13:30:00;153694,72;154127,52;153682,52;153993,41;2,404758059E10;781291
WINFUT;03/12/2024;13:00:00;153603,28;153731,29;153517,94;153694,72;1,502533786E10;489021
WINFUT;03/12/2024;12:30:00;153645,95;153773,96;153548,41;153603,28;1,912477395E10;622356
WINFUT;03/12/2024;12:00:00;153877,59;153932,45;153475,26;153639,85;3,423506048E10;1113476
WINFUT;03/12/2024;11:30:00;153700,81;154005,60;153481,36;153877,59;4,081407858E10;1326983
WINFUT;03/12/2024;11:00:00;154048,27;154145,81;153664,24;153700,81;3,827130656E10;1243280
WINFUT;03/12/2024;10:30:00;154182,38;154292,11;153676,43;154048,27;4,530958032E10;1471204
WINFUT;03/12/2024;10:00:00;153597,18;154621,28;153371,63;154188,48;6,280617447E10;2038324
WINFUT;03/12/2024;09:30:00;153786,15;153798,34;153347,25;153597,18;3,422284682E10;1114595
WINFUT;03/12/2024;09:00:00;153804,44;154151,90;153249,72;153786,15;4,646760239E10;1510538
WINFUT;02/12/2024;18:00:00;153292,39;153316,77;153066,84;153127,80;8692724041,00;283726
WINFUT;02/12/2024;17:30:00;153530,13;153645,95;153225,33;153286,29;1,266648502E10;412658
WINFUT;02/12/2024;17:00:00;153493,55;153713,00;153408,21;153530,13;1,487410482E10;484324
WINFUT;02/12/2024;16:30:00;153536,22;153670,33;153475,26;153499,65;1,152882471E10;375386
WINFUT;02/12/2024;16:00:00;153591,09;153725,19;153426,50;153536,22;1,528117629E10;497515
WINFUT;02/12/2024;15:30:00;153469,17;153700,81;153377,73;153591,09;1,876701274E10;611177
WINFUT;02/12/2024;15:00:00;153798,34;153944,65;153420,40;153463,07;2,001944929E10;651366
WINFUT;02/12/2024;14:30:00;153609,37;154054,37;153450,88;153804,44;2,541308758E10;826313
WINFUT;02/12/2024;14:00:00;153322,87;153725,19;153127,80;153609,37;2,2147754E10;721720
WINFUT;02/12/2024;13:30:00;153371,63;153548,41;153200,95;153328,96;1,908810035E10;622171
WINFUT;02/12/2024;13:00:00;153164,38;153505,74;152981,50;153365,54;2,254133964E10;735453
WINFUT;02/12/2024;12:30:00;153438,69;153438,69;152926,64;153164,38;2,303021905E10;751909
WINFUT;02/12/2024;12:00:00;153444,79;153688,62;153237,53;153438,69;3,244116218E10;1056870
WINFUT;02/12/2024;11:30:00;153127,80;153493,55;152877,87;153438,69;3,631721026E10;1185274
WINFUT;02/12/2024;11:00:00;153085,13;153365,54;152743,76;153127,80;4,697591282E10;1534694
WINFUT;02/12/2024;10:30:00;153103,42;153152,18;152518,22;153085,13;4,690466399E10;1534222
WINFUT;02/12/2024;10:00:00;153377,73;153548,41;153011,98;153103,42;4,143841603E10;1352031
WINFUT;02/12/2024;09:30:00;153255,81;153700,81;153097,32;153383,83;4,015551541E10;1309068
WINFUT;02/12/2024;09:00:00;153993,41;154090,95;153170,47;153255,81;4,273693572E10;1392313
WINFUT;29/11/2024;18:00:00;154121,42;154151,90;153633,76;153633,76;9639893309,00;313183
WINFUT;29/11/2024;17:30:00;153456,98;154438,41;153420,40;154127,52;1,468481592E10;476798
WINFUT;29/11/2024;17:00:00;153158,28;153615,47;152975,40;153463,07;1,326243879E10;432578
WINFUT;29/11/2024;16:30:00;152890,06;153310,68;152768,15;153158,28;1,696095843E10;554144
WINFUT;29/11/2024;16:00:00;152786,43;153499,65;152621,85;152890,06;1,914773612E10;625891
WINFUT;29/11/2024;15:30:00;152938,83;152951,02;152688,90;152786,43;8891075413,00;290926
WINFUT;29/11/2024;15:00:00;153024,17;153097,32;152823,01;152944,93;1,249558707E10;408469
WINFUT;29/11/2024;14:30:00;153085,13;153268,01;152877,87;153024,17;1,45034305E10;473727
WINFUT;29/11/2024;14:00:00;153207,05;153304,58;152877,87;153085,13;2,03004312E10;662960
WINFUT;29/11/2024;13:30:00;153188,76;153402,11;152975,40;153207,05;1,854015582E10;605017
WINFUT;29/11/2024;13:00:00;153530,13;153713,00;153018,08;153194,86;2,558759355E10;834367
WINFUT;29/11/2024;12:30:00;152902,25;153676,43;152841,30;153536,22;3,223262594E10;1052291
WINFUT;29/11/2024;12:00:00;152719,38;153048,55;152609,65;152902,25;3,003945044E10;982801
WINFUT;29/11/2024;11:30:00;151951,30;153213,14;151811,10;152713,28;5,459024992E10;1791464
WINFUT;29/11/2024;11:00:00;152061,03;152475,54;151670,89;151951,30;3,230401432E10;1062403
WINFUT;29/11/2024;10:30:00;152457,26;152506,02;151780,62;152067,12;3,359501603E10;1104379
WINFUT;29/11/2024;10:00:00;152701,09;152975,40;151896,44;152457,26;6,89794521E10;2262707
WINFUT;29/11/2024;09:30:00;153231,43;153286,29;152634,04;152707,19;3,3024511E10;1079343
WINFUT;29/11/2024;09:00:00;153182,66;153414,31;152493,83;153225,33;5,249969401E10;1715223
WINFUT;28/11/2024;18:00:00;152658,42;152792,53;152207,33;152725,47;1,066340574E10;349502
WINFUT;28/11/2024;17:30:00;152981,50;153005,88;152134,18;152658,42;2,493854431E10;817324
WINFUT;28/11/2024;17:00:00;153627,66;153633,76;152865,68;152981,50;1,887480826E10;615597
WINFUT;28/11/2024;16:30:00;154097,04;154121,42;153274,10;153633,76;2,41107797E10;784311
WINFUT;28/11/2024;16:00:00;154158,00;154182,38;154023,89;154103,14;1,093933223E10;354939
WINFUT;28/11/2024;15:30:00;154310,40;154334,78;154127,52;154158,00;7836709772,00;254054
WINFUT;28/11/2024;15:00:00;154212,86;154328,68;154151,90;154310,40;8291185712,00;268773
WINFUT;28/11/2024;14:30:00;154414,03;154444,50;154127,52;154212,86;1,268040787E10;410912
WINFUT;28/11/2024;14:00:00;154145,81;154450,60;154127,52;154414,03;1,802113826E10;583867
WINFUT;28/11/2024;13:30:00;154182,38;154261,63;154054,37;154145,81;1,116303667E10;362074
WINFUT;28/11/2024;13:00:00;154005,60;154249,44;153999,51;154182,38;1,400413689E10;454290
WINFUT;28/11/2024;12:30:00;154078,75;154286,01;153981,22;154011,70;1,673214604E10;542738
WINFUT;28/11/2024;12:00:00;154481,08;154621,28;154011,70;154078,75;2,548598016E10;825469
WINFUT;28/11/2024;11:30:00;154450,60;154590,81;154237,25;154487,18;2,519214908E10;815734
WINFUT;28/11/2024;11:00:00;155023,61;155108,95;154292,11;154450,60;4,4588104E10;1441362
WINFUT;28/11/2024;10:30:00;155078,47;155310,12;154932,17;155017,52;3,578206524E10;1153306
WINFUT;28/11/2024;10:00:00;155651,48;155870,93;155011,42;155078,47;4,692994562E10;1509161
WINFUT;28/11/2024;09:30:00;155761,21;155950,18;155486,90;155651,48;3,302254393E10;1060333
WINFUT;28/11/2024;09:00:00;156358,60;156358,60;155200,39;155767,30;6,113996334E10;1964143
WINFUT;27/11/2024;18:00:00;156315,93;156407,37;155944,08;156139,15;1,266876243E10;405578
WINFUT;27/11/2024;17:30:00;156760,93;156827,98;156236,69;156315,93;1,822150063E10;581986
WINFUT;27/11/2024;17:00:00;156827,98;156980,38;156632,92;156760,93;1,791713769E10;571356
WINFUT;27/11/2024;16:30:00;156767,02;157096,20;156699,97;156827,98;1,842232876E10;587107
WINFUT;27/11/2024;16:00:00;156632,92;156895,04;156504,90;156773,12;1,75257281E10;559109
WINFUT;27/11/2024;15:30:00;156925,52;157023,05;156450,04;156632,92;2,299812589E10;733867
WINFUT;27/11/2024;15:00:00;156858,46;157059,63;156718,26;156931,61;1,871766102E10;596536
WINFUT;27/11/2024;14:30:00;156864,56;157230,31;156486,62;156852,37;3,528374658E10;1124425
WINFUT;27/11/2024;14:00:00;156864,56;157102,30;156395,18;156864,56;4,142075296E10;1320765
WINFUT;27/11/2024;13:30:00;158467,77;158607,97;155901,41;156864,56;6,306947246E10;2003243
WINFUT;27/11/2024;13:00:00;158534,82;158626,26;158394,62;158461,67;2,096634635E10;661386
WINFUT;27/11/2024;12:30:00;158693,31;158754,27;158431,19;158534,82;3,127272686E10;985852
WINFUT;27/11/2024;12:00:00;159120,02;159156,60;158638,45;158699,41;3,149355645E10;991423
WINFUT;27/11/2024;11:30:00;158912,76;159333,38;158894,48;159113,93;3,356873745E10;1054740
WINFUT;27/11/2024;11:00:00;158821,33;159138,31;158662,83;158906,67;4,237261976E10;1333389
WINFUT;27/11/2024;10:30:00;159095,64;159205,37;158772,56;158815,23;4,151868964E10;1306010
WINFUT;27/11/2024;10:00:00;159120,02;159607,69;158931,05;159095,64;5,493247168E10;1724462
WINFUT;27/11/2024;09:30:00;159424,82;159516,25;159065,16;159120,02;2,975813984E10;934078
WINFUT;27/11/2024;09:00:00;159223,65;159461,39;159065,16;159424,82;3,69555856E10;1160350
WINFUT;26/11/2024;18:00:00;159302,90;159449,20;159272,42;159363,86;6746834884,00;211666
WINFUT;26/11/2024;17:30:00;159193,17;159443,10;159010,30;159308,99;1,779906665E10;558881
WINFUT;26/11/2024;17:00:00;159577,21;159644,27;158992,01;159193,17;2,3537381E10;738740
WINFUT;26/11/2024;16:30:00;159406,53;159705,23;159363,86;159583,31;1,677063326E10;525477
WINFUT;26/11/2024;16:00:00;159266,32;159412,62;159254,13;159412,62;1,115766078E10;350160
WINFUT;26/11/2024;15:30:00;159333,38;159376,05;159095,64;159266,32;1,837512911E10;576968
WINFUT;26/11/2024;15:00:00;159400,43;159504,06;159296,80;159327,28;1,559782578E10;489244
WINFUT;26/11/2024;14:30:00;159296,80;159455,30;159223,65;159406,53;1,582988412E10;496666
WINFUT;26/11/2024;14:00:00;159241,94;159369,95;159174,89;159302,90;1,328916305E10;417123
WINFUT;26/11/2024;13:30:00;159162,69;159339,47;159046,87;159241,94;1,934790974E10;607704
WINFUT;26/11/2024;13:00:00;159308,99;159424,82;159046,87;159162,69;1,952385732E10;613152
WINFUT;26/11/2024;12:30:00;159205,37;159522,35;159162,69;159308,99;2,146060686E10;673320
WINFUT;26/11/2024;12:00:00;159022,49;159406,53;158900,57;159205,37;3,144025955E10;987260
WINFUT;26/11/2024;11:30:00;159010,30;159083,45;158559,20;159022,49;3,950676663E10;1243900
WINFUT;26/11/2024;11:00:00;158918,86;159107,83;158528,73;159004,20;3,945675666E10;1242346
WINFUT;26/11/2024;10:30:00;158412,90;159248,04;158406,81;158918,86;5,610973095E10;1764885
WINFUT;26/11/2024;10:00:00;158742,08;158882,29;158205,65;158419,00;4,515771176E10;1424162
WINFUT;26/11/2024;09:30:00;158522,63;158784,75;158419,00;158735,98;2,402393253E10;757415
WINFUT;26/11/2024;09:00:00;157821,61;158565,30;157650,92;158528,73;4,316158209E10;1364072
WINFUT;25/11/2024;18:00:00;158053,25;158345,85;157949,62;158077,63;1,228818518E10;388494
WINFUT;25/11/2024;17:30:00;158492,15;158607,97;158028,87;158053,25;1,618459757E10;510994
WINFUT;25/11/2024;17:00:00;158528,73;158540,92;158315,37;158498,25;1,410815699E10;445263
WINFUT;25/11/2024;16:30:00;158370,23;158675,03;158211,74;158534,82;2,281542911E10;720106
WINFUT;25/11/2024;16:00:00;158388,52;158516,53;158364,14;158376,33;1,286446035E10;405995
WINFUT;25/11/2024;15:30:00;158162,97;158449,48;158144,69;158394,62;1,332992233E10;420973
WINFUT;25/11/2024;15:00:00;158199,55;158309,28;158114,21;158169,07;1,463307721E10;462480
WINFUT;25/11/2024;14:30:00;158169,07;158370,23;158132,50;158205,65;1,441711416E10;455553
WINFUT;25/11/2024;14:00:00;158138,59;158248,32;158108,11;158169,07;9563451187,00;302317
WINFUT;25/11/2024;13:30:00;158004,48;158242,22;158004,48;158138,59;1,554980749E10;491637
WINFUT;25/11/2024;13:00:00;158150,78;158315,37;157992,29;158010,58;1,971281776E10;623109
WINFUT;25/11/2024;12:30:00;158431,19;158492,15;158114,21;158150,78;1,973649846E10;623400
WINFUT;25/11/2024;12:00:00;158339,75;158461,67;158175,17;158425,10;2,39216581E10;755547
WINFUT;25/11/2024;11:30:00;158230,03;158467,77;158108,11;158339,75;3,1598222E10;998202
WINFUT;25/11/2024;11:00:00;158181,26;158321,47;157998,39;158230,03;3,520746903E10;1112964
WINFUT;25/11/2024;10:30:00;158614,07;158668,93;158016,67;158187,36;4,254533986E10;1344161
WINFUT;25/11/2024;10:00:00;158309,28;158735,98;158175,17;158607,97;4,682909751E10;1477900
WINFUT;25/11/2024;09:30:00;158242,22;158668,93;158175,17;158303,18;3,720976249E10;1174497
WINFUT;25/11/2024;09:00:00;158851,81;158894,48;158144,69;158236,12;5,020669287E10;1584415
WINFUT;22/11/2024;18:00:00;158601,88;159022,49;158455,58;158687,22;1,3392887E10;421998
WINFUT;22/11/2024;17:30:00;157675,31;158699,41;157663,11;158601,88;2,693965436E10;851595
WINFUT;22/11/2024;17:00:00;157705,79;157724,07;157529,01;157675,31;1,480374248E10;469554
WINFUT;22/11/2024;16:30:00;157821,61;157833,80;157681,40;157705,79;1,088768286E10;345076
WINFUT;22/11/2024;16:00:00;157724,07;157845,99;157644,83;157815,51;1,413691999E10;448145
WINFUT;22/11/2024;15:30:00;157602,16;157760,65;157461,95;157717,98;1,85300008E10;587780
WINFUT;22/11/2024;15:00:00;157492,43;157693,59;157443,66;157596,06;1,409409828E10;447193
WINFUT;22/11/2024;14:30:00;157413,18;157620,44;157370,51;157498,53;1,791031292E10;568530
WINFUT;22/11/2024;14:00:00;157608,25;157669,21;157400,99;157413,18;1,96134895E10;622618
WINFUT;22/11/2024;13:30:00;157516,81;157711,88;157413,18;157608,25;2,099281428E10;666082
WINFUT;22/11/2024;13:00:00;157340,03;157638,73;157230,31;157510,72;2,510199844E10;796955
WINFUT;22/11/2024;12:30:00;157138,87;157437,57;157071,82;157340,03;2,444838342E10;777221
WINFUT;22/11/2024;12:00:00;156480,52;157163,25;156443,94;157144,97;3,529143226E10;1124980
WINFUT;22/11/2024;11:30:00;156407,37;156693,87;156315,93;156486,62;3,650629143E10;1166198
WINFUT;22/11/2024;11:00:00;156145,25;156571,96;156090,38;156407,37;4,004333091E10;1280644
WINFUT;22/11/2024;10:30:00;156669,49;156687,78;156114,77;156151,34;4,737926622E10;1514777
WINFUT;22/11/2024;10:00:00;156901,13;156980,38;156565,86;156669,49;5,320576382E10;1696831
WINFUT;22/11/2024;09:30:00;156395,18;156919,42;156346,41;156895,04;3,657295213E10;1167265
WINFUT;22/11/2024;09:00:00;155761,21;156498,81;155669,77;156395,18;4,535135951E10;1450905
WINFUT;21/11/2024;18:00:00;155962,37;155974,56;155633,20;155694,15;1,124753443E10;361043
WINFUT;21/11/2024;17:30:00;156090,38;156175,73;155931,89;155962,37;1,193746342E10;382482
WINFUT;21/11/2024;17:00:00;156151,34;156285,45;156017,23;156090,38;1,636358444E10;524027
WINFUT;21/11/2024;16:30:00;156005,04;156206,21;155980,66;156145,25;1,173090362E10;375707
WINFUT;21/11/2024;16:00:00;155956,28;156078,19;155840,46;155998,95;1,742679968E10;558648
WINFUT;21/11/2024;15:30:00;156370,79;156389,08;155852,65;155950,18;2,501637567E10;801298
WINFUT;21/11/2024;15:00:00;156133,06;156370,79;156023,33;156364,70;2,193615813E10;702186
WINFUT;21/11/2024;14:30:00;155773,40;156358,60;155736,83;156133,06;2,972522823E10;952026
WINFUT;21/11/2024;14:00:00;155608,81;155846,55;155541,76;155773,40;1,625006882E10;521838
WINFUT;21/11/2024;13:30:00;155480,80;155663,68;155419,84;155608,81;1,984348418E10;637861
WINFUT;21/11/2024;13:00:00;155675,87;155797,78;155358,88;155480,80;2,299887583E10;739116
WINFUT;21/11/2024;12:30:00;155663,68;155779,50;155462,51;155681,96;2,166879387E10;696177
WINFUT;21/11/2024;12:00:00;155578,33;155846,55;155261,35;155669,77;3,725705958E10;1196962
WINFUT;21/11/2024;11:30:00;155566,14;156035,52;155492,99;155578,33;4,473126097E10;1435857
WINFUT;21/11/2024;11:00:00;155749,02;155809,98;155432,03;155572,24;4,016575926E10;1290388
WINFUT;21/11/2024;10:30:00;156035,52;156309,84;155572,24;155749,02;5,374485998E10;1723601
WINFUT;21/11/2024;10:00:00;156468,33;156474,42;155877,03;156035,52;4,626683852E10;1481553
WINFUT;21/11/2024;09:30:00;156754,83;156803,60;156285,45;156468,33;3,254248134E10;1039638
WINFUT;21/11/2024;09:00:00;157151,06;157474,14;156663,40;156748,74;4,400267932E10;1401927
WINFUT;19/11/2024;18:00:00;157419,28;157602,16;157407,09;157589,96;6918834452,00;219627
WINFUT;19/11/2024;17:30:00;157309,56;157480,24;157230,31;157425,38;1,155071651E10;367036
WINFUT;19/11/2024;17:00:00;157321,75;157449,76;157279,08;157309,56;8867649390,00;281766
WINFUT;19/11/2024;16:30:00;157358,32;157443,66;157181,54;157321,75;1,183988005E10;376378
WINFUT;19/11/2024;16:00:00;157437,57;157510,72;157327,84;157358,32;1,197241466E10;380269
WINFUT;19/11/2024;15:30:00;157248,60;157480,24;157230,31;157443,66;1,494879937E10;474958
WINFUT;19/11/2024;15:00:00;157407,09;157407,09;157114,49;157248,60;2,330129884E10;740993
WINFUT;19/11/2024;14:30:00;157748,46;157833,80;157376,61;157407,09;1,841000238E10;584054
WINFUT;19/11/2024;14:00:00;157809,42;157815,51;157602,16;157742,36;1,756215003E10;556741
WINFUT;19/11/2024;13:30:00;157571,68;157858,18;157431,47;157809,42;1,801971647E10;571794
WINFUT;19/11/2024;13:00:00;157419,28;157669,21;157279,08;157571,68;2,168236874E10;688492
WINFUT;19/11/2024;12:30:00;157291,27;157717,98;157144,97;157413,18;2,712438171E10;861450
WINFUT;19/11/2024;12:00:00;157352,23;157608,25;157205,93;157291,27;2,213905394E10;703171
WINFUT;19/11/2024;11:30:00;157132,78;157589,96;156943,80;157358,32;3,695968569E10;1174789
WINFUT;19/11/2024;11:00:00;156986,48;157431,47;156949,90;157132,78;4,032742369E10;1283176
WINFUT;19/11/2024;10:30:00;156187,92;157041,34;156108,67;156992,57;5,255579648E10;1677850
WINFUT;19/11/2024;10:00:00;156895,04;156931,61;156139,15;156187,92;5,242755045E10;1675264
WINFUT;19/11/2024;09:30:00;157163,25;157364,42;156876,75;156888,94;3,692318565E10;1174879
WINFUT;19/11/2024;09:00:00;156529,29;157382,71;156425,66;157169,35;4,474589722E10;1425386
WINFUT;18/11/2024;18:00:00;156956,00;157004,76;156760,93;156760,93;4783573888,00;152435
WINFUT;18/11/2024;17:30:00;156974,28;157023,05;156821,89;156956,00;1,000981699E10;318932
WINFUT;18/11/2024;17:00:00;156974,28;157120,58;156919,42;156980,38;1,01230772E10;322343
WINFUT;18/11/2024;16:30:00;156968,19;157029,15;156791,41;156974,28;1,213808637E10;386758
WINFUT;18/11/2024;16:00:00;156748,74;156992,57;156718,26;156962,09;1,349151294E10;430096
WINFUT;18/11/2024;15:30:00;157108,39;157120,58;156699,97;156754,83;1,711513157E10;545572
WINFUT;18/11/2024;15:00:00;157065,72;157205,93;156760,93;157102,30;2,093576315E10;666843
WINFUT;18/11/2024;14:30:00;156584,15;157144,97;156584,15;157065,72;2,348710512E10;748697
WINFUT;18/11/2024;14:00:00;156370,79;156620,72;156322,03;156584,15;1,435864454E10;458834
WINFUT;18/11/2024;13:30:00;156456,14;156651,20;156334,22;156370,79;1,908785124E10;609930
WINFUT;18/11/2024;13:00:00;156681,68;156754,83;156419,56;156456,14;1,747464234E10;557969
WINFUT;18/11/2024;12:30:00;156285,45;156687,78;156273,26;156681,68;1,880249685E10;600860
WINFUT;18/11/2024;12:00:00;156706,07;156706,07;156181,82;156285,45;2,590088055E10;827895
WINFUT;18/11/2024;11:30:00;156578,05;157577,77;156571,96;156699,97;4,942450464E10;1573354
WINFUT;18/11/2024;11:00:00;156779,22;156949,90;156328,12;156578,05;3,546894012E10;1132341
WINFUT;18/11/2024;10:30:00;156767,02;156962,09;156553,67;156779,22;3,413244057E10;1088685
WINFUT;18/11/2024;10:00:00;156529,29;156821,89;156389,08;156773,12;4,318486708E10;1378696
WINFUT;18/11/2024;09:30:00;157510,72;157529,01;156450,04;156529,29;3,847149456E10;1226575
WINFUT;18/11/2024;09:00:00;157090,10;157632,64;156821,89;157516,81;3,055169063E10;970545
WINFUT;14/11/2024;18:00:00;156815,79;156956,00;156779,22;156809,70;5908730345,00;188346
WINFUT;14/11/2024;17:30:00;156956,00;157023,05;156803,60;156815,79;1,066950747E10;339958
WINFUT;14/11/2024;17:00:00;157047,43;157181,54;156773,12;156956,00;2,216182262E10;705949
WINFUT;14/11/2024;16:30:00;157321,75;157327,84;157047,43;157053,53;1,316928015E10;418965
WINFUT;14/11/2024;16:00:00;157157,16;157382,71;157151,06;157327,84;1,248694452E10;396967
WINFUT;14/11/2024;15:30:00;156840,17;157248,60;156827,98;157157,16;1,75649421E10;559049
WINFUT;14/11/2024;15:00:00;157169,35;157242,50;156779,22;156846,27;1,935952725E10;616686
WINFUT;14/11/2024;14:30:00;156980,38;157346,13;156925,52;157175,45;2,031885157E10;646618
WINFUT;14/11/2024;14:00:00;157382,71;157474,14;156956,00;156980,38;1,966825144E10;625573
WINFUT;14/11/2024;13:30:00;157394,90;157522,91;157272,98;157382,71;1,297439805E10;412184
WINFUT;14/11/2024;13:00:00;157187,64;157522,91;157175,45;157400,99;1,614242611E10;512937
WINFUT;14/11/2024;12:30:00;157333,94;157394,90;157132,78;157187,64;1,596541063E10;507576
WINFUT;14/11/2024;12:00:00;157419,28;157632,64;157187,64;157327,84;2,747607177E10;872578
WINFUT;14/11/2024;11:30:00;157504,62;157559,49;157193,73;157419,28;3,433626968E10;1090699
WINFUT;14/11/2024;11:00:00;157236,41;157809,42;157120,58;157498,53;4,673026885E10;1483603
WINFUT;14/11/2024;10:30:00;156632,92;157254,69;156511,00;157236,41;5,383030303E10;1715033
WINFUT;14/11/2024;10:00:00;156681,68;156834,08;156480,52;156626,82;4,221820014E10;1347608
WINFUT;14/11/2024;09:30:00;156925,52;157090,10;156675,59;156675,59;2,992917318E10;953716
WINFUT;14/11/2024;09:00:00;157352,23;157468,05;156821,89;156925,52;5,27546648E10;1678309
WINFUT;13/11/2024;18:00:00;157077,91;157144,97;156901,13;156974,28;7228017225,00;230166
WINFUT;13/11/2024;17:30:00;157016,95;157187,64;156901,13;157077,91;1,334851837E10;424962
WINFUT;13/11/2024;17:00:00;157279,08;157413,18;156895,04;157016,95;2,15255096E10;684987
WINFUT;13/11/2024;16:30:00;156821,89;157297,36;156748,74;157279,08;2,695067043E10;858250
WINFUT;13/11/2024;16:00:00;156029,43;156870,65;156017,23;156821,89;3,03218281E10;968892
WINFUT;13/11/2024;15:30:00;156169,63;156267,16;155986,76;156029,43;1,789786012E10;573193
WINFUT;13/11/2024;15:00:00;156236,69;156413,47;156108,67;156169,63;1,840066953E10;588795
WINFUT;13/11/2024;14:30:00;156224,49;156523,19;156218,40;156236,69;2,073752799E10;663081
WINFUT;13/11/2024;14:00:00;155968,47;156236,69;155937,99;156224,49;1,274311318E10;408097
WINFUT;13/11/2024;13:30:00;156096,48;156267,16;155919,70;155974,56;1,871024343E10;599296
WINFUT;13/11/2024;13:00:00;156096,48;156218,40;155956,28;156096,48;2,052594756E10;657460
WINFUT;13/11/2024;12:30:00;156114,77;156169,63;155834,36;156096,48;2,571357353E10;824240
WINFUT;13/11/2024;12:00:00;156151,34;156291,55;155980,66;156114,77;3,374995031E10;1080720
WINFUT;13/11/2024;11:30:00;156498,81;156626,82;155937,99;156151,34;4,4436144E10;1422208
WINFUT;13/11/2024;11:00:00;156840,17;157096,20;156358,60;156498,81;4,531698665E10;1445901
WINFUT;13/11/2024;10:30:00;156895,04;157297,36;156389,08;156834,08;6,049816187E10;1928897
WINFUT;13/11/2024;10:00:00;156748,74;157212,02;156693,87;156895,04;4,780634181E10;1523309
WINFUT;13/11/2024;09:30:00;156870,65;156876,75;156620,72;156754,83;2,746459599E10;876080
WINFUT;13/11/2024;09:00:00;157029,15;157547,29;156803,60;156870,65;4,692538736E10;1492963
WINFUT;12/11/2024;18:00:00;156785,31;157053,53;156779,22;156907,23;6078790668,00;193679
WINFUT;12/11/2024;17:30:00;156840,17;156962,09;156712,16;156785,31;1,08265546E10;345158
WINFUT;12/11/2024;17:00:00;156876,75;156992,57;156767,02;156834,08;1,135040929E10;361750
WINFUT;12/11/2024;16:30:00;156949,90;157035,24;156852,37;156876,75;9621278755,00;306537
WINFUT;12/11/2024;16:00:00;156949,90;156998,67;156815,79;156949,90;1,462339023E10;465951
WINFUT;12/11/2024;15:30:00;156882,85;157108,39;156809,70;156956,00;1,881631508E10;599352
WINFUT;12/11/2024;15:00:00;156645,11;156925,52;156614,63;156888,94;1,904952375E10;607492
WINFUT;12/11/2024;14:30:00;156748,74;156876,75;156529,29;156645,11;2,20035403E10;702081
WINFUT;12/11/2024;14:00:00;157010,86;157010,86;156706,07;156748,74;2,386425148E10;760834
WINFUT;12/11/2024;13:30:00;157291,27;157394,90;156998,67;157010,86;1,931129366E10;614206
WINFUT;12/11/2024;13:00:00;157187,64;157303,46;156962,09;157285,17;2,080749525E10;662235
WINFUT;12/11/2024;12:30:00;157193,73;157291,27;157047,43;157181,54;1,818123197E10;578436
WINFUT;12/11/2024;12:00:00;157096,20;157346,13;157059,63;157193,73;2,34419844E10;745565
WINFUT;12/11/2024;11:30:00;156937,71;157425,38;156846,27;157096,20;4,089280066E10;1300841
WINFUT;12/11/2024;11:00:00;156669,49;157077,91;156541,48;156937,71;3,593206862E10;1145809
WINFUT;12/11/2024;10:30:00;157193,73;157437,57;156547,57;156669,49;5,053784353E10;1610570
WINFUT;12/11/2024;10:00:00;157205,93;157577,77;156998,67;157193,73;5,677437352E10;1804688
WINFUT;12/11/2024;09:30:00;156834,08;157236,41;156797,50;157205,93;3,39085156E10;1079617
WINFUT;12/11/2024;09:00:00;156687,78;157096,20;156334,22;156834,08;4,008478082E10;1278207
WINFUT;11/11/2024;18:00:00;157144,97;157260,79;157059,63;157151,06;6300808844,00;200466
WINFUT;11/11/2024;17:30:00;157358,32;157419,28;157102,30;157144,97;1,33809177E10;425478
WINFUT;11/11/2024;17:00:00;157291,27;157455,86;157230,31;157358,32;1,525076684E10;484595
WINFUT;11/11/2024;16:30:00;157132,78;157382,71;157053,53;157291,27;1,561210774E10;496536
WINFUT;11/11/2024;16:00:00;157175,45;157181,54;157016,95;157132,78;1,386167575E10;441178
WINFUT;11/11/2024;15:30:00;157254,69;157272,98;157053,53;157175,45;1,715513587E10;545726
WINFUT;11/11/2024;15:00:00;157248,60;157535,10;157175,45;157254,69;2,437637097E10;774680
WINFUT;11/11/2024;14:30:00;157132,78;157321,75;157023,05;157242,50;2,146788413E10;682905
WINFUT;11/11/2024;14:00:00;157205,93;157388,80;157126,68;157132,78;1,965121912E10;624804
WINFUT;11/11/2024;13:30:00;157065,72;157248,60;156962,09;157212,02;1,954320793E10;621896
WINFUT;11/11/2024;13:00:00;156968,19;157132,78;156876,75;157065,72;1,616129892E10;514684
WINFUT;11/11/2024;12:30:00;156913,32;156968,19;156681,68;156968,19;2,159338138E10;688476
WINFUT;11/11/2024;12:00:00;156571,96;157077,91;156511,00;156913,32;2,928070589E10;933114
WINFUT;11/11/2024;11:30:00;156882,85;156925,52;156523,19;156571,96;3,560147997E10;1136128
WINFUT;11/11/2024;11:00:00;156876,75;156974,28;156620,72;156882,85;3,385731304E10;1079594
WINFUT;11/11/2024;10:30:00;156645,11;157023,05;156468,33;156882,85;4,482187247E10;1430004
WINFUT;11/11/2024;10:00:00;156632,92;156846,27;156419,56;156645,11;5,533209802E10;1766465
WINFUT;11/11/2024;09:30:00;157004,76;157010,86;156334,22;156639,01;3,834460537E10;1224397
WINFUT;11/11/2024;09:00:00;156602,44;157047,43;156474,42;157010,86;4,637034506E10;1478700
WINFUT;08/11/2024;18:00:00;157340,03;157352,23;157029,15;157114,49;9410297975,00;299345
WINFUT;08/11/2024;17:30:00;157218,12;157358,32;156821,89;157340,03;2,468397077E10;785551
WINFUT;08/11/2024;17:00:00;157279,08;157693,59;157193,73;157224,21;2,162821184E10;686990
WINFUT;08/11/2024;16:30:00;156980,38;157358,32;156949,90;157279,08;2,420422617E10;769954
WINFUT;08/11/2024;16:00:00;156797,50;156998,67;156699,97;156980,38;1,697096081E10;541076
WINFUT;08/11/2024;15:30:00;156571,96;156834,08;156431,75;156803,60;1,970836978E10;629262
WINFUT;08/11/2024;15:00:00;156492,71;156742,64;156358,60;156578,05;2,192259745E10;700294
WINFUT;08/11/2024;14:30:00;156212,30;156517,09;156157,44;156498,81;1,813015661E10;579782
WINFUT;08/11/2024;14:00:00;156200,11;156389,08;156084,29;156212,30;2,705352478E10;865771
WINFUT;08/11/2024;13:30:00;156620,72;156724,35;156181,82;156206,21;2,93927861E10;939418
WINFUT;08/11/2024;13:00:00;156791,41;156882,85;156504,90;156626,82;2,33856145E10;746453
WINFUT;08/11/2024;12:30:00;156980,38;157090,10;156584,15;156791,41;3,058696595E10;975447
WINFUT;08/11/2024;12:00:00;157077,91;157218,12;156864,56;156980,38;3,416790239E10;1087788
WINFUT;08/11/2024;11:30:00;157778,94;157803,32;156980,38;157071,82;4,793371376E10;1522784
WINFUT;08/11/2024;11:00:00;157614,35;157809,42;157461,95;157778,94;3,325066504E10;1054441
WINFUT;08/11/2024;10:30:00;157205,93;157687,50;157181,54;157614,35;4,230015346E10;1343502
WINFUT;08/11/2024;10:00:00;157358,32;157419,28;156858,46;157205,93;5,774994727E10;1837580
WINFUT;08/11/2024;09:30:00;157583,87;157693,59;157291,27;157352,23;3,375562666E10;1071643
WINFUT;08/11/2024;09:00:00;158614,07;158906,67;157461,95;157583,87;5,166961829E10;1635067
WINFUT;07/11/2024;18:00:00;159638,17;159760,09;159455,30;159632,07;7771268840,00;243457
WINFUT;07/11/2024;17:30:00;159827,14;160016,11;159601,60;159644,27;1,466268174E10;458682
WINFUT;07/11/2024;17:00:00;159638,17;160229,47;159607,69;159821,05;2,210114895E10;691140
WINFUT;07/11/2024;16:30:00;159680,84;159839,33;159321,19;159638,17;2,76216686E10;865280
WINFUT;07/11/2024;16:00:00;159607,69;159924,68;159497,97;159674,75;2,302457133E10;720852
WINFUT;07/11/2024;15:30:00;159632,07;159821,05;159534,54;159613,79;1,92522099E10;602745
WINFUT;07/11/2024;15:00:00;159437,01;159638,17;159351,67;159632,07;2,080156623E10;652115
WINFUT;07/11/2024;14:30:00;160144,13;160150,22;159229,75;159437,01;4,407931494E10;1381401
WINFUT;07/11/2024;14:00:00;160101,46;160272,14;160003,92;160138,03;1,878168528E10;586357
WINFUT;07/11/2024;13:30:00;160174,61;160290,43;159918,58;160101,46;2,548287224E10;795747
WINFUT;07/11/2024;13:00:00;160387,96;160430,63;159991,73;160180,70;3,356611345E10;1047411
WINFUT;07/11/2024;12:30:00;160924,40;160997,55;160339,19;160394,06;2,729841286E10;849749
WINFUT;07/11/2024;12:00:00;160820,77;161009,74;160668,37;160918,30;2,867227109E10;891311
WINFUT;07/11/2024;11:30:00;161381,58;161412,06;160814,67;160826,86;4,286144871E10;1330046
WINFUT;07/11/2024;11:00:00;161607,13;161741,24;160997,55;161381,58;4,437711531E10;1374792
WINFUT;07/11/2024;10:30:00;160851,25;161661,99;160723,23;161607,13;4,816944562E10;1493372
WINFUT;07/11/2024;10:00:00;159747,90;161186,52;159656,46;160845,15;7,709210812E10;2399444
WINFUT;07/11/2024;09:30:00;160436,73;160455,01;159583,31;159753,99;4,093080932E10;1279634
WINFUT;07/11/2024;09:00:00;159894,20;160540,36;159747,90;160442,82;3,916075419E10;1221602
WINFUT;06/11/2024;18:00:00;160406,25;160522,07;159028,59;159028,59;1,347445967E10;421199
WINFUT;06/11/2024;17:30:00;160589,12;160729,33;160381,86;160400,15;9976615507,00;310613
WINFUT;06/11/2024;17:00:00;160583,03;160686,66;160509,88;160595,22;8691227630,00;270590
WINFUT;06/11/2024;16:30:00;160509,88;160674,47;160473,30;160589,12;1,276398722E10;397426
WINFUT;06/11/2024;16:00:00;160497,69;160704,94;160448,92;160503,78;1,549413236E10;482527
WINFUT;06/11/2024;15:30:00;160723,23;160839,05;160406,25;160497,69;2,490656017E10;775157
WINFUT;06/11/2024;15:00:00;160509,88;160954,87;160455,01;160723,23;2,740652907E10;852449
WINFUT;06/11/2024;14:30:00;160387,96;160595,22;160259,95;160515,97;2,297332709E10;715992
WINFUT;06/11/2024;14:00:00;159906,39;160467,21;159796,66;160394,06;2,518189E10;786389
WINFUT;06/11/2024;13:30:00;159504,06;159973,44;159321,19;159906,39;2,601999418E10;814930
WINFUT;06/11/2024;13:00:00;160101,46;160168,51;159461,39;159504,06;2,816397291E10;881191
WINFUT;06/11/2024;12:30:00;160070,98;160205,09;159924,68;160107,55;2,886638548E10;901673
WINFUT;06/11/2024;12:00:00;159010,30;160138,03;158949,34;160064,88;5,164312341E10;1617865
WINFUT;06/11/2024;11:30:00;159144,41;159193,17;158620,16;159004,20;4,250777229E10;1338078
WINFUT;06/11/2024;11:00:00;159534,54;159686,94;159004,20;159144,41;4,221013433E10;1324245
WINFUT;06/11/2024;10:30:00;159363,86;159546,73;158827,42;159528,45;5,43307587E10;1706574
WINFUT;06/11/2024;10:00:00;158382,43;159369,95;158223,93;159369,95;6,399921581E10;2014549
WINFUT;06/11/2024;09:30:00;158583,59;158809,13;158303,18;158376,33;4,643943292E10;1464666
WINFUT;06/11/2024;09:00:00;159290,71;159601,60;158437,29;158583,59;6,566894505E10;2066896
WINFUT;05/11/2024;18:00:00;161082,89;161149,94;160845,15;160845,15;6351628357,00;197184
WINFUT;05/11/2024;17:30:00;160997,55;161088,98;160936,59;161082,89;8836069895,00;274389
WINFUT;05/11/2024;17:00:00;160997,55;161107,27;160863,44;160997,55;1,275390362E10;396103
WINFUT;05/11/2024;16:30:00;160900,01;161253,57;160881,72;160997,55;1,762167814E10;547091
WINFUT;05/11/2024;16:00:00;160954,87;161028,03;160784,19;160906,11;1,459862843E10;453636
WINFUT;05/11/2024;15:30:00;160960,97;161003,64;160814,67;160954,87;1,301228097E10;404329
WINFUT;05/11/2024;15:00:00;160778,10;161040,22;160759,81;160960,97;1,675208303E10;520570
WINFUT;05/11/2024;14:30:00;160942,68;160948,78;160698,85;160784,19;1,750651686E10;544309
WINFUT;05/11/2024;14:00:00;160528,17;161028,03;160485,49;160942,68;2,9061403E10;903777
WINFUT;05/11/2024;13:30:00;160284,33;160583,03;160247,76;160522,07;1,878083413E10;585260
WINFUT;05/11/2024;13:00:00;160223,37;160473,30;160180,70;160278,24;1,820525953E10;567836
WINFUT;05/11/2024;12:30:00;160052,69;160314,81;160003,92;160223,37;1,860090998E10;580620
WINFUT;05/11/2024;12:00:00;160186,80;160308,71;159869,81;160046,59;3,376430017E10;1054838
WINFUT;05/11/2024;11:30:00;160223,37;160406,25;159991,73;160186,80;3,683495792E10;1149430
WINFUT;05/11/2024;11:00:00;160479,40;160802,48;160077,07;160229,47;4,216197668E10;1313570
WINFUT;05/11/2024;10:30:00;160674,47;160723,23;160394,06;160485,49;3,514432781E10;1094618
WINFUT;05/11/2024;10:00:00;160936,59;161046,31;160552,55;160674,47;5,788210711E10;1800044
WINFUT;05/11/2024;09:30:00;160759,81;160948,78;160650,08;160936,59;2,362173598E10;734522
WINFUT;05/11/2024;09:00:00;160839,05;161082,89;160583,03;160759,81;4,521048286E10;1405613
WINFUT;04/11/2024;18:00:00;160948,78;161095,08;160839,05;160924,40;9795218657,00;304192
WINFUT;04/11/2024;17:30:00;160540,36;160979,26;160515,97;160942,68;1,841304068E10;572630
WINFUT;04/11/2024;17:00:00;160522,07;160589,12;160461,11;160540,36;9291450534,00;289400
WINFUT;04/11/2024;16:30:00;160656,18;160735,42;160503,78;160515,97;1,302998987E10;405609
WINFUT;04/11/2024;16:00:00;160607,41;160778,10;160522,07;160662,27;1,601329277E10;498345
WINFUT;04/11/2024;15:30:00;160503,78;160643,99;160369,67;160601,32;1,939715718E10;604140
WINFUT;04/11/2024;15:00:00;160503,78;160583,03;160327,00;160509,88;2,049196247E10;638641
WINFUT;04/11/2024;14:30:00;160522,07;160680,56;160327,00;160509,88;2,752144311E10;857197
WINFUT;04/11/2024;14:00:00;160625,70;160796,38;160455,01;160522,07;2,479606274E10;771762
WINFUT;04/11/2024;13:30:00;160796,38;160839,05;160558,64;160625,70;2,457985999E10;764874
WINFUT;04/11/2024;13:00:00;161064,60;161107,27;160753,71;160796,38;2,182565834E10;678032
WINFUT;04/11/2024;12:30:00;160796,38;161137,75;160729,33;161064,60;2,877760899E10;893947
WINFUT;04/11/2024;12:00:00;160412,34;160857,34;160369,67;160802,48;3,396682569E10;1057029
WINFUT;04/11/2024;11:30:00;160138,03;160497,69;160077,07;160412,34;3,611303373E10;1126156
WINFUT;04/11/2024;11:00:00;159863,72;160192,89;159821,05;160138,03;3,402102772E10;1062686
WINFUT;04/11/2024;10:30:00;159723,51;159936,87;159662,55;159857,62;3,544255633E10;1108908
WINFUT;04/11/2024;10:00:00;159455,30;159821,05;159357,76;159723,51;5,138509573E10;1609813
WINFUT;04/11/2024;09:30:00;159315,09;159504,06;159168,79;159449,20;2,556190956E10;802166
WINFUT;04/11/2024;09:00:00;158492,15;159339,47;158492,15;159308,99;4,367606055E10;1372975
WINFUT;01/11/2024;18:00:00;157461,95;157516,81;157266,88;157480,24;5775348395,00;183468
WINFUT;01/11/2024;17:30:00;157864,28;157876,47;157382,71;157468,05;1,22961196E10;390126
WINFUT;01/11/2024;17:00:00;157906,95;158077,63;157833,80;157858,18;1,007022369E10;318831
WINFUT;01/11/2024;16:30:00;158108,11;158126,40;157827,70;157906,95;1,920546455E10;607830
WINFUT;01/11/2024;16:00:00;158260,51;158278,80;158034,96;158102,02;1,390491176E10;439579
WINFUT;01/11/2024;15:30:00;158205,65;158388,52;158162,97;158254,41;2,006646201E10;633893
WINFUT;01/11/2024;15:00:00;158394,62;158479,96;158132,50;158205,65;2,394948857E10;756564
WINFUT;01/11/2024;14:30:00;158626,26;158632,36;158327,56;158400,71;2,104570217E10;663924
WINFUT;01/11/2024;14:00:00;158796,94;158809,13;158601,88;158626,26;1,492677238E10;470320
WINFUT;01/11/2024;13:30:00;158864,00;158949,34;158778,66;158803,04;1,021836455E10;321637
WINFUT;01/11/2024;13:00:00;158906,67;159004,20;158809,13;158864,00;1,38575137E10;436037
WINFUT;01/11/2024;12:30:00;159010,30;159046,87;158766,46;158906,67;1,74170545E10;548104
WINFUT;01/11/2024;12:00:00;159113,93;159126,12;158906,67;159010,30;1,507361904E10;474041
WINFUT;01/11/2024;11:30:00;159089,54;159211,46;158815,23;159113,93;2,941467397E10;924804
WINFUT;01/11/2024;11:00:00;159577,21;159656,46;158931,05;159089,54;4,417266344E10;1386438
WINFUT;01/11/2024;10:30:00;159363,86;159699,13;159235,84;159577,21;4,077424019E10;1278120
WINFUT;01/11/2024;10:00:00;160442,82;160473,30;159205,37;159363,86;6,484559715E10;2028612
WINFUT;01/11/2024;09:30:00;159857,62;160485,49;159766,18;160448,92;3,788703579E10;1182124
WINFUT;01/11/2024;09:00:00;160278,24;160357,48;159796,66;159857,62;3,153193625E10;985607
WINFUT;31/10/2024;18:00:00;160022,21;160040,50;159747,90;159882,00;5544583345,00;173396
WINFUT;31/10/2024;17:30:00;160138,03;160162,41;159997,83;160028,31;5244973600,00;163814
WINFUT;31/10/2024;17:00:00;160119,74;160223,37;160064,88;160138,03;1,070513602E10;334266
WINFUT;31/10/2024;16:30:00;160229,47;160241,66;159973,44;160125,84;2,078254E10;648940
WINFUT;31/10/2024;16:00:00;160320,91;160394,06;160174,61;160235,56;1,376212162E10;429358
WINFUT;31/10/2024;15:30:00;160186,80;160424,54;160162,41;160327,00;1,698923594E10;529956
WINFUT;31/10/2024;15:00:00;160253,85;160351,39;160138,03;160192,89;1,512074941E10;471762
WINFUT;31/10/2024;14:30:00;160455,01;160461,11;160156,32;160259,95;2,3138204E10;721800
WINFUT;31/10/2024;14:00:00;160540,36;160619,60;160424,54;160455,01;1,36523351E10;425291
WINFUT;31/10/2024;13:30:00;160515,97;160686,66;160467,21;160540,36;1,500624705E10;467275
WINFUT;31/10/2024;13:00:00;160534,26;160637,89;160412,34;160515,97;1,502301222E10;467915
WINFUT;31/10/2024;12:30:00;160625,70;160729,33;160436,73;160534,26;1,647115968E10;512890
WINFUT;31/10/2024;12:00:00;160662,27;160857,34;160406,25;160625,70;2,842956352E10;884844
WINFUT;31/10/2024;11:30:00;161137,75;161223,09;160631,79;160668,37;2,85694182E10;887605
WINFUT;31/10/2024;11:00:00;160887,82;161338,91;160790,29;161137,75;3,686694053E10;1144338
WINFUT;31/10/2024;10:30:00;160583,03;161162,13;160442,82;160887,82;5,046692865E10;1568636
WINFUT;31/10/2024;10:00:00;160680,56;161296,24;160387,96;160589,12;6,461023242E10;2008154
WINFUT;31/10/2024;09:30:00;160729,33;160979,26;160564,74;160686,66;2,848711456E10;885973
WINFUT;31/10/2024;09:00:00;160857,34;161156,04;160631,79;160729,33;4,154987462E10;1290955
WINFUT;30/10/2024;18:00:00;161308,43;161338,91;161101,18;161101,18;3095332155,00;95989
WINFUT;30/10/2024;17:30:00;161314,53;161381,58;161265,76;161308,43;4029878313,00;124904
WINFUT;30/10/2024;17:00:00;161375,49;161418,16;161265,76;161314,53;9196591119,00;285021
WINFUT;30/10/2024;16:30:00;161375,49;161436,45;161284,05;161375,49;1,11213713E10;344604
WINFUT;30/10/2024;16:00:00;161436,45;161454,73;161186,52;161375,49;1,800114016E10;557969
WINFUT;30/10/2024;15:30:00;161436,45;161460,83;161357,20;161436,45;1,103627556E10;341888
WINFUT;30/10/2024;15:00:00;161375,49;161588,84;161369,39;161430,35;1,29062661E10;399610
WINFUT;30/10/2024;14:30:00;161393,78;161466,93;161326,72;161375,49;1,273694762E10;394601
WINFUT;30/10/2024;14:00:00;161345,01;161503,50;161247,48;161399,87;1,552710692E10;481061
WINFUT;30/10/2024;13:30:00;161363,30;161509,60;161277,95;161351,11;1,65179274E10;511769
WINFUT;30/10/2024;13:00:00;161466,93;161509,60;161326,72;161363,30;1,552342694E10;480852
WINFUT;30/10/2024;12:30:00;161473,02;161802,20;161375,49;161466,93;2,618435656E10;810182
WINFUT;30/10/2024;12:00:00;161332,82;161491,31;161241,38;161479,12;2,081727617E10;645049
WINFUT;30/10/2024;11:30:00;161424,26;161497,41;161028,03;161338,91;3,347268779E10;1037744
WINFUT;30/10/2024;11:00:00;161668,09;161741,24;161369,39;161424,26;3,225630221E10;998102
WINFUT;30/10/2024;10:30:00;161454,73;161790,01;161223,09;161674,19;5,194696049E10;1608351
WINFUT;30/10/2024;10:00:00;161418,16;161722,95;161235,28;161460,83;5,731205595E10;1774508
WINFUT;30/10/2024;09:30:00;161095,08;161460,83;160985,35;161412,06;3,241202637E10;1005259
WINFUT;30/10/2024;09:00:00;161235,28;161326,72;160790,29;161088,98;4,29522384E10;1333661
WINFUT;29/10/2024;18:00:00;161485,21;161521,79;161332,82;161424,26;3804137013,00;117827
WINFUT;29/10/2024;17:30:00;161503,50;161619,32;161430,35;161485,21;5826516007,00;180358
WINFUT;29/10/2024;17:00:00;161564,46;161661,99;161405,97;161503,50;1,270372039E10;393299
WINFUT;29/10/2024;16:30:00;161418,16;161601,04;161393,78;161564,46;1,471292599E10;455511
WINFUT;29/10/2024;16:00:00;161497,41;161558,36;161363,30;161418,16;1,418403712E10;439268
WINFUT;29/10/2024;15:30:00;161674,19;161796,10;161399,87;161491,31;2,254121738E10;697467
WINFUT;29/10/2024;15:00:00;161491,31;161716,86;161491,31;161674,19;1,447589827E10;447831
WINFUT;29/10/2024;14:30:00;161698,57;161698,57;161412,06;161497,41;2,222969438E10;688082
WINFUT;29/10/2024;14:00:00;161826,58;161936,31;161619,32;161704,66;2,145495031E10;663065
WINFUT;29/10/2024;13:30:00;161936,31;161960,69;161735,14;161826,58;1,949978713E10;602396
WINFUT;29/10/2024;13:00:00;162027,74;162076,51;161771,72;161936,31;2,523684591E10;779283
WINFUT;29/10/2024;12:30:00;162241,10;162314,25;161881,44;162021,65;2,252770229E10;695010
WINFUT;29/10/2024;12:00:00;162174,05;162448,36;162161,85;162235,00;2,464209532E10;759170
WINFUT;29/10/2024;11:30:00;162125,28;162332,54;162003,36;162174,05;2,774047556E10;855364
WINFUT;29/10/2024;11:00:00;162228,91;162430,07;162039,94;162125,28;4,589374896E10;1414579
WINFUT;29/10/2024;10:30:00;162417,88;162600,75;162046,03;162222,81;5,559602077E10;1712707
WINFUT;29/10/2024;10:00:00;162588,56;162728,77;162167,95;162411,78;5,866973267E10;1805319
WINFUT;29/10/2024;09:30:00;162478,84;162710,48;162344,73;162594,66;3,927628906E10;1208298
WINFUT;29/10/2024;09:00:00;162302,06;162740,96;162119,18;162484,93;6,498622716E10;2000549
WINFUT;28/10/2024;18:00:00;162454,45;162832,40;162442,26;162631,23;9435214676,00;290108
WINFUT;28/10/2024;17:30:00;162235,00;162503,22;162198,43;162454,45;9820273936,00;302479
WINFUT;28/10/2024;17:00:00;162241,10;162289,87;162100,89;162235,00;1,217516162E10;375315
WINFUT;28/10/2024;16:30:00;162125,28;162283,77;162100,89;162241,10;1,693172332E10;521996
WINFUT;28/10/2024;16:00:00;162149,66;162216,72;162033,84;162125,28;1,471631786E10;453852
WINFUT;28/10/2024;15:30:00;162113,09;162247,20;162058,22;162149,66;1,667890082E10;514311
WINFUT;28/10/2024;15:00:00;162363,02;162405,69;162113,09;162113,09;1,558587059E10;480215
WINFUT;28/10/2024;14:30:00;162174,05;162442,26;162119,18;162356,92;2,584281191E10;796221
WINFUT;28/10/2024;14:00:00;162021,65;162277,67;161930,21;162174,05;2,129303293E10;656809
WINFUT;28/10/2024;13:30:00;162015,55;162149,66;162009,46;162021,65;1,391020559E10;429142
WINFUT;28/10/2024;13:00:00;162106,99;162222,81;161972,88;162015,55;1,626871664E10;501800
WINFUT;28/10/2024;12:30:00;162082,61;162174,05;161991,17;162113,09;1,782693265E10;549986
WINFUT;28/10/2024;12:00:00;162021,65;162295,96;161948,50;162082,61;2,790462294E10;860571
WINFUT;28/10/2024;11:30:00;161790,01;162094,80;161680,28;162021,65;2,806147142E10;866754
WINFUT;28/10/2024;11:00:00;161997,27;162100,89;161729,05;161790,01;3,855776065E10;1190737
WINFUT;28/10/2024;10:30:00;161820,49;162100,89;161716,86;161997,27;4,595155889E10;1419047
WINFUT;28/10/2024;10:00:00;161491,31;161832,68;161253,57;161820,49;5,819257814E10;1800965
WINFUT;28/10/2024;09:30:00;161198,71;161503,50;161076,79;161491,31;3,280772871E10;1016985
WINFUT;28/10/2024;09:00:00;160442,82;161229,19;160144,13;161198,71;4,909162369E10;1526051
WINFUT;25/10/2024;18:00:00;160558,64;160570,84;160296,52;160296,52;4356936881,00;135791
WINFUT;25/10/2024;17:30:00;160595,22;160662,27;160467,21;160558,64;4528518611,00;141016
WINFUT;25/10/2024;17:00:00;160583,03;160747,62;160479,40;160601,32;1,074533375E10;334511
WINFUT;25/10/2024;16:30:00;160637,89;160686,66;160442,82;160576,93;1,322760638E10;411938
WINFUT;25/10/2024;16:00:00;160680,56;160692,75;160455,01;160643,99;1,373619487E10;427730
WINFUT;25/10/2024;15:30:00;160619,60;160723,23;160503,78;160680,56;1,408121873E10;438294
WINFUT;25/10/2024;15:00:00;160357,48;160698,85;160345,29;160613,51;1,914039365E10;596250
WINFUT;25/10/2024;14:30:00;160851,25;160857,34;160333,10;160351,39;2,385149492E10;742762
WINFUT;25/10/2024;14:00:00;160875,63;160936,59;160668,37;160851,25;2,122445803E10;659913
WINFUT;25/10/2024;13:30:00;160607,41;161137,75;160576,93;160869,53;2,51639862E10;781960
WINFUT;25/10/2024;13:00:00;160528,17;160613,51;160357,48;160607,41;2,202330074E10;686200
WINFUT;25/10/2024;12:30:00;160711,04;160875,63;160424,54;160522,07;2,168430459E10;674929
WINFUT;25/10/2024;12:00:00;161076,79;161107,27;160692,75;160711,04;2,395734581E10;744537
WINFUT;25/10/2024;11:30:00;160820,77;161156,04;160607,41;161082,89;3,300781675E10;1025952
WINFUT;25/10/2024;11:00:00;160741,52;161345,01;160650,08;160814,67;4,353689841E10;1352149
WINFUT;25/10/2024;10:30:00;160863,44;161082,89;160540,36;160741,52;4,477093767E10;1391860
WINFUT;25/10/2024;10:00:00;160979,26;161247,48;160607,41;160869,53;5,48897287E10;1705727
WINFUT;25/10/2024;09:30:00;160991,45;161076,79;160509,88;160979,26;3,843395386E10;1194962
WINFUT;25/10/2024;09:00:00;161296,24;161369,39;160589,12;160985,35;4,86054746E10;1510487
WINFUT;24/10/2024;18:00:00;160918,30;161192,61;160906,11;161149,94;5106604195,00;158535
WINFUT;24/10/2024;17:30:00;160863,44;160948,78;160802,48;160912,20;5521428632,00;171613
WINFUT;24/10/2024;17:00:00;160839,05;160991,45;160747,62;160863,44;1,212939172E10;376976
WINFUT;24/10/2024;16:30:00;160735,42;160979,26;160704,94;160839,05;1,952647004E10;606935
WINFUT;24/10/2024;16:00:00;160308,71;160759,81;160296,52;160735,42;1,56598863E10;487770
WINFUT;24/10/2024;15:30:00;160168,51;160436,73;160162,41;160308,71;1,78914533E10;557984
WINFUT;24/10/2024;15:00:00;160272,14;160491,59;160150,22;160168,51;2,116271656E10;660063
WINFUT;24/10/2024;14:30:00;160412,34;160790,29;160259,95;160278,24;3,679490095E10;1146143
WINFUT;24/10/2024;14:00:00;159729,61;160497,69;159705,23;160418,44;3,005441801E10;938743
WINFUT;24/10/2024;13:30:00;159546,73;159790,57;159382,15;159729,61;1,897434035E10;594500
WINFUT;24/10/2024;13:00:00;159772,28;159802,76;159302,90;159552,83;2,778320329E10;870771
WINFUT;24/10/2024;12:30:00;160010,02;160089,26;159766,18;159772,28;1,668604342E10;521596
WINFUT;24/10/2024;12:00:00;160040,50;160205,09;159875,91;160003,92;3,073947756E10;960390
WINFUT;24/10/2024;11:30:00;159284,61;160070,98;159272,42;160040,50;3,4191123E10;1070422
WINFUT;24/10/2024;11:00:00;159650,36;159656,46;159272,42;159278,52;3,009283969E10;943603
WINFUT;24/10/2024;10:30:00;159546,73;159857,62;159302,90;159656,46;4,817121396E10;1509131
WINFUT;24/10/2024;10:00:00;159705,23;159760,09;159235,84;159552,83;5,486852761E10;1720350
WINFUT;24/10/2024;09:30:00;159656,46;159985,63;159552,83;159711,32;4,070008517E10;1273859
WINFUT;24/10/2024;09:00:00;160095,36;160387,96;159619,88;159662,55;6,438329791E10;2012203
WINFUT;23/10/2024;18:00:00;159693,03;159753,99;159467,49;159467,49;3236562973,00;101364
WINFUT;23/10/2024;17:30:00;159729,61;159766,18;159668,65;159699,13;4826504982,00;151091
WINFUT;23/10/2024;17:00:00;159784,47;159857,62;159693,03;159723,51;1,102800547E10;345091
WINFUT;23/10/2024;16:30:00;159741,80;159833,24;159601,60;159784,47;1,597477402E10;500093
WINFUT;23/10/2024;16:00:00;159686,94;159747,90;159583,31;159741,80;1,311753527E10;410754
WINFUT;23/10/2024;15:30:00;159528,45;159693,03;159497,97;159686,94;1,424365084E10;446219
WINFUT;23/10/2024;15:00:00;159693,03;159729,61;159424,82;159528,45;2,068555316E10;648182
WINFUT;23/10/2024;14:30:00;159607,69;159882,00;159467,49;159693,03;2,919033245E10;913892
WINFUT;23/10/2024;14:00:00;159601,60;159766,18;159571,12;159607,69;1,938710932E10;607132
WINFUT;23/10/2024;13:30:00;159479,68;159607,69;159284,61;159601,60;2,038459553E10;639310
WINFUT;23/10/2024;13:00:00;159772,28;159833,24;159455,30;159485,77;2,360540853E10;739363
WINFUT;23/10/2024;12:30:00;159357,76;159796,66;159345,57;159772,28;2,240439745E10;701881
WINFUT;23/10/2024;12:00:00;159345,57;159382,15;159150,50;159357,76;2,329458659E10;731245
WINFUT;23/10/2024;11:30:00;159412,62;159443,10;159016,39;159339,47;3,95318185E10;1241616
WINFUT;23/10/2024;11:00:00;159900,29;159961,25;159211,46;159412,62;5,345353417E10;1675428
WINFUT;23/10/2024;10:30:00;159808,85;160070,98;159467,49;159906,39;5,342923127E10;1671325
WINFUT;23/10/2024;10:00:00;159449,20;160034,40;159394,34;159814,95;6,628775196E10;2074132
WINFUT;23/10/2024;09:30:00;159467,49;159540,64;159345,57;159455,30;2,141034766E10;671431
WINFUT;23/10/2024;09:00:00;160333,10;160357,48;159406,53;159467,49;7,008714103E10;2194415
WINFUT;22/10/2024;18:00:00;160924,40;161168,23;160906,11;161076,79;4666693015,00;144884
WINFUT;22/10/2024;17:30:00;160930,49;160954,87;160851,25;160918,30;3833688849,00;119131
WINFUT;22/10/2024;17:00:00;160863,44;160954,87;160723,23;160930,49;1,394874163E10;433621
WINFUT;22/10/2024;16:30:00;160900,01;161009,74;160839,05;160863,44;1,221534026E10;379584
WINFUT;22/10/2024;16:00:00;160711,04;160930,49;160686,66;160893,92;1,298898712E10;403813
WINFUT;22/10/2024;15:30:00;160674,47;160796,38;160619,60;160711,04;1,73592659E10;540054
WINFUT;22/10/2024;15:00:00;160387,96;160704,94;160162,41;160674,47;2,476911055E10;772005
WINFUT;22/10/2024;14:30:00;160290,43;160406,25;160174,61;160394,06;1,768192903E10;551555
WINFUT;22/10/2024;14:00:00;160406,25;160515,97;159985,63;160290,43;2,473214937E10;771851
WINFUT;22/10/2024;13:30:00;160522,07;160692,75;160394,06;160412,34;1,804740736E10;562146
WINFUT;22/10/2024;13:00:00;160400,15;160717,14;160314,81;160528,17;2,361275862E10;735395
WINFUT;22/10/2024;12:30:00;159997,83;160412,34;159991,73;160400,15;2,036084366E10;635306
WINFUT;22/10/2024;12:00:00;160156,32;160168,51;159729,61;159997,83;2,976159097E10;930643
WINFUT;22/10/2024;11:30:00;159729,61;160515,97;159711,32;160162,41;4,763406048E10;1486863
WINFUT;22/10/2024;11:00:00;159930,77;160113,65;159662,55;159729,61;4,677672875E10;1462990
WINFUT;22/10/2024;10:30:00;160759,81;161095,08;159808,85;159930,77;7,014857597E10;2185907
WINFUT;22/10/2024;10:00:00;160205,09;161009,74;159961,25;160753,71;8,165311039E10;2543380
WINFUT;22/10/2024;09:30:00;160290,43;160479,40;160083,17;160205,09;3,181855392E10;992610
WINFUT;22/10/2024;09:00:00;160991,45;161095,08;160107,55;160296,52;6,154820596E10;1918426
WINFUT;21/10/2024;18:00:00;161363,30;161369,39;161198,71;161198,71;2409828197,00;74690
WINFUT;21/10/2024;17:30:00;161338,91;161399,87;161320,63;161363,30;3179998925,00;98539
WINFUT;21/10/2024;17:00:00;161332,82;161454,73;161290,15;161345,01;8970723799,00;277959
WINFUT;21/10/2024;16:30:00;161345,01;161460,83;161265,76;161332,82;1,271074168E10;393872
WINFUT;21/10/2024;16:00:00;161265,76;161454,73;161247,48;161338,91;1,359047229E10;421117
WINFUT;21/10/2024;15:30:00;161497,41;161509,60;161186,52;161271,86;1,660393178E10;514434
WINFUT;21/10/2024;15:00:00;161284,05;161515,69;161119,46;161503,50;1,928062658E10;597683
WINFUT;21/10/2024;14:30:00;161430,35;161485,21;161253,57;161284,05;1,490063437E10;461662
WINFUT;21/10/2024;14:00:00;161729,05;161747,34;161387,68;161430,35;1,613743498E10;499516
WINFUT;21/10/2024;13:30:00;161588,84;161771,72;161436,45;161735,14;1,671113945E10;517024
WINFUT;21/10/2024;13:00:00;161473,02;161735,14;161223,09;161588,84;2,454785869E10;760207
WINFUT;21/10/2024;12:30:00;161192,61;161607,13;161070,70;161473,02;2,248478022E10;696804
WINFUT;21/10/2024;12:00:00;161442,54;161466,93;161058,50;161192,61;3,019594936E10;936144
WINFUT;21/10/2024;11:30:00;161357,20;161747,34;161338,91;161436,45;3,541009961E10;1095922
WINFUT;21/10/2024;11:00:00;161729,05;161960,69;161137,75;161351,11;5,747670978E10;1778814
WINFUT;21/10/2024;10:30:00;162003,36;162174,05;161704,66;161729,05;4,023538424E10;1242596
WINFUT;21/10/2024;10:00:00;162058,22;162289,87;161759,53;162009,46;6,199684592E10;1912891
WINFUT;21/10/2024;09:30:00;161844,87;162070,42;161729,05;162052,13;3,354847486E10;1036087
WINFUT;21/10/2024;09:00:00;161101,18;161911,92;160942,68;161844,87;5,752657625E10;1780148
WINFUT;18/10/2024;18:00:00;161668,09;161674,19;161308,43;161308,43;3821981205,00;118292
WINFUT;18/10/2024;17:30:00;161521,79;161698,57;161473,02;161661,99;5240375795,00;162165
WINFUT;18/10/2024;17:00:00;161753,43;161887,54;161448,64;161521,79;1,661143743E10;513811
WINFUT;18/10/2024;16:30:00;161430,35;161771,72;161345,01;161753,43;1,702742507E10;527129
WINFUT;18/10/2024;16:00:00;161509,60;161515,69;161338,91;161436,45;1,198648347E10;371253
WINFUT;18/10/2024;15:30:00;161375,49;161546,17;161302,34;161509,60;1,097222715E10;339912
WINFUT;18/10/2024;15:00:00;161210,90;161424,26;161119,46;161381,58;1,393009178E10;431779
WINFUT;18/10/2024;14:30:00;161405,97;161430,35;161143,85;161210,90;1,90780342E10;591584
WINFUT;18/10/2024;14:00:00;161387,68;161515,69;161375,49;161412,06;1,182754539E10;366300
WINFUT;18/10/2024;13:30:00;161564,46;161576,65;161351,11;161381,58;1,36699676E10;423331
WINFUT;18/10/2024;13:00:00;161332,82;161576,65;161235,28;161564,46;1,201711007E10;372331
WINFUT;18/10/2024;12:30:00;161277,95;161399,87;161180,42;161332,82;1,667410431E10;516920
WINFUT;18/10/2024;12:00:00;161607,13;161619,32;161113,37;161284,05;2,750053153E10;852433
WINFUT;18/10/2024;11:30:00;161180,42;161942,40;161168,23;161607,13;3,976372129E10;1230065
WINFUT;18/10/2024;11:00:00;161424,26;161515,69;161076,79;161180,42;3,881435077E10;1203424
WINFUT;18/10/2024;10:30:00;162801,92;162838,49;161357,20;161430,35;6,418465342E10;1980834
WINFUT;18/10/2024;10:00:00;162759,25;163149,38;162655,62;162808,01;5,289275932E10;1623465
WINFUT;18/10/2024;09:30:00;162277,67;162893,36;162204,52;162753,15;3,727363749E10;1146045
WINFUT;18/10/2024;09:00:00;162722,67;162942,12;161869,25;162277,67;4,775680681E10;1471184
WINFUT;17/10/2024;18:00:00;162052,13;162247,20;162015,55;162174,05;3748106618,00;115597
WINFUT;17/10/2024;17:30:00;161966,79;162137,47;161942,40;162052,13;6512447735,00;200949
WINFUT;17/10/2024;17:00:00;162113,09;162113,09;161936,31;161972,88;1,076009448E10;332088
WINFUT;17/10/2024;16:30:00;162052,13;162137,47;161978,98;162106,99;1,138191365E10;351161
WINFUT;17/10/2024;16:00:00;161942,40;162088,70;161936,31;162052,13;1,14562452E10;353519
WINFUT;17/10/2024;15:30:00;162046,03;162143,57;161905,83;161936,31;1,383386752E10;426902
WINFUT;17/10/2024;15:00:00;162046,03;162100,89;161948,50;162046,03;1,446503807E10;446380
WINFUT;17/10/2024;14:30:00;161796,10;162131,37;161729,05;162046,03;1,826879917E10;564084
WINFUT;17/10/2024;14:00:00;161869,25;161930,21;161741,24;161796,10;1,523253881E10;470619
WINFUT;17/10/2024;13:30:00;161546,17;161899,73;161521,79;161869,25;1,825370852E10;564321
WINFUT;17/10/2024;13:00:00;161613,23;161619,32;161387,68;161546,17;1,930525556E10;597689
WINFUT;17/10/2024;12:30:00;161924,12;162009,46;161594,94;161619,32;1,980448844E10;612077
WINFUT;17/10/2024;12:00:00;161796,10;161972,88;161698,57;161924,12;2,011957898E10;621643
WINFUT;17/10/2024;11:30:00;161491,31;161820,49;161485,21;161796,10;2,616401136E10;809187
WINFUT;17/10/2024;11:00:00;161552,27;161911,92;161479,12;161485,21;4,12440642E10;1275461
WINFUT;17/10/2024;10:30:00;161101,18;161710,76;160881,72;161546,17;6,451191137E10;1999458
WINFUT;17/10/2024;10:00:00;161271,86;161338,91;160857,34;161101,18;4,546887658E10;1411335
WINFUT;17/10/2024;09:30:00;161680,28;161838,77;161217,00;161277,95;3,996913455E10;1237821
WINFUT;17/10/2024;09:00:00;162564,18;162673,91;161564,46;161680,28;5,0701903E10;1565426
WINFUT;16/10/2024;18:00:00;162948,22;162984,79;162716,58;162716,58;3649141949,00;112045
WINFUT;16/10/2024;17:30:00;163015,27;163027,46;162893,36;162954,31;4567984699,00;140165
WINFUT;16/10/2024;17:00:00;162990,89;163210,34;162899,45;163009,18;1,405528276E10;431024
WINFUT;16/10/2024;16:30:00;163082,33;163125,00;162929,93;162984,79;1,32585487E10;406610
WINFUT;16/10/2024;16:00:00;163167,67;163216,44;162954,31;163076,23;2,016519726E10;618272
WINFUT;16/10/2024;15:30:00;163326,16;163490,75;163106,71;163161,57;1,951459731E10;597534
WINFUT;16/10/2024;15:00:00;163612,67;163679,72;163179,86;163326,16;2,445820639E10;748200
WINFUT;16/10/2024;14:30:00;163679,72;163807,73;163509,04;163618,76;1,996880812E10;610097
WINFUT;16/10/2024;14:00:00;163137,19;163685,82;163118,90;163679,72;3,00433051E10;919209
WINFUT;16/10/2024;13:30:00;163185,96;163295,68;162978,70;163137,19;1,776622209E10;544443
WINFUT;16/10/2024;13:00:00;162844,59;163338,35;162814,11;163185,96;2,454965675E10;752470
WINFUT;16/10/2024;12:30:00;162814,11;162984,79;162734,86;162850,68;1,530101734E10;469711
WINFUT;16/10/2024;12:00:00;162972,60;162978,70;162600,75;162814,11;2,605912959E10;800504
WINFUT;16/10/2024;11:30:00;162210,62;162996,99;162143,57;162978,70;3,501318921E10;1077234
WINFUT;16/10/2024;11:00:00;162186,24;162740,96;162070,42;162216,72;4,714612355E10;1451760
WINFUT;16/10/2024;10:30:00;162472,74;162795,82;162167,95;162186,24;4,212883097E10;1296354
WINFUT;16/10/2024;10:00:00;162564,18;162619,04;162039,94;162472,74;5,317580806E10;1637353
WINFUT;16/10/2024;09:30:00;162990,89;163051,85;162094,80;162558,08;6,545020193E10;2013595
WINFUT;16/10/2024;09:00:00;162381,30;163253,01;162271,58;162990,89;4,226491008E10;1297060
WINFUT;15/10/2024;18:00:00;162371,78;162421,40;162216,72;162216,72;2504969624,00;77152
WINFUT;15/10/2024;17:30:00;162471,02;162539,25;162334,57;162371,78;5870672144,00;180725
WINFUT;15/10/2024;17:00:00;162377,98;162632,29;162346,97;162477,23;1,32319699E10;407122
WINFUT;15/10/2024;16:30:00;162297,35;162409,00;162210,51;162377,98;1,11731359E10;344190
WINFUT;15/10/2024;16:00:00;162390,39;162433,81;162179,50;162297,35;1,407539614E10;433680
WINFUT;15/10/2024;15:30:00;162253,93;162433,81;162198,11;162396,59;1,511045708E10;465513
WINFUT;15/10/2024;15:00:00;162377,98;162440,01;162204,31;162247,73;1,60327474E10;493790
WINFUT;15/10/2024;14:30:00;162191,91;162452,42;162061,65;162377,98;1,968349243E10;606587
WINFUT;15/10/2024;14:00:00;162309,76;162371,78;162043,04;162191,91;2,013496539E10;620553
WINFUT;15/10/2024;13:30:00;161993,42;162322,16;161906,59;162309,76;2,062760614E10;636240
WINFUT;15/10/2024;13:00:00;161993,42;162123,68;161906,59;161993,42;1,758880216E10;542839
WINFUT;15/10/2024;12:30:00;162384,19;162533,05;161962,41;161993,42;2,107170848E10;649335
WINFUT;15/10/2024;12:00:00;162458,62;162650,90;162322,16;162384,19;2,104734242E10;647826
WINFUT;15/10/2024;11:30:00;162092,66;162688,11;162074,06;162452,42;3,58011236E10;1102542
WINFUT;15/10/2024;11:00:00;161720,51;162576,47;161627,47;162092,66;4,976698947E10;1534242
WINFUT;15/10/2024;10:30:00;162198,11;162353,17;161522,02;161720,51;5,899451603E10;1822221
WINFUT;15/10/2024;10:00:00;162198,11;162917,61;162154,69;162198,11;6,307867136E10;1940137
WINFUT;15/10/2024;09:30:00;162340,77;162632,29;162117,47;162198,11;2,841966231E10;875533
WINFUT;15/10/2024;09:00:00;162024,44;162750,14;161776,33;162340,77;5,191011105E10;1598048
WINFUT;14/10/2024;18:00:00;162582,67;162743,94;162533,05;162743,94;3745623422,00;115160
WINFUT;14/10/2024;17:30:00;162557,86;162663,30;162427,60;162576,47;9297649658,00;285974
WINFUT;14/10/2024;17:00:00;162694,32;162725,33;162520,64;162557,86;1,0906036E10;335299
WINFUT;14/10/2024;16:30:00;162681,91;162830,77;162613,68;162694,32;1,293727392E10;397509
WINFUT;14/10/2024;16:00:00;162706,72;162781,15;162570,26;162688,11;1,219387211E10;374768
WINFUT;14/10/2024;15:30:00;162700,52;162818,37;162570,26;162712,92;1,885876701E10;579606
WINFUT;14/10/2024;15:00:00;162626,09;162843,18;162539,25;162694,32;1,925944736E10;591795
WINFUT;14/10/2024;14:30:00;162427,60;162824,57;162421,40;162619,89;2,76699286E10;850795
WINFUT;14/10/2024;14:00:00;162377,98;162471,02;162167,10;162433,81;2,038451745E10;627905
WINFUT;14/10/2024;13:30:00;162129,88;162409,00;161993,42;162371,78;2,701608636E10;832775
WINFUT;14/10/2024;13:00:00;161950,00;162173,30;161838,36;162129,88;2,612738031E10;806299
WINFUT;14/10/2024;12:30:00;161354,55;161993,42;161317,34;161950,00;2,404306535E10;743745
WINFUT;14/10/2024;12:00:00;161863,17;161887,98;161019,61;161354,55;3,278023841E10;1014918
WINFUT;14/10/2024;11:30:00;161032,02;161974,81;160988,60;161856,97;3,48637776E10;1080013
WINFUT;14/10/2024;11:00:00;161286,33;161528,23;160945,18;161025,82;3,726557831E10;1155438
WINFUT;14/10/2024;10:30:00;161342,15;161918,99;161007,21;161280,12;6,428931749E10;1991280
WINFUT;14/10/2024;10:00:00;161416,58;161788,74;161211,89;161348,35;5,450765515E10;1688036
WINFUT;14/10/2024;09:30:00;160622,65;161453,80;160604,04;161410,38;3,87792744E10;1203881
WINFUT;14/10/2024;09:00:00;161391,77;161472,40;160548,22;160628,85;4,313286222E10;1340019
WINFUT;11/10/2024;18:00:00;161472,40;161770,13;161441,39;161602,66;3389169393,00;104885
WINFUT;11/10/2024;17:30:00;161472,40;161509,62;161391,77;161466,20;4240677558,00;131338
WINFUT;11/10/2024;17:00:00;161491,01;161522,02;161348,35;161472,40;8617929106,00;266932
WINFUT;11/10/2024;16:30:00;161404,17;161571,65;161342,15;161484,81;1,258546151E10;389777
WINFUT;11/10/2024;16:00:00;161280,12;161466,20;161218,10;161404,17;1,166175401E10;361409
WINFUT;11/10/2024;15:30:00;161199,49;161348,35;161094,04;161273,92;1,62695524E10;504592
WINFUT;11/10/2024;15:00:00;161218,10;161366,96;161193,29;161199,49;1,226283993E10;380194
WINFUT;11/10/2024;14:30:00;161323,54;161329,74;161094,04;161218,10;1,722681216E10;534268
WINFUT;11/10/2024;14:00:00;160957,59;161342,15;160951,38;161323,54;2,037971436E10;632322
WINFUT;11/10/2024;13:30:00;160728,09;160969,99;160703,28;160957,59;1,507602759E10;468641
WINFUT;11/10/2024;13:00:00;160945,18;160976,20;160684,67;160734,29;1,929295568E10;599883
WINFUT;11/10/2024;12:30:00;161453,80;161509,62;160895,56;160945,18;2,186963989E10;678238
WINFUT;11/10/2024;12:00:00;161162,27;161491,01;161106,45;161460,00;1,976437696E10;612600
WINFUT;11/10/2024;11:30:00;161168,48;161335,95;161007,21;161156,07;2,754503918E10;854647
WINFUT;11/10/2024;11:00:00;160659,86;161447,59;160573,03;161168,48;3,890290767E10;1208201
WINFUT;11/10/2024;10:30:00;160839,74;160969,99;160492,39;160666,07;4,114416697E10;1279915
WINFUT;11/10/2024;10:00:00;161571,65;161652,28;160666,07;160845,94;5,351441497E10;1660100
WINFUT;11/10/2024;09:30:00;162241,53;162440,01;161515,82;161571,65;5,097775716E10;1574417
WINFUT;11/10/2024;09:00:00;161689,49;162377,98;161596,46;162235,32;3,506439795E10;1081188
WINFUT;10/10/2024;18:00:00;161918,99;161999,63;161856,97;161856,97;3010392508,00;92953
WINFUT;10/10/2024;17:30:00;161931,40;162067,85;161788,74;161918,99;8550796043,00;264104
WINFUT;10/10/2024;17:00:00;161937,60;162018,23;161863,17;161931,40;1,026611017E10;316961
WINFUT;10/10/2024;16:30:00;161844,56;162055,45;161838,36;161937,60;1,29257811E10;399110
WINFUT;10/10/2024;16:00:00;161832,15;161906,59;161751,52;161838,36;9075100543,00;280384
WINFUT;10/10/2024;15:30:00;161912,79;161943,80;161745,32;161832,15;1,416647382E10;437700
WINFUT;10/10/2024;15:00:00;161850,76;161956,21;161708,10;161912,79;1,451221422E10;448394
WINFUT;10/10/2024;14:30:00;161739,12;161881,78;161658,48;161844,56;1,869006074E10;577677
WINFUT;10/10/2024;14:00:00;161553,04;161770,13;161211,89;161745,32;3,079639006E10;953606
WINFUT;10/10/2024;13:30:00;161770,13;161825,95;161522,02;161553,04;1,69180254E10;523191
WINFUT;10/10/2024;13:00:00;161646,08;161782,53;161590,25;161763,93;1,290956643E10;399193
WINFUT;10/10/2024;12:30:00;161770,13;161794,94;161627,47;161639,87;1,439846931E10;445223
WINFUT;10/10/2024;12:00:00;161751,52;161974,81;161720,51;161776,33;1,966422073E10;607480
WINFUT;10/10/2024;11:30:00;161869,37;161925,19;161646,08;161751,52;2,492523552E10;770385
WINFUT;10/10/2024;11:00:00;161559,24;161906,59;161522,02;161869,37;3,095220124E10;957001
WINFUT;10/10/2024;10:30:00;161639,87;161813,55;161199,49;161559,24;5,539111238E10;1715210
WINFUT;10/10/2024;10:00:00;161615,06;161894,18;161435,19;161633,67;4,482297989E10;1386559
WINFUT;10/10/2024;09:30:00;161435,19;161720,51;161137,46;161621,27;4,687370649E10;1451299
WINFUT;10/10/2024;09:00:00;161565,44;161751,52;161366,96;161435,19;3,24205676E10;1003521
WINFUT;09/10/2024;18:00:00;161410,38;161416,58;161156,07;161273,92;5681627170,00;176154
WINFUT;09/10/2024;17:30:00;161391,77;161466,20;161360,76;161404,17;5151229651,00;159560
WINFUT;09/10/2024;17:00:00;161366,96;161491,01;161329,74;161385,57;1,217175154E10;377047
WINFUT;09/10/2024;16:30:00;161515,82;161540,63;161323,54;161360,76;1,878067042E10;581693
WINFUT;09/10/2024;16:00:00;161205,69;161522,02;161180,88;161515,82;2,121415973E10;657245
WINFUT;09/10/2024;15:30:00;161366,96;161379,36;161131,26;161205,69;1,623723079E10;503473
WINFUT;09/10/2024;15:00:00;161292,53;161391,77;161094,04;161360,76;2,232092338E10;692134
WINFUT;09/10/2024;14:30:00;161174,68;161360,76;161143,67;161292,53;1,543090342E10;478433
WINFUT;09/10/2024;14:00:00;161230,50;161354,55;161137,46;161174,68;1,918749603E10;595033
WINFUT;09/10/2024;13:30:00;161491,01;161559,24;161106,45;161230,50;3,255987221E10;1009346
WINFUT;09/10/2024;13:00:00;161546,83;161757,72;161466,20;161484,81;2,170047309E10;671408
WINFUT;09/10/2024;12:30:00;161751,52;161993,42;161466,20;161540,63;2,553121236E10;789219
WINFUT;09/10/2024;12:00:00;162024,44;162173,30;161714,31;161751,52;3,321420467E10;1025361
WINFUT;09/10/2024;11:30:00;161708,10;162030,64;161397,97;162024,44;3,883229616E10;1201070
WINFUT;09/10/2024;11:00:00;162061,65;162067,85;161503,42;161708,10;4,060237918E10;1255412
WINFUT;09/10/2024;10:30:00;161813,55;162235,32;161602,66;162055,45;5,903055766E10;1822582
WINFUT;09/10/2024;10:00:00;162235,32;162315,96;161726,71;161813,55;4,243676964E10;1309370
WINFUT;09/10/2024;09:30:00;162409,00;162508,24;162142,28;162229,12;3,731072471E10;1149310
WINFUT;09/10/2024;09:00:00;163438,63;163531,67;162353,17;162402,79;5,111697115E10;1570876
WINFUT;08/10/2024;18:00:00;163382,81;163531,67;163302,17;163531,67;3483032135,00;106577
WINFUT;08/10/2024;17:30:00;163295,97;163420,02;163209,13;163376,60;7516330697,00;230113
WINFUT;08/10/2024;17:00:00;163382,81;163482,05;163283,56;163302,17;1,186170733E10;362981
WINFUT;08/10/2024;16:30:00;163240,15;163519,26;163221,54;163382,81;1,566758513E10;479516
WINFUT;08/10/2024;16:00:00;163326,98;163382,81;163097,49;163240,15;1,835475267E10;562304
WINFUT;08/10/2024;15:30:00;163568,88;163637,11;163314,58;163320,78;1,724311695E10;527439
WINFUT;08/10/2024;15:00:00;163444,83;163668,13;163333,18;163562,68;2,059440581E10;629667
WINFUT;08/10/2024;14:30:00;163302,17;163519,26;163289,77;163444,83;1,58330116E10;484446
WINFUT;08/10/2024;14:00:00;163401,41;163426,22;163078,88;163302,17;2,421264755E10;741652
WINFUT;08/10/2024;13:30:00;163494,45;163593,69;163295,97;163401,41;1,829460654E10;559718
WINFUT;08/10/2024;13:00:00;163382,81;163637,11;163252,55;163488,25;2,575376469E10;787832
WINFUT;08/10/2024;12:30:00;162979,64;163401,41;162948,62;163382,81;2,214635762E10;678565
WINFUT;08/10/2024;12:00:00;163097,49;163277,36;162923,81;162979,64;2,78023158E10;852192
WINFUT;08/10/2024;11:30:00;162613,68;163209,13;162526,85;163103,69;3,3645898E10;1033188
WINFUT;08/10/2024;11:00:00;163171,92;163221,54;162526,85;162613,68;4,382484742E10;1344874
WINFUT;08/10/2024;10:30:00;162582,67;163246,35;162489,63;163171,92;5,791305494E10;1778135
WINFUT;08/10/2024;10:00:00;162309,76;162669,51;162012,03;162582,67;6,352445136E10;1956217
WINFUT;08/10/2024;09:30:00;162781,15;162830,77;162111,27;162303,55;4,505825647E10;1386945
WINFUT;08/10/2024;09:00:00;162985,84;163376,60;162272,54;162781,15;6,555386824E10;2013951
WINFUT;07/10/2024;18:00:00;164189,14;164220,16;164052,69;164139,52;3717344297,00;113243
WINFUT;07/10/2024;17:30:00;164182,94;164263,58;164034,08;164182,94;7266052928,00;221313
WINFUT;07/10/2024;17:00:00;164077,50;164263,58;164009,27;164182,94;1,123341951E10;342188
WINFUT;07/10/2024;16:30:00;164071,29;164145,73;163959,65;164077,50;1,511216315E10;460609
WINFUT;07/10/2024;16:00:00;163934,84;164195,35;163804,58;164071,29;1,935359513E10;589983
WINFUT;07/10/2024;15:30:00;164083,70;164108,51;163705,34;163928,64;3,236375096E10;987248
WINFUT;07/10/2024;15:00:00;164418,64;164511,68;164003,07;164083,70;2,263302852E10;689032
WINFUT;07/10/2024;14:30:00;164393,83;164530,29;164288,39;164424,84;1,666806874E10;506906
WINFUT;07/10/2024;14:00:00;164201,55;164462,06;164127,12;164393,83;2,015157077E10;613080
WINFUT;07/10/2024;13:30:00;164058,89;164232,56;164009,27;164207,75;1,171575476E10;356887
WINFUT;07/10/2024;13:00:00;164164,33;164325,60;163941,04;164058,89;2,092217229E10;637406
WINFUT;07/10/2024;12:30:00;164195,35;164381,43;163984,46;164164,33;2,262936433E10;689139
WINFUT;07/10/2024;12:00:00;164555,10;164610,92;164189,14;164201,55;3,029487756E10;921513
WINFUT;07/10/2024;11:30:00;165150,55;165156,75;164536,49;164555,10;2,876185994E10;872421
WINFUT;07/10/2024;11:00:00;164759,78;165423,46;164753,58;165150,55;4,268089804E10;1292218
WINFUT;07/10/2024;10:30:00;163860,41;164852,82;163705,34;164753,58;5,383572304E10;1637483
WINFUT;07/10/2024;10:00:00;165193,97;165237,38;163810,79;163854,20;6,107101333E10;1855705
WINFUT;07/10/2024;09:30:00;164902,44;165193,97;164809,40;165193,97;3,067097569E10;929417
WINFUT;07/10/2024;09:00:00;163637,11;164989,28;163562,68;164908,65;5,039394676E10;1530969
WINFUT;04/10/2024;18:00:00;163928,64;164009,27;163848,00;164009,27;2750006863,00;83884
WINFUT;04/10/2024;17:30:00;163879,01;164003,07;163823,19;163934,84;4812125664,00;146816
WINFUT;04/10/2024;17:00:00;164046,48;164052,69;163835,60;163879,01;9439438272,00;287902
WINFUT;04/10/2024;16:30:00;163959,65;164114,71;163910,03;164046,48;1,193936061E10;363951
WINFUT;04/10/2024;16:00:00;164046,48;164083,70;163872,81;163953,45;1,453726845E10;443297
WINFUT;04/10/2024;15:30:00;163798,38;164089,90;163773,57;164046,48;1,868689729E10;569874
WINFUT;04/10/2024;15:00:00;163692,94;163897,62;163661,92;163804,58;1,387395856E10;423470
WINFUT;04/10/2024;14:30:00;163891,42;163903,82;163606,10;163692,94;2,010036151E10;613792
WINFUT;04/10/2024;14:00:00;163829,39;164027,88;163779,77;163891,42;1,470641643E10;448641
WINFUT;04/10/2024;13:30:00;163779,77;163860,41;163649,52;163829,39;1,352657062E10;413001
WINFUT;04/10/2024;13:00:00;163723,95;163835,60;163661,92;163773,57;1,478206224E10;451385
WINFUT;04/10/2024;12:30:00;163376,60;163754,96;163358,00;163717,75;2,039632376E10;623398
WINFUT;04/10/2024;12:00:00;163699,14;163872,81;163351,79;163376,60;2,322133928E10;709676
WINFUT;04/10/2024;11:30:00;163730,15;163823,19;163550,28;163705,34;2,944711356E10;899528
WINFUT;04/10/2024;11:00:00;163717,75;164133,32;163612,30;163736,35;4,021816736E10;1227289
WINFUT;04/10/2024;10:30:00;163556,48;163996,86;163202,93;163723,95;5,652175335E10;1727285
WINFUT;04/10/2024;10:00:00;163159,51;163705,34;162998,24;163562,68;6,113278204E10;1871140
WINFUT;04/10/2024;09:30:00;163637,11;164114,71;162923,81;163159,51;6,273130697E10;1921293
WINFUT;04/10/2024;09:00:00;163934,84;164493,07;163475,84;163668,13;4,627237614E10;1413017
WINFUT;03/10/2024;18:00:00;163754,96;163767,37;163587,49;163649,52;4461701402,00;136292
WINFUT;03/10/2024;17:30:00;163748,76;163897,62;163705,34;163748,76;6346069798,00;193712
WINFUT;03/10/2024;17:00:00;163816,99;163972,05;163692,94;163748,76;1,811744796E10;553018
WINFUT;03/10/2024;16:30:00;163736,35;163891,42;163668,13;163816,99;1,839688329E10;561676
WINFUT;03/10/2024;16:00:00;163835,60;163910,03;163655,72;163730,15;2,234591815E10;682208
WINFUT;03/10/2024;15:30:00;163885,22;164158,13;163754,96;163835,60;3,620553182E10;1104197
WINFUT;03/10/2024;15:00:00;163612,30;163922,43;163413,82;163885,22;2,459135897E10;751215
WINFUT;03/10/2024;14:30:00;163413,82;163630,91;163389,01;163606,10;1,897180914E10;580069
WINFUT;03/10/2024;14:00:00;163432,43;163643,32;163283,56;163413,82;2,683780702E10;821007
WINFUT;03/10/2024;13:30:00;163587,49;163705,34;163283,56;163426,22;2,969818394E10;908263
WINFUT;03/10/2024;13:00:00;163438,63;163736,35;163252,55;163587,49;2,220805736E10;679068
WINFUT;03/10/2024;12:30:00;163457,24;163674,33;163351,79;163438,63;2,174438464E10;664818
WINFUT;03/10/2024;12:00:00;163227,74;163525,47;163215,34;163457,24;2,276114953E10;696625
WINFUT;03/10/2024;11:30:00;163451,03;163692,94;163178,12;163233,94;4,308496706E10;1318391
WINFUT;03/10/2024;11:00:00;164096,11;164195,35;163345,59;163451,03;6,191812622E10;1890532
WINFUT;03/10/2024;10:30:00;164009,27;164381,43;163742,56;164096,11;5,909412889E10;1801075
WINFUT;03/10/2024;10:00:00;164567,50;164648,14;163947,24;164015,47;6,694956239E10;2037475
WINFUT;03/10/2024;09:30:00;164734,97;164834,22;164431,05;164561,30;4,521074505E10;1373391
WINFUT;03/10/2024;09:00:00;166074,74;166155,37;164672,95;164741,18;5,762028178E10;1744868
WINFUT;02/10/2024;18:00:00;166322,84;166490,31;166310,44;166403,47;3231921020,00;97114
WINFUT;02/10/2024;17:30:00;166502,72;166608,16;166298,03;166316,64;1,129992912E10;339403
WINFUT;02/10/2024;17:00:00;166335,25;166527,53;166118,15;166502,72;1,430711244E10;430125
WINFUT;02/10/2024;16:30:00;166229,80;166422,08;166173,98;166341,45;1,542803061E10;463859
WINFUT;02/10/2024;16:00:00;166142,96;166304,23;166074,74;166236,00;1,407185792E10;423333
WINFUT;02/10/2024;15:30:00;166217,40;166316,64;165956,89;166142,96;2,518338127E10;757804
WINFUT;02/10/2024;15:00:00;167029,94;167048,55;166080,94;166223,60;3,238780624E10;971908
WINFUT;02/10/2024;14:30:00;166961,71;167104,37;166912,09;167036,14;1,617415812E10;484198
WINFUT;02/10/2024;14:00:00;167011,33;167054,75;166732,21;166961,71;1,810580826E10;542382
WINFUT;02/10/2024;13:30:00;167290,45;167296,65;166918,29;167017,53;1,994460946E10;596963
WINFUT;02/10/2024;13:00:00;167309,05;167451,71;167185,00;167290,45;2,122160916E10;634185
WINFUT;02/10/2024;12:30:00;166775,63;167315,26;166775,63;167315,26;2,804732467E10;839615
WINFUT;02/10/2024;12:00:00;166955,51;167098,17;166688,79;166775,63;3,380495787E10;1012889
WINFUT;02/10/2024;11:30:00;167563,36;167588,17;166899,68;166955,51;4,177079559E10;1248718
WINFUT;02/10/2024;11:00:00;167495,13;168065,77;167476,52;167557,16;4,462048596E10;1329762
WINFUT;02/10/2024;10:30:00;167848,68;168053,37;167358,68;167495,13;6,429478941E10;1916768
WINFUT;02/10/2024;10:00:00;167178,80;167916,91;167160,19;167848,68;7,317277738E10;2184041
WINFUT;02/10/2024;09:30:00;166695,00;167222,22;166601,96;167178,80;4,113578198E10;1232489
WINFUT;02/10/2024;09:00:00;165882,46;166750,82;165789,42;166701,20;5,278647265E10;1585940
WINFUT;01/10/2024;18:00:00;165404,85;165714,99;165398,65;165590,93;3922156943,00;118484
WINFUT;01/10/2024;17:30:00;165144,35;165584,73;165094,72;165411,06;1,440159458E10;435571
WINFUT;01/10/2024;17:00:00;165094,72;165249,79;164902,44;165138,14;1,773639265E10;537300
WINFUT;01/10/2024;16:30:00;165367,64;165429,67;165045,10;165100,93;1,953627009E10;591218
WINFUT;01/10/2024;16:00:00;165597,14;165603,34;165324,22;165367,64;1,657402415E10;500942
WINFUT;01/10/2024;15:30:00;165801,82;165907,27;165448,27;165597,14;2,298340284E10;693673
WINFUT;01/10/2024;15:00:00;165690,17;165851,44;165497,89;165801,82;2,424480656E10;731542
WINFUT;01/10/2024;14:30:00;165162,95;165876,25;165138,14;165690,17;3,959045419E10;1196196
WINFUT;01/10/2024;14:00:00;166124,36;166186,38;165001,69;165169,16;4,365543151E10;1318672
WINFUT;01/10/2024;13:30:00;165975,49;166217,40;165764,61;166118,15;3,238856403E10;975742
WINFUT;01/10/2024;13:00:00;165969,29;166043,72;165783,21;165981,70;2,065250674E10;622379
WINFUT;01/10/2024;12:30:00;166025,12;166180,18;165938,28;165975,49;2,53375535E10;762896
WINFUT;01/10/2024;12:00:00;165801,82;166087,14;165386,25;166025,12;3,702238742E10;1117111
WINFUT;01/10/2024;11:30:00;165442,07;165839,04;165069,91;165801,82;4,447021789E10;1342943
WINFUT;01/10/2024;11:00:00;164983,08;165727,39;164753,58;165442,07;6,275681746E10;1898131
WINFUT;01/10/2024;10:30:00;164914,85;165349,03;164418,64;164983,08;7,794735892E10;2364346
WINFUT;01/10/2024;10:00:00;165125,74;165386,25;164759,78;164914,85;6,18392029E10;1873192
WINFUT;01/10/2024;09:30:00;164815,61;165212,57;164815,61;165131,94;3,032800679E10;918855
WINFUT;01/10/2024;09:00:00;164300,79;165020,29;164207,75;164815,61;4,271152911E10;1296672
WINFUT;30/09/2024;18:00:00;164635,73;164741,18;164536,49;164586,11;3288394557,00;99877
WINFUT;30/09/2024;17:30:00;164598,52;164697,76;164468,26;164635,73;7025675295,00;213429
WINFUT;30/09/2024;17:00:00;164486,87;164635,73;164313,20;164598,52;1,493157427E10;453873
WINFUT;30/09/2024;16:30:00;164697,76;164815,61;164474,46;164493,07;2,006778415E10;609314
WINFUT;30/09/2024;16:00:00;164716,37;164772,19;164536,49;164703,96;1,781507731E10;540918
WINFUT;30/09/2024;15:30:00;164462,06;164964,47;164412,44;164716,37;2,23763721E10;679063
WINFUT;30/09/2024;15:00:00;164964,47;165100,93;164325,60;164455,86;3,362224242E10;1020758
WINFUT;30/09/2024;14:30:00;164809,40;165051,31;164784,59;164970,67;1,483031732E10;449578
WINFUT;30/09/2024;14:00:00;164852,82;165069,91;164784,59;164815,61;1,500427902E10;454816
WINFUT;30/09/2024;13:30:00;165007,89;165100,93;164840,42;164852,82;1,106459783E10;335328
WINFUT;30/09/2024;13:00:00;164834,22;165038,90;164809,40;165007,89;1,433627316E10;434663
WINFUT;30/09/2024;12:30:00;165305,61;165349,03;164821,81;164840,42;1,725274931E10;522592
WINFUT;30/09/2024;12:00:00;165547,51;165758,40;165299,41;165299,41;2,260719707E10;682670
WINFUT;30/09/2024;11:30:00;164939,66;165671,57;164927,25;165547,51;2,81473085E10;851058
WINFUT;30/09/2024;11:00:00;165113,33;165522,70;164927,25;164933,46;2,899468469E10;877373
WINFUT;30/09/2024;10:30:00;165553,72;165671,57;165026,50;165119,54;4,26651216E10;1290093
WINFUT;30/09/2024;10:00:00;165808,02;165870,05;165218,78;165553,72;4,626173276E10;1396910
WINFUT;30/09/2024;09:30:00;166341,45;166397,27;165683,97;165814,23;2,786927298E10;839508
WINFUT;30/09/2024;09:00:00;165876,25;166471,70;165448,27;166335,25;3,400970227E10;1023860
WINFUT;27/09/2024;18:00:00;165404,85;165504,10;165367,64;165448,27;2138356511,00;64631
WINFUT;27/09/2024;17:30:00;165442,07;165485,49;165361,44;165404,85;4777475630,00;144401
WINFUT;27/09/2024;17:00:00;165528,91;165528,91;165255,99;165442,07;1,183619167E10;357862
WINFUT;27/09/2024;16:30:00;165659,16;165690,17;165485,49;165522,70;1,29536141E10;391162
WINFUT;27/09/2024;16:00:00;165491,69;165665,36;165287,01;165665,36;2,202936461E10;665593
WINFUT;27/09/2024;15:30:00;165541,31;165752,20;165392,45;165491,69;2,327902693E10;702977
WINFUT;27/09/2024;15:00:00;165851,44;166037,52;165528,91;165541,31;2,334638894E10;703902
WINFUT;27/09/2024;14:30:00;165572,33;165857,65;165491,69;165857,65;1,774006352E10;535488
WINFUT;27/09/2024;14:00:00;165814,23;165901,06;165404,85;165566,12;2,072364806E10;625574
WINFUT;27/09/2024;13:30:00;166118,15;166142,96;165808,02;165820,43;1,638226378E10;493600
WINFUT;27/09/2024;13:00:00;165925,87;166161,57;165851,44;166118,15;2,04537673E10;616046
WINFUT;27/09/2024;12:30:00;166155,37;166198,79;165863,85;165925,87;2,029992706E10;611384
WINFUT;27/09/2024;12:00:00;166620,57;166757,02;166111,95;166155,37;2,996636551E10;900515
WINFUT;27/09/2024;11:30:00;166763,23;166967,91;166614,36;166620,57;3,212834691E10;963039
WINFUT;27/09/2024;11:00:00;166304,23;166806,64;166118,15;166763,23;3,731774777E10;1120812
WINFUT;27/09/2024;10:30:00;165702,58;166446,89;165659,16;166310,44;5,672460417E10;1707002
WINFUT;27/09/2024;10:00:00;165578,53;165894,86;165485,49;165702,58;4,969703646E10;1499967
WINFUT;27/09/2024;09:30:00;165541,31;165783,21;165330,42;165578,53;3,235854591E10;977456
WINFUT;27/09/2024;09:00:00;165733,59;165808,02;165119,54;165541,31;3,565791316E10;1077482
WINFUT;26/09/2024;18:00:00;165746,00;165783,21;165640,55;165652,96;3064337375,00;92460
WINFUT;26/09/2024;17:30:00;165646,76;165789,42;165609,54;165746,00;5164470612,00;155853
WINFUT;26/09/2024;17:00:00;165851,44;165963,09;165609,54;165652,96;1,248215966E10;376496
WINFUT;26/09/2024;16:30:00;165746,00;165925,87;165615,74;165851,44;1,832545115E10;552806
WINFUT;26/09/2024;16:00:00;165987,90;166074,74;165590,93;165746,00;2,458753812E10;741338
WINFUT;26/09/2024;15:30:00;166080,94;166217,40;165944,48;165987,90;1,800252524E10;541863
WINFUT;26/09/2024;15:00:00;166006,51;166186,38;165839,04;166080,94;2,268543513E10;683208
WINFUT;26/09/2024;14:30:00;165590,93;166006,51;165584,73;166000,30;1,735592573E10;523323
WINFUT;26/09/2024;14:00:00;165572,33;165746,00;165516,50;165590,93;1,875226041E10;566104
WINFUT;26/09/2024;13:30:00;165535,11;165789,42;165510,30;165572,33;2,105156356E10;635490
WINFUT;26/09/2024;13:00:00;165181,56;165566,12;165069,91;165535,11;1,841599394E10;557109
WINFUT;26/09/2024;12:30:00;164939,66;165392,45;164914,85;165181,56;2,410366656E10;729388
WINFUT;26/09/2024;12:00:00;164703,96;165038,90;164691,56;164939,66;2,187912509E10;663563
WINFUT;26/09/2024;11:30:00;165020,29;165076,12;164672,95;164703,96;3,483687929E10;1056590
WINFUT;26/09/2024;11:00:00;165243,59;165479,29;164883,84;165020,29;4,453565506E10;1347861
WINFUT;26/09/2024;10:30:00;165162,95;165950,68;165045,10;165249,79;6,163424924E10;1861339
WINFUT;26/09/2024;10:00:00;165448,27;165714,99;165125,74;165169,16;5,067721509E10;1531643
WINFUT;26/09/2024;09:30:00;165913,47;166204,99;165442,07;165454,48;3,8534796E10;1162044
WINFUT;26/09/2024;09:00:00;165361,44;166229,80;165181,56;165913,47;4,450633407E10;1342064
WINFUT;25/09/2024;18:00:00;164244,97;164641,93;164170,54;164282,18;3215995521,00;97872
WINFUT;25/09/2024;17:30:00;164027,88;164313,20;164027,88;164244,97;7838131186,00;238653
WINFUT;25/09/2024;17:00:00;164127,12;164151,93;163965,85;164034,08;1,002196927E10;305431
WINFUT;25/09/2024;16:30:00;164257,37;164263,58;164052,69;164127,12;1,371304956E10;417726
WINFUT;25/09/2024;16:00:00;164226,36;164344,21;164127,12;164251,17;1,223811791E10;372552
WINFUT;25/09/2024;15:30:00;164306,99;164350,41;164108,51;164226,36;1,633874507E10;497416
WINFUT;25/09/2024;15:00:00;164170,54;164331,80;164058,89;164306,99;1,542618575E10;469732
WINFUT;25/09/2024;14:30:00;164077,50;164282,18;163953,45;164170,54;2,219110208E10;676000
WINFUT;25/09/2024;14:00:00;164387,63;164387,63;164065,09;164077,50;2,135736742E10;650280
WINFUT;25/09/2024;13:30:00;164610,92;164765,99;164350,41;164381,43;2,311245633E10;702242
WINFUT;25/09/2024;13:00:00;164331,80;164679,15;164275,98;164610,92;1,79018096E10;544223
WINFUT;25/09/2024;12:30:00;164294,59;164474,46;164151,93;164325,60;3,0158044E10;917705
WINFUT;25/09/2024;12:00:00;164834,22;164989,28;164288,39;164294,59;2,746402696E10;834031
WINFUT;25/09/2024;11:30:00;164604,72;165138,14;164561,30;164840,42;3,851976022E10;1168002
WINFUT;25/09/2024;11:00:00;164983,08;165200,17;164486,87;164604,72;4,089722458E10;1240377
WINFUT;25/09/2024;10:30:00;165181,56;165330,42;164877,63;164983,08;4,838476362E10;1465495
WINFUT;25/09/2024;10:00:00;165398,65;165863,85;165150,55;165181,56;6,007710109E10;1815013
WINFUT;25/09/2024;09:30:00;165404,85;165628,15;165324,22;165398,65;2,610811003E10;788983
WINFUT;25/09/2024;09:00:00;165448,27;166037,52;165057,51;165411,06;4,848102407E10;1463675
WINFUT;24/09/2024;18:00:00;164921,05;164958,27;164809,40;164865,23;2425717456,00;73547
WINFUT;24/09/2024;17:30:00;164871,43;164983,08;164809,40;164927,25;4760824702,00;144355
WINFUT;24/09/2024;17:00:00;164952,06;164976,88;164797,00;164865,23;9866621093,00;299219
WINFUT;24/09/2024;16:30:00;164983,08;165001,69;164753,58;164958,27;1,576932831E10;478193
WINFUT;24/09/2024;16:00:00;165200,17;165206,37;164921,05;164989,28;1,579897544E10;478584
WINFUT;24/09/2024;15:30:00;165094,72;165231,18;164945,86;165200,17;1,625114161E10;492205
WINFUT;24/09/2024;15:00:00;164927,25;165200,17;164896,24;165094,72;1,670493487E10;505981
WINFUT;24/09/2024;14:30:00;164908,65;165057,51;164778,39;164927,25;1,550968781E10;470276
WINFUT;24/09/2024;14:00:00;165119,54;165150,55;164865,23;164908,65;1,747970154E10;529609
WINFUT;24/09/2024;13:30:00;164821,81;165293,21;164716,37;165119,54;2,2827786E10;691799
WINFUT;24/09/2024;13:00:00;164772,19;164989,28;164716,37;164828,01;1,520417562E10;461092
WINFUT;24/09/2024;12:30:00;164493,07;164859,03;164437,25;164765,99;2,218959803E10;673918
WINFUT;24/09/2024;12:00:00;164530,29;164660,54;164164,33;164486,87;3,221431201E10;979790
WINFUT;24/09/2024;11:30:00;164958,27;164989,28;164505,48;164530,29;3,849223718E10;1168610
WINFUT;24/09/2024;11:00:00;165590,93;165634,35;164896,24;164958,27;4,259315273E10;1287820
WINFUT;24/09/2024;10:30:00;165193,97;166062,33;165038,90;165590,93;6,197049672E10;1870517
WINFUT;24/09/2024;10:00:00;165107,13;165318,02;164747,38;165187,76;6,44798623E10;1953229
WINFUT;24/09/2024;09:30:00;164865,23;165274,60;164679,15;165107,13;3,315647273E10;1004715
WINFUT;24/09/2024;09:00:00;164480,67;165057,51;164282,18;164865,23;4,831456782E10;1467120
WINFUT;23/09/2024;18:00:00;162836,98;163023,05;162836,98;162954,83;3169316722,00;97275
WINFUT;23/09/2024;17:30:00;162917,61;162923,81;162756,34;162836,98;7112111866,00;218378
WINFUT;23/09/2024;17:00:00;162979,64;163066,47;162824,57;162917,61;1,2197265E10;374252
WINFUT;23/09/2024;16:30:00;162936,22;163103,69;162911,41;162979,64;1,602656909E10;491576
WINFUT;23/09/2024;16:00:00;162737,73;162985,84;162706,72;162936,22;1,528650869E10;469371
WINFUT;23/09/2024;15:30:00;162985,84;163066,47;162663,30;162731,53;1,879627177E10;577099
WINFUT;23/09/2024;15:00:00;163060,27;163109,89;162880,39;162985,84;1,288904092E10;395367
WINFUT;23/09/2024;14:30:00;162967,23;163209,13;162942,42;163054,07;1,623421315E10;497725
WINFUT;23/09/2024;14:00:00;162973,43;163023,05;162793,56;162961,03;1,632376717E10;500995
WINFUT;23/09/2024;13:30:00;162930,02;163122,30;162793,56;162967,23;2,221987151E10;681776
WINFUT;23/09/2024;13:00:00;163147,11;163147,11;162880,39;162930,02;1,801266585E10;552525
WINFUT;23/09/2024;12:30:00;163004,45;163302,17;162942,42;163140,90;1,77392895E10;543595
WINFUT;23/09/2024;12:00:00;163047,87;163209,13;162930,02;163004,45;2,320153823E10;711411
WINFUT;23/09/2024;11:30:00;162601,28;163233,94;162322,16;163041,66;4,206849882E10;1292224
WINFUT;23/09/2024;11:00:00;162768,75;162936,22;162539,25;162601,28;3,416317215E10;1049672
WINFUT;23/09/2024;10:30:00;162799,76;163438,63;162650,90;162768,75;5,371935498E10;1647438
WINFUT;23/09/2024;10:00:00;162979,64;163159,51;162743,94;162805,96;4,818242696E10;1478593
WINFUT;23/09/2024;09:30:00;162930,02;163178,12;162719,13;162979,64;3,690785026E10;1132414
WINFUT;23/09/2024;09:00:00;163004,45;163134,70;162365,58;162923,81;4,750297823E10;1459177
WINFUT;20/09/2024;18:00:00;163562,68;163568,88;163264,96;163264,96;4028843531,00;123254
WINFUT;20/09/2024;17:30:00;163575,09;163593,69;163444,83;163556,48;6303893596,00;192742
WINFUT;20/09/2024;17:00:00;163531,67;163785,98;163407,62;163581,29;1,689669038E10;516453
WINFUT;20/09/2024;16:30:00;163717,75;163866,61;163444,83;163525,47;2,068015543E10;631754
WINFUT;20/09/2024;16:00:00;163612,30;163798,38;163494,45;163723,95;1,951218588E10;596196
WINFUT;20/09/2024;15:30:00;163426,22;163643,32;163389,01;163612,30;1,579426859E10;482959
WINFUT;20/09/2024;15:00:00;163599,90;163748,76;163407,62;163420,02;2,137960555E10;653493
WINFUT;20/09/2024;14:30:00;163841,80;163848,00;163513,06;163606,10;2,277783204E10;695780
WINFUT;20/09/2024;14:00:00;163922,43;164040,28;163792,18;163841,80;1,893458222E10;577600
WINFUT;20/09/2024;13:30:00;164207,75;164356,61;163879,01;163916,23;2,238266097E10;681805
WINFUT;20/09/2024;13:00:00;164387,63;164437,25;164096,11;164213,95;2,114006547E10;643544
WINFUT;20/09/2024;12:30:00;164480,67;164579,91;164226,36;164381,43;2,474027327E10;752290
WINFUT;20/09/2024;12:00:00;164517,88;164648,14;164381,43;164480,67;2,377551259E10;722573
WINFUT;20/09/2024;11:30:00;164759,78;164828,01;164431,05;164517,88;2,882262933E10;875471
WINFUT;20/09/2024;11:00:00;165293,21;165324,22;164747,38;164759,78;3,613327365E10;1094880
WINFUT;20/09/2024;10:30:00;165950,68;166124,36;165144,35;165293,21;5,751428216E10;1737918
WINFUT;20/09/2024;10:00:00;166012,71;166304,23;165615,74;165956,89;7,402464602E10;2229848
WINFUT;20/09/2024;09:30:00;166242,21;166322,84;165783,21;166012,71;4,755297995E10;1431688
WINFUT;20/09/2024;09:00:00;165907,27;166372,46;165690,17;166236,00;4,907493739E10;1477189
WINFUT;19/09/2024;18:00:00;166012,71;166018,91;165820,43;165876,25;3712193522,00;111877
WINFUT;19/09/2024;17:30:00;166043,72;166074,74;165907,27;166018,91;7402854817,00;223018
WINFUT;19/09/2024;17:00:00;166422,08;166440,69;165956,89;166037,52;1,668830006E10;502114
WINFUT;19/09/2024;16:30:00;166626,77;166663,98;166304,23;166422,08;1,932540591E10;580491
WINFUT;19/09/2024;16:00:00;166645,38;166726,01;166453,10;166632,97;1,298854688E10;389805
WINFUT;19/09/2024;15:30:00;166707,40;166831,45;166515,12;166645,38;1,937134642E10;581107
WINFUT;19/09/2024;15:00:00;166626,77;166750,82;166378,66;166713,60;2,283072036E10;685315
WINFUT;19/09/2024;14:30:00;167036,14;167172,60;166477,91;166620,57;2,808146035E10;841471
WINFUT;19/09/2024;14:00:00;167265,64;167284,24;166850,06;167036,14;2,187792576E10;654927
WINFUT;19/09/2024;13:30:00;167122,98;167333,86;167085,76;167265,64;1,316604433E10;393685
WINFUT;19/09/2024;13:00:00;167085,76;167321,46;167005,13;167122,98;1,72012643E10;514473
WINFUT;19/09/2024;12:30:00;167147,79;167265,64;167023,73;167091,96;2,069914254E10;619160
WINFUT;19/09/2024;12:00:00;167029,94;167185,00;166862,47;167141,58;2,410188157E10;721473
WINFUT;19/09/2024;11:30:00;166825,25;167067,15;166614,36;167036,14;3,778005093E10;1132349
WINFUT;19/09/2024;11:00:00;167402,09;167594,37;166819,05;166825,25;4,202518083E10;1256433
WINFUT;19/09/2024;10:30:00;168003,75;168127,80;167240,83;167402,09;5,91021366E10;1763563
WINFUT;19/09/2024;10:00:00;168084,38;168444,13;167823,87;168003,75;6,153925897E10;1830223
WINFUT;19/09/2024;09:30:00;168686,03;168735,65;168028,56;168084,38;4,803470354E10;1426932
WINFUT;19/09/2024;09:00:00;168400,71;168934,14;168152,61;168686,03;5,348956078E10;1585147
WINFUT;18/09/2024;18:00:00;166887,28;167054,75;166788,04;166974,11;3513735164,00;105255
WINFUT;18/09/2024;17:30:00;167166,39;167327,66;166850,06;166887,28;1,162076914E10;347649
WINFUT;18/09/2024;17:00:00;167166,39;167216,02;166943,10;167166,39;1,353978674E10;405193
WINFUT;18/09/2024;16:30:00;167755,64;167780,45;167029,94;167166,39;3,567212014E10;1066128
WINFUT;18/09/2024;16:00:00;167761,84;167867,29;167309,05;167755,64;5,493935536E10;1639052
WINFUT;18/09/2024;15:30:00;168679,83;169014,77;167743,24;167768,05;5,836389851E10;1732397
WINFUT;18/09/2024;15:00:00;167910,71;169014,77;167718,43;168679,83;5,918076344E10;1756502
WINFUT;18/09/2024;14:30:00;167848,68;168214,63;167476,52;167910,71;2,625723961E10;781887
WINFUT;18/09/2024;14:00:00;167724,63;167854,88;167557,16;167842,48;1,785167245E10;532245
WINFUT;18/09/2024;13:30:00;167656,40;167737,03;167470,32;167724,63;1,538429633E10;458954
WINFUT;18/09/2024;13:00:00;167247,03;167681,21;167209,81;167656,40;1,682237319E10;502390
WINFUT;18/09/2024;12:30:00;167433,11;167433,11;167216,02;167247,03;1,532620615E10;457971
WINFUT;18/09/2024;12:00:00;167544,75;167588,17;167321,46;167433,11;2,440134756E10;728520
WINFUT;18/09/2024;11:30:00;167563,36;167699,82;167426,90;167544,75;2,816048977E10;840376
WINFUT;18/09/2024;11:00:00;167954,13;168208,43;167513,74;167569,56;4,122756084E10;1228197
WINFUT;18/09/2024;10:30:00;168400,71;168611,60;167637,79;167954,13;6,474218155E10;1926434
WINFUT;18/09/2024;10:00:00;167848,68;168655,02;167532,35;168406,92;6,775652963E10;2016019
WINFUT;18/09/2024;09:30:00;168475,14;168487,55;167706,02;167848,68;3,674453549E10;1093504
WINFUT;18/09/2024;09:00:00;168760,46;168946,54;168258,05;168468,94;3,826607487E10;1135180
WINFUT;17/09/2024;18:00:00;168896,92;169064,39;168890,72;169064,39;3265669586,00;96639
WINFUT;17/09/2024;17:30:00;168921,73;169014,77;168847,30;168896,92;8952350489,00;264956
WINFUT;17/09/2024;17:00:00;168648,82;168934,14;168624,01;168927,93;1,336802978E10;396015
WINFUT;17/09/2024;16:30:00;168506,16;168667,42;168481,35;168648,82;1,370813907E10;406586
WINFUT;17/09/2024;16:00:00;168487,55;168518,56;168369,70;168499,95;1,047514654E10;310957
WINFUT;17/09/2024;15:30:00;168369,70;168543,37;168363,50;168487,55;1,319109965E10;391511
WINFUT;17/09/2024;15:00:00;168524,76;168605,40;168363,50;168369,70;2,56965418E10;762580
WINFUT;17/09/2024;14:30:00;168022,35;168524,76;167929,31;168524,76;2,505402309E10;744975
WINFUT;17/09/2024;14:00:00;167997,54;168220,84;167966,53;168022,35;2,110587004E10;627816
WINFUT;17/09/2024;13:30:00;168344,89;168344,89;167916,91;168003,75;2,062873897E10;613472
WINFUT;17/09/2024;13:00:00;168245,65;168363,50;168059,57;168338,69;2,016044999E10;599365
WINFUT;17/09/2024;12:30:00;168375,90;168444,13;168233,24;168239,45;1,358792171E10;403556
WINFUT;17/09/2024;12:00:00;168034,76;168425,52;167991,34;168382,11;2,559943577E10;760671
WINFUT;17/09/2024;11:30:00;168289,07;168394,51;167954,13;168040,96;3,454848911E10;1027327
WINFUT;17/09/2024;11:00:00;167960,33;168679,83;167904,50;168295,27;5,367850953E10;1594260
WINFUT;17/09/2024;10:30:00;168016,15;168028,56;167644,00;167960,33;4,481839831E10;1335490
WINFUT;17/09/2024;10:00:00;168568,18;168636,41;167848,68;168016,15;6,306984212E10;1874175
WINFUT;17/09/2024;09:30:00;169399,33;169436,55;168276,66;168561,98;6,423550239E10;1903893
WINFUT;17/09/2024;09:00:00;169393,13;169622,63;169244,27;169399,33;2,691770917E10;794308
WINFUT;16/09/2024;18:00:00;169039,58;169120,21;168971,35;169027,18;3004516885,00;88870
WINFUT;16/09/2024;17:30:00;169126,42;169176,04;169020,97;169045,78;5712859305,00;168897
WINFUT;16/09/2024;17:00:00;168971,35;169157,43;168946,54;169126,42;9729643431,00;287812
WINFUT;16/09/2024;16:30:00;168822,49;169039,58;168822,49;168965,15;1,378826976E10;408063
WINFUT;16/09/2024;16:00:00;168878,31;168909,33;168791,48;168828,69;9584071651,00;283815
WINFUT;16/09/2024;15:30:00;168965,15;168983,76;168810,08;168872,11;1,074242893E10;318043
WINFUT;16/09/2024;15:00:00;169083,00;169182,24;168909,33;168958,95;1,488846926E10;440400
WINFUT;16/09/2024;14:30:00;168915,53;169107,81;168729,45;169083,00;1,831412386E10;542115
WINFUT;16/09/2024;14:00:00;168841,10;169014,77;168797,68;168909,33;1,278278282E10;378388
WINFUT;16/09/2024;13:30:00;168958,95;168971,35;168754,26;168841,10;1,249230421E10;369898
WINFUT;16/09/2024;13:00:00;168772,87;169020,97;168748,06;168958,95;1,510619446E10;447151
WINFUT;16/09/2024;12:30:00;168909,33;169064,39;168748,06;168779,07;1,61999668E10;479553
WINFUT;16/09/2024;12:00:00;169157,43;169231,86;168841,10;168909,33;2,098742643E10;620796
WINFUT;16/09/2024;11:30:00;169244,27;169349,71;169045,78;169163,63;2,942498576E10;869660
WINFUT;16/09/2024;11:00:00;169529,59;169647,44;169213,25;169250,47;3,061822925E10;903591
WINFUT;16/09/2024;10:30:00;169473,76;169808,70;169231,86;169523,38;4,23973625E10;1250686
WINFUT;16/09/2024;10:00:00;169027,18;169703,26;168934,14;169467,56;6,529812665E10;1928566
WINFUT;16/09/2024;09:30:00;168884,52;169039,58;168642,61;169027,18;2,338919714E10;692719
WINFUT;16/09/2024;09:00:00;169008,57;169101,61;168524,76;168884,52;3,92957664E10;1163916
WINFUT;13/09/2024;18:00:00;168847,30;168884,52;168648,82;168729,45;2568359882,00;76077
WINFUT;13/09/2024;17:30:00;168791,48;168903,12;168717,05;168841,10;4431261112,00;131267
WINFUT;13/09/2024;17:00:00;168865,91;168958,95;168710,84;168791,48;1,084301861E10;321173
WINFUT;13/09/2024;16:30:00;168958,95;169008,57;168841,10;168865,91;1,049272534E10;310565
WINFUT;13/09/2024;16:00:00;168785,27;168983,76;168704,64;168952,74;1,359683956E10;402641
WINFUT;13/09/2024;15:30:00;168735,65;168878,31;168655,02;168785,27;1,363619663E10;403954
WINFUT;13/09/2024;15:00:00;168679,83;168884,52;168493,75;168735,65;2,423435886E10;718404
WINFUT;13/09/2024;14:30:00;168797,68;169107,81;168605,40;168679,83;2,221997745E10;657944
WINFUT;13/09/2024;14:00:00;168983,76;168989,96;168636,41;168797,68;2,573583711E10;762263
WINFUT;13/09/2024;13:30:00;169479,97;169492,37;168903,12;168989,96;2,747169405E10;812244
WINFUT;13/09/2024;13:00:00;169765,29;169783,89;169473,76;169479,97;1,369563773E10;403739
WINFUT;13/09/2024;12:30:00;169628,83;169790,10;169510,98;169759,08;1,668376219E10;491633
WINFUT;13/09/2024;12:00:00;169982,38;169988,58;169597,82;169628,83;1,842744598E10;542619
WINFUT;13/09/2024;11:30:00;169628,83;170056,81;169622,63;169982,38;3,571231758E10;1051386
WINFUT;13/09/2024;11:00:00;169790,10;169827,31;169368,32;169628,83;3,620923455E10;1067701
WINFUT;13/09/2024;10:30:00;169455,16;169945,16;169393,13;169790,10;4,453295122E10;1312519
WINFUT;13/09/2024;10:00:00;168344,89;169492,37;168332,48;169455,16;6,518479296E10;1929894
WINFUT;13/09/2024;09:30:00;167929,31;168388,31;167873,49;168344,89;2,283384527E10;679246
WINFUT;13/09/2024;09:00:00;167780,45;168065,77;167588,17;167935,52;3,569952698E10;1063636
WINFUT;12/09/2024;18:00:00;167737,03;167873,49;167718,43;167792,86;3023661833,00;90111
WINFUT;12/09/2024;17:30:00;167681,21;167774,25;167650,20;167737,03;6135093078,00;182905
WINFUT;12/09/2024;17:00:00;167879,69;167885,90;167637,79;167675,01;1,058597134E10;315566
WINFUT;12/09/2024;16:30:00;168022,35;168047,16;167848,68;167885,90;1,249322119E10;371897
WINFUT;12/09/2024;16:00:00;168028,56;168078,18;167904,50;168028,56;1,504139461E10;447707
WINFUT;12/09/2024;15:30:00;168127,80;168158,81;167817,67;168028,56;2,429520677E10;723076
WINFUT;12/09/2024;15:00:00;167954,13;168165,01;167885,90;168127,80;2,242757223E10;667326
WINFUT;12/09/2024;14:30:00;167581,97;168016,15;167544,75;167960,33;2,303467371E10;686522
WINFUT;12/09/2024;14:00:00;167637,79;167743,24;167501,34;167575,77;1,886422883E10;562723
WINFUT;12/09/2024;13:30:00;167482,73;167687,41;167358,68;167637,79;1,630512354E10;486706
WINFUT;12/09/2024;13:00:00;167451,71;167637,79;167352,47;167476,52;1,90856588E10;569719
WINFUT;12/09/2024;12:30:00;167687,41;167699,82;167439,31;167457,92;1,678586693E10;500799
WINFUT;12/09/2024;12:00:00;167222,22;167699,82;167160,19;167681,21;2,727817373E10;814401
WINFUT;12/09/2024;11:30:00;167358,68;167408,30;167129,18;167222,22;3,455506355E10;1032936
WINFUT;12/09/2024;11:00:00;167675,01;167873,49;167352,47;167364,88;4,493043995E10;1340202
WINFUT;12/09/2024;10:30:00;167780,45;168295,27;167612,98;167675,01;5,441307945E10;1620064
WINFUT;12/09/2024;10:00:00;168208,43;168227,04;167693,62;167780,45;4,164489902E10;1239647
WINFUT;12/09/2024;09:30:00;168425,52;168673,63;168158,81;168208,43;2,869270142E10;852374
WINFUT;12/09/2024;09:00:00;169064,39;169076,80;168375,90;168431,73;3,595840398E10;1066063
WINFUT;11/09/2024;18:00:00;168605,40;168605,40;168332,48;168437,93;2690313381,00;79838
WINFUT;11/09/2024;17:30:00;168735,65;168772,87;168506,16;168599,20;8080687892,00;239628
WINFUT;11/09/2024;17:00:00;168611,60;168884,52;168599,20;168735,65;1,222135128E10;362077
WINFUT;11/09/2024;16:30:00;168636,41;168704,64;168468,94;168611,60;1,163167403E10;344999
WINFUT;11/09/2024;16:00:00;168537,17;168642,61;168450,33;168630,21;1,317864262E10;390956
WINFUT;11/09/2024;15:30:00;168642,61;168853,50;168506,16;168543,37;2,027876147E10;601156
WINFUT;11/09/2024;15:00:00;168847,30;168878,31;168524,76;168642,61;2,321192941E10;687961
WINFUT;11/09/2024;14:30:00;168704,64;169020,97;168667,42;168853,50;2,096541699E10;620745
WINFUT;11/09/2024;14:00:00;168624,01;168779,07;168568,18;168704,64;1,671790705E10;495564
WINFUT;11/09/2024;13:30:00;168499,95;168810,08;168481,35;168624,01;2,031846579E10;602383
WINFUT;11/09/2024;13:00:00;168326,28;168574,39;168270,46;168493,75;2,082133586E10;618049
WINFUT;11/09/2024;12:30:00;167892,10;168369,70;167811,47;168326,28;2,440896547E10;725874
WINFUT;11/09/2024;12:00:00;167761,84;168034,76;167675,01;167892,10;2,430831804E10;724016
WINFUT;11/09/2024;11:30:00;168096,79;168102,99;167488,93;167755,64;4,048666202E10;1206994
WINFUT;11/09/2024;11:00:00;168208,43;168636,41;168078,18;168096,79;4,71285116E10;1400172
WINFUT;11/09/2024;10:30:00;168394,51;168537,17;168009,95;168202,23;5,829038842E10;1731941
WINFUT;11/09/2024;10:00:00;168592,99;169095,40;168295,27;168400,71;6,610091011E10;1958914
WINFUT;11/09/2024;09:30:00;168934,14;168934,14;168357,29;168592,99;4,287814682E10;1271871
WINFUT;11/09/2024;09:00:00;168586,79;169008,57;168537,17;168927,93;3,754572106E10;1112125
WINFUT;10/09/2024;18:00:00;168251,85;168369,70;168183,62;168239,45;4248302054,00;126243
WINFUT;10/09/2024;17:30:00;168071,97;168264,26;168003,75;168258,05;9799113239,00;291432
WINFUT;10/09/2024;17:00:00;168338,69;168344,89;168053,37;168065,77;1,433554198E10;426194
WINFUT;10/09/2024;16:30:00;168189,82;168456,54;168071,97;168338,69;2,103422273E10;624830
WINFUT;10/09/2024;16:00:00;168220,84;168307,67;168158,81;168189,82;1,566090234E10;465474
WINFUT;10/09/2024;15:30:00;168171,22;168264,26;168034,76;168220,84;2,116546515E10;629365
WINFUT;10/09/2024;15:00:00;167749,44;168208,43;167749,44;168165,01;2,613278803E10;777829
WINFUT;10/09/2024;14:30:00;167817,67;167854,88;167532,35;167755,64;1,931434788E10;576004
WINFUT;10/09/2024;14:00:00;167885,90;167960,33;167724,63;167817,67;1,683576515E10;501532
WINFUT;10/09/2024;13:30:00;167811,47;168009,95;167792,86;167885,90;1,35185149E10;402592
WINFUT;10/09/2024;13:00:00;167768,05;167923,11;167687,41;167811,47;1,63871421E10;488365
WINFUT;10/09/2024;12:30:00;168009,95;168102,99;167749,44;167768,05;1,887992134E10;562060
WINFUT;10/09/2024;12:00:00;167755,64;168028,56;167675,01;168009,95;1,740144044E10;518425
WINFUT;10/09/2024;11:30:00;167612,98;167892,10;167513,74;167755,64;2,779406867E10;828677
WINFUT;10/09/2024;11:00:00;167805,26;168009,95;167581,97;167612,98;4,446625437E10;1325256
WINFUT;10/09/2024;10:30:00;168301,47;168506,16;167799,06;167805,26;4,895464916E10;1455207
WINFUT;10/09/2024;10:00:00;168034,76;168394,51;167916,91;168301,47;4,554818322E10;1354487
WINFUT;10/09/2024;09:30:00;168115,39;168251,85;167985,14;168040,96;2,882512232E10;857311
WINFUT;10/09/2024;09:00:00;168388,31;168890,72;168053,37;168121,60;4,8430929E10;1437399
WINFUT;09/09/2024;18:00:00;168667,42;168704,64;168524,76;168524,76;2706221613,00;80236
WINFUT;09/09/2024;17:30:00;168704,64;168723,25;168549,58;168667,42;7848566388,00;232715
WINFUT;09/09/2024;17:00:00;168816,29;168878,31;168648,82;168704,64;1,213893156E10;359637
WINFUT;09/09/2024;16:30:00;169051,99;169058,19;168760,46;168816,29;1,541104432E10;456258
WINFUT;09/09/2024;16:00:00;168977,56;169101,61;168884,52;169051,99;1,223646449E10;362028
WINFUT;09/09/2024;15:30:00;168810,08;169020,97;168803,88;168983,76;1,460534586E10;432283
WINFUT;09/09/2024;15:00:00;168921,73;168996,16;168686,03;168810,08;1,962431323E10;581155
WINFUT;09/09/2024;14:30:00;169281,48;169287,69;168890,72;168921,73;2,27350534E10;672404
WINFUT;09/09/2024;14:00:00;169200,85;169374,52;169163,63;169275,28;1,245496801E10;367882
WINFUT;09/09/2024;13:30:00;169114,01;169287,69;169058,19;169200,85;1,242901352E10;367313
WINFUT;09/09/2024;13:00:00;168965,15;169244,27;168872,11;169120,21;2,450694556E10;724763
WINFUT;09/09/2024;12:30:00;168915,53;169008,57;168859,71;168965,15;1,283187298E10;379795
WINFUT;09/09/2024;12:00:00;169188,44;169244,27;168890,72;168921,73;1,776487994E10;525351
WINFUT;09/09/2024;11:30:00;169194,65;169355,91;169045,78;169194,65;3,080210063E10;910214
WINFUT;09/09/2024;11:00:00;169238,06;169448,95;169132,62;169194,65;3,221799596E10;951655
WINFUT;09/09/2024;10:30:00;168946,54;169355,91;168741,86;169238,06;4,570412978E10;1351945
WINFUT;09/09/2024;10:00:00;168791,48;169033,38;168537,17;168946,54;5,58913877E10;1655012
WINFUT;09/09/2024;09:30:00;168896,92;168927,93;168549,58;168797,68;2,533535953E10;750710
WINFUT;09/09/2024;09:00:00;169331,10;169703,26;168760,46;168896,92;3,816045241E10;1128518
WINFUT;06/09/2024;18:00:00;168456,54;168605,40;168369,70;168605,40;3303986273,00;98060
WINFUT;06/09/2024;17:30:00;168444,13;168679,83;168276,66;168456,54;1,007069703E10;298799
WINFUT;06/09/2024;17:00:00;168692,24;168710,84;168425,52;168450,33;1,235763341E10;366546
WINFUT;06/09/2024;16:30:00;168791,48;168816,29;168611,60;168692,24;1,462518289E10;433477
WINFUT;06/09/2024;16:00:00;168865,91;168903,12;168686,03;168791,48;1,506096081E10;446179
WINFUT;06/09/2024;15:30:00;168630,21;168915,53;168524,76;168859,71;1,830136047E10;542334
WINFUT;06/09/2024;15:00:00;168692,24;168772,87;168506,16;168636,41;2,00576891E10;594731
WINFUT;06/09/2024;14:30:00;168785,27;168853,50;168648,82;168692,24;1,86944965E10;553902
WINFUT;06/09/2024;14:00:00;168946,54;169176,04;168760,46;168785,27;2,140645306E10;633271
WINFUT;06/09/2024;13:30:00;168977,56;169114,01;168779,07;168940,34;2,127647343E10;629722
WINFUT;06/09/2024;13:00:00;169058,19;169188,44;168934,14;168971,35;1,827982907E10;540604
WINFUT;06/09/2024;12:30:00;169225,66;169442,75;168996,16;169058,19;2,538293383E10;750039
WINFUT;06/09/2024;12:00:00;169442,75;169969,97;169200,85;169225,66;4,487198138E10;1323222
WINFUT;06/09/2024;11:30:00;170218,08;170255,29;169349,71;169436,55;4,521765721E10;1331916
WINFUT;06/09/2024;11:00:00;170466,18;170627,45;170187,06;170224,28;4,246694771E10;1246210
WINFUT;06/09/2024;10:30:00;171018,21;171179,48;170422,76;170466,18;4,898409765E10;1434443
WINFUT;06/09/2024;10:00:00;171359,36;171402,77;170311,12;171024,41;7,06995433E10;2068684
WINFUT;06/09/2024;09:30:00;170999,60;172159,49;170646,06;171359,36;6,626628543E10;1929603
WINFUT;06/09/2024;09:00:00;170943,78;171402,77;170937,58;170999,60;2,847268194E10;831686
WINFUT;05/09/2024;18:00:00;171266,32;171557,84;171235,30;171520,62;3838919865,00;111986
WINFUT;05/09/2024;17:30:00;171260,11;171415,18;171198,09;171266,32;6838799952,00;199578
WINFUT;05/09/2024;17:00:00;171297,33;171377,96;171210,49;171253,91;1,084429518E10;316538
WINFUT;05/09/2024;16:30:00;171266,32;171390,37;171117,45;171297,33;1,983575115E10;579166
WINFUT;05/09/2024;16:00:00;171043,02;171303,53;170974,79;171272,52;1,857226823E10;542538
WINFUT;05/09/2024;15:30:00;171005,81;171191,88;170931,38;171043,02;1,852437143E10;541484
WINFUT;05/09/2024;15:00:00;170968,59;171160,87;170819,73;171005,81;2,051476418E10;599882
WINFUT;05/09/2024;14:30:00;170894,16;171105,05;170856,94;170968,59;2,226162573E10;651058
WINFUT;05/09/2024;14:00:00;171235,30;171439,99;170881,75;170900,36;2,833915296E10;827697
WINFUT;05/09/2024;13:30:00;171092,64;171260,11;170925,17;171235,30;2,565149825E10;749650
WINFUT;05/09/2024;13:00:00;170596,43;171092,64;170540,61;171086,44;2,422687343E10;709246
WINFUT;05/09/2024;12:30:00;170565,42;170856,94;170553,02;170596,43;2,051268365E10;600897
WINFUT;05/09/2024;12:00:00;170695,68;170887,96;170553,02;170559,22;2,551485652E10;747299
WINFUT;05/09/2024;11:30:00;170875,55;171024,41;170528,21;170689,47;2,808376882E10;822299
WINFUT;05/09/2024;11:00:00;170894,16;171117,45;170763,91;170869,35;3,79265339E10;1109365
WINFUT;05/09/2024;10:30:00;170869,35;171216,70;170571,62;170900,36;5,349290097E10;1564947
WINFUT;05/09/2024;10:00:00;170621,25;171043,02;170385,55;170869,35;5,508712005E10;1613815
WINFUT;05/09/2024;09:30:00;170931,38;170999,60;170286,30;170615,04;4,106267756E10;1203825
WINFUT;05/09/2024;09:00:00;171005,81;171613,66;170726,69;170925,17;4,574147064E10;1337072
WINFUT;04/09/2024;18:00:00;171198,09;171284,92;171018,21;171092,64;5894324443,00;172216
WINFUT;04/09/2024;17:30:00;171142,26;171284,92;171123,66;171198,09;1,133796791E10;331126
WINFUT;04/09/2024;17:00:00;171098,85;171167,07;170801,12;171148,47;2,377269507E10;695221
WINFUT;04/09/2024;16:30:00;171495,81;171576,45;171074,04;171092,64;2,828771434E10;825585
WINFUT;04/09/2024;16:00:00;170912,77;171514,42;170875,55;171489,61;3,080033779E10;899269
WINFUT;04/09/2024;15:30:00;170981,00;171061,63;170881,75;170906,57;1,795292161E10;525043
WINFUT;04/09/2024;15:00:00;170906,57;171092,64;170807,32;170974,79;2,104684713E10;615626
WINFUT;04/09/2024;14:30:00;170819,73;171123,66;170788,72;170906,57;2,51220986E10;734856
WINFUT;04/09/2024;14:00:00;171136,06;171173,28;170763,91;170819,73;2,303272515E10;673583
WINFUT;04/09/2024;13:30:00;171185,68;171278,72;171117,45;171136,06;1,417407393E10;413995
WINFUT;04/09/2024;13:00:00;171309,73;171334,54;171086,44;171185,68;2,077196408E10;606641
WINFUT;04/09/2024;12:30:00;171477,20;171595,05;171303,53;171315,94;2,071768738E10;604210
WINFUT;04/09/2024;12:00:00;171688,09;171719,11;171446,19;171477,20;2,476381441E10;721664
WINFUT;04/09/2024;11:30:00;170949,98;171762,52;170881,75;171681,89;4,233769713E10;1236020
WINFUT;04/09/2024;11:00:00;170745,30;171111,25;170546,81;170943,78;5,350600255E10;1565459
WINFUT;04/09/2024;10:30:00;169876,93;170900,36;169814,91;170739,09;6,009604647E10;1762973
WINFUT;04/09/2024;10:00:00;169355,91;170056,81;169225,66;169870,73;6,042863162E10;1781451
WINFUT;04/09/2024;09:30:00;168940,34;169560,60;168921,73;169355,91;4,054672505E10;1197732
WINFUT;04/09/2024;09:00:00;168561,98;168977,56;168406,92;168934,14;3,428965385E10;1015676
WINFUT;03/09/2024;18:00:00;168834,90;169020,97;168772,87;168983,76;4260636606,00;126155
WINFUT;03/09/2024;17:30:00;168655,02;168890,72;168599,20;168841,10;1,054303017E10;312427
WINFUT;03/09/2024;17:00:00;168692,24;168890,72;168592,99;168648,82;1,598329214E10;473543
WINFUT;03/09/2024;16:30:00;168636,41;168723,25;168344,89;168692,24;2,690398106E10;798108
WINFUT;03/09/2024;16:00:00;168754,26;168834,90;168611,60;168636,41;1,371166358E10;406315
WINFUT;03/09/2024;15:30:00;168766,67;168921,73;168717,05;168754,26;1,737341133E10;514544
WINFUT;03/09/2024;15:00:00;168841,10;168853,50;168636,41;168760,46;2,014985883E10;597094
WINFUT;03/09/2024;14:30:00;169163,63;169176,04;168803,88;168841,10;2,418707118E10;715592
WINFUT;03/09/2024;14:00:00;168698,44;169244,27;168686,03;169169,84;2,479221885E10;733646
WINFUT;03/09/2024;13:30:00;168927,93;168946,54;168605,40;168698,44;1,615583888E10;478684
WINFUT;03/09/2024;13:00:00;168592,99;168971,35;168586,79;168921,73;2,133668024E10;631999
WINFUT;03/09/2024;12:30:00;168797,68;168859,71;168580,59;168586,79;2,120011329E10;628283
WINFUT;03/09/2024;12:00:00;168872,11;169095,40;168686,03;168803,88;3,04490732E10;901529
WINFUT;03/09/2024;11:30:00;169219,46;169399,33;168834,90;168872,11;4,588886162E10;1357091
WINFUT;03/09/2024;11:00:00;168797,68;169324,90;168456,54;169225,66;5,506597313E10;1631081
WINFUT;03/09/2024;10:30:00;169362,12;169393,13;168592,99;168797,68;5,704356752E10;1687739
WINFUT;03/09/2024;10:00:00;169176,04;169442,75;168977,56;169362,12;6,092325686E10;1800206
WINFUT;03/09/2024;09:30:00;169126,42;169399,33;168996,16;169169,84;3,37704556E10;997791
WINFUT;03/09/2024;09:00:00;168332,48;169343,51;168214,63;169126,42;4,743836193E10;1403689
WINFUT;02/09/2024;18:00:00;169225,66;169231,86;168983,76;168983,76;4038483608,00;119410
WINFUT;02/09/2024;17:30:00;169207,05;169312,50;169114,01;169225,66;6913111524,00;204273
WINFUT;02/09/2024;17:00:00;169145,03;169312,50;169076,80;169207,05;1,212492304E10;358304
WINFUT;02/09/2024;16:30:00;169411,74;169455,16;169145,03;169145,03;1,139608394E10;336568
WINFUT;02/09/2024;16:00:00;169300,09;169560,60;169219,46;169405,53;1,656975435E10;489093
WINFUT;02/09/2024;15:30:00;169455,16;169461,36;169269,08;169300,09;9603570754,00;283520
WINFUT;02/09/2024;15:00:00;169523,38;169529,59;169368,32;169455,16;1,181070329E10;348540
WINFUT;02/09/2024;14:30:00;169721,87;169883,14;169498,57;169523,38;1,583346265E10;466482
WINFUT;02/09/2024;14:00:00;169399,33;169796,30;169318,70;169721,87;2,444668932E10;720864
WINFUT;02/09/2024;13:30:00;169207,05;169430,35;169095,40;169399,33;1,128745098E10;333481
WINFUT;02/09/2024;13:00:00;169275,28;169312,50;169076,80;169207,05;1,424650717E10;421051
WINFUT;02/09/2024;12:30:00;169269,08;169349,71;169182,24;169281,48;1,318561672E10;389496
WINFUT;02/09/2024;12:00:00;169194,65;169442,75;169132,62;169269,08;1,929572172E10;569885
WINFUT;02/09/2024;11:30:00;169269,08;169417,94;168934,14;169200,85;3,323447463E10;982368
WINFUT;02/09/2024;11:00:00;169107,81;169269,08;168865,91;169269,08;3,613026121E10;1068696
WINFUT;02/09/2024;10:30:00;169436,55;169690,85;169033,38;169107,81;4,403847844E10;1300479
WINFUT;02/09/2024;10:00:00;170063,01;170354,53;169405,53;169430,35;5,940651087E10;1748421
WINFUT;02/09/2024;09:30:00;170441,37;170447,57;169951,36;170063,01;2,877324616E10;845352
WINFUT;02/09/2024;09:00:00;170261,49;170553,02;170000,98;170441,37;3,713350983E10;1090212
WINFUT;30/08/2024;18:00:00;171278,72;171464,80;171030,62;171222,90;3509026369,00;102416
WINFUT;30/08/2024;17:30:00;171204,29;171439,99;171012,01;171272,52;1,067144319E10;311501
WINFUT;30/08/2024;17:00:00;170801,12;172420,00;170739,09;171204,29;4,433250048E10;1293659
WINFUT;30/08/2024;16:30:00;170000,98;170906,57;169969,97;170801,12;2,596103909E10;761571
WINFUT;30/08/2024;16:00:00;169951,36;170100,23;169914,15;170000,98;1,193613097E10;351052
WINFUT;30/08/2024;15:30:00;170019,59;170081,62;169883,14;169951,36;1,327582246E10;390492
WINFUT;30/08/2024;15:00:00;170038,20;170143,64;169957,57;170013,39;1,235415604E10;363249
WINFUT;30/08/2024;14:30:00;169920,35;170143,64;169895,54;170032,00;1,722649443E10;506613
WINFUT;30/08/2024;14:00:00;169808,70;170112,63;169790,10;169926,55;1,864588634E10;548549
WINFUT;30/08/2024;13:30:00;170255,29;170292,51;169721,87;169808,70;2,819807997E10;829732
WINFUT;30/08/2024;13:00:00;170391,75;170503,40;170230,48;170255,29;1,925689277E10;565225
WINFUT;30/08/2024;12:30:00;170788,72;170838,34;170379,34;170391,75;3,0971671E10;907661
WINFUT;30/08/2024;12:00:00;170757,70;171018,21;170677,07;170788,72;2,653684544E10;776634
WINFUT;30/08/2024;11:30:00;170236,68;171018,21;170205,67;170763,91;5,859869916E10;1717196
WINFUT;30/08/2024;11:00:00;169926,55;170553,02;169864,53;170242,89;4,808193622E10;1412103
WINFUT;30/08/2024;10:30:00;169517,18;170162,25;169436,55;169926,55;4,358474936E10;1282872
WINFUT;30/08/2024;10:00:00;169883,14;169889,34;169331,10;169523,38;6,00766311E10;1771325
WINFUT;30/08/2024;09:30:00;170528,21;170627,45;169771,49;169883,14;4,218259057E10;1239494
WINFUT;30/08/2024;09:00:00;170943,78;171160,87;170329,72;170528,21;4,314289345E10;1264366
WINFUT;29/08/2024;18:00:00;170546,81;170615,04;170447,57;170534,41;3942903616,00;115618
WINFUT;29/08/2024;17:30:00;170577,83;170677,07;170472,38;170546,81;9226005966,00;270407
WINFUT;29/08/2024;17:00:00;170863,15;170881,75;170528,21;170577,83;1,46369713E10;428653
WINFUT;29/08/2024;16:30:00;171117,45;171167,07;170770,11;170863,15;2,247340967E10;657451
WINFUT;29/08/2024;16:00:00;171049,23;171235,30;170943,78;171111,25;2,128292308E10;621920
WINFUT;29/08/2024;15:30:00;171129,86;171191,88;170745,30;171055,43;3,386027103E10;990108
WINFUT;29/08/2024;15:00:00;171036,82;171278,72;170962,39;171129,86;1,975251664E10;577148
WINFUT;29/08/2024;14:30:00;170794,92;171074,04;170720,49;171030,62;2,260830422E10;661326
WINFUT;29/08/2024;14:00:00;170745,30;170856,94;170621,25;170801,12;1,83040554E10;535972
WINFUT;29/08/2024;13:30:00;170850,74;170894,16;170584,03;170745,30;2,478789559E10;725934
WINFUT;29/08/2024;13:00:00;170875,55;170974,79;170726,69;170850,74;2,428278932E10;710651
WINFUT;29/08/2024;12:30:00;170999,60;171030,62;170819,73;170881,75;2,367768274E10;692604
WINFUT;29/08/2024;12:00:00;171179,48;171204,29;170956,19;171005,81;2,534222939E10;740776
WINFUT;29/08/2024;11:30:00;171198,09;171309,73;170974,79;171185,68;4,309199241E10;1258818
WINFUT;29/08/2024;11:00:00;171694,30;171762,52;171198,09;171198,09;4,565819532E10;1331509
WINFUT;29/08/2024;10:30:00;171675,69;171787,33;171340,75;171694,30;5,420633416E10;1579596
WINFUT;29/08/2024;10:00:00;172264,94;172271,14;171415,18;171675,69;6,029570021E10;1754279
WINFUT;29/08/2024;09:30:00;172655,70;172717,73;172221,52;172264,94;2,815673567E10;816396
WINFUT;29/08/2024;09:00:00;172823,17;172959,63;172562,66;172655,70;2,63125443E10;761722
WINFUT;28/08/2024;18:00:00;172581,27;172661,90;172500,63;172637,09;4243207569,00;122931
WINFUT;28/08/2024;17:30:00;172407,60;172618,48;172388,99;172581,27;9195039713,00;266499
WINFUT;28/08/2024;17:00:00;172593,67;172674,31;172295,95;172413,80;1,952088104E10;565778
WINFUT;28/08/2024;16:30:00;172630,89;172661,90;172407,60;172599,88;1,847302995E10;535321
WINFUT;28/08/2024;16:00:00;172407,60;172779,75;172382,78;172630,89;2,927376406E10;848172
WINFUT;28/08/2024;15:30:00;172184,30;172451,01;171967,21;172407,60;2,985896074E10;867269
WINFUT;28/08/2024;15:00:00;171929,99;172308,35;171805,94;172184,30;2,692601955E10;782454
WINFUT;28/08/2024;14:30:00;172035,44;172190,50;171843,16;171923,79;2,425143846E10;704887
WINFUT;28/08/2024;14:00:00;171874,17;172159,49;171855,56;172041,64;2,254949273E10;655382
WINFUT;28/08/2024;13:30:00;171650,88;172029,24;171613,66;171880,37;2,54766001E10;741311
WINFUT;28/08/2024;13:00:00;171824,55;171830,75;171533,03;171650,88;2,435793584E10;709346
WINFUT;28/08/2024;12:30:00;171526,83;171917,59;171446,19;171824,55;2,241815397E10;652761
WINFUT;28/08/2024;12:00:00;171750,12;171799,74;171384,17;171526,83;2,912363032E10;848498
WINFUT;28/08/2024;11:30:00;171756,32;171948,60;171663,28;171750,12;3,942530465E10;1147478
WINFUT;28/08/2024;11:00:00;170993,40;171756,32;170956,19;171750,12;4,588382588E10;1338903
WINFUT;28/08/2024;10:30:00;170981,00;171210,49;170596,43;170987,20;6,165070407E10;1803369
WINFUT;28/08/2024;10:00:00;171142,26;171334,54;170918,97;170981,00;5,709244763E10;1668279
WINFUT;28/08/2024;09:30:00;171315,94;171396,57;171117,45;171142,26;2,234888707E10;652477
WINFUT;28/08/2024;09:00:00;171514,42;171663,28;171266,32;171322,14;3,484076458E10;1016267
WINFUT;27/08/2024;18:00:00;171992,02;172103,67;171917,59;171967,21;3578242059,00;104014
WINFUT;27/08/2024;17:30:00;171917,59;172041,64;171905,18;171992,02;6950057210,00;202059
WINFUT;27/08/2024;17:00:00;172178,10;172215,31;171898,98;171923,79;1,416692706E10;411715
WINFUT;27/08/2024;16:30:00;172289,75;172320,76;172140,88;172184,30;1,113263661E10;323209
WINFUT;27/08/2024;16:00:00;172227,72;172370,38;172221,52;172283,54;1,098656114E10;318825
WINFUT;27/08/2024;15:30:00;172308,35;172370,38;172215,31;172227,72;1,039497952E10;301666
WINFUT;27/08/2024;15:00:00;172215,31;172357,97;172165,69;172302,15;1,355175174E10;393350
WINFUT;27/08/2024;14:30:00;172264,94;172302,15;172128,48;172215,31;1,66892417E10;484538
WINFUT;27/08/2024;14:00:00;172016,83;172302,15;171992,02;172271,14;2,114897858E10;614147
WINFUT;27/08/2024;13:30:00;172072,65;172165,69;172004,43;172016,83;1,349147421E10;392003
WINFUT;27/08/2024;13:00:00;172091,26;172134,68;171942,40;172078,86;1,55291502E10;451324
WINFUT;27/08/2024;12:30:00;172202,91;172277,34;172054,05;172091,26;2,034620012E10;590980
WINFUT;27/08/2024;12:00:00;172295,95;172506,84;172196,71;172202,91;2,907565208E10;843539
WINFUT;27/08/2024;11:30:00;172494,43;172506,84;172178,10;172295,95;3,251193557E10;943508
WINFUT;27/08/2024;11:00:00;172023,03;172519,24;171855,56;172500,63;4,228131314E10;1228135
WINFUT;27/08/2024;10:30:00;172066,45;172333,16;171762,52;172016,83;5,930125465E10;1723545
WINFUT;27/08/2024;10:00:00;172370,38;172388,99;171917,59;172066,45;5,370081565E10;1559691
WINFUT;27/08/2024;09:30:00;172413,80;172513,04;172295,95;172370,38;2,688071771E10;779544
WINFUT;27/08/2024;09:00:00;172122,28;172420,00;171998,22;172413,80;4,494776669E10;1304695
WINFUT;26/08/2024;18:00:00;172252,53;172258,73;172091,26;172196,71;3723212694,00;108107
WINFUT;26/08/2024;17:30:00;172221,52;172295,95;172147,09;172258,73;6410373416,00;186122
WINFUT;26/08/2024;17:00:00;172246,33;172308,35;172159,49;172221,52;1,203422204E10;349348
WINFUT;26/08/2024;16:30:00;172128,48;172264,94;172078,86;172246,33;1,584544851E10;460127
WINFUT;26/08/2024;16:00:00;172215,31;172240,13;172072,65;172128,48;1,246802469E10;362120
WINFUT;26/08/2024;15:30:00;172085,06;172215,31;172047,84;172209,11;1,375110746E10;399410
WINFUT;26/08/2024;15:00:00;172116,07;172221,52;171967,21;172078,86;1,86827026E10;542856
WINFUT;26/08/2024;14:30:00;172289,75;172302,15;171967,21;172109,87;2,646115304E10;768773
WINFUT;26/08/2024;14:00:00;172016,83;172370,38;172016,83;172283,54;2,499067027E10;725497
WINFUT;26/08/2024;13:30:00;171992,02;172202,91;171973,41;172023,03;1,925681132E10;559532
WINFUT;26/08/2024;13:00:00;171805,94;172035,44;171706,70;171985,82;1,705299031E10;496110
WINFUT;26/08/2024;12:30:00;171762,52;171874,17;171545,43;171805,94;2,602572006E10;757724
WINFUT;26/08/2024;12:00:00;171737,71;171799,74;171377,96;171762,52;2,724203263E10;793833
WINFUT;26/08/2024;11:30:00;172134,68;172134,68;171632,27;171737,71;3,579414138E10;1041577
WINFUT;26/08/2024;11:00:00;171867,97;172171,90;171737,71;172128,48;3,405573412E10;990055
WINFUT;26/08/2024;10:30:00;170962,39;172023,03;170925,17;171867,97;6,814145454E10;1985150
WINFUT;26/08/2024;10:00:00;171551,64;171576,45;170937,58;170956,19;5,603553414E10;1636489
WINFUT;26/08/2024;09:30:00;171439,99;171663,28;171371,76;171551,64;2,188914142E10;638077
WINFUT;26/08/2024;09:00:00;171148,47;171626,07;170906,57;171433,79;3,956352768E10;1154520
WINFUT;23/08/2024;18:00:00;170869,35;170943,78;170708,08;170881,75;4166568597,00;121934
WINFUT;23/08/2024;17:30:00;170763,91;170981,00;170751,50;170869,35;9104535781,00;266409
WINFUT;23/08/2024;17:00:00;170956,19;170993,40;170677,07;170763,91;1,32844003E10;388912
WINFUT;23/08/2024;16:30:00;171123,66;171191,88;170925,17;170962,39;1,610936305E10;470904
WINFUT;23/08/2024;16:00:00;171241,51;171315,94;171105,05;171117,45;1,455365533E10;425024
WINFUT;23/08/2024;15:30:00;171421,38;171439,99;171198,09;171247,71;1,380956941E10;403045
WINFUT;23/08/2024;15:00:00;171408,98;171520,62;171359,36;171415,18;1,281611301E10;373793
WINFUT;23/08/2024;14:30:00;171390,37;171427,58;171297,33;171415,18;1,069229097E10;311962
WINFUT;23/08/2024;14:00:00;171433,79;171471,00;171278,72;171396,57;1,432003832E10;417763
WINFUT;23/08/2024;13:30:00;171377,96;171675,69;171266,32;171433,79;2,668112289E10;778003
WINFUT;23/08/2024;13:00:00;171446,19;171502,02;171222,90;171377,96;2,026828064E10;591458
WINFUT;23/08/2024;12:30:00;171663,28;171756,32;171408,98;171446,19;1,982777047E10;577815
WINFUT;23/08/2024;12:00:00;171595,05;171793,54;171377,96;171669,49;2,986596964E10;870075
WINFUT;23/08/2024;11:30:00;171471,00;171619,86;171105,05;171595,05;3,817723617E10;1113626
WINFUT;23/08/2024;11:00:00;170553,02;171570,24;170490,99;171483,41;6,271184067E10;1832152
WINFUT;23/08/2024;10:30:00;170863,15;171049,23;170348,33;170553,02;4,581752349E10;1342198
WINFUT;23/08/2024;10:00:00;170770,11;171080,24;170621,25;170863,15;4,43990273E10;1299492
WINFUT;23/08/2024;09:30:00;170776,31;170987,20;170553,02;170763,91;2,772766258E10;811922
WINFUT;23/08/2024;09:00:00;170894,16;171080,24;170540,61;170776,31;4,522632463E10;1323718
WINFUT;22/08/2024;18:00:00;170391,75;170490,99;170125,04;170385,55;4530302697,00;132948
WINFUT;22/08/2024;17:30:00;170249,09;170459,98;170180,86;170391,75;1,336881153E10;392420
WINFUT;22/08/2024;17:00:00;170075,42;170261,49;170038,20;170242,89;1,215567025E10;357232
WINFUT;22/08/2024;16:30:00;169963,77;170094,02;169821,11;170081,62;1,921688167E10;565472
WINFUT;22/08/2024;16:00:00;170075,42;170286,30;169901,74;169963,77;2,2743306E10;668538
WINFUT;22/08/2024;15:30:00;169759,08;170205,67;169752,88;170081,62;2,229194342E10;655583
WINFUT;22/08/2024;15:00:00;169765,29;170013,39;169628,83;169752,88;2,870047035E10;844911
WINFUT;22/08/2024;14:30:00;170112,63;170131,24;169653,64;169765,29;4,796120705E10;1411905
WINFUT;22/08/2024;14:00:00;170069,21;170230,48;169976,17;170112,63;1,913437071E10;562377
WINFUT;22/08/2024;13:30:00;170100,23;170261,49;169994,78;170069,21;2,18913761E10;643352
WINFUT;22/08/2024;13:00:00;170050,61;170125,04;169951,36;170094,02;1,517774046E10;446287
WINFUT;22/08/2024;12:30:00;170261,49;170280,10;169982,38;170050,61;2,840896178E10;835008
WINFUT;22/08/2024;12:00:00;170751,50;170850,74;170230,48;170261,49;3,375348213E10;989948
WINFUT;22/08/2024;11:30:00;170639,85;170875,55;170540,61;170745,30;3,019051663E10;884303
WINFUT;22/08/2024;11:00:00;170844,54;171043,02;170534,41;170633,65;3,691356253E10;1080803
WINFUT;22/08/2024;10:30:00;171024,41;171142,26;170745,30;170838,34;4,750118497E10;1389195
WINFUT;22/08/2024;10:00:00;171402,77;171613,66;171012,01;171024,41;5,127193249E10;1496486
WINFUT;22/08/2024;09:30:00;171539,23;171588,85;171340,75;171402,77;2,727653789E10;795326
WINFUT;22/08/2024;09:00:00;172091,26;172097,47;171377,96;171545,43;4,716129564E10;1373778
WINFUT;21/08/2024;18:00:00;172085,06;172190,50;172041,64;172140,88;3483429417,00;101191
WINFUT;21/08/2024;17:30:00;172097,47;172153,29;172016,83;172085,06;7275792907,00;211391
WINFUT;21/08/2024;17:00:00;171923,79;172122,28;171861,77;172091,26;1,423873635E10;413975
WINFUT;21/08/2024;16:30:00;171998,22;172060,25;171911,39;171923,79;1,475370705E10;428939
WINFUT;21/08/2024;16:00:00;172047,84;172085,06;171942,40;172004,43;1,288383405E10;374470
WINFUT;21/08/2024;15:30:00;172047,84;172233,92;171961,01;172041,64;2,569918248E10;746660
WINFUT;21/08/2024;15:00:00;171663,28;172060,25;171657,08;172041,64;3,132789538E10;911266
WINFUT;21/08/2024;14:30:00;171756,32;171898,98;171619,86;171663,28;1,989428491E10;579067
WINFUT;21/08/2024;14:00:00;171663,28;171768,73;171514,42;171762,52;2,029457771E10;591160
WINFUT;21/08/2024;13:30:00;171725,31;171750,12;171570,24;171669,49;1,714335967E10;499379
WINFUT;21/08/2024;13:00:00;171657,08;171855,56;171601,26;171719,11;1,875440137E10;546036
WINFUT;21/08/2024;12:30:00;171979,62;172023,03;171601,26;171657,08;2,014214808E10;586144
WINFUT;21/08/2024;12:00:00;171818,35;172023,03;171737,71;171979,62;2,019197243E10;587438
WINFUT;21/08/2024;11:30:00;171936,20;172190,50;171706,70;171818,35;3,919120427E10;1139660
WINFUT;21/08/2024;11:00:00;172233,92;172326,96;171799,74;171942,40;4,506697247E10;1310013
WINFUT;21/08/2024;10:30:00;172357,97;172537,85;172103,67;172227,72;5,286446573E10;1534068
WINFUT;21/08/2024;10:00:00;172010,63;172432,41;171818,35;172364,18;5,149693584E10;1496233
WINFUT;21/08/2024;09:30:00;171961,01;172091,26;171905,18;172004,43;1,79297334E10;521242
WINFUT;21/08/2024;09:00:00;171923,79;172227,72;171874,17;171954,81;3,032714797E10;881454
WINFUT;20/08/2024;18:00:00;171812,15;171824,55;171539,23;171706,70;5669207473,00;165099
WINFUT;20/08/2024;17:30:00;171669,49;171849,36;171663,28;171818,35;9958429355,00;289881
WINFUT;20/08/2024;17:00:00;171508,22;171681,89;171464,80;171669,49;1,21239634E10;353326
WINFUT;20/08/2024;16:30:00;171688,09;171706,70;171471,00;171508,22;1,69819689E10;494858
WINFUT;20/08/2024;16:00:00;171588,85;171712,90;171433,79;171681,89;2,041641996E10;595023
WINFUT;20/08/2024;15:30:00;171700,50;171743,92;171539,23;171588,85;1,808906365E10;526991
WINFUT;20/08/2024;15:00:00;171576,45;171781,13;171526,83;171694,30;2,307951855E10;672293
WINFUT;20/08/2024;14:30:00;171284,92;171595,05;171179,48;171570,24;2,419947336E10;705901
WINFUT;20/08/2024;14:00:00;171359,36;171402,77;171173,28;171278,72;2,372484661E10;692558
WINFUT;20/08/2024;13:30:00;171396,57;171688,09;171328,34;171365,56;3,013498829E10;878566
WINFUT;20/08/2024;13:00:00;171105,05;171427,58;171061,63;171396,57;2,210595067E10;645332
WINFUT;20/08/2024;12:30:00;171117,45;171204,29;170968,59;171105,05;2,224381972E10;650063
WINFUT;20/08/2024;12:00:00;170832,13;171117,45;170776,31;171117,45;2,834035231E10;828759
WINFUT;20/08/2024;11:30:00;170540,61;170832,13;170453,77;170825,93;2,900649074E10;849941
WINFUT;20/08/2024;11:00:00;170825,93;170856,94;170528,21;170546,81;3,250155535E10;952067
WINFUT;20/08/2024;10:30:00;171129,86;171204,29;170658,46;170825,93;6,095336773E10;1782897
WINFUT;20/08/2024;10:00:00;171439,99;171570,24;171092,64;171129,86;5,406779889E10;1577973
WINFUT;20/08/2024;09:30:00;171278,72;171458,60;171074,04;171439,99;3,013792802E10;879916
WINFUT;20/08/2024;09:00:00;171253,91;171371,76;170701,88;171278,72;4,82991812E10;1411197
WINFUT;19/08/2024;18:00:00;171359,36;171601,26;171266,32;171495,81;7152587469,00;208598
WINFUT;19/08/2024;17:30:00;171018,21;171446,19;171005,81;171359,36;1,425444331E10;416196
WINFUT;19/08/2024;17:00:00;171353,15;171353,15;170912,77;171024,41;1,917946799E10;560449
WINFUT;19/08/2024;16:30:00;171266,32;171495,81;171260,11;171353,15;1,944984108E10;567403
WINFUT;19/08/2024;16:00:00;171216,70;171346,95;171185,68;171266,32;1,629819939E10;475822
WINFUT;19/08/2024;15:30:00;171396,57;171439,99;171129,86;171222,90;1,920598055E10;560662
WINFUT;19/08/2024;15:00:00;171384,17;171508,22;171297,33;171396,57;1,926326682E10;561972
WINFUT;19/08/2024;14:30:00;171371,76;171526,83;171353,15;171384,17;1,86081784E10;542694
WINFUT;19/08/2024;14:00:00;171061,63;171681,89;171043,02;171371,76;4,022627348E10;1173600
WINFUT;19/08/2024;13:30:00;170937,58;171123,66;170887,96;171061,63;1,500620341E10;438780
WINFUT;19/08/2024;13:00:00;170844,54;171005,81;170819,73;170937,58;2,18522981E10;639284
WINFUT;19/08/2024;12:30:00;170627,45;170949,98;170602,64;170844,54;2,492656594E10;729633
WINFUT;19/08/2024;12:00:00;170490,99;170646,06;170404,15;170633,65;2,107197209E10;617816
WINFUT;19/08/2024;11:30:00;170459,98;170571,62;170329,72;170497,19;2,625241502E10;770019
WINFUT;19/08/2024;11:00:00;170317,32;170559,22;170249,09;170459,98;3,640840889E10;1068387
WINFUT;19/08/2024;10:30:00;169802,50;170379,34;169628,83;170311,12;5,313457943E10;1562913
WINFUT;19/08/2024;10:00:00;169498,57;169827,31;169473,76;169808,70;4,662516088E10;1373930
WINFUT;19/08/2024;09:30:00;169343,51;169554,40;169331,10;169504,78;2,164834861E10;638830
WINFUT;19/08/2024;09:00:00;169151,23;169672,25;169114,01;169349,71;3,636748496E10;1073111
WINFUT;16/08/2024;18:00:00;168822,49;169002,37;168816,29;168965,15;3622467893,00;107241
WINFUT;16/08/2024;17:30:00;168810,08;168872,11;168760,46;168822,49;5435105136,00;160982
WINFUT;16/08/2024;17:00:00;168965,15;168971,35;168803,88;168810,08;8719418070,00;258164
WINFUT;16/08/2024;16:30:00;168822,49;168983,76;168791,48;168958,95;1,512490307E10;447814
WINFUT;16/08/2024;16:00:00;168952,74;169014,77;168791,48;168822,49;1,554969718E10;460400
WINFUT;16/08/2024;15:30:00;168927,93;169014,77;168748,06;168952,74;2,22823281E10;659694
WINFUT;16/08/2024;15:00:00;169051,99;169107,81;168903,12;168927,93;1,715923498E10;507612
WINFUT;16/08/2024;14:30:00;169095,40;169138,82;168890,72;169051,99;2,034481599E10;601794
WINFUT;16/08/2024;14:00:00;169479,97;169517,18;168903,12;169095,40;2,705831938E10;799505
WINFUT;16/08/2024;13:30:00;169343,51;169492,37;169262,87;169473,76;1,536141851E10;453468
WINFUT;16/08/2024;13:00:00;169275,28;169616,42;169225,66;169343,51;2,648879515E10;781674
WINFUT;16/08/2024;12:30:00;169169,84;169343,51;169107,81;169269,08;1,788566514E10;528457
WINFUT;16/08/2024;12:00:00;169219,46;169306,29;169033,38;169169,84;2,416035922E10;714076
WINFUT;16/08/2024;11:30:00;169448,95;169653,64;169058,19;169213,25;4,67441315E10;1380171
WINFUT;16/08/2024;11:00:00;169790,10;169889,34;169386,93;169442,75;3,48499616E10;1027475
WINFUT;16/08/2024;10:30:00;169901,74;169945,16;169641,23;169790,10;3,522897749E10;1037518
WINFUT;16/08/2024;10:00:00;169920,35;169963,77;169690,85;169895,54;3,89327038E10;1146187
WINFUT;16/08/2024;09:30:00;169641,23;170013,39;169616,42;169920,35;2,915564774E10;858315
WINFUT;16/08/2024;09:00:00;168958,95;169653,64;168859,71;169635,03;3,855959495E10;1138282
WINFUT;15/08/2024;18:00:00;169250,47;169380,72;169151,23;169238,06;4851812201,00;143302
WINFUT;15/08/2024;17:30:00;169213,25;169262,87;169176,04;169244,27;6047615459,00;178688
WINFUT;15/08/2024;17:00:00;169145,03;169287,69;169083,00;169213,25;1,214328204E10;358878
WINFUT;15/08/2024;16:30:00;169231,86;169287,69;169051,99;169138,82;1,594133121E10;471137
WINFUT;15/08/2024;16:00:00;169145,03;169386,93;169064,39;169225,66;2,091925486E10;618078
WINFUT;15/08/2024;15:30:00;169132,62;169269,08;169020,97;169138,82;2,622447922E10;775248
WINFUT;15/08/2024;15:00:00;169448,95;169523,38;169045,78;169132,62;3,077941468E10;909142
WINFUT;15/08/2024;14:30:00;169523,38;169628,83;169436,55;169448,95;1,715442592E10;505975
WINFUT;15/08/2024;14:00:00;169479,97;169616,42;169362,12;169523,38;1,790285604E10;528171
WINFUT;15/08/2024;13:30:00;169548,19;169573,01;169455,16;169473,76;1,282406992E10;378261
WINFUT;15/08/2024;13:00:00;169430,35;169666,04;169386,93;169548,19;2,05877826E10;607079
WINFUT;15/08/2024;12:30:00;169442,75;169479,97;169312,50;169424,14;1,477678963E10;436140
WINFUT;15/08/2024;12:00:00;169176,04;169461,36;169138,82;169442,75;2,536092473E10;748803
WINFUT;15/08/2024;11:30:00;169095,40;169219,46;168996,16;169176,04;2,630834246E10;777824
WINFUT;15/08/2024;11:00:00;168853,50;169107,81;168735,65;169095,40;3,058827824E10;905422
WINFUT;15/08/2024;10:30:00;168468,94;169051,99;168406,92;168847,30;4,741735418E10;1404640
WINFUT;15/08/2024;10:00:00;168499,95;168698,44;168251,85;168468,94;4,89481434E10;1452660
WINFUT;15/08/2024;09:30:00;168357,29;168561,98;167910,71;168499,95;5,077584865E10;1508977
WINFUT;15/08/2024;09:00:00;167978,94;168580,59;167910,71;168357,29;3,281814868E10;975018
WINFUT;14/08/2024;18:00:00;167985,14;168016,15;167222,22;167780,45;5721917385,00;170485
WINFUT;14/08/2024;17:30:00;168071,97;168084,38;167842,48;167985,14;9837828414,00;292871
WINFUT;14/08/2024;17:00:00;168121,60;168121,60;167854,88;168071,97;1,732317338E10;515655
WINFUT;14/08/2024;16:30:00;168282,86;168400,71;168109,19;168127,80;1,905519554E10;566248
WINFUT;14/08/2024;16:00:00;168630,21;168655,02;168245,65;168276,66;2,112741096E10;627150
WINFUT;14/08/2024;15:30:00;168481,35;168723,25;168413,12;168630,21;1,621508408E10;480872
WINFUT;14/08/2024;15:00:00;168419,32;168586,79;168369,70;168475,14;2,033330958E10;603423
WINFUT;14/08/2024;14:30:00;168158,81;168456,54;168134,00;168413,12;1,920034639E10;570322
WINFUT;14/08/2024;14:00:00;167960,33;168468,94;167904,50;168158,81;3,508997735E10;1043252
WINFUT;14/08/2024;13:30:00;167761,84;167960,33;167687,41;167960,33;1,966568706E10;585977
WINFUT;14/08/2024;13:00:00;167879,69;167991,34;167687,41;167768,05;1,955803553E10;582631
WINFUT;14/08/2024;12:30:00;167718,43;167916,91;167687,41;167879,69;1,854205138E10;552372
WINFUT;14/08/2024;12:00:00;167550,96;167780,45;167433,11;167718,43;2,206830867E10;658385
WINFUT;14/08/2024;11:30:00;167581,97;167681,21;167445,51;167544,75;2,417461225E10;721293
WINFUT;14/08/2024;11:00:00;167433,11;167619,18;167271,84;167581,97;2,430369634E10;725609
WINFUT;14/08/2024;10:30:00;167507,54;167662,60;167302,85;167433,11;3,980597693E10;1188231
WINFUT;14/08/2024;10:00:00;167216,02;167693,62;166887,28;167513,74;5,691677097E10;1701128
WINFUT;14/08/2024;09:30:00;167153,99;167476,52;166949,30;167222,22;3,449590098E10;1031344
WINFUT;14/08/2024;09:00:00;167060,95;167216,02;166825,25;167147,79;2,774947913E10;830613
WINFUT;13/08/2024;18:00:00;167053,35;167141,58;167047,05;167141,58;3211852296,00;96107
WINFUT;13/08/2024;17:30:00;167009,23;167135,28;166977,72;167059,65;5837271882,00;174706
WINFUT;13/08/2024;17:00:00;167078,56;167141,58;166977,72;167009,23;1,179403182E10;352938
WINFUT;13/08/2024;16:30:00;166908,39;167097,47;166889,49;167078,56;1,145449787E10;342953
WINFUT;13/08/2024;16:00:00;166965,11;167021,84;166889,49;166908,39;1,100407589E10;329552
WINFUT;13/08/2024;15:30:00;166914,70;167040,74;166851,67;166965,11;1,411160085E10;422640
WINFUT;13/08/2024;15:00:00;166801,25;167021,84;166794,95;166914,70;1,785215901E10;534802
WINFUT;13/08/2024;14:30:00;166908,39;167065,95;166725,62;166801,25;2,755111414E10;825278
WINFUT;13/08/2024;14:00:00;166782,34;167002,93;166649,99;166914,70;3,132847789E10;938966
WINFUT;13/08/2024;13:30:00;166662,60;166971,42;166460,92;166776,04;3,134980573E10;940264
WINFUT;13/08/2024;13:00:00;166385,29;166668,90;166366,38;166662,60;1,914369187E10;574844
WINFUT;13/08/2024;12:30:00;166542,85;166549,15;166360,08;166385,29;1,682071311E10;505247
WINFUT;13/08/2024;12:00:00;166643,69;166750,83;166511,34;166536,55;1,748948061E10;524835
WINFUT;13/08/2024;11:30:00;166561,76;166744,53;166435,71;166649,99;2,472932192E10;742142
WINFUT;13/08/2024;11:00:00;166599,57;166813,86;166385,29;166561,76;4,182123072E10;1255043
WINFUT;13/08/2024;10:30:00;166460,92;166725,62;166360,08;166599,57;5,138846267E10;1542485
WINFUT;13/08/2024;10:00:00;166278,15;166568,06;166158,40;166460,92;4,267856245E10;1282841
WINFUT;13/08/2024;09:30:00;166561,76;166763,44;166240,33;166278,15;3,686350751E10;1107384
WINFUT;13/08/2024;09:00:00;165780,25;166599,57;165729,83;166555,45;4,28002667E10;1286965
WINFUT;12/08/2024;18:00:00;165761,34;165830,67;165628,99;165660,50;5001504996,00;150896
WINFUT;12/08/2024;17:30:00;165673,11;165906,30;165635,29;165767,65;8769458798,00;264489
WINFUT;12/08/2024;17:00:00;165685,71;165704,62;165540,76;165673,11;1,060080206E10;320051
WINFUT;12/08/2024;16:30:00;165704,62;165786,55;165521,85;165679,41;1,886672219E10;569455
WINFUT;12/08/2024;16:00:00;165685,71;165736,13;165591,18;165704,62;1,353442234E10;408504
WINFUT;12/08/2024;15:30:00;165565,97;165748,74;165471,43;165692,02;2,039552142E10;615747
WINFUT;12/08/2024;15:00:00;165698,32;165742,44;165402,10;165565,97;2,484510824E10;750399
WINFUT;12/08/2024;14:30:00;165868,48;165956,72;165565,97;165692,02;2,139313119E10;645365
WINFUT;12/08/2024;14:00:00;165988,23;165994,53;165824,37;165874,79;1,624777701E10;489699
WINFUT;12/08/2024;13:30:00;165956,72;166139,49;165900,00;165988,23;1,819365986E10;547990
WINFUT;12/08/2024;13:00:00;165925,21;166089,07;165843,27;165950,42;1,993228565E10;600503
WINFUT;12/08/2024;12:30:00;165685,71;165988,23;165591,18;165925,21;2,184845856E10;659128
WINFUT;12/08/2024;12:00:00;165900,00;165931,51;165559,66;165685,71;3,068422303E10;925568
WINFUT;12/08/2024;11:30:00;165723,53;165963,02;165710,92;165906,30;2,402835098E10;724301
WINFUT;12/08/2024;11:00:00;165578,57;165773,95;165509,24;165717,23;3,198601012E10;965544
WINFUT;12/08/2024;10:30:00;165925,21;166158,40;165490,34;165584,87;5,11763545E10;1542795
WINFUT;12/08/2024;10:00:00;165981,93;166101,68;165692,02;165931,51;4,268050794E10;1286459
WINFUT;12/08/2024;09:30:00;165641,60;166070,16;165635,29;165975,63;3,120609705E10;940670
WINFUT;12/08/2024;09:00:00;165124,79;165868,48;165005,05;165635,29;4,137748206E10;1249248
WINFUT;09/08/2024;18:00:00;165276,05;165320,17;164872,69;165112,19;4125404126,00;124858
WINFUT;09/08/2024;17:30:00;165112,19;165332,77;165080,68;165269,75;8648784484,00;261769
WINFUT;09/08/2024;17:00:00;164885,30;165118,49;164860,09;165112,19;1,335594154E10;404733
WINFUT;09/08/2024;16:30:00;164765,55;164923,11;164689,92;164879,00;1,930296429E10;585638
WINFUT;09/08/2024;16:00:00;164652,11;164803,37;164576,48;164771,85;1,687522998E10;512317
WINFUT;09/08/2024;15:30:00;164626,90;164765,55;164607,99;164652,11;1,783916626E10;541601
WINFUT;09/08/2024;15:00:00;164582,78;164639,50;164456,73;164626,90;1,730164039E10;525766
WINFUT;09/08/2024;14:30:00;164639,50;164752,95;164494,55;164582,78;2,052437211E10;623429
WINFUT;09/08/2024;14:00:00;164154,21;164960,93;164141,61;164633,20;4,464129044E10;1356452
WINFUT;09/08/2024;13:30:00;163851,69;164173,12;163826,48;164147,91;2,226367354E10;678684
WINFUT;09/08/2024;13:00:00;163681,53;163895,81;163675,22;163858,00;1,596354478E10;487307
WINFUT;09/08/2024;12:30:00;163725,64;163914,72;163624,80;163681,53;2,169708472E10;662428
WINFUT;09/08/2024;12:00:00;163599,59;163807,58;163586,99;163719,34;2,323546221E10;709583
WINFUT;09/08/2024;11:30:00;163252,96;163662,62;163139,51;163599,59;3,874426162E10;1185329
WINFUT;09/08/2024;11:00:00;163019,77;163322,29;162805,48;163259,26;3,862532386E10;1184354
WINFUT;09/08/2024;10:30:00;163379,01;163391,61;162773,97;163013,46;5,181686821E10;1588806
WINFUT;09/08/2024;10:00:00;163271,87;163568,08;163101,70;163379,01;5,073666113E10;1552954
WINFUT;09/08/2024;09:30:00;162616,41;163385,31;162603,80;163265,56;3,801953044E10;1166088
WINFUT;09/08/2024;09:00:00;162395,82;162799,18;162143,72;162616,41;3,636222125E10;1118537
WINFUT;08/08/2024;18:00:00;162654,22;162937,83;162629,01;162805,48;6031496713,00;185239
WINFUT;08/08/2024;17:30:00;162584,90;162710,95;162578,59;162647,92;1,102152485E10;338837
WINFUT;08/08/2024;17:00:00;162288,68;162597,50;162194,14;162584,90;1,799816875E10;553998
WINFUT;08/08/2024;16:30:00;162250,87;162370,61;162219,35;162288,68;1,51293413E10;466083
WINFUT;08/08/2024;16:00:00;162402,12;162408,43;162231,96;162250,87;1,473347614E10;453861
WINFUT;08/08/2024;15:30:00;162465,15;162572,29;162307,59;162402,12;2,016991516E10;620826
WINFUT;08/08/2024;15:00:00;162294,98;162521,87;162244,56;162471,45;2,082794028E10;641297
WINFUT;08/08/2024;14:30:00;162276,07;162484,06;162238,26;162294,98;1,931690545E10;594893
WINFUT;08/08/2024;14:00:00;162269,77;162320,19;162112,21;162276,07;1,768231548E10;545031
WINFUT;08/08/2024;13:30:00;162282,38;162307,59;162181,54;162269,77;1,22482174E10;377445
WINFUT;08/08/2024;13:00:00;162370,61;162389,52;162206,75;162276,07;1,59150244E10;490335
WINFUT;08/08/2024;12:30:00;162162,63;162433,64;162150,03;162370,61;2,271387618E10;699688
WINFUT;08/08/2024;12:00:00;162087,00;162206,75;161998,77;162162,63;1,900165326E10;586089
WINFUT;08/08/2024;11:30:00;162074,40;162250,87;161960,95;162093,30;2,682432249E10;827369
WINFUT;08/08/2024;11:00:00;161809,69;162175,24;161752,97;162074,40;3,686141852E10;1137908
WINFUT;08/08/2024;10:30:00;161500,87;161860,11;161299,19;161809,69;5,41111791E10;1674410
WINFUT;08/08/2024;10:00:00;160845,41;161544,99;160839,11;161500,87;5,812602189E10;1802295
WINFUT;08/08/2024;09:30:00;160876,93;161280,28;160813,90;160845,41;4,163878293E10;1292511
WINFUT;08/08/2024;09:00:00;160587,01;161122,72;160580,71;160876,93;3,281201874E10;1019520
WINFUT;07/08/2024;18:00:00;160706,76;161002,98;160706,76;160939,95;4272552542,00;132813
WINFUT;07/08/2024;17:30:00;160902,14;161002,98;160662,64;160713,06;9026610003,00;280541
WINFUT;07/08/2024;17:00:00;160883,23;161198,35;160845,41;160902,14;1,524825188E10;473458
WINFUT;07/08/2024;16:30:00;160794,99;161028,19;160675,25;160883,23;2,568969378E10;798461
WINFUT;07/08/2024;16:00:00;160473,57;160933,65;160410,54;160788,69;2,899771461E10;902198
WINFUT;07/08/2024;15:30:00;160171,05;160498,78;160076,51;160467,27;2,682580739E10;836740
WINFUT;07/08/2024;15:00:00;160171,05;160271,89;159893,74;160171,05;2,553623778E10;797617
WINFUT;07/08/2024;14:30:00;160108,02;160227,77;159912,65;160177,35;2,278604687E10;711652
WINFUT;07/08/2024;14:00:00;160089,12;160297,10;159874,83;160108,02;3,336982272E10;1042380
WINFUT;07/08/2024;13:30:00;160442,06;160479,87;160051,30;160089,12;2,301102384E10;717864
WINFUT;07/08/2024;13:00:00;160605,92;160605,92;160290,80;160448,36;2,049312989E10;638690
WINFUT;07/08/2024;12:30:00;160171,05;160612,22;160171,05;160599,62;2,181268367E10;680049
WINFUT;07/08/2024;12:00:00;160297,10;160442,06;160101,72;160171,05;2,909533216E10;907579
WINFUT;07/08/2024;11:30:00;160095,42;160505,08;159975,67;160297,10;3,415035565E10;1065602
WINFUT;07/08/2024;11:00:00;160794,99;160794,99;160057,60;160095,42;4,795552933E10;1494701
WINFUT;07/08/2024;10:30:00;160505,08;160914,74;160221,47;160788,69;5,496214049E10;1711670
WINFUT;07/08/2024;10:00:00;160542,89;160776,09;160152,14;160505,08;5,918756807E10;1844233
WINFUT;07/08/2024;09:30:00;160479,87;160889,53;160423,15;160536,59;3,115895536E10;969720
WINFUT;07/08/2024;09:00:00;159956,76;160744,57;159710,97;160479,87;4,081565507E10;1272087
WINFUT;06/08/2024;18:00:00;159049,21;159131,14;158960,97;159112,23;4887368719,00;153640
WINFUT;06/08/2024;17:30:00;159313,91;159320,22;158853,83;159055,51;1,350726392E10;424605
WINFUT;06/08/2024;17:00:00;159244,59;159421,05;159231,98;159313,91;1,586392154E10;497838
WINFUT;06/08/2024;16:30:00;159893,74;159950,46;159244,59;159250,89;2,598732597E10;813881
WINFUT;06/08/2024;16:00:00;160063,91;160070,21;159692,06;159887,44;3,111313277E10;973070
WINFUT;06/08/2024;15:30:00;160189,96;160385,33;160051,30;160063,91;2,679448118E10;836113
WINFUT;06/08/2024;15:00:00;159584,92;160196,26;159559,71;160189,96;2,638120148E10;825053
WINFUT;06/08/2024;14:30:00;159534,50;159792,90;159509,29;159591,22;2,44633618E10;766054
WINFUT;06/08/2024;14:00:00;159200,47;159534,50;159143,75;159534,50;2,187134955E10;686337
WINFUT;06/08/2024;13:30:00;159024,00;159408,45;158948,37;159200,47;3,098417694E10;972918
WINFUT;06/08/2024;13:00:00;158828,62;159074,42;158828,62;159024,00;2,27457337E10;715494
WINFUT;06/08/2024;12:30:00;158412,66;158872,74;158368,54;158822,32;2,578877179E10;812603
WINFUT;06/08/2024;12:00:00;158223,58;158538,71;158210,98;158406,36;2,727687523E10;861028
WINFUT;06/08/2024;11:30:00;158507,20;158601,73;158198,37;158223,58;3,923128993E10;1238264
WINFUT;06/08/2024;11:00:00;158582,83;158816,02;158374,84;158507,20;4,332159147E10;1365587
WINFUT;06/08/2024;10:30:00;158425,26;158759,30;158166,86;158589,13;5,445322719E10;1718438
WINFUT;06/08/2024;10:00:00;158217,28;158860,13;158154,26;158425,26;6,98160041E10;2202771
WINFUT;06/08/2024;09:30:00;158185,77;158519,80;158072,33;158217,28;3,354554598E10;1059344
WINFUT;06/08/2024;09:00:00;158885,34;158891,65;157996,70;158192,07;3,893018522E10;1229720
WINFUT;05/08/2024;18:00:00;158696,27;159559,71;158683,67;158954,67;6181321645,00;194607
WINFUT;05/08/2024;17:30:00;158545,01;158765,60;158538,71;158689,97;9784951246,00;308400
WINFUT;05/08/2024;17:00:00;158242,49;158557,62;157965,18;158538,71;1,686746875E10;532803
WINFUT;05/08/2024;16:30:00;158040,81;158248,79;157933,67;158236,19;1,707216045E10;540020
WINFUT;05/08/2024;16:00:00;157820,23;158097,54;157769,81;158034,51;1,663969002E10;526785
WINFUT;05/08/2024;15:30:00;158066,02;158078,63;157650,06;157813,92;2,212477401E10;700765
WINFUT;05/08/2024;15:00:00;157946,28;158166,86;157788,71;158066,02;2,220452079E10;702819
WINFUT;05/08/2024;14:30:00;158078,63;158330,73;157870,65;157946,28;2,586729357E10;818132
WINFUT;05/08/2024;14:00:00;157605,94;158261,40;157574,43;158078,63;3,447857611E10;1091524
WINFUT;05/08/2024;13:30:00;157820,23;157864,34;157347,54;157599,64;2,606519389E10;827016
WINFUT;05/08/2024;13:00:00;157372,75;157895,86;157366,45;157813,92;2,355804325E10;747403
WINFUT;05/08/2024;12:30:00;157246,70;157744,60;157202,58;157379,05;3,034835036E10;963740
WINFUT;05/08/2024;12:00:00;157026,11;157385,36;156742,50;157240,40;3,402485691E10;1083083
WINFUT;05/08/2024;11:30:00;156786,62;157215,19;156736,20;157032,42;3,452170573E10;1099253
WINFUT;05/08/2024;11:00:00;156679,48;157404,26;156276,12;156786,62;5,484322987E10;1746736
WINFUT;05/08/2024;10:30:00;155507,22;156805,53;155406,38;156679,48;6,07206688E10;1942724
WINFUT;05/08/2024;10:00:00;155532,43;156250,91;155425,29;155513,52;6,268329183E10;2011546
WINFUT;05/08/2024;09:30:00;155570,24;155784,53;155355,96;155532,43;3,511664696E10;1128594
WINFUT;05/08/2024;09:00:00;156036,63;156402,17;155204,70;155563,94;6,39360151E10;2052313
WINFUT;02/08/2024;18:00:00;159156,35;159799,20;159112,23;159799,20;4049747233,00;127077
WINFUT;02/08/2024;17:30:00;159358,03;159383,24;159150,05;159162,65;6169487488,00;193653
WINFUT;02/08/2024;17:00:00;159099,63;159395,84;159080,72;159358,03;1,227313897E10;385444
WINFUT;02/08/2024;16:30:00;159131,14;159231,98;158935,76;159099,63;1,828074499E10;574636
WINFUT;02/08/2024;16:00:00;159200,47;159395,84;159005,09;159131,14;1,891161962E10;593928
WINFUT;02/08/2024;15:30:00;159427,36;159502,99;159150,05;159200,47;1,768160711E10;554985
WINFUT;02/08/2024;15:00:00;159295,01;159439,96;159137,44;159427,36;1,767045897E10;554690
WINFUT;02/08/2024;14:30:00;159540,80;159622,73;159162,65;159295,01;2,031393943E10;637117
WINFUT;02/08/2024;14:00:00;159471,47;159666,85;159269,80;159540,80;2,024198764E10;634603
WINFUT;02/08/2024;13:30:00;159276,10;159490,38;159231,98;159465,17;1,827975117E10;573518
WINFUT;02/08/2024;13:00:00;159509,29;159584,92;159213,07;159276,10;2,002471445E10;628056
WINFUT;02/08/2024;12:30:00;159477,78;159654,25;159364,33;159509,29;1,844799081E10;578262
WINFUT;02/08/2024;12:00:00;159660,55;159780,30;159376,94;159477,78;3,028755776E10;948936
WINFUT;02/08/2024;11:30:00;159975,67;160120,63;159647,94;159666,85;3,33601788E10;1043639
WINFUT;02/08/2024;11:00:00;160347,52;160694,15;159969,37;159975,67;4,747240318E10;1480725
WINFUT;02/08/2024;10:30:00;160958,86;161066,00;160234,07;160353,82;6,107029736E10;1901220
WINFUT;02/08/2024;10:00:00;160990,37;161885,32;160914,74;160958,86;5,73935532E10;1777373
WINFUT;02/08/2024;09:30:00;161034,49;161280,28;160252,98;160990,37;5,586561739E10;1737337
WINFUT;02/08/2024;09:00:00;160479,87;161091,21;160208,86;161047,09;3,59978012E10;1120313
WINFUT;01/08/2024;18:00:00;160952,56;161028,19;160914,74;160977,77;2848090131,00;88466
WINFUT;01/08/2024;17:30:00;160927,35;161040,79;160820,20;160946,25;9801917103,00;304582
WINFUT;01/08/2024;17:00:00;161059,70;161179,44;160876,93;160921,04;1,61042449E10;500168
WINFUT;01/08/2024;16:30:00;161154,23;161236,17;161028,19;161059,70;1,687347354E10;523615
WINFUT;01/08/2024;16:00:00;160769,78;161179,44;160731,97;161154,23;2,03841081E10;633362
WINFUT;01/08/2024;15:30:00;161135,33;161166,84;160744,57;160776,09;2,750624565E10;854594
WINFUT;01/08/2024;15:00:00;161450,45;161475,66;161084,91;161135,33;2,084919768E10;646212
WINFUT;01/08/2024;14:30:00;161381,12;161595,41;161255,07;161450,45;2,122176427E10;657393
WINFUT;01/08/2024;14:00:00;161318,10;161418,94;161154,23;161381,12;2,306051082E10;714814
WINFUT;01/08/2024;13:30:00;161475,66;161519,78;161141,63;161318,10;2,842425766E10;880918
WINFUT;01/08/2024;13:00:00;161526,08;161683,64;161292,89;161475,66;3,19763408E10;990121
WINFUT;01/08/2024;12:30:00;161942,04;162036,58;161519,78;161532,38;3,073857197E10;950044
WINFUT;01/08/2024;12:00:00;162175,24;162194,14;161841,20;161942,04;3,130375615E10;966258
WINFUT;01/08/2024;11:30:00;162345,40;162389,52;162143,72;162168,93;2,908816045E10;896329
WINFUT;01/08/2024;11:00:00;162654,22;163013,46;162288,68;162345,40;5,058543845E10;1556028
WINFUT;01/08/2024;10:30:00;162452,54;162729,85;162427,33;162654,22;3,77077258E10;1159457
WINFUT;01/08/2024;10:00:00;162049,19;162603,80;161998,77;162452,54;4,969078606E10;1530638
WINFUT;01/08/2024;09:30:00;161683,64;162143,72;161652,13;162042,88;2,807369753E10;866879
WINFUT;01/08/2024;09:00:00;161318,10;161759,27;160984,07;161683,64;3,836575606E10;1188439
WINFUT;31/07/2024;18:00:00;161589,11;161626,92;161349,61;161475,66;3437923067,00;106426
WINFUT;31/07/2024;17:30:00;161538,69;161645,83;161494,57;161589,11;6120579903,00;189398
WINFUT;31/07/2024;17:00:00;161324,40;161582,80;161318,10;161538,69;1,455869988E10;450751
WINFUT;31/07/2024;16:30:00;161185,75;161418,94;161047,09;161330,70;3,120689223E10;967786
WINFUT;31/07/2024;16:00:00;161608,01;161715,15;161185,75;161185,75;2,99660939E10;927606
WINFUT;31/07/2024;15:30:00;161204,65;161683,64;161154,23;161608,01;3,319784718E10;1028457
WINFUT;31/07/2024;15:00:00;161273,98;161324,40;161009,28;161204,65;2,414885414E10;749307
WINFUT;31/07/2024;14:30:00;161299,19;161387,43;161173,14;161273,98;1,631442864E10;505833
WINFUT;31/07/2024;14:00:00;161563,90;161639,53;161292,89;161305,49;1,639812903E10;507780
WINFUT;31/07/2024;13:30:00;161381,12;161645,83;161349,61;161563,90;1,850156725E10;572774
WINFUT;31/07/2024;13:00:00;161078,61;161463,06;161066,00;161374,82;1,918977533E10;594850
WINFUT;31/07/2024;12:30:00;161040,79;161091,21;160914,74;161078,61;1,424420227E10;442336
WINFUT;31/07/2024;12:00:00;160927,35;161173,14;160864,32;161034,49;1,509398498E10;468778
WINFUT;31/07/2024;11:30:00;161122,72;161135,33;160820,20;160921,04;2,251998445E10;699545
WINFUT;31/07/2024;11:00:00;160858,02;161255,07;160832,81;161122,72;3,063398334E10;951009
WINFUT;31/07/2024;10:30:00;160965,16;161406,33;160807,60;160851,72;4,65735452E10;1444897
WINFUT;31/07/2024;10:00:00;160448,36;160971,46;160309,70;160965,16;5,008113863E10;1558889
WINFUT;31/07/2024;09:30:00;160353,82;160473,57;160152,14;160448,36;2,389960893E10;745545
WINFUT;31/07/2024;09:00:00;160587,01;160889,53;160208,86;160353,82;3,56300787E10;1109820
WINFUT;30/07/2024;18:00:00;159912,65;160051,30;159862,23;159969,37;4335478493,00;135546
WINFUT;30/07/2024;17:30:00;159818,11;159925,25;159818,11;159918,95;8060882646,00;252085
WINFUT;30/07/2024;17:00:00;159824,41;159868,53;159616,43;159818,11;1,975018654E10;618187
WINFUT;30/07/2024;16:30:00;159799,20;159937,86;159767,69;159830,72;1,553049932E10;485761
WINFUT;30/07/2024;16:00:00;159748,78;159818,11;159710,97;159799,20;1,04799705E10;327974
WINFUT;30/07/2024;15:30:00;159629,04;159773,99;159603,83;159748,78;1,224884151E10;383469
WINFUT;30/07/2024;15:00:00;159616,43;159729,88;159584,92;159629,04;1,328432856E10;416021
WINFUT;30/07/2024;14:30:00;159534,50;159641,64;159458,87;159616,43;1,576348927E10;493978
WINFUT;30/07/2024;14:00:00;159528,20;159629,04;159358,03;159534,50;2,547472321E10;798572
WINFUT;30/07/2024;13:30:00;159660,55;159799,20;159502,99;159521,89;1,964963728E10;615247
WINFUT;30/07/2024;13:00:00;159635,34;159704,67;159597,52;159660,55;1,001320647E10;313591
WINFUT;30/07/2024;12:30:00;159660,55;159717,27;159584,92;159635,34;1,411892322E10;442163
WINFUT;30/07/2024;12:00:00;159944,16;159956,76;159622,73;159654,25;2,864787142E10;896668
WINFUT;30/07/2024;11:30:00;159881,14;160164,75;159704,67;159944,16;3,473935329E10;1085827
WINFUT;30/07/2024;11:00:00;159906,35;160063,91;159673,15;159881,14;3,742749196E10;1170579
WINFUT;30/07/2024;10:30:00;159918,95;159969,37;159729,88;159906,35;3,298481165E10;1031703
WINFUT;30/07/2024;10:00:00;160089,12;160215,17;159855,93;159918,95;4,369495749E10;1365235
WINFUT;30/07/2024;09:30:00;160404,24;160410,54;160038,70;160082,81;2,582824113E10;805856
WINFUT;30/07/2024;09:00:00;160738,27;160921,04;160372,73;160404,24;2,815920158E10;876863
WINFUT;29/07/2024;18:00:00;160952,56;161129,02;160933,65;161084,91;3923275051,00;121814
WINFUT;29/07/2024;17:30:00;160794,99;161015,58;160788,69;160952,56;8038796501,00;249777
WINFUT;29/07/2024;17:00:00;160832,81;160895,83;160731,97;160801,30;1,128983041E10;351066
WINFUT;29/07/2024;16:30:00;160776,09;160895,83;160731,97;160839,11;1,443185179E10;448699
WINFUT;29/07/2024;16:00:00;160706,76;160813,90;160637,43;160769,78;1,63280279E10;507932
WINFUT;29/07/2024;15:30:00;160574,41;160725,67;160536,59;160700,46;1,282937227E10;399395
WINFUT;29/07/2024;15:00:00;160706,76;160776,09;160542,89;160574,41;1,823183523E10;567468
WINFUT;29/07/2024;14:30:00;160429,45;160788,69;160385,33;160706,76;2,115636654E10;658719
WINFUT;29/07/2024;14:00:00;160549,20;160549,20;160366,43;160423,15;1,733993385E10;540332
WINFUT;29/07/2024;13:30:00;160473,57;160668,94;160423,15;160549,20;1,769919038E10;551223
WINFUT;29/07/2024;13:00:00;160423,15;160549,20;160372,73;160473,57;1,671472432E10;520843
WINFUT;29/07/2024;12:30:00;160448,36;160467,27;160234,07;160423,15;2,058191505E10;641792
WINFUT;29/07/2024;12:00:00;160341,22;160467,27;160297,10;160442,06;1,888845127E10;588829
WINFUT;29/07/2024;11:30:00;160542,89;160599,62;160259,28;160341,22;3,200103347E10;997312
WINFUT;29/07/2024;11:00:00;160706,76;160782,39;160492,48;160549,20;2,789240758E10;868100
WINFUT;29/07/2024;10:30:00;161141,63;161292,89;160624,83;160706,76;5,082048989E10;1579074
WINFUT;29/07/2024;10:00:00;161444,15;161576,50;161072,30;161147,93;4,354249632E10;1349330
WINFUT;29/07/2024;09:30:00;161557,59;161639,53;161387,43;161437,85;2,06460668E10;639122
WINFUT;29/07/2024;09:00:00;161488,27;161746,67;161223,56;161551,29;3,131517823E10;969511
WINFUT;26/07/2024;18:00:00;161614,32;161815,99;161563,90;161633,22;5060695570,00;156514
WINFUT;26/07/2024;17:30:00;161595,41;161645,83;161544,99;161614,32;6158102912,00;190550
WINFUT;26/07/2024;17:00:00;161563,90;161645,83;161488,27;161595,41;1,0315194E10;319229
WINFUT;26/07/2024;16:30:00;161519,78;161658,43;161425,24;161557,59;1,795858757E10;555833
WINFUT;26/07/2024;16:00:00;161425,24;161589,11;161337,01;161526,08;1,756452978E10;543889
WINFUT;26/07/2024;15:30:00;161582,80;161639,53;161355,91;161431,54;2,063124962E10;638834
WINFUT;26/07/2024;15:00:00;161204,65;161721,46;161185,75;161582,80;3,149556411E10;974893
WINFUT;26/07/2024;14:30:00;161229,86;161255,07;161059,70;161210,96;1,877923455E10;582610
WINFUT;26/07/2024;14:00:00;161078,61;161330,70;161034,49;161236,17;2,274954984E10;705786
WINFUT;26/07/2024;13:30:00;160895,83;161116,42;160845,41;161078,61;1,932995547E10;600422
WINFUT;26/07/2024;13:00:00;160668,94;160921,04;160656,34;160889,53;1,72153717E10;535303
WINFUT;26/07/2024;12:30:00;160467,27;160706,76;160379,03;160668,94;1,940483982E10;604242
WINFUT;26/07/2024;12:00:00;160221,47;160561,80;160221,47;160460,96;2,710294412E10;844704
WINFUT;26/07/2024;11:30:00;160158,44;160347,52;160013,49;160227,77;3,704979181E10;1156268
WINFUT;26/07/2024;11:00:00;159868,53;160196,26;159780,30;160158,44;3,818714566E10;1193252
WINFUT;26/07/2024;10:30:00;159660,55;159944,16;159578,62;159868,53;3,679636682E10;1151646
WINFUT;26/07/2024;10:00:00;159906,35;159975,67;159603,83;159654,25;3,998252423E10;1251168
WINFUT;26/07/2024;09:30:00;159837,02;159950,46;159685,76;159906,35;2,773272684E10;867692
WINFUT;26/07/2024;09:00:00;160208,86;160208,86;159780,30;159837,02;2,495719059E10;780089
WINFUT;25/07/2024;18:00:00;159578,62;159597,52;159502,99;159578,62;1990492029,00;62373
WINFUT;25/07/2024;17:30:00;159666,85;159673,15;159528,20;159578,62;5421383008,00;169856
WINFUT;25/07/2024;17:00:00;159566,01;159673,15;159465,17;159666,85;1,084253109E10;339739
WINFUT;25/07/2024;16:30:00;159710,97;159736,18;159559,71;159566,01;1,418827754E10;444350
WINFUT;25/07/2024;16:00:00;159528,20;159736,18;159521,89;159704,67;1,307819449E10;409637
WINFUT;25/07/2024;15:30:00;159528,20;159641,64;159408,45;159534,50;1,767951553E10;554159
WINFUT;25/07/2024;15:00:00;159811,81;159862,23;159465,17;159528,20;2,322347169E10;727262
WINFUT;25/07/2024;14:30:00;159597,52;159824,41;159559,71;159811,81;1,584758282E10;496194
WINFUT;25/07/2024;14:00:00;159811,81;159925,25;159496,68;159597,52;2,350845424E10;735963
WINFUT;25/07/2024;13:30:00;159748,78;159881,14;159685,76;159811,81;1,471587973E10;460516
WINFUT;25/07/2024;13:00:00;159591,22;159830,72;159332,82;159748,78;2,305528188E10;722328
WINFUT;25/07/2024;12:30:00;159534,50;159698,36;159496,68;159597,52;1,591310842E10;498504
WINFUT;25/07/2024;12:00:00;159547,10;159641,64;159471,47;159534,50;1,94959478E10;610992
WINFUT;25/07/2024;11:30:00;159584,92;159635,34;159200,47;159547,10;2,999237392E10;940708
WINFUT;25/07/2024;11:00:00;159383,24;159704,67;159231,98;159584,92;3,844899765E10;1205550
WINFUT;25/07/2024;10:30:00;159307,61;159452,57;159055,51;159383,24;4,819265659E10;1513253
WINFUT;25/07/2024;10:00:00;159629,04;159887,44;159231,98;159307,61;4,65750542E10;1459148
WINFUT;25/07/2024;09:30:00;159572,31;159761,39;159345,43;159629,04;3,31154545E10;1038027
WINFUT;25/07/2024;09:00:00;159761,39;159805,51;159257,19;159572,31;3,807876245E10;1193424
WINFUT;24/07/2024;18:00:00;160423,15;160492,48;160341,22;160341,22;3887908741,00;121178
WINFUT;24/07/2024;17:30:00;160240,38;160467,27;160189,96;160429,45;7102336673,00;221521
WINFUT;24/07/2024;17:00:00;160265,59;160290,80;160158,44;160240,38;9263680146,00;289093
WINFUT;24/07/2024;16:30:00;160158,44;160379,03;160126,93;160265,59;2,077277821E10;648085
WINFUT;24/07/2024;16:00:00;160164,75;160234,07;160019,79;160158,44;1,77602563E10;554556
WINFUT;24/07/2024;15:30:00;160000,88;160221,47;159994,58;160164,75;2,219075951E10;692970
WINFUT;24/07/2024;15:00:00;160196,26;160208,86;159906,35;160000,88;2,739726228E10;855961
WINFUT;24/07/2024;14:30:00;160353,82;160404,24;160171,05;160196,26;1,765254116E10;550594
WINFUT;24/07/2024;14:00:00;160372,73;160555,50;160316,01;160353,82;1,671465631E10;520925
WINFUT;24/07/2024;13:30:00;160479,87;160561,80;160334,91;160372,73;1,350002797E10;420650
WINFUT;24/07/2024;13:00:00;160429,45;160555,50;160246,68;160479,87;2,169575122E10;676307
WINFUT;24/07/2024;12:30:00;160498,78;160593,31;160416,85;160435,75;1,574950514E10;490638
WINFUT;24/07/2024;12:00:00;160580,71;160681,55;160429,45;160492,48;2,228134758E10;693831
WINFUT;24/07/2024;11:30:00;160492,48;160612,22;160297,10;160580,71;3,083738927E10;960997
WINFUT;24/07/2024;11:00:00;160133,23;160536,59;160038,70;160492,48;4,032304187E10;1257876
WINFUT;24/07/2024;10:30:00;159925,25;160530,29;159912,65;160139,54;5,653366205E10;1764195
WINFUT;24/07/2024;10:00:00;160196,26;160423,15;159887,44;159918,95;4,964638319E10;1549555
WINFUT;24/07/2024;09:30:00;160007,18;160290,80;159900,04;160196,26;2,301328554E10;718833
WINFUT;24/07/2024;09:00:00;160089,12;160164,75;159931,56;160000,88;2,735907192E10;854705
WINFUT;23/07/2024;18:00:00;160183,65;160189,96;159704,67;159937,86;8611675401,00;269214
WINFUT;23/07/2024;17:30:00;160379,03;160416,85;159887,44;160189,96;1,033136073E10;322323
WINFUT;23/07/2024;17:00:00;160360,12;160460,96;160347,52;160385,33;1,10112376E10;343253
WINFUT;23/07/2024;16:30:00;160423,15;160473,57;160347,52;160360,12;1,394526614E10;434649
WINFUT;23/07/2024;16:00:00;160473,57;160479,87;160360,12;160429,45;1,423528297E10;443688
WINFUT;23/07/2024;15:30:00;160460,96;160568,10;160429,45;160473,57;1,359484652E10;423522
WINFUT;23/07/2024;15:00:00;160561,80;160593,31;160416,85;160460,96;2,015984357E10;628008
WINFUT;23/07/2024;14:30:00;160637,43;160700,46;160511,38;160555,50;2,140224051E10;666279
WINFUT;23/07/2024;14:00:00;160858,02;160939,95;160605,92;160643,73;2,534499225E10;788282
WINFUT;23/07/2024;13:30:00;160820,20;160889,53;160757,18;160851,72;1,572705461E10;488952
WINFUT;23/07/2024;13:00:00;161034,49;161084,91;160744,57;160820,20;2,452719207E10;762024
WINFUT;23/07/2024;12:30:00;161097,51;161129,02;160927,35;161034,49;1,610862339E10;500219
WINFUT;23/07/2024;12:00:00;161040,79;161273,98;160908,44;161091,21;2,572628982E10;798524
WINFUT;23/07/2024;11:30:00;161141,63;161337,01;160946,25;161040,79;4,208156153E10;1305713
WINFUT;23/07/2024;11:00:00;161059,70;161261,38;160990,37;161141,63;3,523824644E10;1093385
WINFUT;23/07/2024;10:30:00;161286,59;161381,12;160883,23;161059,70;5,068960313E10;1573656
WINFUT;23/07/2024;10:00:00;161664,74;161689,95;161217,26;161286,59;4,886488246E10;1513766
WINFUT;23/07/2024;09:30:00;161696,25;161727,76;161589,11;161671,04;2,203515754E10;681581
WINFUT;23/07/2024;09:00:00;161929,44;161979,86;161658,43;161702,55;3,571627302E10;1103706
WINFUT;22/07/2024;18:00:00;162263,47;162408,43;162238,26;162345,40;3107146219,00;95723
WINFUT;22/07/2024;17:30:00;162288,68;162301,28;162213,05;162263,47;4146638322,00;127784
WINFUT;22/07/2024;17:00:00;162257,17;162307,59;162168,93;162294,98;7839055041,00;241589
WINFUT;22/07/2024;16:30:00;162181,54;162332,80;162168,93;162257,17;1,325174314E10;408302
WINFUT;22/07/2024;16:00:00;162231,96;162276,07;162099,61;162187,84;1,32466854E10;408388
WINFUT;22/07/2024;15:30:00;162320,19;162364,31;162143,72;162238,26;1,827931291E10;563314
WINFUT;22/07/2024;15:00:00;162389,52;162446,24;162301,28;162320,19;1,353189236E10;416702
WINFUT;22/07/2024;14:30:00;162414,73;162521,87;162370,61;162395,82;1,439379103E10;443036
WINFUT;22/07/2024;14:00:00;162421,03;162540,78;162339,10;162408,43;1,622152938E10;499336
WINFUT;22/07/2024;13:30:00;162313,89;162477,75;162225,66;162414,73;1,5450679E10;475783
WINFUT;22/07/2024;13:00:00;162383,22;162458,85;162269,77;162313,89;1,725710705E10;531430
WINFUT;22/07/2024;12:30:00;161942,04;162490,36;161929,44;162383,22;2,781361966E10;857136
WINFUT;22/07/2024;12:00:00;162402,12;162408,43;161923,14;161935,74;2,606519781E10;803494
WINFUT;22/07/2024;11:30:00;162168,93;162427,33;162093,30;162408,43;3,666624943E10;1129700
WINFUT;22/07/2024;11:00:00;161708,85;162225,66;161608,01;162175,24;4,110119618E10;1268466
WINFUT;22/07/2024;10:30:00;162074,40;162213,05;161570,20;161715,15;5,204417555E10;1607337
WINFUT;22/07/2024;10:00:00;161797,09;162162,63;161696,25;162074,40;4,64848094E10;1434984
WINFUT;22/07/2024;09:30:00;161916,83;161935,74;161563,90;161797,09;2,499078772E10;772464
WINFUT;22/07/2024;09:00:00;161847,51;162093,30;161513,48;161916,83;3,948235577E10;1219814
WINFUT;19/07/2024;18:00:00;161765,57;161778,18;161217,26;161217,26;5846068051,00;180916
WINFUT;19/07/2024;17:30:00;161797,09;161822,30;161734,06;161771,88;4287132774,00;132503
WINFUT;19/07/2024;17:00:00;161891,62;161967,25;161727,76;161797,09;1,241642644E10;383653
WINFUT;19/07/2024;16:30:00;161853,81;161916,83;161759,27;161891,62;1,375515721E10;424947
WINFUT;19/07/2024;16:00:00;161696,25;161935,74;161677,34;161853,81;1,827176798E10;564542
WINFUT;19/07/2024;15:30:00;162061,79;162099,61;161652,13;161696,25;2,543425475E10;785855
WINFUT;19/07/2024;15:00:00;162276,07;162282,38;161973,56;162061,79;1,929005931E10;594997
WINFUT;19/07/2024;14:30:00;162238,26;162358,01;162068,09;162276,07;1,960004295E10;604090
WINFUT;19/07/2024;14:00:00;162269,77;162452,54;162200,45;162238,26;1,738760095E10;535635
WINFUT;19/07/2024;13:30:00;162200,45;162313,89;162137,42;162263,47;1,551916511E10;478326
WINFUT;19/07/2024;13:00:00;162219,35;162326,49;162118,51;162200,45;1,233533673E10;380194
WINFUT;19/07/2024;12:30:00;162023,98;162282,38;161942,04;162225,66;1,778073857E10;548404
WINFUT;19/07/2024;12:00:00;162345,40;162471,45;162017,67;162017,67;2,07873731E10;640495
WINFUT;19/07/2024;11:30:00;162553,38;162572,29;162131,12;162339,10;2,098501336E10;646171
WINFUT;19/07/2024;11:00:00;162603,80;162887,41;162452,54;162553,38;1,93563529E10;595068
WINFUT;19/07/2024;10:30:00;162881,11;162956,74;162452,54;162603,80;2,814319809E10;864996
WINFUT;19/07/2024;10:00:00;162206,75;162918,93;162112,21;162881,11;3,263491725E10;1004309
WINFUT;19/07/2024;09:30:00;162143,72;162433,64;162087,00;162206,75;1,801157322E10;555044
WINFUT;19/07/2024;09:00:00;162654,22;163051,28;162011,37;162150,03;2,865013495E10;881746
WINFUT;18/07/2024;18:00:00;162528,17;162918,93;162484,06;162918,93;9054897744,00;278276
WINFUT;18/07/2024;17:30:00;161986,16;162723,55;161897,93;162528,17;2,506418146E10;772303
WINFUT;18/07/2024;17:00:00;161929,44;162099,61;161916,83;161992,46;1,410767881E10;435412
WINFUT;18/07/2024;16:30:00;161967,25;162011,37;161822,30;161923,14;1,930181761E10;595946
WINFUT;18/07/2024;16:00:00;162118,51;162137,42;161885,32;161973,56;1,911588638E10;590043
WINFUT;18/07/2024;15:30:00;162131,12;162143,72;161967,25;162124,82;1,920615903E10;592566
WINFUT;18/07/2024;15:00:00;162402,12;162414,73;161954,65;162124,82;3,573056623E10;1101991
WINFUT;18/07/2024;14:30:00;162395,82;162471,45;162332,80;162402,12;1,404479366E10;432409
WINFUT;18/07/2024;14:00:00;162559,69;162559,69;162269,77;162402,12;2,394881873E10;737369
WINFUT;18/07/2024;13:30:00;162528,17;162641,62;162439,94;162553,38;2,020230596E10;621450
WINFUT;18/07/2024;13:00:00;162780,27;162862,20;162433,64;162528,17;2,630768369E10;808803
WINFUT;18/07/2024;12:30:00;162767,67;162818,09;162654,22;162786,58;1,979313078E10;608132
WINFUT;18/07/2024;12:00:00;162862,20;162994,56;162717,25;162767,67;2,815391537E10;864530
WINFUT;18/07/2024;11:30:00;162963,04;163221,45;162786,58;162868,51;4,410097971E10;1353066
WINFUT;18/07/2024;11:00:00;163372,71;163467,24;162950,44;162969,35;4,610393384E10;1412741
WINFUT;18/07/2024;10:30:00;163385,31;163643,71;163215,14;163372,71;5,229277193E10;1599875
WINFUT;18/07/2024;10:00:00;163820,18;164002,95;163334,89;163391,61;5,89975911E10;1802214
WINFUT;18/07/2024;09:30:00;164040,77;164110,09;163782,37;163820,18;2,730100793E10;832659
WINFUT;18/07/2024;09:00:00;164147,91;164450,43;163958,84;164040,77;3,221366911E10;981073
WINFUT;17/07/2024;18:00:00;164431,52;164463,03;164198,33;164261,35;3526756918,00;107285
WINFUT;17/07/2024;17:30:00;164311,77;164469,34;164299,17;164425,22;6411370654,00;195031
WINFUT;17/07/2024;17:00:00;164336,98;164355,89;164236,14;164311,77;1,14199223E10;347540
WINFUT;17/07/2024;16:30:00;164456,73;164526,06;164330,68;164336,98;1,29961986E10;395164
WINFUT;17/07/2024;16:00:00;164456,73;164526,06;164355,89;164450,43;1,614557974E10;490930
WINFUT;17/07/2024;15:30:00;164544,97;164589,08;164412,61;164463,03;1,379518554E10;419324
WINFUT;17/07/2024;15:00:00;164362,19;164589,08;164236,14;164538,66;2,216278006E10;673866
WINFUT;17/07/2024;14:30:00;164456,73;164595,39;164336,98;164355,89;1,969452381E10;598689
WINFUT;17/07/2024;14:00:00;164387,40;164526,06;164236,14;164456,73;2,282169789E10;694155
WINFUT;17/07/2024;13:30:00;164065,98;164406,31;164047,07;164387,40;2,078516337E10;633012
WINFUT;17/07/2024;13:00:00;164273,96;164349,59;164034,46;164059,67;1,879813489E10;572529
WINFUT;17/07/2024;12:30:00;164311,77;164362,19;164166,82;164280,26;2,107270009E10;641432
WINFUT;17/07/2024;12:00:00;164318,08;164614,29;164267,66;164318,08;2,729618022E10;830004
WINFUT;17/07/2024;11:30:00;164248,75;164526,06;164173,12;164324,38;3,584667104E10;1090320
WINFUT;17/07/2024;11:00:00;164160,51;164267,66;163738,25;164248,75;4,821432339E10;1469522
WINFUT;17/07/2024;10:30:00;163517,66;164318,08;163505,06;164160,51;6,813444201E10;2077633
WINFUT;17/07/2024;10:00:00;163921,02;164015,56;163448,33;163517,66;4,715549203E10;1439955
WINFUT;17/07/2024;09:30:00;163725,64;164028,16;163681,53;163921,02;2,725283155E10;831663
WINFUT;17/07/2024;09:00:00;163839,09;163927,32;163599,59;163725,64;3,450976389E10;1053734
WINFUT;16/07/2024;18:00:00;164179,42;164299,17;164154,21;164286,56;3043490099,00;92676
WINFUT;16/07/2024;17:30:00;164179,42;164210,93;164122,70;164179,42;4551745814,00;138628
WINFUT;16/07/2024;17:00:00;164053,37;164217,24;164040,77;164179,42;8385105444,00;255462
WINFUT;16/07/2024;16:30:00;164034,46;164110,09;163908,42;164053,37;1,300145598E10;396389
WINFUT;16/07/2024;16:00:00;163921,02;164078,58;163864,30;164040,77;1,648163978E10;502577
WINFUT;16/07/2024;15:30:00;164280,26;164292,87;163845,39;163927,32;2,128037251E10;648596
WINFUT;16/07/2024;15:00:00;164034,46;164343,29;163996,65;164280,26;2,151861751E10;655298
WINFUT;16/07/2024;14:30:00;163858,00;164198,33;163832,79;164034,46;2,664565314E10;812126
WINFUT;16/07/2024;14:00:00;163807,58;163952,53;163700,43;163864,30;2,166641546E10;661224
WINFUT;16/07/2024;13:30:00;163794,97;163914,72;163523,96;163807,58;2,804551773E10;856321
WINFUT;16/07/2024;13:00:00;163744,55;163977,74;163725,64;163794,97;2,640157261E10;805595
WINFUT;16/07/2024;12:30:00;164129,00;164135,30;163662,62;163744,55;3,617522459E10;1103374
WINFUT;16/07/2024;12:00:00;164242,45;164387,40;164059,67;164129,00;2,884481278E10;878356
WINFUT;16/07/2024;11:30:00;164122,70;164299,17;164053,37;164242,45;3,17706741E10;967592
WINFUT;16/07/2024;11:00:00;164185,72;164242,45;163933,63;164116,40;4,52662064E10;1379349
WINFUT;16/07/2024;10:30:00;164381,10;164557,57;164009,26;164192,03;5,325638658E10;1620951
WINFUT;16/07/2024;10:00:00;164110,09;164576,48;164040,77;164381,10;5,714446806E10;1738225
WINFUT;16/07/2024;09:30:00;164418,92;164576,48;164072,28;164110,09;3,820945525E10;1162702
WINFUT;16/07/2024;09:00:00;164116,40;164538,66;164028,16;164418,92;3,59489089E10;1093906
WINFUT;15/07/2024;18:00:00;164475,64;164582,78;164437,82;164538,66;4382282762,00;133206
WINFUT;15/07/2024;17:30:00;164412,61;164481,94;164387,40;164469,34;4606157600,00;140060
WINFUT;15/07/2024;17:00:00;164400,01;164456,73;164330,68;164412,61;8175661878,00;248667
WINFUT;15/07/2024;16:30:00;164488,24;164538,66;164349,59;164400,01;1,37201329E10;417169
WINFUT;15/07/2024;16:00:00;164557,57;164570,18;164412,61;164488,24;1,273230771E10;387025
WINFUT;15/07/2024;15:30:00;164387,40;164582,78;164381,10;164557,57;1,962080652E10;596409
WINFUT;15/07/2024;15:00:00;164248,75;164481,94;164147,91;164387,40;1,940807301E10;590468
WINFUT;15/07/2024;14:30:00;164267,66;164412,61;164204,63;164248,75;1,788007863E10;544124
WINFUT;15/07/2024;14:00:00;164255,05;164437,82;164116,40;164261,35;2,462883737E10;749487
WINFUT;15/07/2024;13:30:00;164267,66;164532,36;164122,70;164255,05;2,878880022E10;876203
WINFUT;15/07/2024;13:00:00;164318,08;164374,80;164198,33;164267,66;1,995062148E10;607202
WINFUT;15/07/2024;12:30:00;164059,67;164387,40;164040,77;164318,08;2,854407428E10;868928
WINFUT;15/07/2024;12:00:00;164084,88;164154,21;163883,21;164053,37;2,656738982E10;809998
WINFUT;15/07/2024;11:30:00;163914,72;164267,66;163731,95;164078,58;3,88409707E10;1184342
WINFUT;15/07/2024;11:00:00;163858,00;163965,14;163700,43;163914,72;3,967793816E10;1210928
WINFUT;15/07/2024;10:30:00;163864,30;164009,26;163549,17;163858,00;4,87321383E10;1488355
WINFUT;15/07/2024;10:00:00;163939,93;164292,87;163586,99;163870,60;5,965786732E10;1819943
WINFUT;15/07/2024;09:30:00;163801,27;163971,44;163681,53;163946,23;2,272241605E10;693648
WINFUT;15/07/2024;09:00:00;163801,27;164116,40;163586,99;163807,58;3,540851897E10;1080314
WINFUT;12/07/2024;18:00:00;163845,39;164034,46;163807,58;164028,16;3465035547,00;105705
WINFUT;12/07/2024;17:30:00;163832,79;163908,42;163813,88;163851,69;5217842005,00;159214
WINFUT;12/07/2024;17:00:00;163895,81;163933,63;163750,85;163832,79;1,114482765E10;340169
WINFUT;12/07/2024;16:30:00;163952,53;164034,46;163801,27;163895,81;2,00352143E10;611154
WINFUT;12/07/2024;16:00:00;163977,74;164015,56;163870,60;163958,84;1,126860197E10;343653
WINFUT;12/07/2024;15:30:00;163858,00;164002,95;163769,76;163977,74;1,699032388E10;518308
WINFUT;12/07/2024;15:00:00;164015,56;164047,07;163788,67;163858,00;2,017197373E10;615302
WINFUT;12/07/2024;14:30:00;163870,60;164053,37;163763,46;164015,56;1,925130747E10;587238
WINFUT;12/07/2024;14:00:00;163870,60;163952,53;163750,85;163864,30;1,775516638E10;541875
WINFUT;12/07/2024;13:30:00;163618,50;163914,72;163618,50;163870,60;2,42326562E10;739894
WINFUT;12/07/2024;13:00:00;163385,31;163681,53;163259,26;163618,50;2,328417946E10;712232
WINFUT;12/07/2024;12:30:00;163309,68;163631,11;163265,56;163391,61;2,050189385E10;627227
WINFUT;12/07/2024;12:00:00;163404,22;163555,48;163297,08;163315,98;1,711750793E10;523757
WINFUT;12/07/2024;11:30:00;163612,20;163668,92;163271,87;163404,22;3,02745169E10;926220
WINFUT;12/07/2024;11:00:00;163372,71;163700,43;163208,84;163612,20;4,647328054E10;1421645
WINFUT;12/07/2024;10:30:00;163202,54;163505,06;162944,14;163372,71;7,307492028E10;2238006
WINFUT;12/07/2024;10:00:00;163164,72;163290,77;162685,74;163202,54;6,909698838E10;2119297
WINFUT;12/07/2024;09:30:00;163353,80;163486,15;163044,98;163164,72;4,363023536E10;1336265
WINFUT;12/07/2024;09:00:00;163133,21;163460,94;162988,25;163360,10;3,546433392E10;1085946
WINFUT;11/07/2024;18:00:00;163089,09;163252,96;163082,79;163196,24;4107954527,00;125882
WINFUT;11/07/2024;17:30:00;163063,88;163158,42;163007,16;163089,09;6269291373,00;192219
WINFUT;11/07/2024;17:00:00;163164,72;163164,72;162994,56;163063,88;1,190170985E10;364916
WINFUT;11/07/2024;16:30:00;163057,58;163252,96;163026,07;163171,03;1,702185831E10;521798
WINFUT;11/07/2024;16:00:00;163051,28;163095,40;162950,44;163051,28;1,253520719E10;384463
WINFUT;11/07/2024;15:30:00;162837,00;163101,70;162830,69;163044,98;1,874145271E10;574987
WINFUT;11/07/2024;15:00:00;162944,14;162975,65;162729,85;162837,00;1,587267978E10;487445
WINFUT;11/07/2024;14:30:00;162956,74;162988,25;162736,16;162950,44;1,779293764E10;546161
WINFUT;11/07/2024;14:00:00;162849,60;163120,61;162755,06;162963,04;2,23689138E10;686307
WINFUT;11/07/2024;13:30:00;162937,83;163051,28;162742,46;162849,60;2,173158938E10;667114
WINFUT;11/07/2024;13:00:00;162944,14;163000,86;162837,00;162937,83;1,539654529E10;472520
WINFUT;11/07/2024;12:30:00;162868,51;163120,61;162849,60;162944,14;2,300391769E10;705694
WINFUT;11/07/2024;12:00:00;162906,32;163133,21;162742,46;162868,51;3,384443092E10;1038483
WINFUT;11/07/2024;11:30:00;162635,32;163089,09;162515,57;162900,02;5,348667809E10;1642779
WINFUT;11/07/2024;11:00:00;162855,90;163051,28;162433,64;162635,32;4,699924447E10;1444237
WINFUT;11/07/2024;10:30:00;162685,74;163196,24;162446,24;162855,90;6,939407045E10;2130623
WINFUT;11/07/2024;10:00:00;162345,40;163007,16;162313,89;162685,74;5,698154972E10;1751016
WINFUT;11/07/2024;09:30:00;162206,75;162855,90;162150,03;162345,40;6,104644023E10;1878101
WINFUT;11/07/2024;09:00:00;161847,51;162263,47;161752,97;162187,84;3,127136034E10;965164
WINFUT;10/07/2024;18:00:00;161702,55;161759,27;161532,38;161544,99;3983341321,00;123205
WINFUT;10/07/2024;17:30:00;161633,22;161790,78;161601,71;161702,55;7414094075,00;229241
WINFUT;10/07/2024;17:00:00;161834,90;161923,14;161557,59;161639,53;1,658671465E10;512891
WINFUT;10/07/2024;16:30:00;161841,20;161910,53;161708,85;161834,90;1,495264414E10;462043
WINFUT;10/07/2024;16:00:00;161771,88;161942,04;161734,06;161841,20;1,780581891E10;550129
WINFUT;10/07/2024;15:30:00;161759,27;162011,37;161727,76;161778,18;2,19123117E10;676890
WINFUT;10/07/2024;15:00:00;161740,36;161784,48;161576,50;161752,97;1,900058682E10;587623
WINFUT;10/07/2024;14:30:00;161532,38;161797,09;161488,27;161740,36;2,278700099E10;704710
WINFUT;10/07/2024;14:00:00;161513,48;161696,25;161418,94;161532,38;2,622004177E10;811473
WINFUT;10/07/2024;13:30:00;161897,93;162005,07;161450,45;161519,78;2,874901696E10;888834
WINFUT;10/07/2024;13:00:00;161759,27;161992,46;161620,62;161897,93;2,005303293E10;619550
WINFUT;10/07/2024;12:30:00;161815,99;161885,32;161645,83;161765,57;2,040916269E10;630814
WINFUT;10/07/2024;12:00:00;161702,55;161910,53;161658,43;161809,69;2,386815085E10;737602
WINFUT;10/07/2024;11:30:00;161582,80;161916,83;161469,36;161696,25;4,055059716E10;1253996
WINFUT;10/07/2024;11:00:00;161671,04;162017,67;161570,20;161589,11;4,377524413E10;1353034
WINFUT;10/07/2024;10:30:00;162402,12;162427,33;161633,22;161677,34;7,057016669E10;2178220
WINFUT;10/07/2024;10:00:00;162339,10;162591,20;162042,88;162395,82;5,005191643E10;1541634
WINFUT;10/07/2024;09:30:00;162565,99;162610,11;162118,51;162332,80;3,717476473E10;1145093
WINFUT;10/07/2024;09:00:00;162131,12;162660,53;161872,72;162565,99;5,16757942E10;1591223
WINFUT;09/07/2024;18:00:00;161828,60;162099,61;161822,30;161942,04;6424564596,00;198353
WINFUT;09/07/2024;17:30:00;161803,39;161872,72;161759,27;161822,30;7878052249,00;243427
WINFUT;09/07/2024;17:00:00;161809,69;161872,72;161715,15;161797,09;1,057657712E10;326867
WINFUT;09/07/2024;16:30:00;161734,06;161866,41;161658,43;161809,69;1,84736976E10;571054
WINFUT;09/07/2024;16:00:00;161708,85;161759,27;161576,50;161734,06;1,858784253E10;574940
WINFUT;09/07/2024;15:30:00;161828,60;161879,02;161652,13;161715,15;1,581630194E10;488870
WINFUT;09/07/2024;15:00:00;161771,88;161847,51;161689,95;161834,90;1,565722495E10;483927
WINFUT;09/07/2024;14:30:00;161765,57;162017,67;161746,67;161765,57;2,942858261E10;908952
WINFUT;09/07/2024;14:00:00;161784,48;161847,51;161652,13;161765,57;1,737753004E10;537153
WINFUT;09/07/2024;13:30:00;161834,90;161853,81;161626,92;161778,18;2,044627828E10;632152
WINFUT;09/07/2024;13:00:00;161658,43;161866,41;161589,11;161834,90;3,009937649E10;930518
WINFUT;09/07/2024;12:30:00;161110,12;161689,95;161103,82;161658,43;3,2613992E10;1010394
WINFUT;09/07/2024;12:00:00;161311,80;161381,12;160990,37;161110,12;3,205798381E10;994740
WINFUT;09/07/2024;11:30:00;161311,80;161431,54;161129,02;161318,10;3,109832057E10;964089
WINFUT;09/07/2024;11:00:00;161047,09;161330,70;160757,18;161311,80;5,117409738E10;1588506
WINFUT;09/07/2024;10:30:00;160706,76;161217,26;160221,47;161053,40;6,820355744E10;2120983
WINFUT;09/07/2024;10:00:00;160587,01;161103,82;160492,48;160706,76;6,332370768E10;1969348
WINFUT;09/07/2024;09:30:00;160492,48;160681,55;160271,89;160587,01;3,868980977E10;1205439
WINFUT;09/07/2024;09:00:00;160933,65;160996,67;160334,91;160498,78;3,261901063E10;1016073
WINFUT;08/07/2024;18:00:00;161034,49;161059,70;160889,53;160939,95;3429185482,00;106508
WINFUT;08/07/2024;17:30:00;160921,04;161078,61;160832,81;161021,88;6626931223,00;205904
WINFUT;08/07/2024;17:00:00;160889,53;160984,07;160801,30;160921,04;1,1027512E10;342680
WINFUT;08/07/2024;16:30:00;160738,27;161002,98;160731,97;160889,53;1,454296271E10;451930
WINFUT;08/07/2024;16:00:00;160864,32;160883,23;160668,94;160731,97;1,483840288E10;461460
WINFUT;08/07/2024;15:30:00;160984,07;161028,19;160675,25;160864,32;1,826722542E10;567906
WINFUT;08/07/2024;15:00:00;161040,79;161103,82;160826,51;160984,07;1,91597353E10;595118
WINFUT;08/07/2024;14:30:00;160574,41;161147,93;160486,17;161040,79;2,408303558E10;748778
WINFUT;08/07/2024;14:00:00;160574,41;160776,09;160467,27;160580,71;2,024096943E10;630194
WINFUT;08/07/2024;13:30:00;160700,46;160788,69;160530,29;160580,71;2,054620907E10;639504
WINFUT;08/07/2024;13:00:00;160731,97;160933,65;160580,71;160694,15;2,46754455E10;767444
WINFUT;08/07/2024;12:30:00;160139,54;160776,09;160101,72;160731,97;3,306791135E10;1030104
WINFUT;08/07/2024;12:00:00;159956,76;160322,31;159874,83;160139,54;3,258896868E10;1017832
WINFUT;08/07/2024;11:30:00;160202,56;160316,01;159855,93;159950,46;3,710165919E10;1158865
WINFUT;08/07/2024;11:00:00;160744,57;160939,95;160145,84;160196,26;5,1908274E10;1616605
WINFUT;08/07/2024;10:30:00;159988,28;160788,69;159893,74;160738,27;6,425645433E10;2004914
WINFUT;08/07/2024;10:00:00;160542,89;160643,73;159818,11;159988,28;5,801268175E10;1810340
WINFUT;08/07/2024;09:30:00;160750,88;160870,62;160410,54;160549,20;3,191221859E10;993000
WINFUT;08/07/2024;09:00:00;160839,11;160965,16;160360,12;160750,88;3,459300505E10;1076222
WINFUT;05/07/2024;18:00:00;160794,99;161091,21;160769,78;161040,79;2847851393,00;88494
WINFUT;05/07/2024;17:30:00;160700,46;160864,32;160681,55;160801,30;5064450493,00;157493
WINFUT;05/07/2024;17:00:00;160813,90;160839,11;160643,73;160706,76;9761253416,00;303625
WINFUT;05/07/2024;16:30:00;160599,62;160889,53;160536,59;160820,20;1,548765742E10;481696
WINFUT;05/07/2024;16:00:00;160656,34;160744,57;160511,38;160599,62;1,566956362E10;487762
WINFUT;05/07/2024;15:30:00;160360,12;160750,88;160334,91;160656,34;1,827311047E10;568975
WINFUT;05/07/2024;15:00:00;160681,55;160694,15;160215,17;160360,12;2,093372818E10;652442
WINFUT;05/07/2024;14:30:00;160322,31;160713,06;160202,56;160681,55;1,938503245E10;604080
WINFUT;05/07/2024;14:00:00;160511,38;160624,83;160240,38;160316,01;1,953780455E10;608946
WINFUT;05/07/2024;13:30:00;160498,78;160549,20;160290,80;160505,08;2,103194817E10;655449
WINFUT;05/07/2024;13:00:00;160568,10;160889,53;160473,57;160492,48;2,127650556E10;662048
WINFUT;05/07/2024;12:30:00;160643,73;160757,18;160517,69;160561,80;1,957063066E10;609166
WINFUT;05/07/2024;12:00:00;160278,19;160675,25;160227,77;160637,43;2,810218671E10;875684
WINFUT;05/07/2024;11:30:00;160227,77;160397,94;160108,02;160278,19;2,897063933E10;903979
WINFUT;05/07/2024;11:00:00;160183,65;160505,08;159969,37;160234,07;4,407648445E10;1375149
WINFUT;05/07/2024;10:30:00;160927,35;161091,21;159780,30;160189,96;7,006920643E10;2185949
WINFUT;05/07/2024;10:00:00;160769,78;161286,59;160460,96;160933,65;6,299096118E10;1957401
WINFUT;05/07/2024;09:30:00;161015,58;161639,53;160549,20;160769,78;5,702294851E10;1772273
WINFUT;05/07/2024;09:00:00;160839,11;161223,56;160334,91;161015,58;4,132606326E10;1285507
WINFUT;04/07/2024;18:00:00;160719,36;160776,09;160681,55;160757,18;2677827003,00;83300
WINFUT;04/07/2024;17:30:00;160763,48;160839,11;160700,46;160719,36;4309076615,00;133999
WINFUT;04/07/2024;17:00:00;160637,43;160794,99;160631,13;160763,48;7421306173,00;230872
WINFUT;04/07/2024;16:30:00;160782,39;160807,60;160587,01;160643,73;1,211522998E10;376963
WINFUT;04/07/2024;16:00:00;160643,73;160895,83;160605,92;160776,09;1,409831044E10;438494
WINFUT;04/07/2024;15:30:00;160763,48;160813,90;160568,10;160637,43;1,138844668E10;354403
WINFUT;04/07/2024;15:00:00;160813,90;160876,93;160555,50;160757,18;1,49518365E10;465165
WINFUT;04/07/2024;14:30:00;160921,04;160933,65;160738,27;160813,90;1,042324889E10;324064
WINFUT;04/07/2024;14:00:00;160927,35;161002,98;160675,25;160921,04;2,404928683E10;747641
WINFUT;04/07/2024;13:30:00;160813,90;160952,56;160618,52;160921,04;1,59064731E10;494744
WINFUT;04/07/2024;13:00:00;160958,86;160990,37;160731,97;160807,60;1,92239747E10;597499
WINFUT;04/07/2024;12:30:00;160908,44;161097,51;160845,41;160952,56;1,692748556E10;525771
WINFUT;04/07/2024;12:00:00;160650,04;160977,77;160593,31;160902,14;2,622849545E10;815440
WINFUT;04/07/2024;11:30:00;160700,46;160984,07;160549,20;160650,04;3,677522026E10;1143796
WINFUT;04/07/2024;11:00:00;160858,02;161110,12;160587,01;160706,76;4,819221949E10;1498181
WINFUT;04/07/2024;10:30:00;160826,51;161305,49;160807,60;160858,02;5,116003884E10;1588362
WINFUT;04/07/2024;10:00:00;161418,94;161425,24;160788,69;160832,81;4,73430159E10;1469432
WINFUT;04/07/2024;09:30:00;161021,88;161469,36;161009,28;161412,64;3,501941167E10;1085693
WINFUT;04/07/2024;09:00:00;161343,31;161645,83;160990,37;161015,58;3,625722202E10;1124034
WINFUT;03/07/2024;18:00:00;160631,13;160839,11;160561,80;160839,11;3315114168,00;103187
WINFUT;03/07/2024;17:30:00;160517,69;160687,85;160492,48;160631,13;8714750518,00;271277
WINFUT;03/07/2024;17:00:00;160252,98;160555,50;160177,35;160517,69;1,284657025E10;400645
WINFUT;03/07/2024;16:30:00;160700,46;160713,06;160158,44;160252,98;2,339062172E10;728953
WINFUT;03/07/2024;16:00:00;160927,35;160952,56;160587,01;160706,76;1,531787327E10;476524
WINFUT;03/07/2024;15:30:00;160914,74;161015,58;160858,02;160927,35;9628674457,00;299148
WINFUT;03/07/2024;15:00:00;160782,39;161040,79;160719,36;160921,04;1,750011072E10;543869
WINFUT;03/07/2024;14:30:00;160832,81;160902,14;160624,83;160788,69;1,765275822E10;549138
WINFUT;03/07/2024;14:00:00;161141,63;161147,93;160763,48;160826,51;1,909895852E10;593405
WINFUT;03/07/2024;13:30:00;161160,54;161248,77;160996,67;161141,63;2,263362897E10;702405
WINFUT;03/07/2024;13:00:00;161122,72;161311,80;160965,16;161160,54;2,472559051E10;767370
WINFUT;03/07/2024;12:30:00;160939,95;161204,65;160914,74;161129,02;2,044460057E10;634598
WINFUT;03/07/2024;12:00:00;160977,77;161084,91;160498,78;160939,95;4,293385649E10;1334849
WINFUT;03/07/2024;11:30:00;161223,56;161343,31;160933,65;160977,77;3,726118179E10;1156130
WINFUT;03/07/2024;11:00:00;160668,94;161305,49;160668,94;161223,56;5,393503848E10;1674013
WINFUT;03/07/2024;10:30:00;160782,39;161198,35;160574,41;160668,94;5,87039996E10;1823975
WINFUT;03/07/2024;10:00:00;160095,42;160788,69;160051,30;160776,09;6,06239003E10;1888605
WINFUT;03/07/2024;09:30:00;159937,86;160234,07;159868,53;160095,42;3,301282364E10;1031445
WINFUT;03/07/2024;09:00:00;159736,18;160057,60;159647,94;159950,46;3,386565137E10;1059008
WINFUT;02/07/2024;18:00:00;159276,10;159427,36;159238,28;159427,36;3481967064,00;109259
WINFUT;02/07/2024;17:30:00;159295,01;159326,52;159112,23;159269,80;8854116336,00;278065
WINFUT;02/07/2024;17:00:00;159351,73;159452,57;159080,72;159295,01;1,485094785E10;466238
WINFUT;02/07/2024;16:30:00;159250,89;159471,47;159099,63;159351,73;2,109417915E10;662103
WINFUT;02/07/2024;16:00:00;159276,10;159332,82;159042,91;159250,89;2,464481869E10;774085
WINFUT;02/07/2024;15:30:00;158973,58;159383,24;158960,97;159282,40;2,422848603E10;760856
WINFUT;02/07/2024;15:00:00;158872,74;159042,91;158853,83;158979,88;1,364735651E10;429281
WINFUT;02/07/2024;14:30:00;158960,97;159017,70;158752,99;158866,44;1,760502219E10;554037
WINFUT;02/07/2024;14:00:00;158595,43;159011,39;158557,62;158954,67;2,390789239E10;752673
WINFUT;02/07/2024;13:30:00;158973,58;158973,58;158381,15;158601,73;2,979172306E10;938677
WINFUT;02/07/2024;13:00:00;159124,84;159137,44;158721,48;158967,28;2,846146599E10;895528
WINFUT;02/07/2024;12:30:00;159339,12;159345,43;158954,67;159118,54;2,752364454E10;864989
WINFUT;02/07/2024;12:00:00;159477,78;159673,15;159263,49;159345,43;2,977607505E10;933817
WINFUT;02/07/2024;11:30:00;159326,52;159553,41;159181,56;159477,78;4,650978977E10;1459117
WINFUT;02/07/2024;11:00:00;159855,93;160019,79;159112,23;159320,22;5,841399227E10;1830453
WINFUT;02/07/2024;10:30:00;158904,25;159969,37;158790,81;159849,62;7,129542154E10;2236244
WINFUT;02/07/2024;10:00:00;159005,09;159692,06;158847,53;158904,25;6,912603733E10;2169729
WINFUT;02/07/2024;09:30:00;158973,58;159143,75;158910,55;158998,79;3,372046205E10;1060211
WINFUT;02/07/2024;09:00:00;158444,17;159194,17;158248,79;158973,58;5,097500842E10;1605178
WINFUT;01/07/2024;18:00:00;158954,67;159049,21;158721,48;158721,48;3952208425,00;124336
WINFUT;01/07/2024;17:30:00;158935,76;159049,21;158872,74;158960,97;8136496008,00;255919
WINFUT;01/07/2024;17:00:00;158948,37;159042,91;158778,20;158929,46;1,469325952E10;462322
WINFUT;01/07/2024;16:30:00;158853,83;159112,23;158847,53;158942,07;2,116907428E10;665814
WINFUT;01/07/2024;16:00:00;158897,95;159005,09;158702,57;158847,53;2,660220097E10;837324
WINFUT;01/07/2024;15:30:00;158916,86;159238,28;158847,53;158897,95;2,269013126E10;713219
WINFUT;01/07/2024;15:00:00;159446,26;159452,57;158771,90;158910,55;3,327113965E10;1045233
WINFUT;01/07/2024;14:30:00;159370,63;159471,47;159200,47;159446,26;2,353308473E10;738534
WINFUT;01/07/2024;14:00:00;159370,63;159471,47;159206,77;159370,63;2,000480731E10;627730
WINFUT;01/07/2024;13:30:00;159446,26;159597,52;159269,80;159376,94;2,563560371E10;803984
WINFUT;01/07/2024;13:00:00;159276,10;159572,31;159080,72;159452,57;2,774402844E10;870501
WINFUT;01/07/2024;12:30:00;159452,57;159490,38;159257,19;159276,10;2,440618717E10;765700
WINFUT;01/07/2024;12:00:00;159301,31;159723,57;159213,07;159452,57;4,075050777E10;1277391
WINFUT;01/07/2024;11:30:00;159024,00;159421,05;158897,95;159307,61;4,322505961E10;1358058
WINFUT;01/07/2024;11:00:00;159024,00;159238,28;158400,05;159024,00;5,985152344E10;1884609
WINFUT;01/07/2024;10:30:00;158620,64;159528,20;158576,52;159024,00;6,136000125E10;1927692
WINFUT;01/07/2024;10:00:00;158204,68;158658,46;157631,15;158626,94;6,21412348E10;1964925
WINFUT;01/07/2024;09:30:00;158891,65;158891,65;158160,56;158204,68;4,172122738E10;1316156
WINFUT;01/07/2024;09:00:00;158318,12;158967,28;157946,28;158891,65;4,413382621E10;1391599
WINFUT;28/06/2024;18:00:00;157977,79;157996,70;157876,95;157876,95;2409513378,00;76288
WINFUT;28/06/2024;17:30:00;157933,67;158034,51;157895,86;157984,09;5539408114,00;175334
WINFUT;28/06/2024;17:00:00;158129,05;158185,77;157889,55;157927,37;1,488798224E10;471064
WINFUT;28/06/2024;16:30:00;157889,55;158141,65;157719,39;158129,05;2,540655026E10;804311
WINFUT;28/06/2024;16:00:00;157965,18;158015,60;157668,97;157883,25;2,31910525E10;734719
WINFUT;28/06/2024;15:30:00;158110,14;158129,05;157587,04;157958,88;2,857384593E10;905105
WINFUT;28/06/2024;15:00:00;158160,56;158280,31;158009,30;158116,44;2,335876749E10;738575
WINFUT;28/06/2024;14:30:00;158141,65;158387,45;158053,42;158160,56;2,102255344E10;664289
WINFUT;28/06/2024;14:00:00;158003,00;158179,47;157870,65;158147,96;1,944355228E10;615226
WINFUT;28/06/2024;13:30:00;157933,67;158066,02;157757,20;158009,30;2,333807228E10;739008
WINFUT;28/06/2024;13:00:00;158204,68;158255,10;157889,55;157933,67;2,359318921E10;746404
WINFUT;28/06/2024;12:30:00;158185,77;158507,20;158141,65;158198,37;2,941957676E10;929046
WINFUT;28/06/2024;12:00:00;158318,12;158463,08;158185,77;158185,77;3,854868131E10;1217454
WINFUT;28/06/2024;11:30:00;157713,08;158374,84;157687,87;158311,82;4,730143374E10;1496385
WINFUT;28/06/2024;11:00:00;157410,57;157965,18;157183,68;157706,78;6,002427559E10;1905903
WINFUT;28/06/2024;10:30:00;158425,26;158608,04;157410,57;157416,87;6,547416547E10;2071972
WINFUT;28/06/2024;10:00:00;158532,41;158759,30;158236,19;158431,57;6,234603663E10;1966870
WINFUT;28/06/2024;09:30:00;158689,97;158973,58;158450,47;158532,41;3,572088991E10;1125466
WINFUT;28/06/2024;09:00:00;158614,34;158803,41;158185,77;158689,97;4,380310404E10;1381532
WINFUT;27/06/2024;18:00:00;158702,57;158822,32;158671,06;158696,27;4244894897,00;133701
WINFUT;27/06/2024;17:30:00;158582,83;158740,39;158532,41;158702,57;7595980468,00;239438
WINFUT;27/06/2024;17:00:00;158551,31;158664,76;158437,87;158589,13;1,406254852E10;443436
WINFUT;27/06/2024;16:30:00;158425,26;158601,73;158305,52;158545,01;1,96452546E10;619859
WINFUT;27/06/2024;16:00:00;158507,20;158576,52;158343,33;158418,96;2,255512724E10;711645
WINFUT;27/06/2024;15:30:00;157914,76;158576,52;157902,16;158513,50;3,099585254E10;979360
WINFUT;27/06/2024;15:00:00;157977,79;158021,91;157731,99;157914,76;2,5868616E10;819231
WINFUT;27/06/2024;14:30:00;157713,08;158034,51;157574,43;157984,09;2,891478604E10;916055
WINFUT;27/06/2024;14:00:00;157492,50;157763,50;157202,58;157713,08;2,791224234E10;886325
WINFUT;27/06/2024;13:30:00;157404,26;157580,73;157366,45;157486,20;1,531593109E10;486324
WINFUT;27/06/2024;13:00:00;157668,97;157713,08;157379,05;157410,57;2,236274411E10;709852
WINFUT;27/06/2024;12:30:00;157196,28;157713,08;157164,77;157668,97;2,908040714E10;923345
WINFUT;27/06/2024;12:00:00;157032,42;157246,70;156881,16;157202,58;3,449220528E10;1098209
WINFUT;27/06/2024;11:30:00;157467,29;157612,24;156994,60;157032,42;4,037407829E10;1282821
WINFUT;27/06/2024;11:00:00;157870,65;157996,70;157397,96;157467,29;4,662818036E10;1478216
WINFUT;27/06/2024;10:30:00;157858,04;157958,88;157442,08;157876,95;6,320394871E10;2003771
WINFUT;27/06/2024;10:00:00;157215,19;157883,25;157019,81;157851,74;5,303189143E10;1685320
WINFUT;27/06/2024;09:30:00;157410,57;157725,69;157202,58;157215,19;4,176194873E10;1326279
WINFUT;27/06/2024;09:00:00;156364,36;157599,64;156364,36;157416,87;4,50841089E10;1433118
WINFUT;26/06/2024;18:00:00;156635,36;156767,71;156553,43;156767,71;4167131828,00;133006
WINFUT;26/06/2024;17:30:00;156496,71;156673,18;156427,38;156635,36;8002399872,00;255611
WINFUT;26/06/2024;17:00:00;156616,45;156685,78;156439,98;156490,40;1,641447576E10;524243
WINFUT;26/06/2024;16:30:00;156200,49;156742,50;156162,68;156622,76;2,545341969E10;813600
WINFUT;26/06/2024;16:00:00;155923,18;156250,91;155860,16;156200,49;2,174549844E10;696844
WINFUT;26/06/2024;15:30:00;156339,15;156376,96;155904,27;155916,88;2,571871161E10;823387
WINFUT;26/06/2024;15:00:00;156219,40;156553,43;156194,19;156332,84;2,581705145E10;825494
WINFUT;26/06/2024;14:30:00;156124,86;156295,03;156049,23;156213,10;1,929527874E10;617826
WINFUT;26/06/2024;14:00:00;156124,86;156232,00;155948,39;156118,56;2,495990037E10;799569
WINFUT;26/06/2024;13:30:00;156005,11;156250,91;155935,79;156131,16;2,713385756E10;869158
WINFUT;26/06/2024;13:00:00;155740,41;156055,53;155721,50;156005,11;2,67690237E10;858481
WINFUT;26/06/2024;12:30:00;155387,47;155778,23;155330,75;155746,71;2,507305537E10;806029
WINFUT;26/06/2024;12:00:00;155299,24;155500,92;155160,58;155381,17;2,882246936E10;927775
WINFUT;26/06/2024;11:30:00;155318,14;155444,19;155185,79;155292,93;3,270806881E10;1053011
WINFUT;26/06/2024;11:00:00;155192,10;155689,99;155141,68;155318,14;4,388791193E10;1412174
WINFUT;26/06/2024;10:30:00;155274,03;155444,19;154864,37;155192,10;5,527457604E10;1781573
WINFUT;26/06/2024;10:00:00;155362,26;155658,48;155154,28;155280,33;5,14896507E10;1656863
WINFUT;26/06/2024;09:30:00;155488,31;155671,08;155311,84;155368,56;3,596081715E10;1156013
WINFUT;26/06/2024;09:00:00;156490,40;156584,94;155431,59;155482,01;5,634946118E10;1806094
WINFUT;25/06/2024;18:00:00;156257,21;156421,08;156219,40;156421,08;3872220675,00;123864
WINFUT;25/06/2024;17:30:00;156181,58;156301,33;156181,58;156257,21;5599766377,00;179204
WINFUT;25/06/2024;17:00:00;156061,84;156250,91;156055,53;156187,89;1,096602802E10;351105
WINFUT;25/06/2024;16:30:00;156206,79;156219,40;156005,11;156061,84;1,426062476E10;456845
WINFUT;25/06/2024;16:00:00;156206,79;156250,91;156061,84;156200,49;1,589691666E10;508982
WINFUT;25/06/2024;15:30:00;156269,82;156313,94;156105,95;156206,79;1,330663942E10;425878
WINFUT;25/06/2024;15:00:00;156288,73;156402,17;156162,68;156269,82;1,818600065E10;581852
WINFUT;25/06/2024;14:30:00;156061,84;156439,98;155998,81;156295,03;3,025629112E10;968586
WINFUT;25/06/2024;14:00:00;156011,42;156200,49;155860,16;156061,84;2,797672255E10;896474
WINFUT;25/06/2024;13:30:00;155910,58;156061,84;155803,44;156011,42;1,991659784E10;638586
WINFUT;25/06/2024;13:00:00;155828,65;155954,69;155734,11;155910,58;1,85936448E10;596519
WINFUT;25/06/2024;12:30:00;155879,06;155967,30;155696,29;155828,65;2,730927815E10;876331
WINFUT;25/06/2024;12:00:00;156162,68;156187,89;155797,13;155879,06;3,043787804E10;975708
WINFUT;25/06/2024;11:30:00;156402,17;156408,47;155910,58;156156,37;3,850640258E10;1233200
WINFUT;25/06/2024;11:00:00;156307,63;156484,10;156162,68;156395,87;3,554810687E10;1137058
WINFUT;25/06/2024;10:30:00;156263,52;156818,13;156105,95;156307,63;6,927200822E10;2214082
WINFUT;25/06/2024;10:00:00;156276,12;156521,92;156005,11;156269,82;5,013045293E10;1604016
WINFUT;25/06/2024;09:30:00;156610,15;156622,76;156257,21;156269,82;3,063413139E10;979007
WINFUT;25/06/2024;09:00:00;156345,45;156622,76;156156,37;156616,45;3,715814347E10;1188111
WINFUT;24/06/2024;18:00:00;156685,78;156868,55;156622,76;156729,90;5247668812,00;167381
WINFUT;24/06/2024;17:30:00;156584,94;156729,90;156572,34;156679,48;7024651430,00;224211
WINFUT;24/06/2024;17:00:00;156597,55;156629,06;156503,01;156578,64;1,015106337E10;324168
WINFUT;24/06/2024;16:30:00;156408,47;156742,50;156408,47;156597,55;2,333460545E10;745036
WINFUT;24/06/2024;16:00:00;156458,89;156572,34;156376,96;156414,78;1,621185312E10;518070
WINFUT;24/06/2024;15:30:00;156465,19;156591,24;156351,75;156452,59;1,762176272E10;563096
WINFUT;24/06/2024;15:00:00;156559,73;156660,57;156446,29;156465,19;1,700937067E10;543250
WINFUT;24/06/2024;14:30:00;156597,55;156723,60;156383,26;156553,43;2,304317657E10;735938
WINFUT;24/06/2024;14:00:00;156496,71;156610,15;156370,66;156597,55;1,920517923E10;613620
WINFUT;24/06/2024;13:30:00;156578,64;156603,85;156427,38;156496,71;2,15249871E10;687617
WINFUT;24/06/2024;13:00:00;156484,10;156692,08;156320,24;156578,64;2,454779226E10;784223
WINFUT;24/06/2024;12:30:00;156439,98;156534,52;156295,03;156490,40;2,504738018E10;800722
WINFUT;24/06/2024;12:00:00;156635,36;156685,78;156395,87;156433,68;2,29912433E10;734383
WINFUT;24/06/2024;11:30:00;156622,76;156704,69;156490,40;156629,06;2,611224522E10;833748
WINFUT;24/06/2024;11:00:00;156755,11;156862,25;156547,13;156616,45;3,485451676E10;1112413
WINFUT;24/06/2024;10:30:00;156200,49;156918,97;156181,58;156761,41;5,651507977E10;1804415
WINFUT;24/06/2024;10:00:00;155343,35;156282,42;155292,93;156200,49;6,47185848E10;2076460
WINFUT;24/06/2024;09:30:00;155387,47;155418,98;155173,19;155343,35;2,434965681E10;784085
WINFUT;24/06/2024;09:00:00;155154,28;155431,59;154813,95;155387,47;3,905125975E10;1258720
WINFUT;21/06/2024;18:00:00;155286,63;155355,96;155185,79;155280,33;3861581548,00;124361
WINFUT;21/06/2024;17:30:00;155166,89;155299,24;155135,37;155286,63;6421960578,00;206873
WINFUT;21/06/2024;17:00:00;155255,12;155292,93;155078,65;155166,89;1,173127284E10;377994
WINFUT;21/06/2024;16:30:00;155211,00;155318,14;155097,56;155261,42;1,803174105E10;580802
WINFUT;21/06/2024;16:00:00;155091,26;155280,33;155066,05;155217,31;1,949491773E10;628087
WINFUT;21/06/2024;15:30:00;154946,30;155160,58;154876,97;155091,26;2,877086798E10;927926
WINFUT;21/06/2024;15:00:00;154725,71;155021,93;154618,57;154940,00;2,174284548E10;702313
WINFUT;21/06/2024;14:30:00;154864,37;154908,48;154675,29;154719,41;1,807116673E10;583761
WINFUT;21/06/2024;14:00:00;154921,09;155003,02;154769,83;154858,06;2,084425751E10;672815
WINFUT;21/06/2024;13:30:00;154782,43;155066,05;154687,90;154927,39;2,03293499E10;656320
WINFUT;21/06/2024;13:00:00;154587,06;154839,16;154486,22;154776,13;1,756408595E10;567814
WINFUT;21/06/2024;12:30:00;154605,97;154719,41;154536,64;154587,06;1,898176197E10;613815
WINFUT;21/06/2024;12:00:00;154845,46;155053,44;154524,03;154605,97;3,365869131E10;1087252
WINFUT;21/06/2024;11:30:00;155135,37;155141,68;154725,71;154845,46;3,699988826E10;1194109
WINFUT;21/06/2024;11:00:00;154984,11;155198,40;154668,99;155129,07;4,633842152E10;1495462
WINFUT;21/06/2024;10:30:00;154095,47;155091,26;154070,26;154990,42;7,229422519E10;2339112
WINFUT;21/06/2024;10:00:00;153654,29;154196,30;153402,19;154095,47;5,253307574E10;1708638
WINFUT;21/06/2024;09:30:00;153849,67;153931,60;153572,36;153654,29;3,000744185E10;975915
WINFUT;21/06/2024;09:00:00;153906,39;154171,09;153717,32;153849,67;4,213913506E10;1368568
WINFUT;20/06/2024;18:00:00;153956,81;154019,84;153786,64;153893,79;5631743823,00;182958
WINFUT;20/06/2024;17:30:00;153950,51;154026,14;153906,39;153956,81;6475413642,00;210275
WINFUT;20/06/2024;17:00:00;154045,05;154101,77;153893,79;153956,81;1,221680269E10;396692
WINFUT;20/06/2024;16:30:00;153969,42;154158,49;153874,88;154051,35;2,22711313E10;723112
WINFUT;20/06/2024;16:00:00;154379,08;154486,22;153855,97;153969,42;2,861950718E10;928328
WINFUT;20/06/2024;15:30:00;154095,47;154524,03;153950,51;154379,08;2,758361938E10;894229
WINFUT;20/06/2024;15:00:00;153912,69;154183,70;153874,88;154101,77;1,935220137E10;628239
WINFUT;20/06/2024;14:30:00;153919,00;153950,51;153629,08;153906,39;2,879667818E10;936159
WINFUT;20/06/2024;14:00:00;153729,92;154120,67;153654,29;153919,00;3,139847467E10;1019959
WINFUT;20/06/2024;13:30:00;153597,57;153830,76;153490,43;153736,22;3,064337309E10;997187
WINFUT;20/06/2024;13:00:00;153975,72;154038,74;153578,66;153597,57;3,133037554E10;1018510
WINFUT;20/06/2024;12:30:00;154126,98;154253,03;153855,97;153975,72;2,755597232E10;894363
WINFUT;20/06/2024;12:00:00;154505,13;154530,34;154000,93;154126,98;3,862682112E10;1252387
WINFUT;20/06/2024;11:30:00;155198,40;155229,91;154234,12;154505,13;5,192280141E10;1678190
WINFUT;20/06/2024;11:00:00;155318,14;155463,10;154990,42;155198,40;4,534417759E10;1460487
WINFUT;20/06/2024;10:30:00;154530,34;155494,61;154461,01;155324,45;7,010757872E10;2260792
WINFUT;20/06/2024;10:00:00;154883,27;155129,07;154511,43;154536,64;4,968880099E10;1604380
WINFUT;20/06/2024;09:30:00;155374,87;155532,43;154864,37;154883,27;3,597657049E10;1159697
WINFUT;20/06/2024;09:00:00;155381,17;155538,73;154958,90;155374,87;4,847106819E10;1561131
WINFUT;19/06/2024;18:00:00;153906,39;154725,71;153874,88;154725,71;6622637558,00;214845
WINFUT;19/06/2024;17:30:00;153830,76;153994,63;153761,43;153906,39;8985651893,00;291977
WINFUT;19/06/2024;17:00:00;153799,25;153881,18;153647,99;153824,46;1,346090717E10;437701
WINFUT;19/06/2024;16:30:00;153704,71;154007,23;153496,73;153799,25;2,27968117E10;741082
WINFUT;19/06/2024;16:00:00;153458,92;153849,67;153320,26;153704,71;2,023891547E10;659173
WINFUT;19/06/2024;15:30:00;153080,77;153528,24;152948,41;153452,61;2,460128054E10;802554
WINFUT;19/06/2024;15:00:00;152967,32;153124,88;152935,81;153087,07;1,206938991E10;394319
WINFUT;19/06/2024;14:30:00;152866,48;153055,56;152753,04;152967,32;1,652328707E10;540363
WINFUT;19/06/2024;14:00:00;153049,25;153213,12;152828,67;152866,48;2,506814664E10;819229
WINFUT;19/06/2024;13:30:00;152822,37;153124,88;152784,55;153049,25;2,155322179E10;704464
WINFUT;19/06/2024;13:00:00;152784,55;152935,81;152677,41;152822,37;1,841195191E10;602517
WINFUT;19/06/2024;12:30:00;152368,59;153087,07;152349,68;152784,55;3,206536654E10;1050037
WINFUT;19/06/2024;12:00:00;152393,80;152450,52;152255,14;152362,28;1,651205693E10;541957
WINFUT;19/06/2024;11:30:00;152330,77;152500,94;152223,63;152393,80;2,863850186E10;939731
WINFUT;19/06/2024;11:00:00;152148,00;152444,22;152078,67;152330,77;3,870963321E10;1271216
WINFUT;19/06/2024;10:30:00;152362,28;152538,75;152103,88;152141,70;4,163398237E10;1366842
WINFUT;19/06/2024;10:00:00;152778,25;152790,85;152236,24;152355,98;5,932392616E10;1944723
WINFUT;19/06/2024;09:30:00;152841,27;152998,83;152683,71;152778,25;3,011104989E10;985052
WINFUT;19/06/2024;09:00:00;153150,09;153282,45;152721,53;152841,27;2,884456142E10;943252
WINFUT;18/06/2024;18:00:00;153068,16;153181,61;152979,93;153074,46;3772708165,00;123247
WINFUT;18/06/2024;17:30:00;152942,11;153124,88;152866,48;153074,46;8420305763,00;275174
WINFUT;18/06/2024;17:00:00;152942,11;152986,23;152816,06;152942,11;9146303374,00;299078
WINFUT;18/06/2024;16:30:00;152690,01;152998,83;152639,59;152948,41;1,962086055E10;641850
WINFUT;18/06/2024;16:00:00;152935,81;152954,72;152538,75;152696,32;2,597996199E10;850766
WINFUT;18/06/2024;15:30:00;153169,00;153320,26;152885,39;152935,81;2,210027451E10;721879
WINFUT;18/06/2024;15:00:00;153169,00;153339,17;153042,95;153169,00;2,79317378E10;911803
WINFUT;18/06/2024;14:30:00;153364,38;153465,22;153143,79;153169,00;2,316059817E10;755300
WINFUT;18/06/2024;14:00:00;153181,61;153521,94;153080,77;153358,08;2,820893745E10;920115
WINFUT;18/06/2024;13:30:00;152942,11;153301,35;152872,79;153181,61;1,668030966E10;544878
WINFUT;18/06/2024;13:00:00;152929,51;153143,79;152929,51;152942,11;1,611920184E10;526693
WINFUT;18/06/2024;12:30:00;153042,95;153194,21;152898,00;152935,81;1,699694708E10;555265
WINFUT;18/06/2024;12:00:00;153024,04;153112,28;152803,46;153042,95;2,24827139E10;734904
WINFUT;18/06/2024;11:30:00;153011,44;153257,24;152797,16;153017,74;3,50200312E10;1144160
WINFUT;18/06/2024;11:00:00;153503,03;153572,36;152753,04;153011,44;4,622588741E10;1509944
WINFUT;18/06/2024;10:30:00;152192,12;153584,96;152173,21;153503,03;7,772055477E10;2540580
WINFUT;18/06/2024;10:00:00;152179,51;152671,11;151990,44;152192,12;5,450298457E10;1789256
WINFUT;18/06/2024;09:30:00;151933,72;152330,77;151927,41;152173,21;3,8628564E10;1269497
WINFUT;18/06/2024;09:00:00;151952,62;152103,88;151605,99;151940,02;3,998478377E10;1315956
WINFUT;17/06/2024;18:00:00;152318,17;152488,33;152274,05;152355,98;4494734688,00;147507
WINFUT;17/06/2024;17:30:00;152311,87;152343,38;152204,72;152324,47;6691870413,00;219765
WINFUT;17/06/2024;17:00:00;152393,80;152475,73;152267,75;152311,87;1,251954486E10;410849
WINFUT;17/06/2024;16:30:00;152519,85;152570,27;152343,38;152393,80;2,032835825E10;666668
WINFUT;17/06/2024;16:00:00;152715,22;152753,04;152488,33;152519,85;2,088349744E10;684175
WINFUT;17/06/2024;15:30:00;152601,78;152872,79;152526,15;152715,22;2,182333348E10;714440
WINFUT;17/06/2024;15:00:00;152645,90;152759,34;152519,85;152595,48;2,34798994E10;769108
WINFUT;17/06/2024;14:30:00;152633,29;152740,43;152557,66;152652,20;2,022994398E10;662685
WINFUT;17/06/2024;14:00:00;153024,04;153105,98;152576,57;152633,29;2,583527398E10;844983
WINFUT;17/06/2024;13:30:00;152891,69;153036,65;152708,92;153030,35;2,752550956E10;900421
WINFUT;17/06/2024;13:00:00;152349,68;152935,81;152318,17;152891,69;2,944435455E10;964396
WINFUT;17/06/2024;12:30:00;152116,49;152463,12;152034,56;152349,68;2,167043389E10;711643
WINFUT;17/06/2024;12:00:00;151984,14;152160,61;151757,25;152110,19;3,097920932E10;1019075
WINFUT;17/06/2024;11:30:00;152129,09;152135,40;151832,88;151984,14;2,839907245E10;934197
WINFUT;17/06/2024;11:00:00;152280,35;152299,26;151952,62;152129,09;3,618149444E10;1189133
WINFUT;17/06/2024;10:30:00;152084,98;152658,50;151984,14;152280,35;5,078469515E10;1666512
WINFUT;17/06/2024;10:00:00;152494,64;152790,85;151977,83;152084,98;5,8020348E10;1903613
WINFUT;17/06/2024;09:30:00;152658,50;152677,41;152374,89;152494,64;2,515872249E10;824890
WINFUT;17/06/2024;09:00:00;153150,09;153666,90;152437,91;152658,50;3,729327237E10;1221204
WINFUT;14/06/2024;18:00:00;153181,61;153295,05;153080,77;153295,05;2766644884,00;90308
WINFUT;14/06/2024;17:30:00;153099,67;153219,42;153093,37;153181,61;4702386201,00;153524
WINFUT;14/06/2024;17:00:00;153187,91;153238,33;153024,04;153099,67;8615610412,00;281354
WINFUT;14/06/2024;16:30:00;153225,72;153250,93;153049,25;153194,21;1,347555148E10;439973
WINFUT;14/06/2024;16:00:00;153074,46;153276,14;152992,53;153219,42;1,733340602E10;565896
WINFUT;14/06/2024;15:30:00;152853,88;153313,96;152803,46;153068,16;3,134027588E10;1023938
WINFUT;14/06/2024;15:00:00;152658,50;152891,69;152538,75;152853,88;1,927795276E10;631188
WINFUT;14/06/2024;14:30:00;153030,35;153112,28;152557,66;152664,80;2,805095231E10;917938
WINFUT;14/06/2024;14:00:00;153219,42;153358,08;152860,18;153024,04;2,342184886E10;764739
WINFUT;14/06/2024;13:30:00;153263,54;153452,61;153187,91;153213,12;1,453274734E10;474006
WINFUT;14/06/2024;13:00:00;153402,19;153521,94;153219,42;153269,84;1,736596571E10;566122
WINFUT;14/06/2024;12:30:00;153572,36;153603,87;153143,79;153402,19;2,866070642E10;934560
WINFUT;14/06/2024;12:00:00;153232,03;153931,60;153219,42;153572,36;4,599370679E10;1496678
WINFUT;14/06/2024;11:30:00;152519,85;153257,24;152185,82;153238,33;4,459370324E10;1461400
WINFUT;14/06/2024;11:00:00;152217,33;152576,57;152015,65;152513,54;3,907201221E10;1283243
WINFUT;14/06/2024;10:30:00;152173,21;152450,52;152003,04;152223,63;4,877348896E10;1602050
WINFUT;14/06/2024;10:00:00;152891,69;152979,93;152059,77;152173,21;6,424299621E10;2105334
WINFUT;14/06/2024;09:30:00;153169,00;153339,17;152885,39;152885,39;3,870839208E10;1264177
WINFUT;14/06/2024;09:00:00;152898,00;153250,93;152412,70;153175,30;3,708911725E10;1212319
WINFUT;13/06/2024;18:00:00;152998,83;153162,70;152954,72;153017,74;3149350100,00;102900
WINFUT;13/06/2024;17:30:00;153024,04;153105,98;152923,21;153005,14;8076722095,00;263927
WINFUT;13/06/2024;17:00:00;153250,93;153332,87;152948,41;153030,35;1,420861086E10;464051
WINFUT;13/06/2024;16:30:00;153490,43;153528,24;153238,33;153250,93;1,61712973E10;527085
WINFUT;13/06/2024;16:00:00;153559,75;153635,38;153414,80;153490,43;1,367113059E10;445242
WINFUT;13/06/2024;15:30:00;153446,31;153704,71;153395,89;153559,75;1,859162119E10;605351
WINFUT;13/06/2024;15:00:00;153503,03;153666,90;153358,08;153452,61;2,073594852E10;675380
WINFUT;13/06/2024;14:30:00;153471,52;153521,94;153313,96;153503,03;1,712969688E10;558254
WINFUT;13/06/2024;14:00:00;153610,17;153774,04;153446,31;153465,22;2,339667825E10;761544
WINFUT;13/06/2024;13:30:00;153339,17;153742,53;153219,42;153610,17;2,850585887E10;928644
WINFUT;13/06/2024;13:00:00;153477,82;153704,71;153295,05;153332,87;2,793764843E10;910136
WINFUT;13/06/2024;12:30:00;153534,54;153843,37;153143,79;153471,52;4,510867037E10;1469957
WINFUT;13/06/2024;12:00:00;152872,79;153635,38;152551,36;153534,54;5,215077439E10;1704446
WINFUT;13/06/2024;11:30:00;152759,34;152942,11;152608,08;152872,79;3,115547123E10;1019601
WINFUT;13/06/2024;11:00:00;153156,40;153332,87;152690,01;152759,34;4,937561757E10;1613964
WINFUT;13/06/2024;10:30:00;153704,71;153925,30;153080,77;153156,40;6,393473446E10;2082268
WINFUT;13/06/2024;10:00:00;153402,19;153956,81;153351,77;153711,01;5,533728607E10;1800819
WINFUT;13/06/2024;09:30:00;153225,72;153704,71;152904,30;153408,50;4,848973923E10;1581193
WINFUT;13/06/2024;09:00:00;153566,06;154108,07;153017,74;153225,72;4,488423693E10;1462536
WINFUT;12/06/2024;18:00:00;153250,93;153345,47;153099,67;153313,96;4568534792,00;149082
WINFUT;12/06/2024;17:30:00;153490,43;153566,06;153194,21;153250,93;1,076280413E10;350928
WINFUT;12/06/2024;17:00:00;153635,38;153767,74;153452,61;153490,43;1,330559071E10;433119
WINFUT;12/06/2024;16:30:00;153320,26;153792,95;153244,63;153641,69;2,757941281E10;897962
WINFUT;12/06/2024;16:00:00;153408,50;153811,85;153232,03;153326,56;3,70605639E10;1207245
WINFUT;12/06/2024;15:30:00;154095,47;154196,30;152929,51;153408,50;6,157633802E10;2005591
WINFUT;12/06/2024;15:00:00;154259,33;154271,93;153792,95;154089,16;3,634157372E10;1179914
WINFUT;12/06/2024;14:30:00;154026,14;154366,47;154013,53;154265,63;2,090300239E10;677709
WINFUT;12/06/2024;14:00:00;154190,00;154253,03;153862,27;154019,84;2,599732915E10;843998
WINFUT;12/06/2024;13:30:00;154108,07;154461,01;154082,86;154183,70;2,518364979E10;816248
WINFUT;12/06/2024;13:00:00;153969,42;154145,88;153761,43;154114,37;1,939380218E10;629902
WINFUT;12/06/2024;12:30:00;153919,00;154101,77;153824,46;153969,42;1,816213313E10;589807
WINFUT;12/06/2024;12:00:00;153862,27;154007,23;153559,75;153919,00;2,485029454E10;808117
WINFUT;12/06/2024;11:30:00;154126,98;154234,12;153723,62;153855,97;3,176183151E10;1031664
WINFUT;12/06/2024;11:00:00;153805,55;154284,54;153408,50;154126,98;5,08353673E10;1652725
WINFUT;12/06/2024;10:30:00;155381,17;155589,15;153553,45;153805,55;8,589171751E10;2779668
WINFUT;12/06/2024;10:00:00;156755,11;156887,46;155173,19;155381,17;6,195108478E10;1984192
WINFUT;12/06/2024;09:30:00;155078,65;157221,49;154473,61;156755,11;6,099719071E10;1948950
WINFUT;12/06/2024;09:00:00;155671,08;155790,83;154807,64;155084,95;4,077651119E10;1314134
WINFUT;11/06/2024;18:00:00;155942,60;156141,18;155859,33;155910,58;5214029679,00;167104
WINFUT;11/06/2024;17:30:00;155910,58;156006,66;155878,55;155942,60;5731391186,00;183766
WINFUT;11/06/2024;17:00:00;155936,20;156013,07;155814,49;155910,58;8764618392,00;281076
WINFUT;11/06/2024;16:30:00;155916,98;156057,90;155840,12;155936,20;1,442387103E10;462443
WINFUT;11/06/2024;16:00:00;156032,28;156115,55;155865,74;155923,39;1,741829625E10;558348
WINFUT;11/06/2024;15:30:00;155859,33;156057,90;155814,49;156032,28;2,305209329E10;739166
WINFUT;11/06/2024;15:00:00;155712,01;155993,85;155596,71;155859,33;2,521850302E10;809224
WINFUT;11/06/2024;14:30:00;155417,35;155827,31;155410,95;155705,60;2,182030602E10;701088
WINFUT;11/06/2024;14:00:00;155596,71;155910,58;155398,13;155423,76;2,666792092E10;856539
WINFUT;11/06/2024;13:30:00;155513,43;155788,87;155423,76;155596,71;2,174604411E10;698711
WINFUT;11/06/2024;13:00:00;155814,49;155827,31;155475,00;155519,84;2,143080971E10;688523
WINFUT;11/06/2024;12:30:00;155539,06;155840,12;155449,38;155814,49;2,039392275E10;655285
WINFUT;11/06/2024;12:00:00;155635,14;155724,82;155442,97;155539,06;2,810683212E10;903345
WINFUT;11/06/2024;11:30:00;155846,52;155974,63;155622,33;155635,14;3,356541088E10;1077228
WINFUT;11/06/2024;11:00:00;155180,35;155929,79;155154,72;155846,52;5,424853498E10;1743438
WINFUT;11/06/2024;10:30:00;155410,95;155423,76;154892,10;155180,35;6,049796539E10;1950247
WINFUT;11/06/2024;10:00:00;155276,43;155737,63;155180,35;155410,95;5,337974626E10;1716792
WINFUT;11/06/2024;09:30:00;154924,13;155289,24;154680,72;155276,43;3,762059187E10;1213848
WINFUT;11/06/2024;09:00:00;154373,25;155423,76;154136,25;154924,13;5,53809384E10;1787498
WINFUT;10/06/2024;18:00:00;154962,56;155186,75;154956,15;155129,10;5009676173,00;161531
WINFUT;10/06/2024;17:30:00;154892,10;155020,21;154879,29;154968,96;7628614413,00;246148
WINFUT;10/06/2024;17:00:00;154853,66;154924,13;154802,42;154892,10;8631867990,00;278696
WINFUT;10/06/2024;16:30:00;154962,56;154994,59;154770,39;154853,66;1,769678163E10;571352
WINFUT;10/06/2024;16:00:00;154975,37;155077,86;154840,85;154968,96;2,152244257E10;694399
WINFUT;10/06/2024;15:30:00;154776,80;155218,78;154693,53;154975,37;3,16752124E10;1021681
WINFUT;10/06/2024;15:00:00;154904,91;154936,94;154578,23;154783,20;3,181144918E10;1027769
WINFUT;10/06/2024;14:30:00;154994,59;155180,35;154866,48;154911,31;2,497106447E10;805413
WINFUT;10/06/2024;14:00:00;155135,51;155225,19;154860,07;154988,18;2,791412203E10;900263
WINFUT;10/06/2024;13:30:00;155129,10;155205,97;155000,99;155129,10;1,824064165E10;587967
WINFUT;10/06/2024;13:00:00;155129,10;155359,70;155020,21;155122,70;2,271185565E10;731731
WINFUT;10/06/2024;12:30:00;155218,78;155308,46;154994,59;155122,70;2,596932126E10;836866
WINFUT;10/06/2024;12:00:00;155289,24;155404,54;155135,51;155218,78;2,794386967E10;899870
WINFUT;10/06/2024;11:30:00;155359,70;155654,36;155129,10;155289,24;4,169728978E10;1341577
WINFUT;10/06/2024;11:00:00;155103,48;155507,03;155007,40;155353,30;3,502598939E10;1128002
WINFUT;10/06/2024;10:30:00;154770,39;155442,97;154616,66;155109,89;6,402332817E10;2064036
WINFUT;10/06/2024;10:00:00;155020,21;155065,05;154392,47;154776,80;6,458713483E10;2087980
WINFUT;10/06/2024;09:30:00;155231,59;155250,81;154821,64;155020,21;3,121798071E10;1006636
WINFUT;10/06/2024;09:00:00;154623,07;155519,84;154616,66;155231,59;3,694429578E10;1189448
WINFUT;07/06/2024;18:00:00;154706,34;154725,55;154225,92;154507,77;7457124769,00;241348
WINFUT;07/06/2024;17:30:00;154860,07;154898,50;154648,69;154706,34;9632527552,00;311193
WINFUT;07/06/2024;17:00:00;154815,23;154968,96;154667,90;154853,66;1,738857338E10;561621
WINFUT;07/06/2024;16:30:00;154917,72;155084,26;154687,12;154821,64;2,990605578E10;965477
WINFUT;07/06/2024;16:00:00;155340,49;155398,13;154591,04;154917,72;5,463505405E10;1763060
WINFUT;07/06/2024;15:30:00;155718,41;155763,25;155314,86;155334,08;2,742614308E10;881692
WINFUT;07/06/2024;15:00:00;155679,98;155808,09;155378,92;155718,41;3,708847436E10;1191924
WINFUT;07/06/2024;14:30:00;155827,31;156006,66;155590,30;155679,98;2,71194616E10;870357
WINFUT;07/06/2024;14:00:00;156115,55;156147,58;155827,31;155833,71;2,027952112E10;650013
WINFUT;07/06/2024;13:30:00;156346,15;156365,37;155897,77;156115,55;2,332757128E10;747286
WINFUT;07/06/2024;13:00:00;156141,18;156410,21;156102,74;156346,15;2,282955176E10;730446
WINFUT;07/06/2024;12:30:00;156448,64;156525,51;156089,93;156134,77;2,04375233E10;653705
WINFUT;07/06/2024;12:00:00;156474,26;156474,26;156262,88;156448,64;2,266138338E10;724637
WINFUT;07/06/2024;11:30:00;156621,59;156679,24;156262,88;156467,86;3,671943103E10;1173216
WINFUT;07/06/2024;11:00:00;156275,69;156692,05;156205,23;156615,19;4,550229584E10;1454103
WINFUT;07/06/2024;10:30:00;156134,77;156378,18;155808,09;156275,69;4,617003114E10;1478560
WINFUT;07/06/2024;10:00:00;156109,15;156563,94;155878,55;156134,77;5,108111388E10;1634985
WINFUT;07/06/2024;09:30:00;157845,05;158120,48;155827,31;156109,15;6,47186602E10;2070892
WINFUT;07/06/2024;09:00:00;157511,96;157915,51;157274,95;157845,05;3,2886651E10;1043373
WINFUT;06/06/2024;18:00:00;157780,99;157953,94;157582,42;157582,42;4948067922,00;156768
WINFUT;06/06/2024;17:30:00;157723,34;157857,86;157678,50;157780,99;7688691059,00;243649
WINFUT;06/06/2024;17:00:00;157819,42;157832,24;157672,10;157723,34;1,169381673E10;370639
WINFUT;06/06/2024;16:30:00;157492,74;157825,83;157371,04;157813,02;2,443099639E10;775012
WINFUT;06/06/2024;16:00:00;157646,48;157678,50;157435,09;157486,34;1,81211285E10;575100
WINFUT;06/06/2024;15:30:00;157710,53;157902,70;157608,04;157652,88;1,840775877E10;583387
WINFUT;06/06/2024;15:00:00;157768,18;157774,59;157396,66;157710,53;2,320163299E10;736116
WINFUT;06/06/2024;14:30:00;157883,48;158088,46;157563,20;157761,78;2,483410563E10;786582
WINFUT;06/06/2024;14:00:00;157601,64;158069,24;157569,61;157883,48;2,463810562E10;780731
WINFUT;06/06/2024;13:30:00;157742,56;157742,56;157403,07;157601,64;2,173552628E10;689845
WINFUT;06/06/2024;13:00:00;158018,00;158037,21;157659,29;157736,15;2,029874369E10;643297
WINFUT;06/06/2024;12:30:00;157909,10;158171,73;157838,64;158018,00;3,110660413E10;984371
WINFUT;06/06/2024;12:00:00;157217,31;157960,35;157198,09;157909,10;3,98151226E10;1263128
WINFUT;06/06/2024;11:30:00;156954,68;157287,77;156897,03;157217,31;3,323167843E10;1057363
WINFUT;06/06/2024;11:00:00;156941,87;157108,41;156506,29;156948,27;3,489691252E10;1112191
WINFUT;06/06/2024;10:30:00;156884,22;157377,44;156800,95;156948,27;5,862865055E10;1866356
WINFUT;06/06/2024;10:00:00;155923,39;156929,06;155647,95;156877,81;6,850088357E10;2193530
WINFUT;06/06/2024;09:30:00;155712,01;155981,04;155507,03;155923,39;3,570392403E10;1146347
WINFUT;06/06/2024;09:00:00;155910,58;156186,02;155615,92;155712,01;3,537793693E10;1135312
WINFUT;05/06/2024;18:00:00;155756,84;155833,71;155654,36;155673,57;4177421805,00;134112
WINFUT;05/06/2024;17:30:00;155776,06;155814,49;155686,38;155763,25;7136433398,00;229099
WINFUT;05/06/2024;17:00:00;155846,52;155846,52;155635,14;155769,66;1,36024131E10;436655
WINFUT;05/06/2024;16:30:00;155699,19;155872,14;155539,06;155846,52;2,089046374E10;670777
WINFUT;05/06/2024;16:00:00;155795,28;155833,71;155571,08;155699,19;1,75382118E10;563198
WINFUT;05/06/2024;15:30:00;155724,82;155840,12;155571,08;155795,28;2,414229397E10;775328
WINFUT;05/06/2024;15:00:00;156006,66;156128,37;155609,52;155724,82;3,008965026E10;965491
WINFUT;05/06/2024;14:30:00;156211,64;156416,61;155910,58;156000,25;2,748001751E10;879801
WINFUT;05/06/2024;14:00:00;156205,23;156294,91;156006,66;156205,23;2,433020552E10;779169
WINFUT;05/06/2024;13:30:00;156173,20;156352,56;156077,12;156205,23;2,416434534E10;773543
WINFUT;05/06/2024;13:00:00;156493,48;156538,32;156109,15;156173,20;1,985384912E10;634990
WINFUT;05/06/2024;12:30:00;156647,21;156730,48;156390,99;156493,48;2,48853086E10;794823
WINFUT;05/06/2024;12:00:00;156365,37;156672,84;156250,07;156640,81;3,344146352E10;1068700
WINFUT;05/06/2024;11:30:00;155987,44;156781,73;155942,60;156371,78;5,983118017E10;1911764
WINFUT;05/06/2024;11:00:00;156250,07;156262,88;155596,71;155993,85;5,868837742E10;1882432
WINFUT;05/06/2024;10:30:00;156269,29;156346,15;155968,23;156256,48;4,621004895E10;1480142
WINFUT;05/06/2024;10:00:00;156230,85;156365,37;155981,04;156275,69;4,431492342E10;1419062
WINFUT;05/06/2024;09:30:00;156262,88;156307,72;156096,34;156230,85;2,924804828E10;936278
WINFUT;05/06/2024;09:00:00;156685,65;156743,30;156224,45;156256,48;3,313489112E10;1059107
WINFUT;04/06/2024;18:00:00;156403,80;156628,00;156352,56;156352,56;5023053027,00;160495
WINFUT;04/06/2024;17:30:00;156224,45;156474,26;156198,83;156416,61;7522904452,00;240654
WINFUT;04/06/2024;17:00:00;156378,18;156378,18;156186,02;156224,45;9077401927,00;290415
WINFUT;04/06/2024;16:30:00;156275,69;156384,59;156179,61;156371,78;1,762011397E10;563707
WINFUT;04/06/2024;16:00:00;156166,80;156288,50;155929,79;156275,69;2,35252913E10;753413
WINFUT;04/06/2024;15:30:00;156493,48;156493,48;156096,34;156160,39;2,722064597E10;871057
WINFUT;04/06/2024;15:00:00;156109,15;156538,32;156019,47;156487,07;2,636536186E10;843709
WINFUT;04/06/2024;14:30:00;156019,47;156269,29;155949,01;156109,15;2,605336767E10;834396
WINFUT;04/06/2024;14:00:00;156032,28;156089,93;155840,12;156019,47;1,883468713E10;603879
WINFUT;04/06/2024;13:30:00;155872,14;156045,09;155718,41;156032,28;1,961951047E10;629328
WINFUT;04/06/2024;13:00:00;155660,76;155981,04;155583,90;155878,55;2,831904479E10;908844
WINFUT;04/06/2024;12:30:00;155891,36;155987,44;155641,55;155660,76;2,687921028E10;862460
WINFUT;04/06/2024;12:00:00;155590,30;156070,72;155513,43;155891,36;3,534182094E10;1134349
WINFUT;04/06/2024;11:30:00;155442,97;155750,44;155289,24;155590,30;4,107287986E10;1320292
WINFUT;04/06/2024;11:00:00;155679,98;156013,07;155167,54;155449,38;6,343891279E10;2040208
WINFUT;04/06/2024;10:30:00;155385,32;155814,49;155231,59;155686,38;4,990672311E10;1604878
WINFUT;04/06/2024;10:00:00;156243,66;156397,40;155321,27;155385,32;6,553067078E10;2102724
WINFUT;04/06/2024;09:30:00;156365,37;156531,91;156160,39;156243,66;3,295505224E10;1053922
WINFUT;04/06/2024;09:00:00;155936,20;156499,89;155750,44;156371,78;4,338826461E10;1389269
WINFUT;03/06/2024;18:00:00;156531,91;156538,32;156256,48;156301,31;4444919750,00;142115
WINFUT;03/06/2024;17:30:00;156583,16;156621,59;156455,05;156538,32;7893758071,00;252148
WINFUT;03/06/2024;17:00:00;156756,11;156768,92;156544,72;156583,16;1,148343636E10;366480
WINFUT;03/06/2024;16:30:00;156986,71;157037,95;156679,24;156762,51;1,856524517E10;591620
WINFUT;03/06/2024;16:00:00;157134,03;157217,31;156961,08;156980,30;1,582146989E10;503617
WINFUT;03/06/2024;15:30:00;157037,95;157332,60;157005,92;157127,63;2,385385993E10;758968
WINFUT;03/06/2024;15:00:00;156839,38;157114,82;156800,95;157037,95;2,19579239E10;699555
WINFUT;03/06/2024;14:30:00;156986,71;157191,68;156762,51;156839,38;2,647355332E10;843206
WINFUT;03/06/2024;14:00:00;156390,99;156999,52;156301,31;156986,71;2,870163298E10;916437
WINFUT;03/06/2024;13:30:00;156423,02;156467,86;156243,66;156390,99;1,819036528E10;581650
WINFUT;03/06/2024;13:00:00;156724,08;156768,92;156326,94;156429,43;2,066777068E10;660309
WINFUT;03/06/2024;12:30:00;156826,57;156858,60;156621,59;156717,67;2,227445273E10;710560
WINFUT;03/06/2024;12:00:00;156999,52;157236,52;156813,76;156826,57;2,426695879E10;772642
WINFUT;03/06/2024;11:30:00;157018,73;157306,98;156884,22;156993,11;4,337639384E10;1380845
WINFUT;03/06/2024;11:00:00;156173,20;157037,95;155949,01;157018,73;6,667856273E10;2130392
WINFUT;03/06/2024;10:30:00;156634,40;156717,67;156083,53;156179,61;4,681995463E10;1496765
WINFUT;03/06/2024;10:00:00;157102,01;157114,82;156525,51;156640,81;4,939632733E10;1575086
WINFUT;03/06/2024;09:30:00;157031,54;157159,66;156813,76;157102,01;2,944550035E10;937844
WINFUT;03/06/2024;09:00:00;157396,66;157473,53;156666,43;157037,95;3,873800664E10;1234367
WINFUT;31/05/2024;18:00:00;157134,03;157313,39;157127,63;157217,31;4366108133,00;138862
WINFUT;31/05/2024;17:30:00;157102,01;157178,87;157063,57;157140,44;6506751182,00;207063
WINFUT;31/05/2024;17:00:00;157255,74;157262,14;157012,33;157102,01;1,597362365E10;508364
WINFUT;31/05/2024;16:30:00;156897,03;157274,95;156826,57;157255,74;2,787852633E10;887569
WINFUT;31/05/2024;16:00:00;156877,81;157005,92;156749,70;156903,43;1,756554576E10;559845
WINFUT;31/05/2024;15:30:00;157037,95;157063,57;156826,57;156871,41;1,543474647E10;491747
WINFUT;31/05/2024;15:00:00;156986,71;157121,22;156961,08;157044,36;1,342055985E10;427305
WINFUT;31/05/2024;14:30:00;156961,08;157069,98;156941,87;156986,71;1,432930127E10;456310
WINFUT;31/05/2024;14:00:00;156929,06;157069,98;156871,41;156954,68;1,710161809E10;544763
WINFUT;31/05/2024;13:30:00;156724,08;156980,30;156711,27;156922,65;1,700104188E10;541933
WINFUT;31/05/2024;13:00:00;156832,97;156903,43;156570,35;156724,08;2,191207757E10;698932
WINFUT;31/05/2024;12:30:00;156897,03;156993,11;156749,70;156832,97;1,81009529E10;576947
WINFUT;31/05/2024;12:00:00;156858,60;157018,73;156768,92;156890,62;2,578011087E10;821619
WINFUT;31/05/2024;11:30:00;156954,68;157082,79;156768,92;156865,00;3,308532427E10;1054084
WINFUT;31/05/2024;11:00:00;157306,98;157467,12;156954,68;156954,68;4,633891589E10;1473421
WINFUT;31/05/2024;10:30:00;157704,13;157742,56;157255,74;157306,98;5,325822384E10;1690332
WINFUT;31/05/2024;10:00:00;157723,34;157800,21;157345,42;157704,13;5,084201024E10;1613475
WINFUT;31/05/2024;09:30:00;157640,07;158024,40;157582,42;157716,94;3,865736437E10;1224717
WINFUT;31/05/2024;09:00:00;158024,40;158165,32;157576,01;157646,48;2,895667305E10;917249
WINFUT;29/05/2024;18:00:00;157780,99;158088,46;157736,15;158024,40;4263620105,00;135033
WINFUT;29/05/2024;17:30:00;157723,34;157800,21;157672,10;157787,40;7042561263,00;223223
WINFUT;29/05/2024;17:00:00;157845,05;157845,05;157582,42;157723,34;1,717232579E10;544402
WINFUT;29/05/2024;16:30:00;158088,46;158107,67;157736,15;157845,05;2,045963243E10;647809
WINFUT;29/05/2024;16:00:00;157825,83;158152,51;157813,02;158088,46;1,923038858E10;608647
WINFUT;29/05/2024;15:30:00;157921,91;157973,16;157691,31;157832,24;2,449181357E10;775917
WINFUT;29/05/2024;15:00:00;157710,53;158011,59;157684,91;157928,32;2,321789963E10;735385
WINFUT;29/05/2024;14:30:00;157710,53;157729,75;157447,90;157710,53;2,734428107E10;867526
WINFUT;29/05/2024;14:00:00;158075,65;158107,67;157704,13;157710,53;2,839434639E10;899130
WINFUT;29/05/2024;13:30:00;158075,65;158190,95;157998,78;158075,65;1,701078947E10;537968
WINFUT;29/05/2024;13:00:00;158120,48;158139,70;157979,56;158082,05;1,591803891E10;503524
WINFUT;29/05/2024;12:30:00;157960,35;158242,19;157896,29;158126,89;2,022103335E10;639591
WINFUT;29/05/2024;12:00:00;158120,48;158203,76;157845,05;157960,35;2,827277428E10;894615
WINFUT;29/05/2024;11:30:00;158037,21;158229,38;157921,91;158114,08;2,964430023E10;937605
WINFUT;29/05/2024;11:00:00;157870,67;158069,24;157761,78;158030,81;4,035874924E10;1277609
WINFUT;29/05/2024;10:30:00;157576,01;157883,48;157403,07;157870,67;5,028654232E10;1594983
WINFUT;29/05/2024;10:00:00;158235,78;158267,81;157511,96;157569,61;6,188150225E10;1960654
WINFUT;29/05/2024;09:30:00;158210,16;158395,92;158101,27;158242,19;3,349191487E10;1058069
WINFUT;29/05/2024;09:00:00;158498,41;158684,17;158133,30;158210,16;3,654078521E10;1153855
WINFUT;28/05/2024;18:00:00;158805,88;158857,12;158652,14;158812,28;5863620615,00;184689
WINFUT;28/05/2024;17:30:00;158933,99;158991,64;158780,25;158805,88;1,031671821E10;324663
WINFUT;28/05/2024;17:00:00;159132,56;159235,05;158921,18;158933,99;1,485394701E10;466927
WINFUT;28/05/2024;16:30:00;158914,77;159203,02;158889,15;159132,56;2,112132848E10;664038
WINFUT;28/05/2024;16:00:00;159074,91;159119,75;158767,44;158921,18;2,529162995E10;795691
WINFUT;28/05/2024;15:30:00;159132,56;159151,77;158825,09;159081,31;3,413901812E10;1073629
WINFUT;28/05/2024;15:00:00;159267,07;159452,83;159106,94;159126,15;3,187038402E10;1000580
WINFUT;28/05/2024;14:30:00;159779,52;159830,76;159241,45;159273,48;3,730446269E10;1169246
WINFUT;28/05/2024;14:00:00;159555,32;159817,95;159305,51;159779,52;3,635318938E10;1138915
WINFUT;28/05/2024;13:30:00;160195,88;160272,74;159523,30;159555,32;3,493927894E10;1092377
WINFUT;28/05/2024;13:00:00;160445,69;160541,77;160125,42;160195,88;2,442397989E10;761742
WINFUT;28/05/2024;12:30:00;160388,04;160471,31;160266,34;160452,10;1,595186928E10;497294
WINFUT;28/05/2024;12:00:00;160202,28;160496,94;160125,42;160388,04;3,042111772E10;948945
WINFUT;28/05/2024;11:30:00;160311,18;160381,64;160099,79;160202,28;3,826347646E10;1193929
WINFUT;28/05/2024;11:00:00;160400,85;160490,53;160266,34;160311,18;3,597247915E10;1121645
WINFUT;28/05/2024;10:30:00;160894,08;160996,57;160336,80;160394,45;6,009165136E10;1870579
WINFUT;28/05/2024;10:00:00;161483,39;161675,55;160823,62;160894,08;6,871619872E10;2132074
WINFUT;28/05/2024;09:30:00;161336,06;161656,34;161239,98;161483,39;3,604664046E10;1116323
WINFUT;28/05/2024;09:00:00;160669,89;161464,17;160516,15;161336,06;5,000162822E10;1552235
WINFUT;27/05/2024;18:00:00;160080,58;160202,28;160061,36;160138,23;3119846533,00;97423
WINFUT;27/05/2024;17:30:00;160067,77;160163,85;160061,36;160074,17;4605592091,00;143830
WINFUT;27/05/2024;17:00:00;160106,20;160138,23;160029,33;160067,77;5650215421,00;176483
WINFUT;27/05/2024;16:30:00;160054,95;160138,23;160035,74;160112,60;7465277746,00;233158
WINFUT;27/05/2024;16:00:00;159933,25;160176,66;159926,84;160061,36;1,324846103E10;413827
WINFUT;27/05/2024;15:30:00;160003,71;160003,71;159882,01;159926,84;7116052611,00;222456
WINFUT;27/05/2024;15:00:00;159907,63;160035,74;159882,01;159997,30;7541540617,00;235734
WINFUT;27/05/2024;14:30:00;159920,44;160042,14;159824,36;159907,63;1,312348419E10;410325
WINFUT;27/05/2024;14:00:00;160022,93;160195,88;159875,60;159926,84;1,522124674E10;475509
WINFUT;27/05/2024;13:30:00;159978,09;160080,58;159939,66;160022,93;1,038694462E10;324566
WINFUT;27/05/2024;13:00:00;159958,87;160003,71;159798,73;159984,49;1,482745402E10;463587
WINFUT;27/05/2024;12:30:00;159901,22;160080,58;159837,17;159958,87;1,770077084E10;553302
WINFUT;27/05/2024;12:00:00;159798,73;160003,71;159702,65;159907,63;2,074196843E10;648721
WINFUT;27/05/2024;11:30:00;159734,68;159862,79;159561,73;159798,73;2,594297152E10;812181
WINFUT;27/05/2024;11:00:00;159817,95;159958,87;159619,38;159741,08;3,783779699E10;1184179
WINFUT;27/05/2024;10:30:00;160022,93;160247,12;159753,89;159817,95;5,240146326E10;1638126
WINFUT;27/05/2024;10:00:00;160022,93;160247,12;159856,38;160022,93;4,707274261E10;1470448
WINFUT;27/05/2024;09:30:00;160042,14;160112,60;159926,84;160022,93;1,929713824E10;602929
WINFUT;27/05/2024;09:00:00;159894,82;160119,01;159670,62;160042,14;2,961866973E10;926112
WINFUT;24/05/2024;18:00:00;159837,17;159869,19;159510,48;159510,48;5381235754,00;168458
WINFUT;24/05/2024;17:30:00;159939,66;160010,12;159766,71;159837,17;6496503261,00;203113
WINFUT;24/05/2024;17:00:00;159984,49;160016,52;159882,01;159939,66;9060312256,00;283236
WINFUT;24/05/2024;16:30:00;160067,77;160272,74;159971,68;159990,90;1,857394937E10;580039
WINFUT;24/05/2024;16:00:00;159997,30;160074,17;159882,01;160067,77;1,481318583E10;463000
WINFUT;24/05/2024;15:30:00;160240,71;160266,34;159862,79;159997,30;2,826736301E10;883116
WINFUT;24/05/2024;15:00:00;160599,42;160618,64;160189,47;160247,12;2,653150712E10;827151
WINFUT;24/05/2024;14:30:00;160477,72;160625,05;160362,42;160593,02;1,601415244E10;498816
WINFUT;24/05/2024;14:00:00;160528,96;160650,67;160349,61;160477,72;2,309868035E10;719524
WINFUT;24/05/2024;13:30:00;160791,59;160804,40;160477,72;160528,96;2,005968826E10;624243
WINFUT;24/05/2024;13:00:00;160644,26;160894,08;160560,99;160791,59;1,744925962E10;542763
WINFUT;24/05/2024;12:30:00;160785,18;160842,83;160580,21;160637,86;1,813629854E10;564340
WINFUT;24/05/2024;12:00:00;160881,27;160913,30;160727,54;160791,59;1,87100835E10;581701
WINFUT;24/05/2024;11:30:00;161067,03;161214,36;160701,91;160881,27;3,68395905E10;1144597
WINFUT;24/05/2024;11:00:00;160657,07;161105,46;160618,64;161060,62;4,793503678E10;1489798
WINFUT;24/05/2024;10:30:00;160817,21;161099,06;160560,99;160663,48;5,787993635E10;1799623
WINFUT;24/05/2024;10:00:00;160862,05;160932,51;160586,61;160810,81;5,155893507E10;1603673
WINFUT;24/05/2024;09:30:00;160810,81;161060,62;160625,05;160862,05;3,342873251E10;1038926
WINFUT;24/05/2024;09:00:00;160970,95;161316,84;160605,83;160810,81;3,168149309E10;984789
WINFUT;23/05/2024;18:00:00;160548,18;160817,21;160503,34;160714,72;4920498406,00;153157
WINFUT;23/05/2024;17:30:00;160637,86;160708,32;160458,50;160554,59;1,042214429E10;324447
WINFUT;23/05/2024;17:00:00;160471,31;160682,70;160458,50;160637,86;1,380373334E10;429814
WINFUT;23/05/2024;16:30:00;160413,66;160528,96;160298,36;160464,91;2,112838014E10;658497
WINFUT;23/05/2024;16:00:00;160317,58;160477,72;160279,15;160413,66;1,908205811E10;594881
WINFUT;23/05/2024;15:30:00;160311,18;160432,88;160240,71;160317,58;1,981591968E10;617971
WINFUT;23/05/2024;15:00:00;160215,09;160426,48;160099,79;160317,58;3,459527346E10;1079409
WINFUT;23/05/2024;14:30:00;160740,35;160759,56;160208,69;160215,09;3,58057043E10;1115745
WINFUT;23/05/2024;14:00:00;160528,96;160765,97;160528,96;160740,35;2,325980658E10;724015
WINFUT;23/05/2024;13:30:00;160708,32;160746,75;160394,45;160535,37;2,518312396E10;784173
WINFUT;23/05/2024;13:00:00;160625,05;160772,37;160490,53;160708,32;2,187939368E10;681009
WINFUT;23/05/2024;12:30:00;160599,42;160714,72;160535,37;160625,05;1,87580789E10;583915
WINFUT;23/05/2024;12:00:00;160375,23;160682,70;160343,20;160605,83;2,595066788E10;808164
WINFUT;23/05/2024;11:30:00;160452,10;160599,42;160323,99;160375,23;3,678562963E10;1146165
WINFUT;23/05/2024;11:00:00;160919,70;161022,19;160266,34;160452,10;6,97941435E10;2172974
WINFUT;23/05/2024;10:30:00;161457,77;161630,71;160874,86;160913,30;7,365035624E10;2283632
WINFUT;23/05/2024;10:00:00;161541,04;161733,20;161284,82;161451,36;6,686786571E10;2070051
WINFUT;23/05/2024;09:30:00;161630,71;161906,15;161515,42;161541,04;3,850359787E10;1190274
WINFUT;23/05/2024;09:00:00;161611,50;161995,83;161419,33;161637,12;4,945541337E10;1529794
WINFUT;22/05/2024;18:00:00;161476,98;161521,82;160906,89;161009,38;1,048139793E10;325130
WINFUT;22/05/2024;17:30:00;161637,12;161662,74;161451,36;161470,58;1,031021188E10;319061
WINFUT;22/05/2024;17:00:00;161829,29;161835,69;161528,23;161637,12;2,398062854E10;741641
WINFUT;22/05/2024;16:30:00;161829,29;161880,53;161656,34;161829,29;2,353805076E10;727536
WINFUT;22/05/2024;16:00:00;162027,86;162079,10;161592,28;161822,88;2,945476113E10;910081
WINFUT;22/05/2024;15:30:00;161874,12;162098,32;161822,88;162027,86;2,754378883E10;850331
WINFUT;22/05/2024;15:00:00;162360,95;162418,59;161867,72;161874,12;4,455330349E10;1374211
WINFUT;22/05/2024;14:30:00;162399,38;162437,81;162130,35;162360,95;2,949435202E10;908673
WINFUT;22/05/2024;14:00:00;162367,35;162565,92;162354,54;162399,38;2,356651745E10;725402
WINFUT;22/05/2024;13:30:00;162649,19;162687,63;162316,11;162367,35;2,284368752E10;702690
WINFUT;22/05/2024;13:00:00;162732,47;162854,17;162591,54;162649,19;1,815433123E10;557862
WINFUT;22/05/2024;12:30:00;162546,71;162764,49;162431,41;162732,47;2,620697851E10;805788
WINFUT;22/05/2024;12:00:00;162553,11;162892,60;162399,38;162540,30;4,33872621E10;1333644
WINFUT;22/05/2024;11:30:00;162585,14;162745,28;162354,54;162553,11;4,582421284E10;1409794
WINFUT;22/05/2024;11:00:00;162911,82;162963,06;162489,06;162585,14;5,742489066E10;1765049
WINFUT;22/05/2024;10:30:00;162988,69;163155,23;162719,65;162905,41;6,572877401E10;2017028
WINFUT;22/05/2024;10:00:00;163232,10;163340,99;162879,79;162995,09;6,611194106E10;2026565
WINFUT;22/05/2024;09:30:00;163238,50;163552,37;163174,45;163238,50;4,037151599E10;1235809
WINFUT;22/05/2024;09:00:00;163981,54;164032,79;163174,45;163238,50;5,510634306E10;1685682
WINFUT;21/05/2024;18:00:00;164084,03;164327,44;163987,95;164244,17;4495422964,00;136949
WINFUT;21/05/2024;17:30:00;164109,65;164167,30;164000,76;164077,63;9147268264,00;278715
WINFUT;21/05/2024;17:00:00;164192,93;164224,95;164071,22;164109,65;1,34065195E10;408378
WINFUT;21/05/2024;16:30:00;164385,09;164449,15;164180,12;164192,93;1,833726753E10;557935
WINFUT;21/05/2024;16:00:00;164256,98;164429,93;164250,58;164385,09;1,820092975E10;553712
WINFUT;21/05/2024;15:30:00;164282,60;164372,28;164064,82;164263,39;2,602872925E10;792529
WINFUT;21/05/2024;15:00:00;164442,74;164513,20;164218,55;164289,01;2,592784961E10;788807
WINFUT;21/05/2024;14:30:00;164231,36;164449,15;164109,65;164436,34;2,512161027E10;764721
WINFUT;21/05/2024;14:00:00;163994,35;164301,82;163904,68;164224,95;2,529637992E10;770739
WINFUT;21/05/2024;13:30:00;163981,54;164231,36;163808,59;164000,76;3,935134924E10;1199747
WINFUT;21/05/2024;13:00:00;164269,79;164321,04;163898,27;163981,54;3,265035112E10;995097
WINFUT;21/05/2024;12:30:00;164551,64;164564,45;164244,17;164263,39;2,443117686E10;742924
WINFUT;21/05/2024;12:00:00;164378,69;164622,10;164160,90;164551,64;3,448788798E10;1049057
WINFUT;21/05/2024;11:30:00;164724,59;164955,18;164276,20;164378,69;4,719000592E10;1432916
WINFUT;21/05/2024;11:00:00;164397,90;164839,88;164295,41;164718,18;4,806915987E10;1459960
WINFUT;21/05/2024;10:30:00;164666,94;164865,51;164064,82;164391,50;8,223630485E10;2499632
WINFUT;21/05/2024;10:00:00;164730,99;165198,59;164423,53;164666,94;8,149423069E10;2472900
WINFUT;21/05/2024;09:30:00;164551,64;164974,40;164365,88;164737,40;5,133279075E10;1558714
WINFUT;21/05/2024;09:00:00;164750,21;164987,21;164468,36;164551,64;5,516772286E10;1674828
WINFUT;20/05/2024;18:00:00;164807,86;164807,86;164519,61;164596,47;4906314030,00;148962
WINFUT;20/05/2024;17:30:00;164795,05;164839,88;164737,40;164807,86;5678447513,00;172293
WINFUT;20/05/2024;17:00:00;164827,07;164865,51;164654,12;164795,05;1,34902901E10;409406
WINFUT;20/05/2024;16:30:00;164641,31;164846,29;164577,26;164833,48;1,683983654E10;511239
WINFUT;20/05/2024;16:00:00;164654,12;164782,23;164609,29;164647,72;1,443408272E10;438187
WINFUT;20/05/2024;15:30:00;164692,56;164763,02;164577,26;164647,72;1,503687207E10;456590
WINFUT;20/05/2024;15:00:00;164724,59;164827,07;164506,80;164692,56;2,938736899E10;892427
WINFUT;20/05/2024;14:30:00;165128,13;165166,57;164641,31;164718,18;2,882174371E10;873734
WINFUT;20/05/2024;14:00:00;165390,76;165416,38;165102,51;165128,13;1,643171971E10;497159
WINFUT;20/05/2024;13:30:00;165550,90;165589,33;165326,70;165390,76;1,5007848E10;453558
WINFUT;20/05/2024;13:00:00;165685,41;165698,23;165486,84;165550,90;1,300473207E10;392685
WINFUT;20/05/2024;12:30:00;165845,55;165941,64;165602,14;165691,82;1,990097433E10;600274
WINFUT;20/05/2024;12:00:00;165358,73;165858,36;165115,32;165845,55;3,259485479E10;985042
WINFUT;20/05/2024;11:30:00;165422,79;165627,76;165269,06;165358,73;3,826740106E10;1156353
WINFUT;20/05/2024;11:00:00;164513,20;165435,60;164417,12;165416,38;4,911083444E10;1488916
WINFUT;20/05/2024;10:30:00;164513,20;164724,59;164192,93;164506,80;6,090228115E10;1851668
WINFUT;20/05/2024;10:00:00;164698,96;165083,29;164333,85;164506,80;6,670475271E10;2024409
WINFUT;20/05/2024;09:30:00;164769,42;164942,37;164532,42;164698,96;4,458385481E10;1353339
WINFUT;20/05/2024;09:00:00;165711,04;165736,66;164647,72;164769,42;4,729979686E10;1433958
WINFUT;17/05/2024;18:00:00;165397,17;165518,87;165269,06;165518,87;4136418884,00;125063
WINFUT;17/05/2024;17:30:00;165339,52;165442,00;165320,30;165397,17;6012962736,00;181789
WINFUT;17/05/2024;17:00:00;165422,79;165480,44;165205,00;165345,92;1,221523569E10;369450
WINFUT;17/05/2024;16:30:00;165377,95;165486,84;165307,49;165422,79;1,406686799E10;425235
WINFUT;17/05/2024;16:00:00;165326,70;165397,17;165243,43;165377,95;1,362555599E10;412105
WINFUT;17/05/2024;15:30:00;165166,57;165461,22;165147,35;165333,11;1,923058245E10;581602
WINFUT;17/05/2024;15:00:00;165243,43;165249,84;165012,83;165172,97;2,171768788E10;657602
WINFUT;17/05/2024;14:30:00;165224,22;165429,19;165179,38;165237,03;2,197048077E10;664587
WINFUT;17/05/2024;14:00:00;165102,51;165237,03;165019,24;165224,22;1,65656113E10;501658
WINFUT;17/05/2024;13:30:00;165000,02;165179,38;164935,97;165102,51;2,024274615E10;613239
WINFUT;17/05/2024;13:00:00;164852,70;165051,27;164724,59;164993,62;2,050905673E10;621906
WINFUT;17/05/2024;12:30:00;164942,37;164987,21;164775,83;164859,10;1,92936795E10;585105
WINFUT;17/05/2024;12:00:00;165064,08;165121,73;164923,16;164942,37;1,979852872E10;599886
WINFUT;17/05/2024;11:30:00;165185,78;165307,49;164910,35;165064,08;3,360941856E10;1017904
WINFUT;17/05/2024;11:00:00;164698,96;165256,24;164679,75;165192,19;3,90060445E10;1181922
WINFUT;17/05/2024;10:30:00;165237,03;165281,87;164519,61;164698,96;6,397518913E10;1940830
WINFUT;17/05/2024;10:00:00;164980,81;165595,74;164891,13;165243,43;6,078399844E10;1839860
WINFUT;17/05/2024;09:30:00;165012,83;165403,57;164916,75;164980,81;4,264899324E10;1291339
WINFUT;17/05/2024;09:00:00;165711,04;165743,06;165006,43;165019,24;3,683949517E10;1114333
WINFUT;16/05/2024;18:00:00;165480,44;165499,65;165294,68;165397,17;4751582258,00;143636
WINFUT;16/05/2024;17:30:00;165493,25;165563,71;165454,82;165474,03;6540535415,00;197583
WINFUT;16/05/2024;17:00:00;165506,06;165582,93;165397,17;165499,65;1,319345152E10;398617
WINFUT;16/05/2024;16:30:00;165621,36;165659,79;165333,11;165512,47;2,631068803E10;795004
WINFUT;16/05/2024;16:00:00;165672,60;165723,85;165582,93;165621,36;1,734620205E10;523577
WINFUT;16/05/2024;15:30:00;165461,22;165858,36;165390,76;165666,20;3,136302412E10;946632
WINFUT;16/05/2024;15:00:00;165358,73;165576,52;165288,27;165461,22;2,671471419E10;807484
WINFUT;16/05/2024;14:30:00;165403,57;165422,79;165115,32;165358,73;2,492334764E10;754054
WINFUT;16/05/2024;14:00:00;165301,08;165512,47;165230,62;165403,57;2,532497658E10;765640
WINFUT;16/05/2024;13:30:00;165147,35;165442,00;165038,46;165301,08;2,931399791E10;887047
WINFUT;16/05/2024;13:00:00;165416,38;165461,22;165147,35;165147,35;2,382627969E10;720562
WINFUT;16/05/2024;12:30:00;165288,27;165493,25;165256,24;165422,79;1,699568106E10;513922
WINFUT;16/05/2024;12:00:00;165493,25;165595,74;165262,65;165288,27;2,857236829E10;863637
WINFUT;16/05/2024;11:30:00;165352,33;165595,74;165121,73;165486,84;4,174343631E10;1262437
WINFUT;16/05/2024;11:00:00;164993,62;165384,35;164878,32;165358,73;4,589673058E10;1389967
WINFUT;16/05/2024;10:30:00;165800,71;165819,93;164961,59;164987,21;6,775655171E10;2048596
WINFUT;16/05/2024;10:00:00;166287,53;166428,46;165787,90;165807,12;5,596640293E10;1684533
WINFUT;16/05/2024;09:30:00;166364,40;166537,35;166210,67;166287,53;3,503410891E10;1052890
WINFUT;16/05/2024;09:00:00;165480,44;166415,64;165352,33;166364,40;4,391903597E10;1324090
WINFUT;15/05/2024;18:00:00;165371,54;165646,98;165262,65;165531,68;5752311065,00;173887
WINFUT;15/05/2024;17:30:00;165243,43;165384,35;165185,78;165365,14;8645678188,00;261548
WINFUT;15/05/2024;17:00:00;165313,89;165365,14;165115,32;165243,43;1,29682277E10;392474
WINFUT;15/05/2024;16:30:00;165211,41;165442,00;165172,97;165320,30;2,222555226E10;672252
WINFUT;15/05/2024;16:00:00;165390,76;165557,30;165160,16;165211,41;2,698304573E10;815899
WINFUT;15/05/2024;15:30:00;165089,70;165474,03;165070,48;165397,17;2,359700199E10;713792
WINFUT;15/05/2024;15:00:00;165057,67;165205,00;164814,26;165083,29;2,510405574E10;760713
WINFUT;15/05/2024;14:30:00;165006,43;165070,48;164795,05;165057,67;2,154262468E10;653148
WINFUT;15/05/2024;14:00:00;165416,38;165435,60;164897,53;165006,43;2,5410794E10;769410
WINFUT;15/05/2024;13:30:00;164795,05;165480,44;164788,64;165409,98;2,887678218E10;874599
WINFUT;15/05/2024;13:00:00;164737,40;164968,00;164647,72;164795,05;2,699932548E10;819165
WINFUT;15/05/2024;12:30:00;164993,62;165147,35;164634,91;164730,99;2,541509284E10;770795
WINFUT;15/05/2024;12:00:00;164692,56;165140,94;164237,77;164987,21;3,583118336E10;1086607
WINFUT;15/05/2024;11:30:00;163898,27;164718,18;163891,87;164692,56;4,488012944E10;1365027
WINFUT;15/05/2024;11:00:00;164321,04;164327,44;163795,78;163904,68;4,950061476E10;1509304
WINFUT;15/05/2024;10:30:00;164532,42;164590,07;163904,68;164321,04;7,381376959E10;2248409
WINFUT;15/05/2024;10:00:00;164263,39;164775,83;164013,57;164538,82;5,238448455E10;1592273
WINFUT;15/05/2024;09:30:00;163834,22;165205,00;163821,41;164263,39;5,575731686E10;1695978
WINFUT;15/05/2024;09:00:00;164276,20;165454,82;163481,91;163827,81;5,763134307E10;1758006
WINFUT;14/05/2024;18:00:00;166024,91;166210,67;165986,47;166204,26;3651045146,00;109918
WINFUT;14/05/2024;17:30:00;165948,04;166076,15;165909,61;166012,10;8639120071,00;260204
WINFUT;14/05/2024;17:00:00;165960,85;165960,85;165839,15;165954,45;9419392468,00;283880
WINFUT;14/05/2024;16:30:00;165813,53;166005,69;165800,71;165960,85;1,454600575E10;438371
WINFUT;14/05/2024;16:00:00;165839,15;165928,82;165749,47;165819,93;1,679996161E10;506487
WINFUT;14/05/2024;15:30:00;165813,53;166024,91;165775,09;165839,15;2,269244776E10;683880
WINFUT;14/05/2024;15:00:00;165589,33;165980,07;165550,90;165813,53;3,085599405E10;930682
WINFUT;14/05/2024;14:30:00;165877,58;165935,23;165570,12;165595,74;1,942574581E10;585884
WINFUT;14/05/2024;14:00:00;166050,53;166101,77;165736,66;165877,58;2,575957563E10;776412
WINFUT;14/05/2024;13:30:00;165903,20;166095,37;165864,77;166044,12;2,298454821E10;692377
WINFUT;14/05/2024;13:00:00;166056,94;166056,94;165672,60;165903,20;2,482399492E10;748387
WINFUT;14/05/2024;12:30:00;166274,72;166293,94;165948,04;166050,53;2,440467123E10;734664
WINFUT;14/05/2024;12:00:00;166390,02;166402,83;166185,05;166274,72;2,729048859E10;820523
WINFUT;14/05/2024;11:30:00;165960,85;166498,92;165794,31;166396,43;4,469498011E10;1345317
WINFUT;14/05/2024;11:00:00;165890,39;166255,51;165819,93;165967,26;5,391485571E10;1623699
WINFUT;14/05/2024;10:30:00;165281,87;165954,45;165147,35;165883,99;6,727421224E10;2032067
WINFUT;14/05/2024;10:00:00;165269,06;165499,65;165032,05;165281,87;5,648559054E10;1708768
WINFUT;14/05/2024;09:30:00;165358,73;165691,82;164634,91;165275,46;7,325583712E10;2215618
WINFUT;14/05/2024;09:00:00;164897,53;165499,65;164769,42;165365,14;4,13925928E10;1252442
WINFUT;13/05/2024;18:00:00;165640,58;165723,85;165576,52;165646,98;3624022600,00;109388
WINFUT;13/05/2024;17:30:00;165685,41;165704,63;165544,49;165634,17;6971355641,00;210464
WINFUT;13/05/2024;17:00:00;165646,98;165730,25;165377,95;165679,01;1,494630636E10;451300
WINFUT;13/05/2024;16:30:00;165608,55;165698,23;165531,68;165640,58;1,754759245E10;529772
WINFUT;13/05/2024;16:00:00;165557,30;165646,98;165442,00;165614,95;1,805363797E10;545229
WINFUT;13/05/2024;15:30:00;165531,68;165711,04;165416,38;165557,30;2,318891303E10;700229
WINFUT;13/05/2024;15:00:00;165230,62;165582,93;165179,38;165531,68;2,480977931E10;749884
WINFUT;13/05/2024;14:30:00;165301,08;165333,11;165044,86;165230,62;2,378171518E10;719965
WINFUT;13/05/2024;14:00:00;165301,08;165454,82;165038,46;165301,08;3,055930084E10;924489
WINFUT;13/05/2024;13:30:00;165333,11;165358,73;165172,97;165301,08;1,852014508E10;560294
WINFUT;13/05/2024;13:00:00;165384,35;165659,79;165320,30;165333,11;2,346144818E10;708852
WINFUT;13/05/2024;12:30:00;165262,65;165409,98;165172,97;165384,35;2,390053029E10;723021
WINFUT;13/05/2024;12:00:00;165614,95;165634,17;165237,03;165256,24;3,700209035E10;1118649
WINFUT;13/05/2024;11:30:00;166088,96;166095,37;165608,55;165608,55;2,971801627E10;895827
WINFUT;13/05/2024;11:00:00;166127,40;166185,05;165916,01;166088,96;3,42628097E10;1031701
WINFUT;13/05/2024;10:30:00;165365,14;166159,42;165345,92;166120,99;5,93658919E10;1790428
WINFUT;13/05/2024;10:00:00;165153,76;165582,93;165140,94;165371,54;4,28790696E10;1296422
WINFUT;13/05/2024;09:30:00;164955,18;165217,81;164852,70;165153,76;2,968957667E10;899391
WINFUT;13/05/2024;09:00:00;165608,55;165691,82;164814,26;164961,59;4,190257868E10;1268537
WINFUT;10/05/2024;18:00:00;164968,00;165032,05;164846,29;164916,75;4434653402,00;134426
WINFUT;10/05/2024;17:30:00;164865,51;165051,27;164865,51;164968,00;9963436808,00;301987
WINFUT;10/05/2024;17:00:00;164775,83;164923,16;164705,37;164865,51;1,133583215E10;343862
WINFUT;10/05/2024;16:30:00;164974,40;165000,02;164730,99;164769,42;1,877170413E10;569316
WINFUT;10/05/2024;16:00:00;165038,46;165134,54;164910,35;164974,40;1,93298534E10;585697
WINFUT;10/05/2024;15:30:00;165128,13;165192,19;165012,83;165044,86;1,625085843E10;492112
WINFUT;10/05/2024;15:00:00;165288,27;165288,27;165019,24;165121,73;2,071092872E10;627110
WINFUT;10/05/2024;14:30:00;165115,32;165345,92;165070,48;165294,68;1,788558367E10;541254
WINFUT;10/05/2024;14:00:00;165160,16;165160,16;164884,72;165121,73;2,19165329E10;664045
WINFUT;10/05/2024;13:30:00;165032,05;165243,43;164897,53;165153,76;2,084780332E10;631481
WINFUT;10/05/2024;13:00:00;164737,40;165076,89;164724,59;165032,05;2,413129655E10;731473
WINFUT;10/05/2024;12:30:00;164897,53;164910,35;164654,12;164730,99;2,660428956E10;807316
WINFUT;10/05/2024;12:00:00;165166,57;165256,24;164897,53;164897,53;2,91494782E10;882885
WINFUT;10/05/2024;11:30:00;165467,63;165506,06;165070,48;165172,97;4,384548862E10;1326302
WINFUT;10/05/2024;11:00:00;165775,09;165871,17;165397,17;165474,03;5,267699602E10;1589758
WINFUT;10/05/2024;10:30:00;166434,86;166575,78;165634,17;165768,69;6,305950884E10;1898652
WINFUT;10/05/2024;10:00:00;165698,23;166543,76;165698,23;166434,86;5,65594626E10;1702207
WINFUT;10/05/2024;09:30:00;166358,00;166370,81;165691,82;165704,63;3,539795519E10;1066266
WINFUT;10/05/2024;09:00:00;166031,31;166428,46;165659,79;166358,00;4,716448694E10;1420027
WINFUT;09/05/2024;18:00:00;165819,93;166120,99;165819,93;166095,37;5514840763,00;166134
WINFUT;09/05/2024;17:30:00;165883,99;166012,10;165749,47;165832,74;1,205287543E10;363232
WINFUT;09/05/2024;17:00:00;165679,01;165916,01;165563,71;165883,99;1,566171403E10;472606
WINFUT;09/05/2024;16:30:00;165736,66;165749,47;165544,49;165672,60;2,086121643E10;629668
WINFUT;09/05/2024;16:00:00;165832,74;165960,85;165679,01;165743,06;2,284649672E10;688950
WINFUT;09/05/2024;15:30:00;165864,77;165903,20;165563,71;165839,15;2,867439295E10;865163
WINFUT;09/05/2024;15:00:00;165230,62;165890,39;165166,57;165871,17;3,588988426E10;1084090
WINFUT;09/05/2024;14:30:00;164968,00;165256,24;164871,91;165230,62;2,268919155E10;687477
WINFUT;09/05/2024;14:00:00;164929,56;165025,65;164763,02;164974,40;2,390656609E10;724918
WINFUT;09/05/2024;13:30:00;164891,13;165051,27;164775,83;164929,56;2,104923422E10;638148
WINFUT;09/05/2024;13:00:00;164891,13;165083,29;164865,51;164891,13;1,938961045E10;587692
WINFUT;09/05/2024;12:30:00;165044,86;165128,13;164807,86;164897,53;2,484262473E10;752907
WINFUT;09/05/2024;12:00:00;164961,59;165269,06;164923,16;165038,46;3,260853812E10;987447
WINFUT;09/05/2024;11:30:00;164833,48;164968,00;164724,59;164968,00;3,087991816E10;936741
WINFUT;09/05/2024;11:00:00;164590,07;165038,46;164474,77;164833,48;5,103790645E10;1549175
WINFUT;09/05/2024;10:30:00;164718,18;165006,43;164558,04;164590,07;5,785312533E10;1755470
WINFUT;09/05/2024;10:00:00;165525,28;165570,12;164679,75;164718,18;6,680001826E10;2023378
WINFUT;09/05/2024;09:30:00;165506,06;165826,34;165358,73;165518,87;4,421312469E10;1335498
WINFUT;09/05/2024;09:00:00;166031,31;166063,34;165422,79;165499,65;5,635145266E10;1700550
WINFUT;08/05/2024;18:00:00;167331,64;168484,63;167318,82;167728,78;8588168637,00;256267
WINFUT;08/05/2024;17:30:00;167229,15;167434,12;167197,12;167318,82;1,182578758E10;353355
WINFUT;08/05/2024;17:00:00;167145,88;167293,20;167094,63;167229,15;1,336567639E10;399636
WINFUT;08/05/2024;16:30:00;167338,04;167427,72;167120,25;167145,88;2,420330935E10;723492
WINFUT;08/05/2024;16:00:00;167139,47;167434,12;167081,82;167338,04;2,904027013E10;867886
WINFUT;08/05/2024;15:30:00;167024,17;167241,96;166972,93;167133,06;2,363691515E10;707143
WINFUT;08/05/2024;15:00:00;166915,28;167056,20;166780,76;167017,76;2,093744102E10;627119
WINFUT;08/05/2024;14:30:00;167004,95;167075,41;166844,82;166908,87;1,907377236E10;571197
WINFUT;08/05/2024;14:00:00;167075,41;167081,82;166883,25;167004,95;2,298606344E10;688316
WINFUT;08/05/2024;13:30:00;167043,39;167165,09;167004,95;167069,01;1,784415572E10;533989
WINFUT;08/05/2024;13:00:00;167069,01;167139,47;166934,49;167036,98;1,608625408E10;481515
WINFUT;08/05/2024;12:30:00;167017,76;167267,58;166985,74;167062,60;2,674422197E10;800226
WINFUT;08/05/2024;12:00:00;166716,70;167043,39;166652,65;167011,36;3,174787318E10;951541
WINFUT;08/05/2024;11:30:00;167011,36;167056,20;166671,87;166710,30;3,241254412E10;971254
WINFUT;08/05/2024;11:00:00;166793,57;167056,20;166723,11;167011,36;4,205310943E10;1259906
WINFUT;08/05/2024;10:30:00;165819,93;166799,98;165787,90;166793,57;7,79314156E10;2341651
WINFUT;08/05/2024;10:00:00;165679,01;165839,15;165454,82;165819,93;4,494885994E10;1356957
WINFUT;08/05/2024;09:30:00;166005,69;166024,91;165589,33;165672,60;3,157457317E10;952452
WINFUT;08/05/2024;09:00:00;166415,64;166595,00;165883,99;165999,29;4,319661624E10;1300063
WINFUT;07/05/2024;18:00:00;167056,20;167171,50;166966,52;166998,55;3917022300,00;117225
WINFUT;07/05/2024;17:30:00;167049,79;167113,85;166985,74;167056,20;7170814100,00;214627
WINFUT;07/05/2024;17:00:00;166972,93;167113,85;166966,52;167056,20;1,132322373E10;338938
WINFUT;07/05/2024;16:30:00;167011,36;167113,85;166928,09;166979,33;1,81827295E10;544346
WINFUT;07/05/2024;16:00:00;167004,95;167056,20;166889,65;167011,36;1,699518901E10;508858
WINFUT;07/05/2024;15:30:00;167280,39;167286,80;166876,84;166998,55;3,145898805E10;941752
WINFUT;07/05/2024;15:00:00;167299,61;167389,29;167248,36;167280,39;1,545436272E10;461827
WINFUT;07/05/2024;14:30:00;167485,37;167517,40;167254,77;167299,61;1,887862798E10;563982
WINFUT;07/05/2024;14:00:00;167549,42;167562,23;167389,29;167485,37;1,684081037E10;502761
WINFUT;07/05/2024;13:30:00;167446,94;167575,05;167299,61;167549,42;2,396061634E10;715571
WINFUT;07/05/2024;13:00:00;167414,91;167600,67;167402,10;167453,34;1,455530795E10;434440
WINFUT;07/05/2024;12:30:00;167645,51;167677,53;167395,69;167421,31;1,935336447E10;577721
WINFUT;07/05/2024;12:00:00;167626,29;167792,83;167472,56;167639,10;3,026910535E10;902790
WINFUT;07/05/2024;11:30:00;167530,21;167709,56;167357,26;167619,88;3,912876396E10;1167433
WINFUT;07/05/2024;11:00:00;167017,76;167536,61;166876,84;167536,61;4,623910547E10;1382793
WINFUT;07/05/2024;10:30:00;167197,12;167389,29;166947,30;167017,76;6,129894896E10;1833385
WINFUT;07/05/2024;10:00:00;166896,06;167248,36;166851,22;167190,71;5,243514831E10;1569210
WINFUT;07/05/2024;09:30:00;166236,29;166928,09;166172,23;166902,47;3,738328897E10;1122794
WINFUT;07/05/2024;09:00:00;166120,99;166607,81;166031,31;166236,29;4,378186347E10;1316409
WINFUT;06/05/2024;18:00:00;166319,56;166364,40;166120,99;166120,99;4436383934,00;133424
WINFUT;06/05/2024;17:30:00;166210,67;166428,46;166172,23;166313,16;9805089565,00;294843
WINFUT;06/05/2024;17:00:00;166287,53;166345,18;166127,40;166210,67;1,255626451E10;377693
WINFUT;06/05/2024;16:30:00;166140,21;166313,16;166114,59;166287,53;1,940576395E10;583698
WINFUT;06/05/2024;16:00:00;166332,37;166345,18;166127,40;166146,61;1,901311147E10;571851
WINFUT;06/05/2024;15:30:00;166422,05;166441,27;166255,51;166325,97;1,904090202E10;572359
WINFUT;06/05/2024;15:00:00;166313,16;166460,48;166281,13;166428,46;2,243259996E10;674168
WINFUT;06/05/2024;14:30:00;166249,10;166415,64;166204,26;166313,16;2,186588118E10;657470
WINFUT;06/05/2024;14:00:00;166595,00;166678,27;166223,48;166255,51;3,268589193E10;981955
WINFUT;06/05/2024;13:30:00;166691,08;166870,44;166556,57;166588,59;2,509824425E10;752822
WINFUT;06/05/2024;13:00:00;166947,30;166979,33;166652,65;166691,08;1,979442697E10;593463
WINFUT;06/05/2024;12:30:00;166723,11;166972,93;166684,68;166947,30;1,939235334E10;581214
WINFUT;06/05/2024;12:00:00;166902,47;167011,36;166684,68;166723,11;2,876343491E10;862028
WINFUT;06/05/2024;11:30:00;166889,65;167120,25;166857,63;166902,47;2,803187566E10;839499
WINFUT;06/05/2024;11:00:00;166947,30;167069,01;166761,54;166883,25;4,153878399E10;1244315
WINFUT;06/05/2024;10:30:00;166300,35;166966,52;166217,07;166940,90;6,128280133E10;1839559
WINFUT;06/05/2024;10:00:00;165999,29;166377,21;165877,58;166293,94;5,14960359E10;1550029
WINFUT;06/05/2024;09:30:00;166018,50;166076,15;165922,42;166005,69;1,959446902E10;590205
WINFUT;06/05/2024;09:00:00;167075,41;167165,09;165967,26;166018,50;4,067143716E10;1222085
WINFUT;03/05/2024;18:00:00;166646,24;166915,28;166595,00;166767,95;5955309905,00;178539
WINFUT;03/05/2024;17:30:00;166691,08;166742,33;166588,59;166646,24;8356929016,00;250712
WINFUT;03/05/2024;17:00:00;166460,48;166755,14;166383,62;166691,08;1,936417408E10;581211
WINFUT;03/05/2024;16:30:00;166486,11;166562,97;166358,00;166454,08;1,782331028E10;535409
WINFUT;03/05/2024;16:00:00;166460,48;166562,97;166390,02;166486,11;1,513839147E10;454674
WINFUT;03/05/2024;15:30:00;166460,48;166511,73;166358,00;166460,48;1,464908983E10;440087
WINFUT;03/05/2024;15:00:00;166409,24;166575,78;166383,62;166460,48;2,066382656E10;620616
WINFUT;03/05/2024;14:30:00;166223,48;166454,08;166191,45;166409,24;1,878215311E10;564637
WINFUT;03/05/2024;14:00:00;166095,37;166274,72;165992,88;166217,07;2,292874763E10;690114
WINFUT;03/05/2024;13:30:00;166466,89;166492,51;166088,96;166088,96;1,829853865E10;550189
WINFUT;03/05/2024;13:00:00;166255,51;166569,38;166204,26;166466,89;2,055396925E10;617512
WINFUT;03/05/2024;12:30:00;166255,51;166345,18;166165,83;166249,10;1,784547874E10;536644
WINFUT;03/05/2024;12:00:00;166313,16;166492,51;166185,05;166255,51;2,696799772E10;810574
WINFUT;03/05/2024;11:30:00;166165,83;166402,83;165999,29;166306,75;3,752167006E10;1128799
WINFUT;03/05/2024;11:00:00;166165,83;166633,43;165967,26;166159,42;7,465411981E10;2245584
WINFUT;03/05/2024;10:30:00;166454,08;166729,52;166082,56;166165,83;5,432312368E10;1633123
WINFUT;03/05/2024;10:00:00;166614,22;166947,30;166274,72;166454,08;5,381661043E10;1615716
WINFUT;03/05/2024;09:30:00;163847,03;166703,89;163782,97;166620,62;9,305888867E10;2800309
WINFUT;03/05/2024;09:00:00;164558,04;164775,83;163847,03;163898,27;3,428669836E10;1043823
WINFUT;02/05/2024;18:00:00;164577,26;164609,29;164327,44;164327,44;4519784196,00;137404
WINFUT;02/05/2024;17:30:00;164461,96;164615,69;164429,93;164583,66;1,125586407E10;342057
WINFUT;02/05/2024;17:00:00;164724,59;164737,40;164429,93;164468,36;1,586796963E10;482158
WINFUT;02/05/2024;16:30:00;164993,62;164993,62;164634,91;164724,59;2,394770194E10;726613
WINFUT;02/05/2024;16:00:00;165134,54;165307,49;164955,18;164993,62;3,144461585E10;951941
WINFUT;02/05/2024;15:30:00;164647,72;165140,94;164615,69;165140,94;2,945200788E10;892946
WINFUT;02/05/2024;15:00:00;164705,37;164788,64;164455,55;164641,31;2,663913884E10;809078
WINFUT;02/05/2024;14:30:00;164666,94;164814,26;164538,82;164705,37;2,048242295E10;621836
WINFUT;02/05/2024;14:00:00;164410,71;164833,48;164404,31;164673,34;2,941644673E10;893356
WINFUT;02/05/2024;13:30:00;164109,65;164641,31;164000,76;164410,71;3,067892548E10;933506
WINFUT;02/05/2024;13:00:00;164333,85;164340,25;164045,60;164116,06;2,33934599E10;712413
WINFUT;02/05/2024;12:30:00;164365,88;164442,74;164237,77;164340,25;2,148650598E10;653664
WINFUT;02/05/2024;12:00:00;164429,93;164506,80;164314,63;164365,88;2,33926533E10;711374
WINFUT;02/05/2024;11:30:00;164199,33;164538,82;164096,84;164423,53;4,394792605E10;1337079
WINFUT;02/05/2024;11:00:00;164391,50;164417,12;163827,81;164199,33;6,239348048E10;1901301
WINFUT;02/05/2024;10:30:00;164814,26;164916,75;164269,79;164385,09;6,565009212E10;1994250
WINFUT;02/05/2024;10:00:00;164820,67;165051,27;164718,18;164820,67;4,744321262E10;1438731
WINFUT;02/05/2024;09:30:00;164705,37;164929,56;164641,31;164820,67;2,362137491E10;716569
WINFUT;02/05/2024;09:00:00;164205,74;164846,29;164109,65;164711,77;3,573268475E10;1085193
WINFUT;30/04/2024;18:00:00;163270,53;163276,94;163148,83;163148,83;3771293518,00;115546
WINFUT;30/04/2024;17:30:00;163097,58;163308,96;163052,74;163264,12;8610361836,00;263851
WINFUT;30/04/2024;17:00:00;163168,04;163296,15;163020,71;163097,58;2,287062888E10;701010
WINFUT;30/04/2024;16:30:00;163039,93;163411,45;162963,06;163168,04;2,948897511E10;903715
WINFUT;30/04/2024;16:00:00;163052,74;163148,83;162956,66;163033,53;1,913370405E10;586754
WINFUT;30/04/2024;15:30:00;163065,55;163321,77;162988,69;163059,15;2,351286718E10;720608
WINFUT;30/04/2024;15:00:00;163206,47;163270,53;163052,74;163065,55;1,950581231E10;597720
WINFUT;30/04/2024;14:30:00;163059,15;163225,69;162988,69;163200,07;2,192913642E10;672183
WINFUT;30/04/2024;14:00:00;162905,41;163129,61;162892,60;163059,15;1,951337106E10;598586
WINFUT;30/04/2024;13:30:00;163161,64;163161,64;162847,77;162899,01;2,230175792E10;684217
WINFUT;30/04/2024;13:00:00;163071,96;163200,07;162918,23;163161,64;1,872679273E10;574216
WINFUT;30/04/2024;12:30:00;163136,01;163174,45;162899,01;163065,55;2,315905421E10;710210
WINFUT;30/04/2024;12:00:00;163289,75;163405,05;163033,53;163129,61;2,911326301E10;892045
WINFUT;30/04/2024;11:30:00;163539,56;163635,65;163251,31;163283,34;3,354075907E10;1026004
WINFUT;30/04/2024;11:00:00;163802,19;163994,35;163533,16;163539,56;4,978406314E10;1520450
WINFUT;30/04/2024;10:30:00;163962,33;164218,55;163744,54;163808,59;5,804153555E10;1769963
WINFUT;30/04/2024;10:00:00;164301,82;164461,96;163923,89;163962,33;5,741188201E10;1748250
WINFUT;30/04/2024;09:30:00;164538,82;164545,23;163955,92;164308,23;4,872259591E10;1483816
WINFUT;30/04/2024;09:00:00;164391,50;164775,83;164231,36;164538,82;3,764477748E10;1144017
WINFUT;29/04/2024;18:00:00;164801,45;164974,40;164775,83;164865,51;3849227813,00;116732
WINFUT;29/04/2024;17:30:00;164769,42;164852,70;164686,15;164795,05;7475560860,00;226867
WINFUT;29/04/2024;17:00:00;164705,37;164916,75;164673,34;164763,02;1,713369024E10;519820
WINFUT;29/04/2024;16:30:00;164615,69;164769,42;164577,26;164705,37;1,897654529E10;576188
WINFUT;29/04/2024;16:00:00;164666,94;164705,37;164314,63;164615,69;3,787724406E10;1151202
WINFUT;29/04/2024;15:30:00;164775,83;164807,86;164455,55;164666,94;2,995193526E10;909654
WINFUT;29/04/2024;15:00:00;164679,75;164865,51;164609,29;164782,23;2,179701973E10;661501
WINFUT;29/04/2024;14:30:00;164666,94;164737,40;164602,88;164679,75;1,430074184E10;434222
WINFUT;29/04/2024;14:00:00;164583,66;164711,77;164545,23;164673,34;2,003443851E10;608466
WINFUT;29/04/2024;13:30:00;164417,12;164602,88;164353,06;164583,66;2,074340796E10;630463
WINFUT;29/04/2024;13:00:00;164160,90;164417,12;164096,84;164417,12;1,989133093E10;605551
WINFUT;29/04/2024;12:30:00;164353,06;164378,69;164045,60;164167,30;2,666942266E10;812231
WINFUT;29/04/2024;12:00:00;164404,31;164577,26;164256,98;164353,06;2,833280057E10;861640
WINFUT;29/04/2024;11:30:00;164301,82;164500,39;164084,03;164397,90;3,85769391E10;1174250
WINFUT;29/04/2024;11:00:00;164263,39;164410,71;164013,57;164308,23;4,118635589E10;1254092
WINFUT;29/04/2024;10:30:00;163911,08;164455,55;163815,00;164263,39;6,017854821E10;1833157
WINFUT;29/04/2024;10:00:00;163808,59;164173,71;163782,97;163917,49;4,877688086E10;1487454
WINFUT;29/04/2024;09:30:00;163815,00;164039,19;163744,54;163808,59;2,80528661E10;855882
WINFUT;29/04/2024;09:00:00;163968,73;164154,49;163622,83;163815,00;3,49586219E10;1066118
WINFUT;26/04/2024;18:00:00;163911,08;164218,55;163827,81;163981,54;6358828655,00;193803
WINFUT;26/04/2024;17:30:00;163776,57;163936,71;163757,35;163904,68;6822220929,00;208190
WINFUT;26/04/2024;17:00:00;163821,41;163955,92;163706,11;163776,57;1,390964769E10;424497
WINFUT;26/04/2024;16:30:00;164064,82;164071,22;163789,38;163821,41;1,874647334E10;571811
WINFUT;26/04/2024;16:00:00;164205,74;164289,01;164045,60;164064,82;1,590112298E10;484296
WINFUT;26/04/2024;15:30:00;164141,68;164301,82;164103,25;164205,74;1,616238973E10;492123
WINFUT;26/04/2024;15:00:00;164000,76;164250,58;163936,71;164135,28;2,169082422E10;660918
WINFUT;26/04/2024;14:30:00;163827,81;164116,06;163827,81;164000,76;1,72986998E10;527394
WINFUT;26/04/2024;14:00:00;163923,89;163955,92;163744,54;163827,81;1,786302527E10;545083
WINFUT;26/04/2024;13:30:00;164032,79;164122,47;163898,27;163923,89;1,927565319E10;587629
WINFUT;26/04/2024;13:00:00;163943,11;164045,60;163789,38;164039,19;1,664757284E10;507868
WINFUT;26/04/2024;12:30:00;163789,38;163994,35;163680,48;163943,11;1,927191774E10;588140
WINFUT;26/04/2024;12:00:00;163629,24;163795,78;163488,32;163789,38;2,179120048E10;665825
WINFUT;26/04/2024;11:30:00;163545,97;163731,73;163462,70;163622,83;2,700099571E10;825173
WINFUT;26/04/2024;11:00:00;163603,62;163808,59;163392,24;163539,56;3,675966039E10;1123673
WINFUT;26/04/2024;10:30:00;162899,01;163879,06;162847,77;163610,02;5,783441664E10;1768284
WINFUT;26/04/2024;10:00:00;162687,63;163001,50;162354,54;162905,41;5,188504291E10;1594986
WINFUT;26/04/2024;09:30:00;161854,91;162706,84;161848,50;162687,63;5,623590371E10;1731722
WINFUT;26/04/2024;09:00:00;162380,16;162918,23;161739,61;161854,91;3,715761919E10;1145651
WINFUT;25/04/2024;18:00:00;161272,01;161387,30;161252,79;161278,41;2750753742,00;85258
WINFUT;25/04/2024;17:30:00;161272,01;161355,28;161182,33;161272,01;7539238027,00;233733
WINFUT;25/04/2024;17:00:00;161380,90;161579,47;161246,38;161272,01;1,981688887E10;613707
WINFUT;25/04/2024;16:30:00;161534,63;161560,25;161220,76;161387,30;1,946495706E10;603128
WINFUT;25/04/2024;16:00:00;161291,22;161630,71;161182,33;161534,63;2,536251464E10;785698
WINFUT;25/04/2024;15:30:00;161284,82;161419,33;161207,95;161297,63;2,018951941E10;625825
WINFUT;25/04/2024;15:00:00;161259,19;161476,98;161118,27;161284,82;2,754763607E10;853809
WINFUT;25/04/2024;14:30:00;161233,57;161438,55;161137,49;161265,60;3,050746726E10;945828
WINFUT;25/04/2024;14:00:00;161233,57;161361,68;160977,35;161233,57;2,831833868E10;878572
WINFUT;25/04/2024;13:30:00;161239,98;161310,44;161099,06;161233,57;2,072739419E10;642846
WINFUT;25/04/2024;13:00:00;161630,71;161662,74;161156,71;161239,98;2,732725747E10;846731
WINFUT;25/04/2024;12:30:00;161489,79;161656,34;161323,25;161630,71;2,675489464E10;828286
WINFUT;25/04/2024;12:00:00;161060,62;161547,44;161060,62;161489,79;3,25407948E10;1008553
WINFUT;25/04/2024;11:30:00;160804,40;161214,36;160727,54;161060,62;4,193720591E10;1302635
WINFUT;25/04/2024;11:00:00;160471,31;160951,73;160413,66;160804,40;5,008069433E10;1558172
WINFUT;25/04/2024;10:30:00;160676,29;160810,81;160189,47;160471,31;6,696825183E10;2086360
WINFUT;25/04/2024;10:00:00;161355,28;161380,90;160496,94;160669,89;5,587552622E10;1736886
WINFUT;25/04/2024;09:30:00;162425,00;163027,12;161252,79;161355,28;6,210930846E10;1918990
WINFUT;25/04/2024;09:00:00;161310,44;162629,98;161105,46;162425,00;4,581720243E10;1414132
WINFUT;24/04/2024;18:00:00;161739,61;161758,83;161605,09;161694,77;3710342865,00;114741
WINFUT;24/04/2024;17:30:00;161656,34;161758,83;161579,47;161739,61;8366913663,00;258764
WINFUT;24/04/2024;17:00:00;161970,21;161995,83;161560,25;161656,34;2,075892773E10;641872
WINFUT;24/04/2024;16:30:00;162002,24;162136,75;161918,96;161976,61;1,94781887E10;601062
WINFUT;24/04/2024;16:00:00;161906,15;162053,48;161778,04;161995,83;2,129899152E10;657741
WINFUT;24/04/2024;15:30:00;162040,67;162085,51;161867,72;161912,56;2,107199646E10;650494
WINFUT;24/04/2024;15:00:00;162021,45;162066,29;161739,61;162040,67;2,860379776E10;883345
WINFUT;24/04/2024;14:30:00;162015,05;162085,51;161810,07;162021,45;2,452645413E10;757262
WINFUT;24/04/2024;14:00:00;161950,99;162162,37;161867,72;162015,05;3,111655309E10;960291
WINFUT;24/04/2024;13:30:00;161746,01;161995,83;161611,50;161950,99;2,12373798E10;656402
WINFUT;24/04/2024;13:00:00;161598,69;161822,88;161541,04;161752,42;1,952695895E10;603820
WINFUT;24/04/2024;12:30:00;161630,71;161713,99;161425,74;161605,09;2,721544548E10;842131
WINFUT;24/04/2024;12:00:00;161970,21;162040,67;161605,09;161624,31;3,010233649E10;930011
WINFUT;24/04/2024;11:30:00;161906,15;162194,40;161746,01;161976,61;4,112613541E10;1269611
WINFUT;24/04/2024;11:00:00;162040,67;162367,35;161854,91;161912,56;5,345097259E10;1648411
WINFUT;24/04/2024;10:30:00;162258,46;162367,35;161899,75;162040,67;6,071270488E10;1872264
WINFUT;24/04/2024;10:00:00;162335,32;162623,57;162181,59;162258,46;4,717656643E10;1452436
WINFUT;24/04/2024;09:30:00;162847,77;162956,66;162328,92;162335,32;3,69272697E10;1135090
WINFUT;24/04/2024;09:00:00;162751,68;163084,77;162617,17;162841,36;3,117833161E10;957466
WINFUT;23/04/2024;18:00:00;162284,08;162380,16;162149,56;162149,56;3112795871,00;95910
WINFUT;23/04/2024;17:30:00;162245,65;162360,95;162207,21;162277,67;8058367277,00;248285
WINFUT;23/04/2024;17:00:00;162405,78;162405,78;162079,10;162252,05;1,592657736E10;490969
WINFUT;23/04/2024;16:30:00;162450,62;162540,30;162296,89;162412,19;2,503253797E10;770628
WINFUT;23/04/2024;16:00:00;162995,09;162995,09;162412,19;162450,62;2,693157558E10;827683
WINFUT;23/04/2024;15:30:00;162809,33;163001,50;162713,25;162988,69;2,125144403E10;652396
WINFUT;23/04/2024;15:00:00;162815,74;162879,79;162591,54;162809,33;2,257844715E10;693698
WINFUT;23/04/2024;14:30:00;162924,63;163039,93;162751,68;162815,74;2,018877789E10;619678
WINFUT;23/04/2024;14:00:00;162847,77;163257,72;162834,95;162924,63;2,9554314E10;906574
WINFUT;23/04/2024;13:30:00;162597,95;162982,28;162546,71;162847,77;3,003570653E10;922782
WINFUT;23/04/2024;13:00:00;162047,07;162610,76;161963,80;162591,54;2,75172029E10;847732
WINFUT;23/04/2024;12:30:00;161797,26;162175,18;161720,39;162047,07;2,633456087E10;812912
WINFUT;23/04/2024;12:00:00;161592,28;161925,37;161515,42;161797,26;3,171810635E10;980521
WINFUT;23/04/2024;11:30:00;161720,39;162040,67;161476,98;161598,69;4,663326656E10;1441372
WINFUT;23/04/2024;11:00:00;161758,83;162027,86;161560,25;161720,39;4,990780007E10;1541925
WINFUT;23/04/2024;10:30:00;161611,50;161867,72;161111,87;161765,23;8,92189257E10;2762464
WINFUT;23/04/2024;10:00:00;161835,69;161835,69;161316,84;161624,31;5,626511722E10;1741186
WINFUT;23/04/2024;09:30:00;161970,21;161983,02;161637,12;161829,29;2,966414204E10;916671
WINFUT;23/04/2024;09:00:00;162732,47;162751,68;161861,31;161976,61;4,130553195E10;1273682
WINFUT;22/04/2024;18:00:00;162841,36;163315,37;162815,74;163193,66;3609031716,00;110719
WINFUT;22/04/2024;17:30:00;162866,98;163052,74;162777,30;162841,36;1,087777434E10;333830
WINFUT;22/04/2024;17:00:00;162905,41;162905,41;162713,25;162866,98;1,190247356E10;365537
WINFUT;22/04/2024;16:30:00;162879,79;162931,04;162687,63;162911,82;2,488224285E10;764067
WINFUT;22/04/2024;16:00:00;163123,20;163212,88;162834,95;162879,79;2,257280605E10;692200
WINFUT;22/04/2024;15:30:00;163039,93;163187,26;162931,04;163123,20;2,174553134E10;666772
WINFUT;22/04/2024;15:00:00;162937,44;163123,20;162841,36;163039,93;2,002209605E10;614233
WINFUT;22/04/2024;14:30:00;162956,66;163142,42;162854,17;162937,44;2,587156824E10;793545
WINFUT;22/04/2024;14:00:00;163481,91;163539,56;162924,63;162956,66;2,924044818E10;895728
WINFUT;22/04/2024;13:30:00;163129,61;163501,13;163039,93;163488,32;2,985699119E10;914182
WINFUT;22/04/2024;13:00:00;162514,68;163142,42;162367,35;163136,01;3,211795816E10;986607
WINFUT;22/04/2024;12:30:00;162469,84;162521,08;162188,00;162514,68;1,838524236E10;566323
WINFUT;22/04/2024;12:00:00;162277,67;162489,06;162168,78;162469,84;2,246595681E10;692099
WINFUT;22/04/2024;11:30:00;162316,11;162444,22;162168,78;162277,67;3,879883491E10;1195194
WINFUT;22/04/2024;11:00:00;161899,75;162540,30;161803,66;162316,11;5,713586643E10;1761144
WINFUT;22/04/2024;10:30:00;162072,70;162123,94;161579,47;161893,34;5,539157932E10;1711701
WINFUT;22/04/2024;10:00:00;162559,52;162668,41;161950,99;162079,10;5,494244673E10;1692189
WINFUT;22/04/2024;09:30:00;162815,74;162886,20;162533,89;162559,52;2,784561714E10;855777
WINFUT;22/04/2024;09:00:00;163078,36;163103,99;162162,37;162809,33;4,413290415E10;1357253
WINFUT;19/04/2024;18:00:00;162341,73;162527,49;162284,08;162444,22;3635987986,00;111934
WINFUT;19/04/2024;17:30:00;162373,76;162469,84;162245,65;162341,73;7387035002,00;227500
WINFUT;19/04/2024;17:00:00;162565,92;162572,33;162226,43;162380,16;1,451599942E10;446922
WINFUT;19/04/2024;16:30:00;162271,27;162604,36;162117,53;162565,92;2,585179551E10;796104
WINFUT;19/04/2024;16:00:00;162200,81;162437,81;162098,32;162277,67;2,300678265E10;708972
WINFUT;19/04/2024;15:30:00;162040,67;162258,46;161874,12;162207,21;2,520660357E10;777621
WINFUT;19/04/2024;15:00:00;162412,19;162425,00;161912,56;162040,67;3,71452405E10;1145488
WINFUT;19/04/2024;14:30:00;162316,11;162585,14;162220,02;162412,19;2,608995035E10;803234
WINFUT;19/04/2024;14:00:00;162495,46;162553,11;162284,08;162316,11;2,454736495E10;755668
WINFUT;19/04/2024;13:30:00;162322,51;162585,14;162162,37;162489,06;2,345125345E10;722149
WINFUT;19/04/2024;13:00:00;162501,87;162597,95;162207,21;162316,11;2,369772494E10;729778
WINFUT;19/04/2024;12:30:00;162540,30;162719,65;162457,03;162501,87;1,833657167E10;563925
WINFUT;19/04/2024;12:00:00;162700,44;162873,39;162418,59;162540,30;2,773407103E10;852472
WINFUT;19/04/2024;11:30:00;162777,30;162918,23;162348,13;162694,03;4,729760641E10;1453605
WINFUT;19/04/2024;11:00:00;162360,95;162783,71;161970,21;162770,90;5,510330202E10;1697727
WINFUT;19/04/2024;10:30:00;161681,96;162489,06;161592,28;162354,54;6,40396702E10;1975699
WINFUT;19/04/2024;10:00:00;161323,25;161688,36;161188,73;161688,36;5,052362209E10;1564874
WINFUT;19/04/2024;09:30:00;161637,12;161739,61;161304,03;161323,25;3,311991518E10;1025284
WINFUT;19/04/2024;09:00:00;160631,45;161701,18;160586,61;161630,71;4,157468927E10;1288963
WINFUT;18/04/2024;18:00:00;161131,08;161246,38;161047,81;161214,36;3756666139,00;116567
WINFUT;18/04/2024;17:30:00;161067,03;161156,71;160932,51;161137,49;8527966738,00;264794
WINFUT;18/04/2024;17:00:00;161028,59;161246,38;161022,19;161060,62;1,171201639E10;363388
WINFUT;18/04/2024;16:30:00;160964,54;161304,03;160958,13;161028,59;2,502384338E10;776419
WINFUT;18/04/2024;16:00:00;160644,26;161022,19;160631,45;160964,54;2,646448246E10;822511
WINFUT;18/04/2024;15:30:00;160765,97;160913,30;160599,42;160644,26;2,452304246E10;762821
WINFUT;18/04/2024;15:00:00;160657,07;160945,32;160471,31;160772,37;3,268858856E10;1017035
WINFUT;18/04/2024;14:30:00;160471,31;160695,51;160221,50;160657,07;3,062351476E10;954070
WINFUT;18/04/2024;14:00:00;160516,15;160541,77;160125,42;160477,72;3,434504116E10;1070998
WINFUT;18/04/2024;13:30:00;160804,40;160919,70;160375,23;160516,15;3,759621175E10;1170156
WINFUT;18/04/2024;13:00:00;161118,27;161163,11;160714,72;160804,40;2,716216825E10;844222
WINFUT;18/04/2024;12:30:00;161406,52;161899,75;161060,62;161124,68;3,700695168E10;1147319
WINFUT;18/04/2024;12:00:00;161771,64;161931,77;161368,09;161406,52;3,462726717E10;1070797
WINFUT;18/04/2024;11:30:00;162412,19;162469,84;161649,93;161771,64;4,226687829E10;1303626
WINFUT;18/04/2024;11:00:00;162149,56;162437,81;161861,31;162412,19;4,027187945E10;1241334
WINFUT;18/04/2024;10:30:00;161842,10;162245,65;161432,14;162155,97;7,081663814E10;2187319
WINFUT;18/04/2024;10:00:00;161637,12;162200,81;161521,82;161835,69;6,154737942E10;1901942
WINFUT;18/04/2024;09:30:00;160830,02;161643,53;160573,80;161637,12;4,764892807E10;1478698
WINFUT;18/04/2024;09:00:00;161893,34;161906,15;160733,94;160836,43;4,071786449E10;1262832
WINFUT;17/04/2024;18:00:00;161035,00;161432,14;161028,59;161329,65;4140484683,00;128424
WINFUT;17/04/2024;17:30:00;161124,68;161143,89;160983,76;161041,41;7821023390,00;242791
WINFUT;17/04/2024;17:00:00;161336,06;161374,49;161099,06;161118,27;1,108588432E10;343724
WINFUT;17/04/2024;16:30:00;161163,11;161400,12;161047,81;161342,47;2,547498351E10;789955
WINFUT;17/04/2024;16:00:00;161079,84;161227,17;160862,05;161163,11;2,438121164E10;756953
WINFUT;17/04/2024;15:30:00;161124,68;161592,28;160964,54;161079,84;3,240251966E10;1004622
WINFUT;17/04/2024;15:00:00;161432,14;161515,42;160996,57;161118,27;2,402401242E10;744789
WINFUT;17/04/2024;14:30:00;161214,36;161681,96;161182,33;161432,14;2,938127474E10;910112
WINFUT;17/04/2024;14:00:00;161009,38;161515,42;160868,46;161220,76;3,877055215E10;1202778
WINFUT;17/04/2024;13:30:00;160958,13;161054,22;160496,94;161009,38;3,578519821E10;1112970
WINFUT;17/04/2024;13:00:00;161560,25;161579,47;160778,78;160951,73;3,897974147E10;1210162
WINFUT;17/04/2024;12:30:00;161368,09;161681,96;161118,27;161560,25;3,523883316E10;1091426
WINFUT;17/04/2024;12:00:00;161310,44;161854,91;161297,63;161374,49;3,33347938E10;1031354
WINFUT;17/04/2024;11:30:00;161470,58;161624,31;161143,89;161323,25;3,576990315E10;1108371
WINFUT;17/04/2024;11:00:00;161592,28;161726,80;161188,73;161470,58;4,50467377E10;1394734
WINFUT;17/04/2024;10:30:00;162412,19;162489,06;161419,33;161592,28;7,223507917E10;2229351
WINFUT;17/04/2024;10:00:00;162328,92;162777,30;162207,21;162412,19;4,46926249E10;1375602
WINFUT;17/04/2024;09:30:00;162290,48;162514,68;162091,91;162322,51;2,861892167E10;881517
WINFUT;17/04/2024;09:00:00;162303,30;162924,63;162040,67;162290,48;3,624241221E10;1116098
WINFUT;16/04/2024;18:00:00;161449,01;161468,50;161163,11;161163,11;2773066715,00;85925
WINFUT;16/04/2024;17:30:00;161767,40;161780,40;161286,57;161449,01;1,021396948E10;316146
WINFUT;16/04/2024;17:00:00;161721,92;161812,88;161533,48;161767,40;1,373409833E10;424730
WINFUT;16/04/2024;16:30:00;162098,78;162098,78;161669,93;161721,92;2,66135804E10;822066
WINFUT;16/04/2024;16:00:00;162287,22;162378,19;162001,32;162098,78;2,552979611E10;787169
WINFUT;16/04/2024;15:30:00;161838,87;162332,70;161767,40;162280,72;3,642438221E10;1123476
WINFUT;16/04/2024;15:00:00;161975,33;162670,58;161669,93;161845,37;5,764095602E10;1777372
WINFUT;16/04/2024;14:30:00;161916,85;162137,77;161488,00;161975,33;7,102587317E10;2194607
WINFUT;16/04/2024;14:00:00;162209,25;162261,23;161890,86;161910,35;2,988415055E10;921940
WINFUT;16/04/2024;13:30:00;162215,74;162339,20;162014,31;162215,74;2,91547923E10;898886
WINFUT;16/04/2024;13:00:00;162514,64;162527,63;162157,26;162215,74;2,83540451E10;873453
WINFUT;16/04/2024;12:30:00;162261,23;162709,57;162046,80;162521,14;3,690604823E10;1136557
WINFUT;16/04/2024;12:00:00;161780,40;162287,22;161760,90;162261,23;3,757782881E10;1159513
WINFUT;16/04/2024;11:30:00;161565,97;162144,27;161410,02;161786,89;5,51897214E10;1705322
WINFUT;16/04/2024;11:00:00;161319,06;161871,36;161215,09;161565,97;5,429967973E10;1680344
WINFUT;16/04/2024;10:30:00;161533,48;161715,42;160825,23;161319,06;7,681159455E10;2381984
WINFUT;16/04/2024;10:00:00;161449,01;161624,45;161306,06;161526,98;4,60461437E10;1425891
WINFUT;16/04/2024;09:30:00;161403,53;161786,89;161377,54;161455,51;3,317059958E10;1026486
WINFUT;16/04/2024;09:00:00;162677,08;162690,08;161358,04;161403,53;5,046116876E10;1558870
WINFUT;15/04/2024;18:00:00;162820,03;162885,01;162657,59;162677,08;5014626217,00;154070
WINFUT;15/04/2024;17:30:00;162748,56;162898,00;162651,09;162820,03;1,266141232E10;388966
WINFUT;15/04/2024;17:00:00;163157,91;163177,41;162742,06;162748,56;1,809012361E10;555156
WINFUT;15/04/2024;16:30:00;162936,99;163229,39;162898,00;163164,41;2,612895854E10;801209
WINFUT;15/04/2024;16:00:00;162962,98;163079,94;162657,59;162930,49;2,647860285E10;812739
WINFUT;15/04/2024;15:30:00;162872,01;163255,38;162813,53;162962,98;3,353241061E10;1028601
WINFUT;15/04/2024;15:00:00;163092,94;163092,94;162586,11;162872,01;3,178598592E10;976114
WINFUT;15/04/2024;14:30:00;162859,02;163138,42;162540,63;163086,44;4,370433258E10;1342505
WINFUT;15/04/2024;14:00:00;163560,77;163651,74;162657,59;162852,52;4,778223723E10;1464348
WINFUT;15/04/2024;13:30:00;163515,29;163638,74;163359,34;163567,27;2,336106159E10;714353
WINFUT;15/04/2024;13:00:00;163957,13;163963,63;163385,33;163515,29;2,942400885E10;899033
WINFUT;15/04/2024;12:30:00;164113,08;164119,58;163788,19;163950,64;2,529631439E10;771537
WINFUT;15/04/2024;12:00:00;163742,71;164126,07;163593,26;164113,08;3,065719792E10;935920
WINFUT;15/04/2024;11:30:00;163729,71;164197,55;163638,74;163742,71;5,487912751E10;1674227
WINFUT;15/04/2024;11:00:00;164054,60;164054,60;163560,77;163729,71;5,431184144E10;1657793
WINFUT;15/04/2024;10:30:00;163612,75;164171,56;163300,86;164054,60;6,910882798E10;2109651
WINFUT;15/04/2024;10:00:00;163775,20;163918,15;163281,37;163612,75;5,721706539E10;1749007
WINFUT;15/04/2024;09:30:00;163970,13;164022,11;163645,24;163781,69;4,265212788E10;1301828
WINFUT;15/04/2024;09:00:00;164476,95;164762,85;163905,15;163970,13;3,376940084E10;1027919
WINFUT;12/04/2024;18:00:00;163833,68;163859,67;163677,73;163703,72;3203051484,00;97786
WINFUT;12/04/2024;17:30:00;163768,70;163885,66;163749,21;163833,68;5876964959,00;179375
WINFUT;12/04/2024;17:00:00;163710,22;163937,64;163632,25;163768,70;1,655318006E10;505383
WINFUT;12/04/2024;16:30:00;163599,76;163989,62;163573,77;163716,72;3,138023188E10;958017
WINFUT;12/04/2024;16:00:00;163534,78;163651,74;163385,33;163599,76;2,797104579E10;855245
WINFUT;12/04/2024;15:30:00;163859,67;163885,66;163502,29;163528,28;3,50780078E10;1071609
WINFUT;12/04/2024;15:00:00;164113,08;164223,54;163833,68;163859,67;3,061709531E10;933275
WINFUT;12/04/2024;14:30:00;164126,07;164210,54;163970,13;164106,58;2,730355731E10;831992
WINFUT;12/04/2024;14:00:00;164541,93;164678,38;164048,10;164126,07;3,641663568E10;1107823
WINFUT;12/04/2024;13:30:00;165068,24;165120,23;164470,45;164541,93;3,323377362E10;1008861
WINFUT;12/04/2024;13:00:00;165178,71;165458,11;165029,26;165061,75;2,712725967E10;820915
WINFUT;12/04/2024;12:30:00;165165,71;165321,66;165061,75;165178,71;2,404726124E10;727873
WINFUT;12/04/2024;12:00:00;164938,29;165211,19;164827,83;165159,21;3,469359976E10;1051177
WINFUT;12/04/2024;11:30:00;165406,13;165659,54;164912,30;164938,29;4,45557461E10;1347778
WINFUT;12/04/2024;11:00:00;165763,50;166049,40;165328,15;165406,13;5,874046972E10;1773152
WINFUT;12/04/2024;10:30:00;165925,94;166036,41;165529,58;165757,00;5,328997452E10;1607526
WINFUT;12/04/2024;10:00:00;165815,48;166055,90;165341,15;165925,94;6,989025566E10;2109359
WINFUT;12/04/2024;09:30:00;165737,51;165951,94;165575,07;165821,98;4,428743569E10;1335833
WINFUT;12/04/2024;09:00:00;166016,91;166172,86;165711,52;165744,01;3,301161814E10;994503
WINFUT;11/04/2024;18:00:00;165724,52;165847,97;165614,05;165614,05;3251421141,00;98084
WINFUT;11/04/2024;17:30:00;165646,54;165847,97;165601,06;165718,02;9542034675,00;287865
WINFUT;11/04/2024;17:00:00;165705,02;165789,49;165575,07;165640,04;1,237238531E10;373376
WINFUT;11/04/2024;16:30:00;165860,97;165997,42;165698,52;165705,02;2,061471653E10;621433
WINFUT;11/04/2024;16:00:00;165646,54;166023,41;165562,07;165854,47;3,194697283E10;963413
WINFUT;11/04/2024;15:30:00;166140,37;166270,32;165640,04;165653,04;3,129308474E10;943018
WINFUT;11/04/2024;15:00:00;165984,42;166387,28;165912,95;166140,37;3,322622848E10;999899
WINFUT;11/04/2024;14:30:00;165750,51;166023,41;165724,52;165984,42;2,597775854E10;782958
WINFUT;11/04/2024;14:00:00;165490,60;165828,48;165250,18;165744,01;3,614111379E10;1091214
WINFUT;11/04/2024;13:30:00;165445,11;165601,06;165367,14;165497,09;2,688708501E10;812344
WINFUT;11/04/2024;13:00:00;166003,92;166062,40;165432,12;165445,11;3,621721039E10;1093047
WINFUT;11/04/2024;12:30:00;165594,56;166036,41;165581,57;166003,92;2,909885167E10;877086
WINFUT;11/04/2024;12:00:00;165705,02;165815,48;165536,08;165588,06;2,64870205E10;799337
WINFUT;11/04/2024;11:30:00;165380,14;165841,47;165354,14;165698,52;3,487357187E10;1052905
WINFUT;11/04/2024;11:00:00;165880,46;165919,45;165302,16;165386,63;5,209941284E10;1573053
WINFUT;11/04/2024;10:30:00;166101,38;166283,32;165757,00;165873,96;5,600729192E10;1687064
WINFUT;11/04/2024;10:00:00;166302,81;166504,24;165893,46;166094,89;4,247678551E10;1277325
WINFUT;11/04/2024;09:30:00;165711,52;166601,71;165471,10;166302,81;5,702803956E10;1715156
WINFUT;11/04/2024;09:00:00;166276,82;166764,15;165562,07;165718,02;4,303830859E10;1296415
WINFUT;10/04/2024;18:00:00;166679,68;166764,15;166491,25;166764,15;3863538326,00;115953
WINFUT;10/04/2024;17:30:00;166556,22;166712,17;166523,74;166679,68;7628380084,00;228925
WINFUT;10/04/2024;17:00:00;166608,21;166705,67;166400,28;166556,22;1,588309208E10;476846
WINFUT;10/04/2024;16:30:00;166608,21;166777,15;166393,78;166608,21;2,845922432E10;854153
WINFUT;10/04/2024;16:00:00;166406,78;166692,68;166231,34;166601,71;3,255214736E10;977889
WINFUT;10/04/2024;15:30:00;166718,67;166777,15;166400,28;166406,78;2,997359493E10;899432
WINFUT;10/04/2024;15:00:00;166770,65;167024,06;166601,71;166718,67;3,42349608E10;1026124
WINFUT;10/04/2024;14:30:00;166991,57;167231,99;166491,25;166770,65;5,118072324E10;1534262
WINFUT;10/04/2024;14:00:00;167082,54;167400,93;166634,20;166985,07;5,063710135E10;1516200
WINFUT;10/04/2024;13:30:00;166952,59;167199,50;166874,61;167089,04;2,165443294E10;648213
WINFUT;10/04/2024;13:00:00;166907,10;167147,52;166894,11;166952,59;2,07955081E10;622524
WINFUT;10/04/2024;12:30:00;167193,00;167231,99;166783,64;166907,10;2,908875957E10;871062
WINFUT;10/04/2024;12:00:00;167771,30;167855,77;167037,06;167193,00;3,995435048E10;1193795
WINFUT;10/04/2024;11:30:00;167810,29;168057,20;167504,89;167771,30;4,722440898E10;1407287
WINFUT;10/04/2024;11:00:00;168083,19;168187,15;167647,84;167810,29;4,923838025E10;1465944
WINFUT;10/04/2024;10:30:00;167758,30;168343,10;167673,83;168089,69;6,64650939E10;1977720
WINFUT;10/04/2024;10:00:00;168823,93;168830,43;167745,31;167751,81;7,335654125E10;2181063
WINFUT;10/04/2024;09:30:00;170519,84;170623,80;168193,65;168817,43;8,846340936E10;2619844
WINFUT;10/04/2024;09:00:00;169720,62;170734,26;169720,62;170519,84;4,621055781E10;1357090
WINFUT;09/04/2024;18:00:00;169207,30;169441,21;169181,31;169304,76;4724001459,00;139524
WINFUT;09/04/2024;17:30:00;169168,31;169330,75;169083,84;169207,30;1,165454628E10;344420
WINFUT;09/04/2024;17:00:00;169285,27;169395,73;169090,34;169168,31;1,861309332E10;549824
WINFUT;09/04/2024;16:30:00;169129,32;169304,76;168895,41;169291,77;2,955622296E10;873969
WINFUT;09/04/2024;16:00:00;168791,44;169155,31;168512,04;169135,82;3,456950823E10;1024099
WINFUT;09/04/2024;15:30:00;168849,92;168921,40;168713,47;168784,94;2,362590547E10;699816
WINFUT;09/04/2024;15:00:00;168817,43;169057,85;168706,97;168849,92;2,950959492E10;873689
WINFUT;09/04/2024;14:30:00;168473,05;168901,90;168473,05;168823,93;2,961969923E10;877848
WINFUT;09/04/2024;14:00:00;168486,05;168544,53;168271,62;168473,05;2,951450325E10;876183
WINFUT;09/04/2024;13:30:00;168719,97;168914,90;168473,05;168492,55;2,628936778E10;779192
WINFUT;09/04/2024;13:00:00;168706,97;168921,40;168654,99;168719,97;2,118549327E10;627549
WINFUT;09/04/2024;12:30:00;168603,01;168895,41;168577,02;168706,97;2,932899254E10;868991
WINFUT;09/04/2024;12:00:00;168745,96;168953,89;168551,03;168596,51;3,822899934E10;1132380
WINFUT;09/04/2024;11:30:00;168966,88;168986,37;168271,62;168745,96;5,667319786E10;1680426
WINFUT;09/04/2024;11:00:00;168739,46;169350,25;168700,47;168973,38;5,422976698E10;1603598
WINFUT;09/04/2024;10:30:00;168791,44;169135,82;168492,55;168739,46;7,353966686E10;2178642
WINFUT;09/04/2024;10:00:00;168693,98;168797,94;168388,58;168791,44;4,624866811E10;1371645
WINFUT;09/04/2024;09:30:00;168505,54;168817,43;168492,55;168693,98;3,308336968E10;980930
WINFUT;09/04/2024;09:00:00;168096,19;168629,00;167946,74;168505,54;4,255308699E10;1263327
WINFUT;08/04/2024;18:00:00;168031,21;168141,67;167628,35;167628,35;7231727655,00;215270
WINFUT;08/04/2024;17:30:00;168206,65;168219,64;167862,27;168031,21;1,46773143E10;436749
WINFUT;08/04/2024;17:00:00;167998,72;168245,63;167849,27;168206,65;1,902488249E10;566043
WINFUT;08/04/2024;16:30:00;168141,67;168375,59;167868,76;167998,72;3,421976106E10;1017639
WINFUT;08/04/2024;16:00:00;167615,35;168258,63;167576,37;168141,67;3,93256834E10;1171165
WINFUT;08/04/2024;15:30:00;167706,32;167706,32;167374,94;167615,35;2,768573705E10;826381
WINFUT;08/04/2024;15:00:00;167719,32;167823,28;167589,36;167706,32;2,159759397E10;643920
WINFUT;08/04/2024;14:30:00;167719,32;167868,76;167660,84;167725,81;1,916496281E10;571265
WINFUT;08/04/2024;14:00:00;167511,39;167732,31;167485,40;167719,32;2,157392539E10;643659
WINFUT;08/04/2024;13:30:00;167407,43;167556,87;167394,43;167511,39;1,511502429E10;451227
WINFUT;08/04/2024;13:00:00;167550,38;167706,32;167387,93;167407,43;2,338689104E10;697904
WINFUT;08/04/2024;12:30:00;167563,37;167602,36;167283,97;167556,87;2,662721823E10;794959
WINFUT;08/04/2024;12:00:00;167218,99;167647,84;167193,00;167569,87;2,847057995E10;850080
WINFUT;08/04/2024;11:30:00;167160,51;167303,46;166933,09;167218,99;3,131712476E10;936741
WINFUT;08/04/2024;11:00:00;166959,08;167180,01;166640,69;167160,51;4,009626617E10;1201109
WINFUT;08/04/2024;10:30:00;165802,49;167238,49;165789,49;166965,58;7,273766451E10;2181394
WINFUT;08/04/2024;10:00:00;165744,01;166055,90;165562,07;165802,49;4,835008187E10;1458249
WINFUT;08/04/2024;09:30:00;165354,14;165750,51;165295,67;165750,51;2,170299422E10;655724
WINFUT;08/04/2024;09:00:00;165497,09;165653,04;165068,24;165354,14;2,867161751E10;866756
WINFUT;05/04/2024;18:00:00;165120,23;165269,67;164899,30;165269,67;4891486336,00;148190
WINFUT;05/04/2024;17:30:00;164821,33;165172,21;164795,34;165120,23;1,276509128E10;386872
WINFUT;05/04/2024;17:00:00;165237,19;165276,17;164743,36;164821,33;2,045253111E10;619745
WINFUT;05/04/2024;16:30:00;165276,17;165484,10;165217,69;165237,19;2,191880687E10;662841
WINFUT;05/04/2024;16:00:00;165185,20;165347,65;164983,77;165276,17;2,366549438E10;716376
WINFUT;05/04/2024;15:30:00;165029,26;165224,19;165003,27;165185,20;2,322727493E10;703331
WINFUT;05/04/2024;15:00:00;164899,30;165224,19;164717,37;165029,26;3,449297892E10;1045277
WINFUT;05/04/2024;14:30:00;165490,60;165542,58;164795,34;164905,80;3,637459537E10;1101881
WINFUT;05/04/2024;14:00:00;165789,49;165795,99;165406,13;165484,10;2,811800525E10;849061
WINFUT;05/04/2024;13:30:00;165490,60;165886,96;165347,65;165789,49;3,418296219E10;1032084
WINFUT;05/04/2024;13:00:00;165510,09;165601,06;165295,67;165490,60;2,450420931E10;740546
WINFUT;05/04/2024;12:30:00;165068,24;165529,58;164879,81;165503,59;3,50545525E10;1061073
WINFUT;05/04/2024;12:00:00;165282,67;165523,09;164697,87;165068,24;5,050190705E10;1529910
WINFUT;05/04/2024;11:30:00;164860,32;165354,14;164723,87;165276,17;4,533382305E10;1374175
WINFUT;05/04/2024;11:00:00;165601,06;165724,52;164821,33;164860,32;5,428092063E10;1643537
WINFUT;05/04/2024;10:30:00;165873,96;165938,94;165230,69;165601,06;6,579303026E10;1987487
WINFUT;05/04/2024;10:00:00;166244,33;166276,82;165607,56;165867,47;5,833439247E10;1757811
WINFUT;05/04/2024;09:30:00;166608,21;166861,62;165821,98;166250,83;6,276229304E10;1888766
WINFUT;05/04/2024;09:00:00;166192,35;166731,66;166029,91;166614,70;3,538899281E10;1063166
WINFUT;04/04/2024;18:00:00;166062,40;166140,37;165802,49;165899,95;5140702401,00;154866
WINFUT;04/04/2024;17:30:00;166081,89;166107,88;165821,98;166075,39;1,006102552E10;303114
WINFUT;04/04/2024;17:00:00;166179,36;166335,30;166068,89;166081,89;1,483611975E10;446327
WINFUT;04/04/2024;16:30:00;166172,86;166309,31;165763,50;166172,86;4,034383247E10;1214452
WINFUT;04/04/2024;16:00:00;166783,64;166783,64;166127,37;166172,86;4,789783311E10;1439079
WINFUT;04/04/2024;15:30:00;167147,52;167348,95;166653,69;166777,15;4,817656106E10;1442020
WINFUT;04/04/2024;15:00:00;167914,25;168180,66;167121,53;167154,01;4,883735727E10;1456850
WINFUT;04/04/2024;14:30:00;168401,58;168460,06;167881,76;167914,25;2,489710371E10;740079
WINFUT;04/04/2024;14:00:00;168505,54;168667,99;168395,08;168401,58;1,951920358E10;579063
WINFUT;04/04/2024;13:30:00;168914,90;168921,40;168473,05;168505,54;2,181512291E10;646522
WINFUT;04/04/2024;13:00:00;168758,95;169090,34;168752,46;168914,90;2,300316539E10;680822
WINFUT;04/04/2024;12:30:00;168395,08;168856,42;168336,60;168765,45;2,981494624E10;883982
WINFUT;04/04/2024;12:00:00;167361,94;168531,53;167309,96;168395,08;5,886966337E10;1751749
WINFUT;04/04/2024;11:30:00;168291,12;168369,09;167355,44;167361,94;7,363576693E10;2194339
WINFUT;04/04/2024;11:00:00;168206,65;168654,99;168206,65;168297,61;5,019005676E10;1489610
WINFUT;04/04/2024;10:30:00;167810,29;168375,59;167621,85;168213,14;6,898801963E10;2052327
WINFUT;04/04/2024;10:00:00;166530,23;167842,77;166510,74;167803,79;7,572818143E10;2263962
WINFUT;04/04/2024;09:30:00;166439,27;166536,73;166224,84;166523,74;2,939781619E10;883660
WINFUT;04/04/2024;09:00:00;166263,83;166478,25;166003,92;166432,77;3,257411329E10;979838
WINFUT;03/04/2024;18:00:00;165906,45;166003,92;165899,95;165964,93;2762739345,00;83241
WINFUT;03/04/2024;17:30:00;165912,95;166023,41;165886,96;165906,45;7083720182,00;213438
WINFUT;03/04/2024;17:00:00;166049,40;166133,87;165893,46;165912,95;1,057642113E10;318523
WINFUT;03/04/2024;16:30:00;165802,49;166146,87;165750,51;166049,40;2,093960283E10;630800
WINFUT;03/04/2024;16:00:00;166036,41;166127,37;165718,02;165802,49;2,893646492E10;871955
WINFUT;03/04/2024;15:30:00;166153,37;166283,32;166016,91;166036,41;1,823384236E10;548717
WINFUT;03/04/2024;15:00:00;166335,30;166354,79;166101,38;166146,87;2,463810495E10;741190
WINFUT;03/04/2024;14:30:00;166185,85;166614,70;166185,85;166335,30;3,52995027E10;1060401
WINFUT;03/04/2024;14:00:00;165542,58;166211,84;165484,10;166192,35;3,623678202E10;1092419
WINFUT;03/04/2024;13:30:00;165159,21;165555,57;165100,73;165542,58;3,079889589E10;931595
WINFUT;03/04/2024;13:00:00;165003,27;165204,70;164853,82;165165,71;2,378617314E10;720652
WINFUT;03/04/2024;12:30:00;164886,31;165204,70;164775,85;165003,27;3,002027404E10;909710
WINFUT;03/04/2024;12:00:00;164957,78;165068,24;164853,82;164886,31;2,498002685E10;757155
WINFUT;03/04/2024;11:30:00;164593,91;165042,25;164509,44;164957,78;3,384184894E10;1026836
WINFUT;03/04/2024;11:00:00;164853,82;165191,70;164528,93;164600,41;5,436856826E10;1649489
WINFUT;03/04/2024;10:30:00;165763,50;165971,43;164743,36;164847,32;7,148115366E10;2161237
WINFUT;03/04/2024;10:00:00;165919,45;166257,33;165666,04;165757,00;6,047686873E10;1821727
WINFUT;03/04/2024;09:30:00;165984,42;166036,41;165802,49;165919,45;2,597254606E10;782713
WINFUT;03/04/2024;09:00:00;165802,49;166107,88;165594,56;165984,42;3,448651879E10;1039522
WINFUT;02/04/2024;18:00:00;166335,30;166341,80;166029,91;166029,91;3427158789,00;103089
WINFUT;02/04/2024;17:30:00;166380,79;166432,77;166276,82;166328,80;6553841822,00;196982
WINFUT;02/04/2024;17:00:00;166413,27;166452,26;166283,32;166374,29;1,197474646E10;359897
WINFUT;02/04/2024;16:30:00;166328,80;166549,73;166309,31;166413,27;2,18350685E10;655934
WINFUT;02/04/2024;16:00:00;166140,37;166393,78;166140,37;166328,80;2,238993679E10;673220
WINFUT;02/04/2024;15:30:00;166049,40;166244,33;165971,43;166140,37;1,986132783E10;597839
WINFUT;02/04/2024;15:00:00;165912,95;166218,34;165802,49;166049,40;2,399819287E10;722653
WINFUT;02/04/2024;14:30:00;165711,52;165997,42;165581,57;165906,45;2,96065965E10;892969
WINFUT;02/04/2024;14:00:00;165555,57;165724,52;165263,18;165711,52;2,987224797E10;902517
WINFUT;02/04/2024;13:30:00;165334,65;165575,07;165269,67;165555,57;1,743031394E10;526901
WINFUT;02/04/2024;13:00:00;165341,15;165386,63;165211,19;165334,65;1,627310242E10;492241
WINFUT;02/04/2024;12:30:00;165607,56;165607,56;165243,68;165334,65;2,388420465E10;722015
WINFUT;02/04/2024;12:00:00;165549,08;165750,51;165471,10;165607,56;2,57645045E10;777711
WINFUT;02/04/2024;11:30:00;166023,41;166029,91;165399,63;165542,58;4,05114919E10;1222320
WINFUT;02/04/2024;11:00:00;165815,48;166107,88;165152,72;166029,91;6,255744233E10;1886555
WINFUT;02/04/2024;10:30:00;165724,52;165964,93;165562,07;165815,48;5,379913004E10;1622510
WINFUT;02/04/2024;10:00:00;165497,09;165776,50;165302,16;165731,01;4,912422329E10;1483432
WINFUT;02/04/2024;09:30:00;165659,54;165679,03;165211,19;165497,09;3,840525942E10;1160718
WINFUT;02/04/2024;09:00:00;165886,96;166159,86;165490,60;165659,54;3,449037178E10;1040403
WINFUT;01/04/2024;18:00:00;165679,03;165744,01;165568,57;165692,03;5020720342,00;151534
WINFUT;01/04/2024;17:30:00;165718,02;165763,50;165640,04;165672,53;7832914019,00;236343
WINFUT;01/04/2024;17:00:00;165789,49;165802,49;165607,56;165718,02;1,547821553E10;467061
WINFUT;01/04/2024;16:30:00;165503,59;165854,47;165503,59;165782,99;2,300037724E10;694002
WINFUT;01/04/2024;16:00:00;165523,09;165685,53;165438,62;165510,09;2,126664956E10;642162
WINFUT;01/04/2024;15:30:00;165770,00;165795,99;165471,10;165529,58;2,110042527E10;636981
WINFUT;01/04/2024;15:00:00;165711,52;165808,99;165620,55;165770,00;1,656347592E10;499764
WINFUT;01/04/2024;14:30:00;165692,03;165763,50;165588,06;165705,02;1,805962372E10;544995
WINFUT;01/04/2024;14:00:00;165951,94;165951,94;165536,08;165692,03;3,068082068E10;925660
WINFUT;01/04/2024;13:30:00;166023,41;166068,89;165912,95;165945,44;1,208000763E10;363895
WINFUT;01/04/2024;13:00:00;165951,94;166114,38;165919,45;166023,41;1,773522762E10;534123
WINFUT;01/04/2024;12:30:00;166159,86;166159,86;165893,46;165951,94;2,318622911E10;698430
WINFUT;01/04/2024;12:00:00;166406,78;166419,77;166055,90;166159,86;2,728839662E10;820978
WINFUT;01/04/2024;11:30:00;166309,31;166471,75;166276,82;166400,28;2,32023351E10;697358
WINFUT;01/04/2024;11:00:00;167082,54;167095,54;166296,32;166315,81;4,68266213E10;1405122
WINFUT;01/04/2024;10:30:00;167790,79;167855,77;166835,63;167076,04;5,473341537E10;1636580
WINFUT;01/04/2024;10:00:00;167602,36;167979,23;167426,92;167777,80;4,244268081E10;1265814
WINFUT;01/04/2024;09:30:00;167387,93;167615,35;167348,95;167595,86;1,579012807E10;471357
WINFUT;01/04/2024;09:00:00;167498,39;167732,31;167303,46;167387,93;2,795792574E10;834620
WINFUT;28/03/2024;18:00:00;167335,95;167433,42;167257,98;167303,46;4339980462,00;129657
WINFUT;28/03/2024;17:30:00;167193,00;167381,44;167180,01;167342,45;7368667449,00;220278
WINFUT;28/03/2024;17:00:00;167465,91;167498,39;167180,01;167186,50;1,501408582E10;448642
WINFUT;28/03/2024;16:30:00;167348,95;167589,36;167303,46;167465,91;2,260951637E10;675078
WINFUT;28/03/2024;16:00:00;167186,50;167355,44;167115,03;167348,95;1,580580892E10;472579
WINFUT;28/03/2024;15:30:00;167244,98;167322,96;167030,56;167180,01;2,23861109E10;669632
WINFUT;28/03/2024;15:00:00;167206,00;167394,43;167186,50;167244,98;1,72553674E10;515712
WINFUT;28/03/2024;14:30:00;167108,53;167277,47;167076,04;167199,50;1,825527833E10;545961
WINFUT;28/03/2024;14:00:00;167283,97;167296,96;166959,08;167115,03;2,203115403E10;659167
WINFUT;28/03/2024;13:30:00;167316,46;167355,44;167173,51;167277,47;1,992071303E10;595440
WINFUT;28/03/2024;13:00:00;167472,40;167491,90;167270,97;167316,46;1,773726019E10;529871
WINFUT;28/03/2024;12:30:00;167355,44;167660,84;167316,46;167472,40;2,480474669E10;740330
WINFUT;28/03/2024;12:00:00;167290,47;167420,42;167154,01;167348,95;2,11969598E10;633501
WINFUT;28/03/2024;11:30:00;167160,51;167361,94;167141,02;167296,96;1,90624366E10;569814
WINFUT;28/03/2024;11:00:00;167037,06;167290,47;166998,07;167160,51;3,367132482E10;1007181
WINFUT;28/03/2024;10:30:00;166289,82;167108,53;166244,33;167037,06;5,445868585E10;1632746
WINFUT;28/03/2024;10:00:00;166296,32;166575,72;166153,37;166283,32;4,347565136E10;1306780
WINFUT;28/03/2024;09:30:00;166257,33;166458,76;166140,37;166296,32;2,726641757E10;819689
WINFUT;28/03/2024;09:00:00;166270,32;166406,78;166101,38;166263,83;2,218018764E10;666988
WINFUT;27/03/2024;18:00:00;166614,70;166705,67;166367,79;166367,79;3571157271,00;107185
WINFUT;27/03/2024;17:30:00;166523,74;166699,17;166374,29;166614,70;1,407199104E10;422402
WINFUT;27/03/2024;17:00:00;166913,60;166913,60;166478,25;166523,74;1,726060798E10;517640
WINFUT;27/03/2024;16:30:00;166614,70;166965,58;166536,73;166913,60;3,078690598E10;922766
WINFUT;27/03/2024;16:00:00;166458,76;166725,16;166452,26;166614,70;2,719701965E10;816173
WINFUT;27/03/2024;15:30:00;166406,78;166465,26;166302,81;166458,76;1,653637918E10;496900
WINFUT;27/03/2024;15:00:00;165880,46;166640,69;165873,96;166406,78;3,488908374E10;1048936
WINFUT;27/03/2024;14:30:00;165925,94;166003,92;165821,98;165886,96;2,042598322E10;615535
WINFUT;27/03/2024;14:00:00;165984,42;166101,38;165886,96;165925,94;2,104045964E10;633770
WINFUT;27/03/2024;13:30:00;165906,45;166010,42;165860,97;165984,42;1,856266408E10;559302
WINFUT;27/03/2024;13:00:00;165919,45;165945,44;165828,48;165912,95;1,526333526E10;460051
WINFUT;27/03/2024;12:30:00;165705,02;166036,41;165692,03;165919,45;2,433396206E10;733443
WINFUT;27/03/2024;12:00:00;165588,06;165737,51;165549,08;165705,02;2,260296316E10;682225
WINFUT;27/03/2024;11:30:00;165328,15;165666,04;165295,67;165594,56;3,498061832E10;1056798
WINFUT;27/03/2024;11:00:00;165367,14;165386,63;164821,33;165321,66;5,152876199E10;1560609
WINFUT;27/03/2024;10:30:00;165341,15;165614,05;165198,20;165367,14;4,538077728E10;1372050
WINFUT;27/03/2024;10:00:00;165601,06;165601,06;165269,67;165341,15;4,391977602E10;1327452
WINFUT;27/03/2024;09:30:00;165620,55;165698,52;165523,09;165594,56;1,590128972E10;480088
WINFUT;27/03/2024;09:00:00;166081,89;166133,87;165471,10;165620,55;2,745087096E10;828653
WINFUT;26/03/2024;18:00:00;165860,97;165899,95;165802,49;165867,47;3215182433,00;96921
WINFUT;26/03/2024;17:30:00;165906,45;165906,45;165834,98;165860,97;4696456780,00;141567
WINFUT;26/03/2024;17:00:00;165880,46;165945,44;165828,48;165899,95;9041086409,00;272501
WINFUT;26/03/2024;16:30:00;165951,94;165964,93;165802,49;165880,46;1,962180465E10;591492
WINFUT;26/03/2024;16:00:00;166055,90;166062,40;165919,45;165951,94;1,508113001E10;454287
WINFUT;26/03/2024;15:30:00;166179,36;166198,85;165977,93;166055,90;1,524046513E10;458864
WINFUT;26/03/2024;15:00:00;166075,39;166244,33;166003,92;166185,85;1,889868258E10;568824
WINFUT;26/03/2024;14:30:00;166081,89;166211,84;166003,92;166068,89;1,643427409E10;494738
WINFUT;26/03/2024;14:00:00;165951,94;166263,83;165938,94;166081,89;2,592065406E10;780167
WINFUT;26/03/2024;13:30:00;166101,38;166146,87;165919,45;165945,44;1,269649256E10;382368
WINFUT;26/03/2024;13:00:00;166042,90;166166,36;165958,43;166094,89;1,806174139E10;543840
WINFUT;26/03/2024;12:30:00;165880,46;166127,37;165724,52;166042,90;2,503142131E10;754266
WINFUT;26/03/2024;12:00:00;165821,98;166010,42;165763,50;165873,96;2,348997175E10;707963
WINFUT;26/03/2024;11:30:00;165932,44;165984,42;165698,52;165821,98;3,279856557E10;988925
WINFUT;26/03/2024;11:00:00;165880,46;166192,35;165854,47;165938,94;4,719319035E10;1421205
WINFUT;26/03/2024;10:30:00;165711,52;165886,96;165477,60;165880,46;4,448951312E10;1342618
WINFUT;26/03/2024;10:00:00;165315,16;165757,00;165263,18;165711,52;5,076760047E10;1533779
WINFUT;26/03/2024;09:30:00;165367,14;165399,63;165178,71;165315,16;2,222096165E10;672321
WINFUT;26/03/2024;09:00:00;165886,96;165893,46;165308,66;165367,14;3,062497871E10;925394
WINFUT;25/03/2024;18:00:00;165828,48;165893,46;165763,50;165776,50;3514573828,00;105973
WINFUT;25/03/2024;17:30:00;165815,48;165873,96;165789,49;165821,98;4617838449,00;139233
WINFUT;25/03/2024;17:00:00;165821,98;166003,92;165795,99;165821,98;1,152426825E10;347317
WINFUT;25/03/2024;16:30:00;165834,98;166049,40;165776,50;165821,98;1,74387863E10;525565
WINFUT;25/03/2024;16:00:00;165984,42;166042,90;165821,98;165841,47;1,952069817E10;588260
WINFUT;25/03/2024;15:30:00;165815,48;166133,87;165770,00;165990,92;2,065063628E10;622136
WINFUT;25/03/2024;15:00:00;165705,02;165841,47;165627,05;165808,99;1,621832584E10;489236
WINFUT;25/03/2024;14:30:00;165867,47;165899,95;165666,04;165698,52;2,036389259E10;614171
WINFUT;25/03/2024;14:00:00;166003,92;166062,40;165860,97;165867,47;1,638822793E10;493729
WINFUT;25/03/2024;13:30:00;166094,89;166107,88;165958,43;166003,92;1,423387054E10;428656
WINFUT;25/03/2024;13:00:00;166140,37;166231,34;166016,91;166094,89;1,419198752E10;427137
WINFUT;25/03/2024;12:30:00;165919,45;166211,84;165906,45;166133,87;1,79979383E10;541827
WINFUT;25/03/2024;12:00:00;165932,44;166010,42;165828,48;165919,45;1,55222511E10;467762
WINFUT;25/03/2024;11:30:00;166166,36;166289,82;165776,50;165932,44;3,317633498E10;999165
WINFUT;25/03/2024;11:00:00;166003,92;166270,32;165880,46;166166,36;3,256939548E10;980346
WINFUT;25/03/2024;10:30:00;165685,53;166198,85;165659,54;166010,42;5,131265787E10;1546045
WINFUT;25/03/2024;10:00:00;165938,94;166237,84;165640,04;165685,53;5,355321918E10;1613759
WINFUT;25/03/2024;09:30:00;165815,48;166081,89;165763,50;165938,94;1,949052675E10;587245
WINFUT;25/03/2024;09:00:00;166016,91;166023,41;165425,62;165821,98;3,318309109E10;1001022
WINFUT;22/03/2024;18:00:00;166068,89;166068,89;165873,96;165873,96;3258459334,00;98152
WINFUT;22/03/2024;17:30:00;165984,42;166133,87;165964,93;166062,40;6251704650,00;188228
WINFUT;22/03/2024;17:00:00;166003,92;166146,87;165971,43;165984,42;1,082759217E10;326044
WINFUT;22/03/2024;16:30:00;166107,88;166224,84;165984,42;166010,42;1,847374714E10;555983
WINFUT;22/03/2024;16:00:00;166218,34;166237,84;165854,47;166107,88;2,310355581E10;695826
WINFUT;22/03/2024;15:30:00;166120,88;166231,34;165958,43;166211,84;1,866952809E10;562009
WINFUT;22/03/2024;15:00:00;166055,90;166133,87;165880,46;166120,88;2,413225395E10;726859
WINFUT;22/03/2024;14:30:00;166159,86;166198,85;165990,92;166055,90;1,838936995E10;553633
WINFUT;22/03/2024;14:00:00;166400,28;166445,76;166029,91;166159,86;2,484560339E10;747275
WINFUT;22/03/2024;13:30:00;166328,80;166491,25;166263,83;166400,28;1,684452884E10;506200
WINFUT;22/03/2024;13:00:00;166536,73;166601,71;166179,36;166335,30;2,723839387E10;818586
WINFUT;22/03/2024;12:30:00;166822,63;166842,12;166400,28;166536,73;2,199480271E10;659973
WINFUT;22/03/2024;12:00:00;166634,20;166907,10;166517,24;166829,13;3,254391139E10;975813
WINFUT;22/03/2024;11:30:00;166543,23;166790,14;166432,77;166640,69;3,279106891E10;983957
WINFUT;22/03/2024;11:00:00;166855,12;167043,55;166341,80;166543,23;4,840100719E10;1452109
WINFUT;22/03/2024;10:30:00;166673,18;166998,07;166569,22;166861,62;5,961916897E10;1787402
WINFUT;22/03/2024;10:00:00;166965,58;167309,96;166634,20;166679,68;5,001605809E10;1497228
WINFUT;22/03/2024;09:30:00;167004,57;167128,02;166913,60;166972,08;1,859967451E10;556763
WINFUT;22/03/2024;09:00:00;167426,92;167459,41;166699,17;166998,07;4,029636658E10;1206394
WINFUT;21/03/2024;18:00:00;167524,39;167569,87;167420,42;167491,90;4339871141,00;129554
WINFUT;21/03/2024;17:30:00;167621,85;167641,34;167485,40;167524,39;7369552216,00;219919
WINFUT;21/03/2024;17:00:00;167660,84;167842,77;167465,91;167621,85;1,658521098E10;494615
WINFUT;21/03/2024;16:30:00;167940,24;167953,24;167615,35;167667,34;2,718512176E10;810305
WINFUT;21/03/2024;16:00:00;167972,73;167998,72;167836,28;167940,24;1,686364693E10;502131
WINFUT;21/03/2024;15:30:00;167771,30;168018,21;167712,82;167966,23;1,840129439E10;548126
WINFUT;21/03/2024;15:00:00;167881,76;167881,76;167615,35;167771,30;2,485674405E10;740919
WINFUT;21/03/2024;14:30:00;167998,72;168037,71;167829,78;167881,76;1,560588975E10;464627
WINFUT;21/03/2024;14:00:00;167907,75;168050,70;167803,79;167992,22;1,898104304E10;565097
WINFUT;21/03/2024;13:30:00;167920,75;167959,73;167680,33;167907,75;2,321312682E10;691722
WINFUT;21/03/2024;13:00:00;167985,72;168005,22;167862,27;167920,75;1,198049783E10;356713
WINFUT;21/03/2024;12:30:00;168024,71;168057,20;167849,27;167992,22;1,506815231E10;448548
WINFUT;21/03/2024;12:00:00;168050,70;168089,69;167940,24;168024,71;1,735783252E10;516559
WINFUT;21/03/2024;11:30:00;167933,74;168187,15;167933,74;168050,70;2,4379166E10;725294
WINFUT;21/03/2024;11:00:00;168239,14;168245,63;167907,75;167933,74;3,674603925E10;1093171
WINFUT;21/03/2024;10:30:00;168875,91;168888,91;168206,65;168239,14;5,249657693E10;1557879
WINFUT;21/03/2024;10:00:00;169044,85;169395,73;168791,44;168875,91;5,705204982E10;1686696
WINFUT;21/03/2024;09:30:00;169090,34;169168,31;168947,39;169038,36;1,657632825E10;490301
WINFUT;21/03/2024;09:00:00;169369,74;169603,66;169070,84;169090,34;2,889941716E10;853591
WINFUT;20/03/2024;18:00:00;169363,24;169792,09;169343,75;169467,21;6233705332,00;183864
WINFUT;20/03/2024;17:30:00;169213,79;169473,70;169148,82;169369,74;1,235409617E10;364906
WINFUT;20/03/2024;17:00:00;169103,33;169246,28;168960,38;169213,79;1,500123909E10;443606
WINFUT;20/03/2024;16:30:00;169044,85;169161,81;168726,46;169103,33;2,744907399E10;812384
WINFUT;20/03/2024;16:00:00;168862,92;169142,32;168778,45;169051,35;3,610254754E10;1068175
WINFUT;20/03/2024;15:30:00;168265,13;168979,88;167771,30;168862,92;8,312133672E10;2467149
WINFUT;20/03/2024;15:00:00;167725,81;168401,58;167706,32;168265,13;5,971158406E10;1775842
WINFUT;20/03/2024;14:30:00;167797,29;167959,73;167641,34;167732,31;2,677639179E10;797896
WINFUT;20/03/2024;14:00:00;167569,87;167888,26;167550,38;167797,29;2,952398758E10;879798
WINFUT;20/03/2024;13:30:00;167387,93;167621,85;167303,46;167576,37;2,489784501E10;743260
WINFUT;20/03/2024;13:00:00;167173,51;167433,42;167147,52;167387,93;2,098966233E10;627323
WINFUT;20/03/2024;12:30:00;166978,58;167199,50;166952,59;167167,01;1,908550302E10;571118
WINFUT;20/03/2024;12:00:00;166907,10;167076,04;166835,63;166985,07;2,145647044E10;642662
WINFUT;20/03/2024;11:30:00;166770,65;166926,59;166640,69;166913,60;3,442312177E10;1032050
WINFUT;20/03/2024;11:00:00;167368,44;167394,43;166764,15;166777,15;4,028964417E10;1206543
WINFUT;20/03/2024;10:30:00;166991,57;167439,91;166900,60;167361,94;5,869412316E10;1755718
WINFUT;20/03/2024;10:00:00;167115,03;167563,37;166959,08;166991,57;5,492172176E10;1642578
WINFUT;20/03/2024;09:30:00;167089,04;167193,00;166972,08;167121,53;2,42669504E10;726204
WINFUT;20/03/2024;09:00:00;166939,59;167115,03;166562,72;167089,04;3,540687114E10;1061258
WINFUT;19/03/2024;18:00:00;166972,08;167173,51;166972,08;167102,03;4264235932,00;127623
WINFUT;19/03/2024;17:30:00;166991,57;167024,06;166900,60;166978,58;7030352930,00;210539
WINFUT;19/03/2024;17:00:00;166978,58;167154,01;166959,08;166985,07;1,279528764E10;382978
WINFUT;19/03/2024;16:30:00;167206,00;167206,00;166757,65;166972,08;3,935247099E10;1178463
WINFUT;19/03/2024;16:00:00;167231,99;167309,96;166998,07;167199,50;2,95215168E10;883025
WINFUT;19/03/2024;15:30:00;167556,87;167563,37;167056,55;167231,99;3,745841401E10;1119633
WINFUT;19/03/2024;15:00:00;167478,90;167608,86;167439,91;167550,38;2,018625497E10;602484
WINFUT;19/03/2024;14:30:00;167433,42;167576,37;167374,94;167478,90;2,30156616E10;687079
WINFUT;19/03/2024;14:00:00;167199,50;167472,40;167134,52;167433,42;3,365777831E10;1005734
WINFUT;19/03/2024;13:30:00;166965,58;167225,49;166900,60;167199,50;2,002797661E10;599528
WINFUT;19/03/2024;13:00:00;167043,55;167160,51;166907,10;166959,08;1,868517694E10;559350
WINFUT;19/03/2024;12:30:00;167063,05;167102,03;166855,12;167037,06;2,377364772E10;711913
WINFUT;19/03/2024;12:00:00;167199,50;167225,49;166907,10;167063,05;2,888049944E10;864366
WINFUT;19/03/2024;11:30:00;166848,62;167309,96;166783,64;167206,00;4,262794169E10;1275343
WINFUT;19/03/2024;11:00:00;166692,68;166855,12;166452,26;166842,12;4,017162987E10;1205592
WINFUT;19/03/2024;10:30:00;166816,13;167011,06;166510,74;166692,68;6,598187085E10;1978750
WINFUT;19/03/2024;10:00:00;166666,69;166920,10;166588,71;166822,63;4,30684206E10;1291221
WINFUT;19/03/2024;09:30:00;166127,37;166686,18;166127,37;166666,69;3,299976591E10;991203
WINFUT;19/03/2024;09:00:00;166140,37;166335,30;165821,98;166127,37;2,946178551E10;886902
WINFUT;18/03/2024;18:00:00;166094,89;166198,85;165997,42;166088,39;4227548180,00;127266
WINFUT;18/03/2024;17:30:00;166172,86;166198,85;166068,89;166094,89;6500853801,00;195675
WINFUT;18/03/2024;17:00:00;166185,85;166348,30;166120,88;166172,86;1,631012E10;490600
WINFUT;18/03/2024;16:30:00;166075,39;166205,35;165899,95;166179,36;2,192104812E10;660043
WINFUT;18/03/2024;16:00:00;166114,38;166127,37;165951,94;166075,39;1,871466808E10;563585
WINFUT;18/03/2024;15:30:00;165964,93;166263,83;165925,94;166120,88;2,675216139E10;805346
WINFUT;18/03/2024;15:00:00;165912,95;165997,42;165821,98;165964,93;1,880780604E10;566771
WINFUT;18/03/2024;14:30:00;165860,97;165938,94;165640,04;165912,95;2,235102261E10;674140
WINFUT;18/03/2024;14:00:00;165815,48;165860,97;165601,06;165854,47;2,319089432E10;699673
WINFUT;18/03/2024;13:30:00;165731,01;165880,46;165594,56;165815,48;2,038860835E10;615116
WINFUT;18/03/2024;13:00:00;165653,04;165782,99;165594,56;165724,52;1,693391626E10;511028
WINFUT;18/03/2024;12:30:00;165685,53;165724,52;165549,08;165653,04;1,572608805E10;474739
WINFUT;18/03/2024;12:00:00;165477,60;165724,52;165419,12;165685,53;2,40531863E10;726297
WINFUT;18/03/2024;11:30:00;166055,90;166159,86;165393,13;165477,60;4,359017824E10;1314902
WINFUT;18/03/2024;11:00:00;166075,39;166315,81;165912,95;166049,40;4,196245597E10;1262937
WINFUT;18/03/2024;10:30:00;166881,11;167095,54;166049,40;166075,39;7,000478636E10;2101177
WINFUT;18/03/2024;10:00:00;166686,18;167095,54;166569,22;166887,61;4,162064429E10;1247261
WINFUT;18/03/2024;09:30:00;166634,20;166738,16;166465,26;166692,68;2,096678861E10;629253
WINFUT;18/03/2024;09:00:00;166601,71;167082,54;166536,73;166627,70;3,344673529E10;1002718
WINFUT;15/03/2024;18:00:00;165925,94;165945,44;165640,04;165679,03;5571047063,00;168018
WINFUT;15/03/2024;17:30:00;165990,92;166036,41;165880,46;165938,94;6736484732,00;202944
WINFUT;15/03/2024;17:00:00;165997,42;166127,37;165880,46;165990,92;1,750508704E10;527233
WINFUT;15/03/2024;16:30:00;165971,43;166049,40;165834,98;165997,42;2,233156869E10;672849
WINFUT;15/03/2024;16:00:00;165945,44;166003,92;165763,50;165971,43;1,849635001E10;557452
WINFUT;15/03/2024;15:30:00;165925,94;166023,41;165847,97;165951,94;1,716307293E10;517185
WINFUT;15/03/2024;15:00:00;165938,94;165990,92;165815,48;165932,44;1,778665547E10;536083
WINFUT;15/03/2024;14:30:00;165893,46;165977,93;165744,01;165938,94;1,860913891E10;560999
WINFUT;15/03/2024;14:00:00;165770,00;165984,42;165737,51;165893,46;1,970975777E10;594116
WINFUT;15/03/2024;13:30:00;165984,42;166075,39;165711,52;165770,00;2,533103422E10;763501
WINFUT;15/03/2024;13:00:00;166133,87;166153,37;165834,98;165984,42;2,585176226E10;778568
WINFUT;15/03/2024;12:30:00;166322,31;166328,80;166114,38;166133,87;1,785584945E10;537100
WINFUT;15/03/2024;12:00:00;166276,82;166393,78;166192,35;166322,31;2,066891179E10;621453
WINFUT;15/03/2024;11:30:00;166367,79;166575,72;166172,86;166276,82;3,803066568E10;1143140
WINFUT;15/03/2024;11:00:00;166770,65;166822,63;166354,79;166367,79;4,829056796E10;1449825
WINFUT;15/03/2024;10:30:00;167115,03;167193,00;166614,70;166770,65;6,305133006E10;1888634
WINFUT;15/03/2024;10:00:00;167329,45;167719,32;167056,55;167115,03;5,434282021E10;1622666
WINFUT;15/03/2024;09:30:00;167368,44;167576,37;167309,96;167329,45;2,835343343E10;846622
WINFUT;15/03/2024;09:00:00;167550,38;167667,34;167141,02;167368,44;3,146708235E10;940184
WINFUT;14/03/2024;18:00:00;167550,38;167673,83;167530,88;167641,34;3523291821,00;105110
WINFUT;14/03/2024;17:30:00;167459,41;167628,35;167446,41;167550,38;9081279776,00;271020
WINFUT;14/03/2024;17:00:00;167407,43;167667,34;167329,45;167465,91;1,937933429E10;578511
WINFUT;14/03/2024;16:30:00;167147,52;167485,40;166881,11;167407,43;3,127598353E10;935390
WINFUT;14/03/2024;16:00:00;167465,91;167472,40;167030,56;167147,52;2,527165057E10;755628
WINFUT;14/03/2024;15:30:00;167342,45;167582,86;167322,96;167459,41;2,381104561E10;710947
WINFUT;14/03/2024;15:00:00;167264,48;167465,91;167231,99;167342,45;2,587765531E10;773096
WINFUT;14/03/2024;14:30:00;166881,11;167264,48;166692,68;167257,98;2,909103078E10;871219
WINFUT;14/03/2024;14:00:00;167257,98;167296,96;166816,13;166881,11;2,983682353E10;893203
WINFUT;14/03/2024;13:30:00;167361,94;167439,91;167160,51;167257,98;2,282570637E10;682194
WINFUT;14/03/2024;13:00:00;167465,91;167543,88;167335,95;167368,44;2,07347593E10;619136
WINFUT;14/03/2024;12:30:00;167504,89;167615,35;167413,92;167465,91;2,093788565E10;624970
WINFUT;14/03/2024;12:00:00;167654,34;167797,29;167478,90;167504,89;3,492758209E10;1041750
WINFUT;14/03/2024;11:30:00;167738,81;168018,21;167563,37;167647,84;4,258733058E10;1268875
WINFUT;14/03/2024;11:00:00;167206,00;167836,28;167154,01;167738,81;4,489072304E10;1339223
WINFUT;14/03/2024;10:30:00;167738,81;167888,26;167115,03;167206,00;6,536210081E10;1952291
WINFUT;14/03/2024;10:00:00;167862,27;168180,66;167615,35;167738,81;5,584142244E10;1662421
WINFUT;14/03/2024;09:30:00;167907,75;168141,67;167732,31;167862,27;3,75393383E10;1117620
WINFUT;14/03/2024;09:00:00;168356,09;168395,08;167725,81;167907,75;2,952315652E10;879297
WINFUT;13/03/2024;18:00:00;168063,70;168265,13;168024,71;168063,70;4058154494,00;120687
WINFUT;13/03/2024;17:30:00;168102,68;168148,17;168005,22;168070,19;7299775912,00;217156
WINFUT;13/03/2024;17:00:00;168148,17;168206,65;167946,74;168102,68;1,882475932E10;559963
WINFUT;13/03/2024;16:30:00;167810,29;168187,15;167803,79;168148,17;2,733849212E10;813697
WINFUT;13/03/2024;16:00:00;168063,70;168115,68;167706,32;167810,29;2,686100253E10;799563
WINFUT;13/03/2024;15:30:00;168180,66;168297,61;168044,20;168070,19;2,272328421E10;675607
WINFUT;13/03/2024;15:00:00;168564,02;168603,01;168167,66;168180,66;2,185459557E10;649028
WINFUT;13/03/2024;14:30:00;168375,59;168603,01;168310,61;168564,02;2,655093615E10;788019
WINFUT;13/03/2024;14:00:00;167855,77;168434,07;167751,81;168382,09;3,046472701E10;906336
WINFUT;13/03/2024;13:30:00;167946,74;167972,73;167777,80;167855,77;1,704166361E10;507572
WINFUT;13/03/2024;13:00:00;168070,19;168161,16;167881,76;167946,74;1,957442398E10;582497
WINFUT;13/03/2024;12:30:00;168050,70;168109,18;167777,80;168063,70;2,075167923E10;617898
WINFUT;13/03/2024;12:00:00;167738,81;168063,70;167725,81;168050,70;2,242477112E10;667783
WINFUT;13/03/2024;11:30:00;168011,71;168200,15;167725,81;167738,81;3,300042684E10;982291
WINFUT;13/03/2024;11:00:00;168193,65;168304,11;167920,75;168011,71;3,069073074E10;912874
WINFUT;13/03/2024;10:30:00;167732,31;168252,13;167381,44;168200,15;7,112419892E10;2118404
WINFUT;13/03/2024;10:00:00;167121,53;167777,80;167056,55;167732,31;5,715034581E10;1707757
WINFUT;13/03/2024;09:30:00;167173,51;167257,98;167056,55;167121,53;2,229747919E10;666986
WINFUT;13/03/2024;09:00:00;167563,37;167582,86;166965,58;167173,51;3,226957064E10;964876
WINFUT;12/03/2024;18:00:00;167556,87;167693,33;167517,89;167517,89;3306420617,00;98634
WINFUT;12/03/2024;17:30:00;167472,40;167673,83;167452,91;167569,87;8771428026,00;261744
WINFUT;12/03/2024;17:00:00;167628,35;167738,81;167446,41;167472,40;1,721192471E10;513560
WINFUT;12/03/2024;16:30:00;167979,23;167985,72;167543,88;167634,85;3,059091066E10;911882
WINFUT;12/03/2024;16:00:00;167862,27;167998,72;167803,79;167972,73;1,778428383E10;529612
WINFUT;12/03/2024;15:30:00;168011,71;168063,70;167745,31;167862,27;2,808503571E10;836326
WINFUT;12/03/2024;15:00:00;167439,91;168018,21;167355,44;168005,22;3,390319782E10;1010557
WINFUT;12/03/2024;14:30:00;167277,47;167504,89;167218,99;167439,91;2,071025999E10;618703
WINFUT;12/03/2024;14:00:00;167433,42;167511,39;167225,49;167277,47;2,541965896E10;759488
WINFUT;12/03/2024;13:30:00;167290,47;167589,36;167270,97;167426,92;2,658342E10;793858
WINFUT;12/03/2024;13:00:00;167257,98;167322,96;167108,53;167283,97;2,051989481E10;613489
WINFUT;12/03/2024;12:30:00;166900,60;167277,47;166881,11;167264,48;2,688948663E10;804641
WINFUT;12/03/2024;12:00:00;166647,19;167082,54;166569,22;166894,11;2,826295627E10;847096
WINFUT;12/03/2024;11:30:00;166491,25;166894,11;166387,28;166653,69;3,309015693E10;992799
WINFUT;12/03/2024;11:00:00;166471,75;166757,65;166088,39;166491,25;4,680815867E10;1406142
WINFUT;12/03/2024;10:30:00;166926,59;167089,04;166393,78;166471,75;5,609298455E10;1682775
WINFUT;12/03/2024;10:00:00;167069,54;167355,44;166653,69;166926,59;5,922653633E10;1773875
WINFUT;12/03/2024;09:30:00;166913,60;167439,91;166569,22;167069,54;5,180786311E10;1549734
WINFUT;12/03/2024;09:00:00;166172,86;167251,48;166153,37;166920,10;3,538668536E10;1061183
WINFUT;11/03/2024;18:00:00;165789,49;165815,48;165653,04;165770,00;3598957618,00;108584
WINFUT;11/03/2024;17:30:00;165659,54;165821,98;165594,56;165789,49;8318061352,00;251002
WINFUT;11/03/2024;17:00:00;165724,52;165782,99;165484,10;165666,04;1,404613008E10;424112
WINFUT;11/03/2024;16:30:00;166309,31;166367,79;165438,62;165718,02;4,726490552E10;1425137
WINFUT;11/03/2024;16:00:00;166016,91;166432,77;165997,42;166309,31;2,590204301E10;779100
WINFUT;11/03/2024;15:30:00;165847,97;166042,90;165737,51;166016,91;2,143637579E10;646006
WINFUT;11/03/2024;15:00:00;165925,94;166010,42;165744,01;165841,47;2,246409367E10;677173
WINFUT;11/03/2024;14:30:00;166140,37;166172,86;165834,98;165925,94;2,339027512E10;704673
WINFUT;11/03/2024;14:00:00;165925,94;166302,81;165912,95;166140,37;2,716846549E10;817441
WINFUT;11/03/2024;13:30:00;165958,43;166114,38;165893,46;165925,94;1,627426821E10;490138
WINFUT;11/03/2024;13:00:00;166029,91;166055,90;165847,97;165958,43;1,74767108E10;526528
WINFUT;11/03/2024;12:30:00;165867,47;166140,37;165802,49;166029,91;2,186245369E10;658589
WINFUT;11/03/2024;12:00:00;166510,74;166517,24;165828,48;165860,97;2,840581358E10;855132
WINFUT;11/03/2024;11:30:00;166127,37;166653,69;166081,89;166510,74;5,602308596E10;1683296
WINFUT;11/03/2024;11:00:00;165724,52;166140,37;165640,04;166127,37;4,542265839E10;1369072
WINFUT;11/03/2024;10:30:00;165601,06;165984,42;165477,60;165724,52;6,013511298E10;1814443
WINFUT;11/03/2024;10:00:00;165464,61;165789,49;165360,64;165594,56;4,774968386E10;1441997
WINFUT;11/03/2024;09:30:00;165490,60;165555,57;165347,65;165458,11;1,956851689E10;591387
WINFUT;11/03/2024;09:00:00;165945,44;166127,37;165471,10;165484,10;3,095990537E10;934080
WINFUT;08/03/2024;18:00:00;166868,11;166965,58;166640,69;166738,16;9675991269,00;290048
WINFUT;08/03/2024;17:30:00;166478,25;166959,08;166445,76;166868,11;2,134207751E10;640244
WINFUT;08/03/2024;17:00:00;167004,57;167037,06;166439,27;166484,75;2,867016199E10;859757
WINFUT;08/03/2024;16:30:00;167251,48;167400,93;166939,59;167004,57;2,475481259E10;740285
WINFUT;08/03/2024;16:00:00;166972,08;167309,96;166952,59;167257,98;2,386201385E10;714029
WINFUT;08/03/2024;15:30:00;167303,46;167381,44;166952,59;166965,58;2,878756892E10;861168
WINFUT;08/03/2024;15:00:00;166965,58;167374,94;166829,13;167303,46;3,404846053E10;1018725
WINFUT;08/03/2024;14:30:00;167277,47;167485,40;166887,61;166965,58;4,031536254E10;1205449
WINFUT;08/03/2024;14:00:00;166796,64;167290,47;166764,15;167277,47;2,911896522E10;871936
WINFUT;08/03/2024;13:30:00;166744,66;167076,04;166660,19;166796,64;3,116346373E10;933766
WINFUT;08/03/2024;13:00:00;167167,01;167199,50;166725,16;166744,66;3,177224076E10;951601
WINFUT;08/03/2024;12:30:00;166991,57;167335,95;166900,60;167173,51;3,258702936E10;974809
WINFUT;08/03/2024;12:00:00;166185,85;167043,55;166172,86;166985,07;4,69675226E10;1408805
WINFUT;08/03/2024;11:30:00;165971,43;166406,78;165867,47;166185,85;5,246921621E10;1579100
WINFUT;08/03/2024;11:00:00;166036,41;166270,32;165906,45;165971,43;3,877543813E10;1167404
WINFUT;08/03/2024;10:30:00;165666,04;166452,26;165172,21;166029,91;6,32084828E10;1902269
WINFUT;08/03/2024;10:00:00;165497,09;165919,45;165191,70;165672,53;4,125884141E10;1246983
WINFUT;08/03/2024;09:30:00;165516,59;165640,04;165406,13;165490,60;1,677506164E10;506679
WINFUT;08/03/2024;09:00:00;165692,03;165757,00;165328,15;165523,09;2,775078768E10;838137
WINFUT;07/03/2024;18:00:00;168616,00;168674,48;168434,07;168531,53;7527080709,00;223297
WINFUT;07/03/2024;17:30:00;168421,07;168661,49;168408,08;168616,00;1,258150438E10;373240
WINFUT;07/03/2024;17:00:00;168447,06;168486,05;168356,09;168414,57;1,376593656E10;408663
WINFUT;07/03/2024;16:30:00;168414,57;168583,51;168388,58;168447,06;1,799706023E10;534057
WINFUT;07/03/2024;16:00:00;168603,01;168603,01;168382,09;168414,57;2,211544554E10;656331
WINFUT;07/03/2024;15:30:00;168641,99;168700,47;168551,03;168596,51;1,69574276E10;502840
WINFUT;07/03/2024;15:00:00;168421,07;168680,98;168330,10;168648,49;2,311949532E10;685998
WINFUT;07/03/2024;14:30:00;168434,07;168499,04;168122,18;168427,57;2,950954881E10;876455
WINFUT;07/03/2024;14:00:00;168427,57;168499,04;168226,14;168434,07;2,447570586E10;726848
WINFUT;07/03/2024;13:30:00;168505,54;168583,51;168297,61;168434,07;2,716077887E10;806255
WINFUT;07/03/2024;13:00:00;168590,01;168680,98;168453,56;168505,54;2,12736344E10;631009
WINFUT;07/03/2024;12:30:00;168453,56;168622,50;168362,59;168583,51;2,334625856E10;692712
WINFUT;07/03/2024;12:00:00;168362,59;168531,53;168193,65;168447,06;2,826248751E10;839200
WINFUT;07/03/2024;11:30:00;168908,40;168966,88;168258,63;168362,59;4,792897382E10;1421964
WINFUT;07/03/2024;11:00:00;169122,83;169181,31;168713,47;168908,40;4,198862112E10;1242802
WINFUT;07/03/2024;10:30:00;169512,69;169636,15;169083,84;169129,32;4,440186259E10;1310969
WINFUT;07/03/2024;10:00:00;169259,28;169642,64;169161,81;169512,69;3,795464824E10;1120297
WINFUT;07/03/2024;09:30:00;169363,24;169369,74;169148,82;169252,78;1,720766552E10;508377
WINFUT;07/03/2024;09:00:00;169694,63;169740,11;169317,76;169356,74;2,367467847E10;698635
WINFUT;06/03/2024;18:00:00;169350,25;169467,21;169226,79;169285,27;7640793740,00;225588
WINFUT;06/03/2024;17:30:00;169408,73;169454,21;169207,30;169343,75;1,637397675E10;483497
WINFUT;06/03/2024;17:00:00;169363,24;169545,18;169226,79;169408,73;2,468844418E10;728746
WINFUT;06/03/2024;16:30:00;169447,71;169480,20;169096,84;169363,24;3,111586045E10;918767
WINFUT;06/03/2024;16:00:00;169467,21;169493,20;169122,83;169447,71;3,835571341E10;1132537
WINFUT;06/03/2024;15:30:00;169759,60;169785,59;169415,22;169467,21;3,674239326E10;1083345
WINFUT;06/03/2024;15:00:00;169727,11;169798,59;169610,16;169766,10;1,80590019E10;532086
WINFUT;06/03/2024;14:30:00;169746,61;169915,55;169655,64;169727,11;2,150078839E10;633144
WINFUT;06/03/2024;14:00:00;169824,58;169948,04;169668,64;169753,11;2,374617255E10;699293
WINFUT;06/03/2024;13:30:00;169155,31;169909,05;169148,82;169824,58;3,64505069E10;1074872
WINFUT;06/03/2024;13:00:00;169096,84;169174,81;168869,41;169148,82;1,982247064E10;586321
WINFUT;06/03/2024;12:30:00;169051,35;169187,80;168895,41;169090,34;2,693510844E10;796652
WINFUT;06/03/2024;12:00:00;169330,75;169636,15;169038,36;169057,85;4,270184123E10;1260499
WINFUT;06/03/2024;11:30:00;169376,24;169668,64;169272,27;169330,75;3,930792022E10;1159783
WINFUT;06/03/2024;11:00:00;169584,16;169584,16;169252,78;169376,24;3,38541114E10;999236
WINFUT;06/03/2024;10:30:00;169304,76;169772,60;168960,38;169584,16;5,190794769E10;1533123
WINFUT;06/03/2024;10:00:00;169246,28;169389,23;168784,94;169311,26;4,510640886E10;1334171
WINFUT;06/03/2024;09:30:00;169259,28;169311,26;169109,83;169246,28;1,449057939E10;428176
WINFUT;06/03/2024;09:00:00;169168,31;169571,17;169090,34;169252,78;2,759388073E10;814550
WINFUT;05/03/2024;18:00:00;168479,55;168616,00;168330,10;168616,00;7843382629,00;232787
WINFUT;05/03/2024;17:30:00;168252,13;168499,04;168193,65;168479,55;1,668850733E10;495608
WINFUT;05/03/2024;17:00:00;168174,16;168356,09;168122,18;168245,63;1,876259054E10;557667
WINFUT;05/03/2024;16:30:00;168641,99;168674,48;167992,22;168180,66;3,127478078E10;929170
WINFUT;05/03/2024;16:00:00;168570,52;168654,99;168343,10;168641,99;2,268224332E10;673003
WINFUT;05/03/2024;15:30:00;168674,48;168778,45;168557,52;168570,52;1,773725876E10;525813
WINFUT;05/03/2024;15:00:00;168551,03;168745,96;168499,04;168674,48;2,077663767E10;616130
WINFUT;05/03/2024;14:30:00;168979,88;168986,37;168512,04;168551,03;2,301463516E10;682051
WINFUT;05/03/2024;14:00:00;168784,94;169025,36;168713,47;168979,88;1,763151579E10;522043
WINFUT;05/03/2024;13:30:00;168843,42;168960,38;168362,59;168784,94;3,204492686E10;949906
WINFUT;05/03/2024;13:00:00;169239,79;169265,78;168758,95;168849,92;2,088669011E10;617965
WINFUT;05/03/2024;12:30:00;169116,33;169369,74;168953,89;169239,79;2,754761827E10;814194
WINFUT;05/03/2024;12:00:00;168745,96;169616,65;168739,46;169122,83;5,766844028E10;1703276
WINFUT;05/03/2024;11:30:00;168927,89;168966,88;168622,50;168739,46;3,952476709E10;1170742
WINFUT;05/03/2024;11:00:00;168739,46;169148,82;168713,47;168927,89;3,956500768E10;1171070
WINFUT;05/03/2024;10:30:00;168713,47;168960,38;168512,04;168739,46;3,717252624E10;1101729
WINFUT;05/03/2024;10:00:00;168810,94;169031,86;168583,51;168706,97;4,98879159E10;1477760
WINFUT;05/03/2024;09:30:00;168888,91;168992,87;168765,45;168804,44;1,788041332E10;529407
WINFUT;05/03/2024;09:00:00;168551,03;169044,85;168453,56;168888,91;2,964969345E10;878126
WINFUT;04/03/2024;18:00:00;168797,94;168849,92;168700,47;168700,47;7055782702,00;209050
WINFUT;04/03/2024;17:30:00;168901,90;168921,40;168706,97;168797,94;1,589882653E10;470933
WINFUT;04/03/2024;17:00:00;168869,41;168979,88;168784,94;168895,41;1,298353049E10;384398
WINFUT;04/03/2024;16:30:00;168804,44;168999,37;168765,45;168869,41;1,680153916E10;497387
WINFUT;04/03/2024;16:00:00;168927,89;168953,89;168739,46;168804,44;1,352609736E10;400541
WINFUT;04/03/2024;15:30:00;168940,89;169012,36;168875,91;168927,89;1,456390508E10;431024
WINFUT;04/03/2024;15:00:00;168921,40;168986,37;168765,45;168934,39;1,69469934E10;501769
WINFUT;04/03/2024;14:30:00;169044,85;169051,35;168849,92;168921,40;1,856092128E10;549329
WINFUT;04/03/2024;14:00:00;169168,31;169226,79;168999,37;169044,85;2,038957364E10;602791
WINFUT;04/03/2024;13:30:00;169109,83;169311,26;169103,33;169161,81;2,285632235E10;675350
WINFUT;04/03/2024;13:00:00;168765,45;169129,32;168739,46;169109,83;1,981251848E10;586268
WINFUT;04/03/2024;12:30:00;168661,49;168830,43;168622,50;168765,45;1,661869913E10;492438
WINFUT;04/03/2024;12:00:00;168921,40;168934,39;168603,01;168661,49;2,324068272E10;688642
WINFUT;04/03/2024;11:30:00;169135,82;169155,31;168765,45;168927,89;3,383178144E10;1001409
WINFUT;04/03/2024;11:00:00;169707,62;169759,60;169083,84;169135,82;3,902153087E10;1151641
WINFUT;04/03/2024;10:30:00;169610,16;170013,01;169590,66;169714,12;3,752240123E10;1104824
WINFUT;04/03/2024;10:00:00;169740,11;170000,02;169473,70;169616,65;4,365051756E10;1285626
WINFUT;04/03/2024;09:30:00;169837,58;169909,05;169701,12;169733,61;1,624522953E10;478355
WINFUT;04/03/2024;09:00:00;169824,58;170077,99;169681,63;169831,08;2,157560554E10;635080
WINFUT;01/03/2024;18:00:00;170000,02;170058,50;169590,66;169590,66;7929236140,00;233404
WINFUT;01/03/2024;17:30:00;169980,53;170103,98;169922,05;170000,02;1,165023085E10;342631
WINFUT;01/03/2024;17:00:00;170071,49;170071,49;169876,56;169980,53;1,360168242E10;400129
WINFUT;01/03/2024;16:30:00;169935,04;170110,48;169863,57;170077,99;1,503504273E10;442269
WINFUT;01/03/2024;16:00:00;169798,59;169993,52;169675,13;169935,04;2,220596559E10;653742
WINFUT;01/03/2024;15:30:00;169896,06;170149,47;169792,09;169792,09;2,08284539E10;612660
WINFUT;01/03/2024;15:00:00;169896,06;170090,99;169837,58;169889,56;2,32253474E10;683294
WINFUT;01/03/2024;14:30:00;170383,39;170441,86;169811,59;169889,56;2,482718693E10;729385
WINFUT;01/03/2024;14:00:00;170350,90;170441,86;170233,94;170376,89;1,652063173E10;484910
WINFUT;01/03/2024;13:30:00;170396,38;170474,35;170201,45;170350,90;1,636572512E10;480424
WINFUT;01/03/2024;13:00:00;170571,82;170617,30;170331,40;170396,38;2,072696377E10;607921
WINFUT;01/03/2024;12:30:00;170201,45;170623,80;170006,52;170571,82;3,153832484E10;925538
WINFUT;01/03/2024;12:00:00;169298,26;170207,95;169291,77;170207,95;4,893506747E10;1440787
WINFUT;01/03/2024;11:30:00;170214,44;170233,94;169239,79;169298,26;5,004761508E10;1474256
WINFUT;01/03/2024;11:00:00;169954,54;170266,43;169883,06;170214,44;2,514615643E10;739419
WINFUT;01/03/2024;10:30:00;170188,45;170240,44;169928,54;169954,54;3,451508217E10;1014693
WINFUT;01/03/2024;10:00:00;170259,93;170285,92;169681,63;170188,45;4,751496696E10;1398185
WINFUT;01/03/2024;09:30:00;170617,30;170623,80;170246,93;170266,43;2,028244396E10;595046
WINFUT;01/03/2024;09:00:00;170201,45;170649,79;169746,61;170610,81;2,663092675E10;781472
WINFUT;29/02/2024;18:00:00;169714,12;170103,98;169655,64;169980,53;1,059091951E10;311776
WINFUT;29/02/2024;17:30:00;169688,13;169941,54;169590,66;169720,62;2,10149099E10;618839
WINFUT;29/02/2024;17:00:00;169525,69;169701,12;169382,74;169681,63;1,820696193E10;537014
WINFUT;29/02/2024;16:30:00;169512,69;169597,16;169291,77;169525,69;2,640579809E10;779145
WINFUT;29/02/2024;16:00:00;169766,10;169883,06;169486,70;169512,69;2,191555373E10;645770
WINFUT;29/02/2024;15:30:00;169844,07;169941,54;169655,64;169759,60;1,66077982E10;489075
WINFUT;29/02/2024;15:00:00;169889,56;169902,55;169759,60;169844,07;1,574084767E10;463424
WINFUT;29/02/2024;14:30:00;169694,63;169961,03;169603,66;169889,56;2,018517193E10;594388
WINFUT;29/02/2024;14:00:00;169889,56;169954,54;169675,13;169694,63;1,827013501E10;538017
WINFUT;29/02/2024;13:30:00;169759,60;169922,05;169636,15;169889,56;2,569296718E10;756593
WINFUT;29/02/2024;13:00:00;169818,08;169974,03;169746,61;169759,60;2,08202061E10;612824
WINFUT;29/02/2024;12:30:00;170097,49;170136,47;169545,18;169818,08;3,049590562E10;898131
WINFUT;29/02/2024;12:00:00;170019,51;170331,40;169694,63;170097,49;3,886560297E10;1143215
WINFUT;29/02/2024;11:30:00;170090,99;170149,47;169649,14;170019,51;4,648032744E10;1368214
WINFUT;29/02/2024;11:00:00;170272,92;170396,38;170013,01;170097,49;4,59288683E10;1349268
WINFUT;29/02/2024;10:30:00;170454,86;170916,20;170240,44;170266,43;6,35958755E10;1863537
WINFUT;29/02/2024;10:00:00;170617,30;170656,29;170123,48;170454,86;4,138750377E10;1213951
WINFUT;29/02/2024;09:30:00;170981,18;171007,17;170610,81;170623,80;2,122286156E10;621238
WINFUT;29/02/2024;09:00:00;171799,89;171890,86;170877,21;170974,68;3,006225595E10;878052
WINFUT;28/02/2024;18:00:00;171325,56;171390,53;171111,13;171312,56;9122006763,00;266338
WINFUT;28/02/2024;17:30:00;171384,03;171468,51;171195,60;171325,56;1,492487953E10;435536
WINFUT;28/02/2024;17:00:00;171189,10;171468,51;171163,11;171377,54;1,883327049E10;549571
WINFUT;28/02/2024;16:30:00;171046,15;171351,55;170916,20;171189,10;2,503144921E10;731431
WINFUT;28/02/2024;16:00:00;171072,14;171169,61;170786,24;171052,65;3,447442355E10;1008023
WINFUT;28/02/2024;15:30:00;171578,97;171695,93;171052,65;171078,64;3,245627876E10;946854
WINFUT;28/02/2024;15:00:00;171513,99;171585,46;171221,59;171578,97;3,103839259E10;905300
WINFUT;28/02/2024;14:30:00;171591,96;171637,45;171384,03;171520,49;2,419185733E10;705340
WINFUT;28/02/2024;14:00:00;172105,28;172170,26;171546,48;171585,46;3,035725315E10;883165
WINFUT;28/02/2024;13:30:00;172241,73;172280,72;171929,84;172111,78;2,758191152E10;801538
WINFUT;28/02/2024;13:00:00;172449,66;172553,63;172066,30;172248,23;2,881843709E10;836418
WINFUT;28/02/2024;12:30:00;172300,21;172573,12;172248,23;172449,66;2,280685482E10;661353
WINFUT;28/02/2024;12:00:00;172202,75;172560,12;172105,28;172300,21;3,02472271E10;877432
WINFUT;28/02/2024;11:30:00;172371,69;172644,59;172033,81;172202,75;5,80921123E10;1685459
WINFUT;28/02/2024;11:00:00;172599,11;172618,60;172339,20;172378,19;2,790664086E10;808961
WINFUT;28/02/2024;10:30:00;172527,63;172917,50;172404,18;172599,11;4,57757618E10;1326155
WINFUT;28/02/2024;10:00:00;172566,62;172943,49;172436,67;172521,14;4,053074545E10;1173462
WINFUT;28/02/2024;09:30:00;172449,66;172631,60;172371,69;172566,62;1,777134404E10;515103
WINFUT;28/02/2024;09:00:00;172709,57;172735,56;172397,68;172449,66;2,366233078E10;685595
WINFUT;27/02/2024;18:00:00;173541,28;173619,25;173326,86;173326,86;1,062251477E10;306073
WINFUT;27/02/2024;17:30:00;173300,86;173599,76;173281,37;173534,78;1,683789511E10;485447
WINFUT;27/02/2024;17:00:00;173339,85;173463,31;173209,90;173300,86;1,965387883E10;566972
WINFUT;27/02/2024;16:30:00;173365,84;173437,32;173222,89;173333,35;1,697498575E10;489690
WINFUT;27/02/2024;16:00:00;173359,34;173482,80;173300,86;173372,34;1,658735053E10;478269
WINFUT;27/02/2024;15:30:00;173157,91;173463,31;173138,42;173365,84;2,352744096E10;678784
WINFUT;27/02/2024;15:00:00;172988,97;173352,85;172936,99;173164,41;2,987897216E10;862432
WINFUT;27/02/2024;14:30:00;172962,98;173086,44;172917,50;172995,47;1,584284634E10;457912
WINFUT;27/02/2024;14:00:00;173073,44;173138,42;172936,99;172962,98;1,576152779E10;455464
WINFUT;27/02/2024;13:30:00;172995,47;173183,91;172878,51;173066,95;2,150523751E10;621455
WINFUT;27/02/2024;13:00:00;172924,00;173183,91;172839,53;172995,47;1,782207496E10;515107
WINFUT;27/02/2024;12:30:00;172930,49;172969,48;172820,03;172924,00;1,522195339E10;440201
WINFUT;27/02/2024;12:00:00;172800,54;173040,96;172794,04;172936,99;2,82902842E10;817843
WINFUT;27/02/2024;11:30:00;172722,57;172878,51;172547,13;172807,04;3,962928384E10;1147234
WINFUT;27/02/2024;11:00:00;172495,15;172735,56;172358,69;172722,57;3,344461496E10;969226
WINFUT;27/02/2024;10:30:00;172592,61;172761,55;172462,66;172495,15;3,312690649E10;959663
WINFUT;27/02/2024;10:00:00;172040,31;172670,58;172007,82;172592,61;4,872880148E10;1413862
WINFUT;27/02/2024;09:30:00;171968,83;172157,26;171962,33;172046,80;1,755719449E10;510208
WINFUT;27/02/2024;09:00:00;171345,05;172001,32;171319,06;171975,33;2,948315569E10;858178
WINFUT;26/02/2024;18:00:00;170779,75;170929,19;170610,81;170610,81;7500422847,00;219574
WINFUT;26/02/2024;17:30:00;170896,71;170909,70;170708,27;170792,74;1,524552628E10;446272
WINFUT;26/02/2024;17:00:00;170831,73;171000,67;170812,23;170896,71;1,599886638E10;467993
WINFUT;26/02/2024;16:30:00;170786,24;170857,72;170662,79;170831,73;1,612228947E10;472127
WINFUT;26/02/2024;16:00:00;170942,19;171000,67;170773,25;170786,24;1,842859832E10;539226
WINFUT;26/02/2024;15:30:00;170792,74;170961,68;170701,77;170942,19;1,971416874E10;577017
WINFUT;26/02/2024;15:00:00;170916,20;170955,18;170734,26;170792,74;1,930100354E10;564849
WINFUT;26/02/2024;14:30:00;170877,21;171052,65;170805,74;170916,20;2,657796297E10;777488
WINFUT;26/02/2024;14:00:00;170324,91;170955,18;170253,43;170883,71;2,435325969E10;713883
WINFUT;26/02/2024;13:30:00;170214,44;170422,37;170155,96;170318,41;1,973904744E10;579611
WINFUT;26/02/2024;13:00:00;170337,90;170376,89;170136,47;170214,44;2,095327803E10;615437
WINFUT;26/02/2024;12:30:00;170474,35;170532,83;170259,93;170344,40;2,139978943E10;627956
WINFUT;26/02/2024;12:00:00;170948,69;171176,11;170435,37;170480,85;3,447296938E10;1009379
WINFUT;26/02/2024;11:30:00;170753,76;171026,66;170552,33;170948,69;3,979870709E10;1165060
WINFUT;26/02/2024;11:00:00;171189,10;171221,59;170682,28;170753,76;2,842609882E10;831540
WINFUT;26/02/2024;10:30:00;170305,41;171260,58;170246,93;171195,60;4,291527574E10;1255774
WINFUT;26/02/2024;10:00:00;170110,48;170506,84;170058,50;170305,41;4,093727507E10;1202279
WINFUT;26/02/2024;09:30:00;170305,41;170344,40;170084,49;170110,48;1,473106645E10;432693
WINFUT;26/02/2024;09:00:00;170545,83;170656,29;170240,44;170298,91;2,175226554E10;638166
WINFUT;23/02/2024;18:00:00;170474,35;170909,70;170428,87;170909,70;7701134138,00;225728
WINFUT;23/02/2024;17:30:00;170467,86;170597,81;170324,91;170480,85;1,628740009E10;477652
WINFUT;23/02/2024;17:00:00;170448,36;170571,82;170389,88;170467,86;1,576118363E10;462258
WINFUT;23/02/2024;16:30:00;170396,38;170467,86;170188,45;170448,36;2,045127533E10;600318
WINFUT;23/02/2024;16:00:00;170487,35;170539,33;170292,42;170389,88;2,388935156E10;700892
WINFUT;23/02/2024;15:30:00;170740,76;170857,72;170422,37;170487,35;2,297454167E10;673084
WINFUT;23/02/2024;15:00:00;170818,73;170916,20;170584,81;170740,76;2,294008925E10;671639
WINFUT;23/02/2024;14:30:00;170656,29;170857,72;170519,84;170825,23;2,298382958E10;673112
WINFUT;23/02/2024;14:00:00;170506,84;170773,25;170500,34;170656,29;2,333659885E10;683688
WINFUT;23/02/2024;13:30:00;170175,46;170604,31;170155,96;170513,34;2,451384528E10;719248
WINFUT;23/02/2024;13:00:00;170708,27;170721,27;170058,50;170168,96;4,079664633E10;1197629
WINFUT;23/02/2024;12:30:00;171020,16;171091,64;170649,79;170714,77;2,485993919E10;727504
WINFUT;23/02/2024;12:00:00;170981,18;171085,14;170792,74;171020,16;2,294749466E10;671264
WINFUT;23/02/2024;11:30:00;171111,13;171195,60;170831,73;170987,67;3,883872468E10;1135726
WINFUT;23/02/2024;11:00:00;171650,44;171650,44;171026,66;171104,63;4,368405438E10;1275313
WINFUT;23/02/2024;10:30:00;171793,39;172163,76;171585,46;171643,94;4,798820282E10;1396140
WINFUT;23/02/2024;10:00:00;172046,80;172144,27;171734,91;171793,39;4,202243296E10;1221807
WINFUT;23/02/2024;09:30:00;171975,33;172118,28;171929,84;172046,80;1,616294861E10;469701
WINFUT;23/02/2024;09:00:00;171877,86;171994,82;171650,44;171981,83;2,44109225E10;710206
WINFUT;22/02/2024;18:00:00;171494,50;171676,43;171475,00;171611,46;8507494204,00;247920
WINFUT;22/02/2024;17:30:00;171617,95;171812,88;171423,02;171494,50;2,192696057E10;638898
WINFUT;22/02/2024;17:00:00;171968,83;172027,31;171449,01;171617,95;2,921125008E10;850615
WINFUT;22/02/2024;16:30:00;172196,25;172267,73;171942,84;171962,33;2,41793213E10;702573
WINFUT;22/02/2024;16:00:00;171975,33;172326,21;171916,85;172189,75;2,766144777E10;803415
WINFUT;22/02/2024;15:30:00;171663,44;172001,32;171604,96;171981,83;2,361144634E10;687120
WINFUT;22/02/2024;15:00:00;171436,02;171689,43;171306,06;171663,44;2,890173471E10;842848
WINFUT;22/02/2024;14:30:00;171786,89;171851,87;171423,02;171436,02;2,615334469E10;762066
WINFUT;22/02/2024;14:00:00;171689,43;171819,38;171637,45;171793,39;1,44212059E10;419908
WINFUT;22/02/2024;13:30:00;171715,42;171773,90;171546,48;171689,43;1,966083599E10;572641
WINFUT;22/02/2024;13:00:00;171559,47;171734,91;171494,50;171715,42;2,006507556E10;584593
WINFUT;22/02/2024;12:30:00;171617,95;171669,93;171371,04;171559,47;2,607541706E10;760234
WINFUT;22/02/2024;12:00:00;171786,89;171858,37;171442,51;171617,95;4,029337694E10;1174009
WINFUT;22/02/2024;11:30:00;172157,26;172222,24;171630,95;171786,89;5,85334819E10;1702815
WINFUT;22/02/2024;11:00:00;172098,78;172241,73;171975,33;172157,26;3,129172655E10;909105
WINFUT;22/02/2024;10:30:00;172196,25;172488,65;171949,34;172098,78;4,690685488E10;1361638
WINFUT;22/02/2024;10:00:00;172235,24;172313,21;172053,30;172196,25;2,924614399E10;849213
WINFUT;22/02/2024;09:30:00;172391,18;172404,18;172209,25;172228,74;1,72319169E10;500015
WINFUT;22/02/2024;09:00:00;172774,55;172839,53;172339,20;172397,68;2,871722331E10;832095
WINFUT;21/02/2024;18:00:00;171533,48;171858,37;171390,53;171858,37;9229735864,00;269015
WINFUT;21/02/2024;17:30:00;171208,60;171552,98;171189,10;171526,98;1,730626254E10;504943
WINFUT;21/02/2024;17:00:00;171312,56;171319,06;171033,16;171202,10;1,686308114E10;492619
WINFUT;21/02/2024;16:30:00;171202,10;171436,02;171033,16;171312,56;2,083772701E10;608607
WINFUT;21/02/2024;16:00:00;171059,15;171403,53;170838,23;171202,10;3,833545624E10;1119668
WINFUT;21/02/2024;15:30:00;170922,70;171150,12;170844,72;171052,65;2,084003631E10;609311
WINFUT;21/02/2024;15:00:00;170662,79;170974,68;170519,84;170922,70;3,338047069E10;977356
WINFUT;21/02/2024;14:30:00;171013,66;171072,14;170630,30;170669,28;2,957610881E10;865773
WINFUT;21/02/2024;14:00:00;171267,08;171364,54;170916,20;171020,16;2,873840591E10;839728
WINFUT;21/02/2024;13:30:00;171072,14;171312,56;170883,71;171267,08;2,632963515E10;769371
WINFUT;21/02/2024;13:00:00;171046,15;171351,55;171046,15;171078,64;2,187796232E10;639029
WINFUT;21/02/2024;12:30:00;170955,18;171130,62;170831,73;171039,66;2,268103258E10;663164
WINFUT;21/02/2024;12:00:00;171169,61;171306,06;170903,20;170955,18;2,909529029E10;850063
WINFUT;21/02/2024;11:30:00;171065,65;171520,49;170955,18;171169,61;5,089526645E10;1486070
WINFUT;21/02/2024;11:00:00;171007,17;171364,54;170935,69;171065,65;3,782093183E10;1104975
WINFUT;21/02/2024;10:30:00;171026,66;171312,56;170935,69;171000,67;4,740313048E10;1385226
WINFUT;21/02/2024;10:00:00;170948,69;171403,53;170857,72;171026,66;5,421491201E10;1584397
WINFUT;21/02/2024;09:30:00;170877,21;171039,66;170838,23;170948,69;1,481159011E10;433269
WINFUT;21/02/2024;09:00:00;170916,20;171117,63;170838,23;170870,71;2,576296526E10;753404
WINFUT;20/02/2024;18:00:00;171377,54;171630,95;171338,55;171630,95;1,155533349E10;336897
WINFUT;20/02/2024;17:30:00;171156,61;171390,53;171039,66;171371,04;1,810825034E10;528930
WINFUT;20/02/2024;17:00:00;171130,62;171280,07;171000,67;171163,11;1,983743999E10;579500
WINFUT;20/02/2024;16:30:00;171117,63;171195,60;171065,65;171130,62;1,7060743E10;498468
WINFUT;20/02/2024;16:00:00;171085,14;171163,11;170877,21;171117,63;2,536629854E10;741682
WINFUT;20/02/2024;15:30:00;171111,13;171254,08;171026,66;171085,14;1,917574282E10;560300
WINFUT;20/02/2024;15:00:00;171241,08;171293,07;170942,19;171117,63;2,666305608E10;779120
WINFUT;20/02/2024;14:30:00;170942,19;171247,58;170857,72;171234,59;3,605698984E10;1053827
WINFUT;20/02/2024;14:00:00;170903,20;170961,68;170812,23;170935,69;1,775618101E10;519534
WINFUT;20/02/2024;13:30:00;170981,18;171124,13;170877,21;170896,71;2,057439667E10;601551
WINFUT;20/02/2024;13:00:00;171267,08;171286,57;170961,68;170974,68;1,865608544E10;545127
WINFUT;20/02/2024;12:30:00;171208,60;171286,57;171065,65;171267,08;2,025824017E10;591723
WINFUT;20/02/2024;12:00:00;171059,15;171338,55;170994,17;171208,60;3,467704076E10;1012826
WINFUT;20/02/2024;11:30:00;170812,23;171189,10;170714,77;171059,15;5,383393397E10;1574438
WINFUT;20/02/2024;11:00:00;170402,88;170818,73;170344,40;170818,73;3,491999423E10;1023572
WINFUT;20/02/2024;10:30:00;170052,00;170610,81;170000,02;170402,88;5,239010756E10;1537880
WINFUT;20/02/2024;10:00:00;169226,79;170065,00;169122,83;170058,50;6,5312593E10;1925386
WINFUT;20/02/2024;09:30:00;169207,30;169278,77;169051,35;169226,79;2,326811926E10;687705
WINFUT;20/02/2024;09:00:00;169454,21;169512,69;169122,83;169207,30;2,817175659E10;832115
WINFUT;19/02/2024;18:00:00;170136,47;170324,91;170136,47;170285,92;7800713938,00;229117
WINFUT;19/02/2024;17:30:00;170129,97;170201,45;170065,00;170129,97;7837826422,00;230354
WINFUT;19/02/2024;17:00:00;169902,55;170168,96;169831,08;170136,47;1,181048987E10;347339
WINFUT;19/02/2024;16:30:00;169837,58;169948,04;169824,58;169902,55;8188212070,00;240969
WINFUT;19/02/2024;16:00:00;169805,09;169889,56;169772,60;169844,07;1,05538125E10;310707
WINFUT;19/02/2024;15:30:00;169889,56;169896,06;169746,61;169811,59;1,016029266E10;299169
WINFUT;19/02/2024;15:00:00;169902,55;169980,53;169818,08;169896,06;1,249399174E10;367677
WINFUT;19/02/2024;14:30:00;169883,06;169948,04;169850,57;169909,05;9610770844,00;282832
WINFUT;19/02/2024;14:00:00;169863,57;169909,05;169629,65;169876,56;1,831791871E10;539418
WINFUT;19/02/2024;13:30:00;169850,57;169883,06;169694,63;169870,06;1,430605856E10;421293
WINFUT;19/02/2024;13:00:00;169577,67;169870,06;169545,18;169850,57;2,016724906E10;594145
WINFUT;19/02/2024;12:30:00;169564,67;169681,63;169402,23;169571,17;2,074422155E10;611730
WINFUT;19/02/2024;12:00:00;169519,19;169714,12;169447,71;169571,17;2,875266754E10;847628
WINFUT;19/02/2024;11:30:00;169499,69;169642,64;169285,27;169519,19;3,455508156E10;1019470
WINFUT;19/02/2024;11:00:00;169272,27;169616,65;169096,84;169493,20;3,787763865E10;1118373
WINFUT;19/02/2024;10:30:00;169226,79;169304,76;169051,35;169272,27;2,827583602E10;835677
WINFUT;19/02/2024;10:00:00;169356,74;169519,19;169220,29;169233,29;3,519319279E10;1039005
WINFUT;19/02/2024;09:30:00;169499,69;169584,16;169330,75;169356,74;1,530250077E10;451470
WINFUT;19/02/2024;09:00:00;169545,18;169688,13;169402,23;169499,69;1,720888512E10;507606
WINFUT;16/02/2024;18:00:00;169993,52;170065,00;169915,55;170019,51;7478060780,00;219951
WINFUT;16/02/2024;17:30:00;170233,94;170292,42;169941,54;169987,02;1,559605756E10;458452
WINFUT;16/02/2024;17:00:00;170201,45;170279,42;170000,02;170233,94;1,778153054E10;522588
WINFUT;16/02/2024;16:30:00;170383,39;170454,86;170071,49;170201,45;2,320534345E10;681463
WINFUT;16/02/2024;16:00:00;170194,95;170441,86;170194,95;170376,89;1,756860419E10;515760
WINFUT;16/02/2024;15:30:00;170246,93;170298,91;170097,49;170194,95;2,030846979E10;596660
WINFUT;16/02/2024;15:00:00;169915,55;170292,42;169733,61;170246,93;3,015340906E10;886973
WINFUT;16/02/2024;14:30:00;169616,65;169922,05;169558,17;169915,55;1,895841047E10;558541
WINFUT;16/02/2024;14:00:00;169441,21;169623,15;169330,75;169610,16;1,970776838E10;581505
WINFUT;16/02/2024;13:30:00;169584,16;169642,64;169376,24;169434,72;1,924982472E10;567775
WINFUT;16/02/2024;13:00:00;169733,61;169818,08;169480,20;169590,66;1,808328618E10;533000
WINFUT;16/02/2024;12:30:00;169915,55;169935,04;169662,14;169733,61;2,391552425E10;704232
WINFUT;16/02/2024;12:00:00;169051,35;170045,50;169005,87;169909,05;3,892200561E10;1146834
WINFUT;16/02/2024;11:30:00;169161,81;169434,72;168908,40;169051,35;4,581643861E10;1353915
WINFUT;16/02/2024;11:00:00;168999,37;169389,23;168953,89;169168,31;4,228541948E10;1249795
WINFUT;16/02/2024;10:30:00;169870,06;169902,55;168538,03;169005,87;7,798108649E10;2307041
WINFUT;16/02/2024;10:00:00;169460,71;170058,50;169428,22;169870,06;5,315225933E10;1566009
WINFUT;16/02/2024;09:30:00;169460,71;169564,67;169376,24;169460,71;1,885693258E10;556341
WINFUT;16/02/2024;09:00:00;169174,81;169571,17;169051,35;169460,71;3,189984888E10;942063
WINFUT;15/02/2024;18:00:00;168758,95;168810,94;168596,51;168810,94;6735418539,00;199603
WINFUT;15/02/2024;17:30:00;168700,47;168791,44;168603,01;168758,95;1,276392488E10;378306
WINFUT;15/02/2024;17:00:00;168706,97;168823,93;168603,01;168706,97;1,489727558E10;441501
WINFUT;15/02/2024;16:30:00;168758,95;168843,42;168641,99;168706,97;1,968789683E10;583354
WINFUT;15/02/2024;16:00:00;168603,01;168797,94;168440,56;168758,95;2,279076643E10;675766
WINFUT;15/02/2024;15:30:00;168719,97;168771,95;168375,59;168603,01;2,244534837E10;665827
WINFUT;15/02/2024;15:00:00;168349,60;168726,46;168323,61;168719,97;2,380808973E10;706340
WINFUT;15/02/2024;14:30:00;168531,53;168635,50;168343,10;168356,09;2,322003955E10;689008
WINFUT;15/02/2024;14:00:00;168102,68;168590,01;168076,69;168531,53;2,220621876E10;659555
WINFUT;15/02/2024;13:30:00;168044,20;168219,64;167920,75;168096,19;2,19412681E10;652671
WINFUT;15/02/2024;13:00:00;168291,12;168317,11;167940,24;168037,71;2,671781373E10;794614
WINFUT;15/02/2024;12:30:00;168011,71;168453,56;168011,71;168297,61;2,864641106E10;851306
WINFUT;15/02/2024;12:00:00;168102,68;168245,63;167849,27;168011,71;3,498396871E10;1040771
WINFUT;15/02/2024;11:30:00;167803,79;168440,56;167764,80;168102,68;5,024208138E10;1493595
WINFUT;15/02/2024;11:00:00;168005,22;168044,20;167621,85;167803,79;3,896972915E10;1161212
WINFUT;15/02/2024;10:30:00;167998,72;168440,56;167803,79;168005,22;5,673173415E10;1687074
WINFUT;15/02/2024;10:00:00;168505,54;168557,52;167966,23;167992,22;4,149222166E10;1233286
WINFUT;15/02/2024;09:30:00;168362,59;168609,51;168323,61;168512,04;2,003406457E10;594607
WINFUT;15/02/2024;09:00:00;168245,63;168499,04;168115,68;168356,09;2,725667382E10;809961
WINFUT;14/02/2024;18:00:00;167758,30;167933,74;167706,32;167901,25;6630896988,00;197567
WINFUT;14/02/2024;17:30:00;167680,33;167790,79;167543,88;167758,30;1,401701548E10;418013
WINFUT;14/02/2024;17:00:00;167530,88;167868,76;167511,39;167686,83;1,848506705E10;551256
WINFUT;14/02/2024;16:30:00;167797,29;167862,27;167478,90;167530,88;2,026256153E10;604198
WINFUT;14/02/2024;16:00:00;167550,38;167810,29;167394,43;167797,29;2,246983821E10;670500
WINFUT;14/02/2024;15:30:00;167569,87;167842,77;167335,95;167550,38;2,737515785E10;816598
WINFUT;14/02/2024;15:00:00;167784,29;167920,75;167459,41;167569,87;3,540283012E10;1055798
WINFUT;14/02/2024;14:30:00;167868,76;167966,23;167647,84;167790,79;2,48176311E10;739452
WINFUT;14/02/2024;14:00:00;168154,66;168174,16;167706,32;167862,27;3,513203769E10;1046223
WINFUT;14/02/2024;13:30:00;168213,14;168609,51;168102,68;168161,16;3,04327005E10;903724
WINFUT;14/02/2024;13:00:00;168187,15;168641,99;167836,28;168219,64;4,101480997E10;1218527
WINFUT;09/02/2024;18:00:00;169297,70;169608,43;169139,02;169330,75;9501554675,00;280522
WINFUT;09/02/2024;17:30:00;169522,48;169529,09;169139,02;169291,09;1,424664316E10;420821
WINFUT;09/02/2024;17:00:00;169502,65;169548,93;169251,42;169522,48;1,471050623E10;434201
WINFUT;09/02/2024;16:30:00;169740,66;169780,33;169377,03;169502,65;1,842947697E10;543422
WINFUT;09/02/2024;16:00:00;169654,71;169853,05;169496,04;169747,27;1,919656308E10;565721
WINFUT;09/02/2024;15:30:00;169734,05;169767,10;169469,59;169654,71;1,934065166E10;570167
WINFUT;09/02/2024;15:00:00;169403,48;169760,49;169396,87;169727,44;2,592334103E10;764329
WINFUT;09/02/2024;14:30:00;169350,59;169443,15;169105,97;169410,09;2,204225776E10;651084
WINFUT;09/02/2024;14:00:00;169006,80;169370,42;168940,68;169357,20;2,122133385E10;627251
WINFUT;09/02/2024;13:30:00;168907,62;169079,52;168689,45;169000,18;2,261216835E10;669448
WINFUT;09/02/2024;13:00:00;169039,85;169264,64;168801,84;168901,01;2,706146137E10;800449
WINFUT;09/02/2024;12:30:00;169456,37;169509,26;169000,18;169039,85;2,630755181E10;777303
WINFUT;09/02/2024;12:00:00;169786,94;169793,55;169079,52;169462,98;3,636906008E10;1073661
WINFUT;09/02/2024;11:30:00;169231,58;169866,28;168947,29;169786,94;5,259201451E10;1552701
WINFUT;09/02/2024;11:00:00;170309,24;170348,91;169105,97;169231,58;5,042787719E10;1484213
WINFUT;09/02/2024;10:30:00;169786,94;170600,14;169753,88;170315,85;5,435365839E10;1596207
WINFUT;09/02/2024;10:00:00;169529,09;170137,34;169343,98;169793,55;6,303126819E10;1856654
WINFUT;09/02/2024;09:30:00;169588,60;169747,27;169482,82;169529,09;2,046155188E10;603089
WINFUT;09/02/2024;09:00:00;170044,78;170091,06;169529,09;169581,99;3,031822474E10;892846
WINFUT;08/02/2024;18:00:00;169476,20;169780,33;169383,64;169621,65;1,043437138E10;307748
WINFUT;08/02/2024;17:30:00;169700,99;169859,66;169396,87;169469,59;1,944238361E10;573023
WINFUT;08/02/2024;17:00:00;169734,05;169905,94;169687,77;169707,60;1,514147484E10;445841
WINFUT;08/02/2024;16:30:00;169899,33;169939,00;169588,60;169727,44;2,474554426E10;728740
WINFUT;08/02/2024;16:00:00;169846,44;169965,45;169707,60;169899,33;2,235522191E10;658086
WINFUT;08/02/2024;15:30:00;169608,43;169879,50;169496,04;169846,44;2,668382549E10;786073
WINFUT;08/02/2024;15:00:00;169324,14;169714,21;169271,25;169608,43;3,268280297E10;963867
WINFUT;08/02/2024;14:30:00;169482,82;169661,32;169191,91;169324,14;3,194815148E10;942972
WINFUT;08/02/2024;14:00:00;169542,32;169621,65;169416,70;169489,43;2,219206322E10;654605
WINFUT;08/02/2024;13:30:00;169872,89;169925,78;169449,76;169548,93;3,275938393E10;965252
WINFUT;08/02/2024;13:00:00;170276,18;170322,46;169747,27;169872,89;2,766896401E10;813414
WINFUT;08/02/2024;12:30:00;170282,79;170368,74;170104,29;170276,18;2,272451986E10;667460
WINFUT;08/02/2024;12:00:00;170395,19;170421,63;170091,06;170282,79;2,89310656E10;849737
WINFUT;08/02/2024;11:30:00;170857,98;171043,10;170309,24;170395,19;4,526726959E10;1326691
WINFUT;08/02/2024;11:00:00;171691,02;171737,30;170791,87;170857,98;4,200753887E10;1226621
WINFUT;08/02/2024;10:30:00;171684,41;171810,02;171307,56;171697,63;3,907979836E10;1138664
WINFUT;08/02/2024;10:00:00;171657,96;172153,81;171459,62;171684,41;5,204170087E10;1514830
WINFUT;08/02/2024;09:30:00;171446,40;171737,30;171320,78;171657,96;2,550304078E10;743435
WINFUT;08/02/2024;09:00:00;171677,79;171710,85;171201,77;171446,40;3,441252339E10;1003474
WINFUT;07/02/2024;18:00:00;172147,20;172160,43;171823,24;171955,47;8148517732,00;236911
WINFUT;07/02/2024;17:30:00;172001,75;172173,65;171915,80;172147,20;1,601005614E10;465268
WINFUT;07/02/2024;17:00:00;172107,53;172292,65;172001,75;172001,75;1,839853345E10;534355
WINFUT;07/02/2024;16:30:00;171770,35;172140,59;171717,46;172100,92;1,921971122E10;558933
WINFUT;07/02/2024;16:00:00;171724,07;171935,64;171638,13;171770,35;2,080598707E10;605509
WINFUT;07/02/2024;15:30:00;171624,90;171796,80;171406,73;171730,69;2,479581631E10;722410
WINFUT;07/02/2024;15:00:00;171624,90;171889,36;171453,01;171618,29;3,708946555E10;1080551
WINFUT;07/02/2024;14:30:00;171380,28;171704,24;171347,23;171618,29;2,626564134E10;765465
WINFUT;07/02/2024;14:00:00;171598,46;171730,69;171307,56;171373,67;3,093909787E10;901814
WINFUT;07/02/2024;13:30:00;171578,62;171697,63;171505,90;171598,46;2,156614828E10;628319
WINFUT;07/02/2024;13:00:00;171915,80;172014,98;171552,18;171572,01;2,507558719E10;729816
WINFUT;07/02/2024;12:30:00;172061,25;172147,20;171823,24;171915,80;2,315148712E10;673023
WINFUT;07/02/2024;12:00:00;171948,86;172140,59;171763,74;172061,25;3,456650016E10;1004987
WINFUT;07/02/2024;11:30:00;171671,18;172167,04;171426,56;171942,25;6,437818735E10;1873312
WINFUT;07/02/2024;11:00:00;171796,80;171995,14;171591,85;171671,18;3,53040519E10;1027445
WINFUT;07/02/2024;10:30:00;172206,71;172239,76;171776,97;171803,41;3,983914704E10;1158021
WINFUT;07/02/2024;10:00:00;172206,71;172490,99;172048,03;172206,71;5,002169616E10;1451922
WINFUT;07/02/2024;09:30:00;172100,92;172451,33;172087,70;172206,71;2,565277857E10;744502
WINFUT;07/02/2024;09:00:00;172755,45;172755,45;172081,09;172100,92;3,627724116E10;1052380
WINFUT;06/02/2024;18:00:00;172953,79;173363,70;172841,40;173363,70;1,63234217E10;471610
WINFUT;06/02/2024;17:30:00;172424,88;172993,46;172365,38;172940,57;2,501597989E10;724446
WINFUT;06/02/2024;17:00:00;172411,66;172543,89;172338,93;172431,49;1,646540429E10;477418
WINFUT;06/02/2024;16:30:00;172378,60;172563,72;172345,54;172418,27;2,197334147E10;637093
WINFUT;06/02/2024;16:00:00;172497,61;172510,83;172226,54;172385,21;2,311946462E10;670690
WINFUT;06/02/2024;15:30:00;172153,81;172583,55;172120,76;172497,61;3,055792253E10;886507
WINFUT;06/02/2024;15:00:00;172067,87;172286,04;172008,36;172153,81;2,47120639E10;717702
WINFUT;06/02/2024;14:30:00;172107,53;172206,71;171995,14;172067,87;2,048852665E10;595224
WINFUT;06/02/2024;14:00:00;172041,42;172213,32;171968,70;172107,53;1,902629034E10;552842
WINFUT;06/02/2024;13:30:00;172279,43;172338,93;171995,14;172041,42;2,037368428E10;591823
WINFUT;06/02/2024;13:00:00;172100,92;172338,93;172067,87;172279,43;1,835172624E10;532890
WINFUT;06/02/2024;12:30:00;172233,15;172411,66;172048,03;172094,31;2,417825695E10;701829
WINFUT;06/02/2024;12:00:00;171776,97;172352,16;171538,96;172233,15;4,243316984E10;1233210
WINFUT;06/02/2024;11:30:00;171089,38;171856,30;170976,99;171776,97;5,086384538E10;1483845
WINFUT;06/02/2024;11:00:00;171479,45;171605,07;171049,71;171095,99;3,475146033E10;1013746
WINFUT;06/02/2024;10:30:00;171380,28;171545,57;171023,27;171479,45;4,620997924E10;1348794
WINFUT;06/02/2024;10:00:00;169377,03;171453,01;169297,70;171380,28;7,132670953E10;2093128
WINFUT;06/02/2024;09:30:00;169211,75;169496,04;169119,19;169377,03;1,980641177E10;584898
WINFUT;06/02/2024;09:00:00;169244,81;169700,99;169079,52;169211,75;3,058500869E10;902971
WINFUT;05/02/2024;18:00:00;169039,85;169205,14;168934,07;168986,96;8650185032,00;255812
WINFUT;05/02/2024;17:30:00;169231,58;169310,92;168947,29;169039,85;1,870888061E10;553148
WINFUT;05/02/2024;17:00:00;169198,53;169297,70;168901,01;169231,58;2,104136842E10;622199
WINFUT;05/02/2024;16:30:00;169211,75;169343,98;169092,74;169198,53;1,958027991E10;578572
WINFUT;05/02/2024;16:00:00;168775,40;169297,70;168702,67;169205,14;2,998927666E10;887290
WINFUT;05/02/2024;15:30:00;168550,61;168848,12;168424,99;168775,40;2,741732434E10;812643
WINFUT;05/02/2024;15:00:00;168471,27;168696,06;168292,77;168544,00;2,977653656E10;883589
WINFUT;05/02/2024;14:30:00;168200,21;168550,61;168127,48;168471,27;2,827166522E10;839551
WINFUT;05/02/2024;14:00:00;167863,03;168246,49;167863,03;168193,60;2,482826666E10;738465
WINFUT;05/02/2024;13:30:00;167651,46;167942,36;167638,24;167869,64;1,694558041E10;505018
WINFUT;05/02/2024;13:00:00;167598,57;167796,91;167413,45;167651,46;2,152589721E10;642129
WINFUT;05/02/2024;12:30:00;167717,58;167803,52;167486,18;167598,57;2,527109617E10;753733
WINFUT;05/02/2024;12:00:00;168629,95;168636,56;167426,67;167717,58;5,748318968E10;1712055
WINFUT;05/02/2024;11:30:00;169046,46;169053,08;168504,33;168616,72;4,862608982E10;1440562
WINFUT;05/02/2024;11:00:00;169238,19;169350,59;169000,18;169046,46;3,136141109E10;926890
WINFUT;05/02/2024;10:30:00;168887,79;169271,25;168848,12;169244,81;3,422160738E10;1011762
WINFUT;05/02/2024;10:00:00;168398,55;168901,01;168352,27;168887,79;4,50119834E10;1334362
WINFUT;05/02/2024;09:30:00;168286,15;168596,89;168173,76;168398,55;2,02294531E10;600568
WINFUT;05/02/2024;09:00:00;168352,27;168643,17;168186,98;168292,77;2,896025379E10;859985
WINFUT;02/02/2024;18:00:00;168570,44;168715,89;168431,61;168696,06;7510603618,00;222803
WINFUT;02/02/2024;17:30:00;168795,23;168815,07;168458,05;168570,44;2,067469051E10;613017
WINFUT;02/02/2024;17:00:00;168901,01;168914,24;168544,00;168795,23;2,096916567E10;621355
WINFUT;02/02/2024;16:30:00;168669,61;168980,35;168537,39;168901,01;2,527379925E10;748590
WINFUT;02/02/2024;16:00:00;168517,55;168715,89;168391,94;168663,00;2,487024932E10;737679
WINFUT;02/02/2024;15:30:00;168180,37;168537,39;168127,48;168510,94;2,37190365E10;704463
WINFUT;02/02/2024;15:00:00;168074,59;168358,88;168028,31;168180,37;2,271786635E10;675410
WINFUT;02/02/2024;14:30:00;168028,31;168246,49;167849,80;168074,59;2,540393882E10;755880
WINFUT;02/02/2024;14:00:00;167968,81;168074,59;167744,02;168021,70;2,058060333E10;612833
WINFUT;02/02/2024;13:30:00;168074,59;168107,65;167856,41;167962,20;1,526259035E10;454323
WINFUT;02/02/2024;13:00:00;168067,98;168107,65;167810,14;168067,98;1,710277069E10;509155
WINFUT;02/02/2024;12:30:00;168001,87;168167,15;167810,14;168061,37;2,521784028E10;750627
WINFUT;02/02/2024;12:00:00;168339,05;168438,22;167810,14;168001,87;4,000135998E10;1190291
WINFUT;02/02/2024;11:30:00;168424,99;168649,78;168134,09;168345,66;5,091269864E10;1511783
WINFUT;02/02/2024;11:00:00;168649,78;168940,68;168405,16;168431,61;4,624833184E10;1370902
WINFUT;02/02/2024;10:30:00;170811,70;170857,98;168510,94;168649,78;8,727184483E10;2577710
WINFUT;02/02/2024;10:00:00;170309,24;170943,93;170262,96;170805,09;3,838716145E10;1125763
WINFUT;02/02/2024;09:30:00;170289,40;170434,85;170163,79;170309,24;1,85482524E10;544598
WINFUT;02/02/2024;09:00:00;170619,97;170672,86;170051,39;170296,02;2,332025593E10;684932
WINFUT;01/02/2024;18:00:00;170177,01;170507,58;170124,12;170296,02;8988619803,00;263845
WINFUT;01/02/2024;17:30:00;170130,73;170196,84;169932,39;170170,40;1,349559139E10;396723
WINFUT;01/02/2024;17:00:00;169886,11;170137,34;169707,60;170137,34;1,580119685E10;465018
WINFUT;01/02/2024;16:30:00;169820,00;169932,39;169502,65;169892,72;2,334064637E10;687548
WINFUT;01/02/2024;16:00:00;169892,72;170104,29;169753,88;169813,38;2,020394757E10;594564
WINFUT;01/02/2024;15:30:00;169793,55;169972,06;169634,88;169892,72;2,522889687E10;742800
WINFUT;01/02/2024;15:00:00;169542,32;169866,28;169172,08;169786,94;2,96797182E10;875289
WINFUT;01/02/2024;14:30:00;169529,09;169912,56;169264,64;169542,32;3,158473306E10;931408
WINFUT;01/02/2024;14:00:00;169568,76;170196,84;169462,98;169529,09;3,554537512E10;1046457
WINFUT;01/02/2024;13:30:00;169079,52;169648,10;169066,30;169575,37;2,446030578E10;721984
WINFUT;01/02/2024;13:00:00;169125,80;169258,03;168649,78;169086,13;3,354800305E10;993132
WINFUT;01/02/2024;12:30:00;169482,82;169813,38;169112,58;169132,41;3,129548855E10;923043
WINFUT;01/02/2024;12:00:00;169707,60;169767,10;169046,46;169482,82;5,097051621E10;1504270
WINFUT;01/02/2024;11:30:00;169628,27;170210,07;169535,71;169700,99;5,113117245E10;1505072
WINFUT;01/02/2024;11:00:00;169648,10;170071,23;169370,42;169634,88;4,448957052E10;1310544
WINFUT;01/02/2024;10:30:00;169681,16;169998,50;169449,76;169648,10;4,612924724E10;1359056
WINFUT;01/02/2024;10:00:00;169800,16;169872,89;169515,87;169681,16;3,953969841E10;1165019
WINFUT;01/02/2024;09:30:00;169581,99;169813,38;169462,98;169800,16;1,920107556E10;565965
WINFUT;01/02/2024;09:00:00;169892,72;169925,78;169317,53;169588,60;3,037350197E10;895484
WINFUT;31/01/2024;18:00:00;169707,60;169734,05;169119,19;169238,19;1,145747533E10;338194
WINFUT;31/01/2024;17:30:00;170216,68;170229,90;169535,71;169714,21;2,998815964E10;883276
WINFUT;31/01/2024;17:00:00;171281,11;171314,17;169939,00;170216,68;6,933283742E10;2033820
WINFUT;31/01/2024;16:30:00;170798,48;171975,31;170653,03;171287,72;6,820268205E10;1990148
WINFUT;31/01/2024;16:00:00;171122,44;171519,12;170600,14;170798,48;4,98670449E10;1458417
WINFUT;31/01/2024;15:30:00;170725,76;171208,39;170600,14;171122,44;2,490791474E10;728848
WINFUT;31/01/2024;15:00:00;170738,98;170791,87;170527,41;170725,76;2,051338465E10;601031
WINFUT;31/01/2024;14:30:00;170778,65;170798,48;170534,03;170738,98;1,728430629E10;506351
WINFUT;31/01/2024;14:00:00;170653,03;170831,54;170606,75;170772,03;1,973000506E10;577871
WINFUT;31/01/2024;13:30:00;170725,76;170765,42;170395,19;170646,42;2,540085671E10;744548
WINFUT;31/01/2024;13:00:00;170864,59;170950,54;170705,92;170725,76;1,901369483E10;556504
WINFUT;31/01/2024;12:30:00;170824,93;170904,26;170586,92;170871,21;2,452233839E10;718143
WINFUT;31/01/2024;12:00:00;170613,36;170983,60;170573,69;170818,31;3,112406224E10;911419
WINFUT;31/01/2024;11:30:00;170547,25;171023,27;170547,25;170613,36;4,972043994E10;1455712
WINFUT;31/01/2024;11:00:00;170269,57;170573,69;170117,51;170547,25;3,963186934E10;1162841
WINFUT;31/01/2024;10:30:00;170011,73;170342,29;169892,72;170269,57;4,828081878E10;1419038
WINFUT;31/01/2024;10:00:00;169191,91;170097,67;169026,63;170005,11;5,579769004E10;1645848
WINFUT;31/01/2024;09:30:00;169291,09;169363,81;169178,69;169191,91;1,808020124E10;534090
WINFUT;31/01/2024;09:00:00;168715,89;169330,75;168629,95;169291,09;3,884575841E10;1149010
WINFUT;30/01/2024;18:00:00;169145,63;169152,25;168801,84;168801,84;1,028407488E10;304337
WINFUT;30/01/2024;17:30:00;169205,14;169264,64;169026,63;169145,63;1,401906355E10;414384
WINFUT;30/01/2024;17:00:00;169172,08;169324,14;168967,13;169205,14;1,704832849E10;503995
WINFUT;30/01/2024;16:30:00;169330,75;169390,26;169086,13;169172,08;2,202190081E10;650586
WINFUT;30/01/2024;16:00:00;169112,58;169390,26;169013,41;169330,75;2,140865284E10;632701
WINFUT;30/01/2024;15:30:00;169013,41;169258,03;168894,40;169112,58;2,359650626E10;697727
WINFUT;30/01/2024;15:00:00;169046,46;169191,91;168887,79;169020,02;2,512219034E10;743176
WINFUT;30/01/2024;14:30:00;169218,36;169317,53;168901,01;169039,85;3,21790707E10;951348
WINFUT;30/01/2024;14:00:00;169377,03;169449,76;169152,25;169218,36;2,623275742E10;774731
WINFUT;30/01/2024;13:30:00;169026,63;169383,64;168973,74;169370,42;2,918391101E10;862553
WINFUT;30/01/2024;13:00:00;168967,13;169125,80;168795,23;169026,63;2,487561911E10;736167
WINFUT;30/01/2024;12:30:00;168801,84;168993,57;168656,39;168967,13;2,787711636E10;825583
WINFUT;30/01/2024;12:00:00;169456,37;169502,65;168583,67;168808,45;5,794983661E10;1715625
WINFUT;30/01/2024;11:30:00;169429,92;169595,21;169079,52;169449,76;4,764142582E10;1406898
WINFUT;30/01/2024;11:00:00;169522,48;169648,10;169343,98;169429,92;3,029479517E10;893584
WINFUT;30/01/2024;10:30:00;169667,93;169853,05;169390,26;169529,09;4,378657088E10;1290876
WINFUT;30/01/2024;10:00:00;170243,12;170355,52;169588,60;169661,32;5,286072834E10;1554995
WINFUT;30/01/2024;09:30:00;170712,53;170917,49;170190,23;170243,12;3,617953546E10;1060392
WINFUT;30/01/2024;09:00:00;170335,68;170838,15;170276,18;170712,53;2,81608805E10;825188
WINFUT;29/01/2024;18:00:00;170679,48;170705,92;170421,63;170705,92;8197168414,00;240332
WINFUT;29/01/2024;17:30:00;170507,58;170686,09;170395,19;170672,86;1,601719464E10;469687
WINFUT;29/01/2024;17:00:00;170097,67;170732,37;170091,06;170507,58;3,489160452E10;1023740
WINFUT;29/01/2024;16:30:00;170143,95;170243,12;170038,17;170091,06;1,979398637E10;581690
WINFUT;29/01/2024;16:00:00;170051,39;170256,35;169978,67;170143,95;2,594879623E10;762727
WINFUT;29/01/2024;15:30:00;169958,83;170084,45;169866,28;170058,01;1,993825667E10;586479
WINFUT;29/01/2024;15:00:00;170044,78;170104,29;169674,55;169965,45;2,900583228E10;853824
WINFUT;29/01/2024;14:30:00;170058,01;170210,07;169846,44;170044,78;2,187537517E10;643243
WINFUT;29/01/2024;14:00:00;170183,62;170216,68;169879,50;170058,01;2,27748044E10;669595
WINFUT;29/01/2024;13:30:00;170137,34;170269,57;170031,56;170183,62;1,694684308E10;498003
WINFUT;29/01/2024;13:00:00;170157,18;170441,47;169991,89;170137,34;2,845457227E10;835855
WINFUT;29/01/2024;12:30:00;170309,24;170534,03;169912,56;170163,79;2,941238588E10;863636
WINFUT;29/01/2024;12:00:00;170322,46;170560,47;170097,67;170302,63;3,208979191E10;941976
WINFUT;29/01/2024;11:30:00;170534,03;170613,36;169998,50;170322,46;4,354401505E10;1278862
WINFUT;29/01/2024;11:00:00;171089,38;171195,16;170487,75;170527,41;4,6027204E10;1346498
WINFUT;29/01/2024;10:30:00;170758,81;171340,61;170705,92;171095,99;4,156668911E10;1214764
WINFUT;29/01/2024;10:00:00;170884,43;170957,15;170514,19;170765,42;3,979922826E10;1165683
WINFUT;29/01/2024;09:30:00;171281,11;171281,11;170838,15;170891,04;2,004872064E10;585908
WINFUT;29/01/2024;09:00:00;171406,73;171439,78;171069,55;171274,50;2,362605861E10;689929
WINFUT;26/01/2024;18:00:00;171162,11;171274,50;171003,43;171003,43;7385340189,00;215741
WINFUT;26/01/2024;17:30:00;171254,67;171367,06;171056,32;171168,72;1,640961922E10;479182
WINFUT;26/01/2024;17:00:00;171585,24;171598,46;171195,16;171248,05;1,416776158E10;413144
WINFUT;26/01/2024;16:30:00;171334,00;171638,13;171095,99;171578,62;2,121862937E10;619037
WINFUT;26/01/2024;16:00:00;171393,50;171446,40;171181,94;171340,61;1,708228496E10;498522
WINFUT;26/01/2024;15:30:00;171327,39;171459,62;171148,88;171393,50;1,863448079E10;543884
WINFUT;26/01/2024;15:00:00;171062,94;171505,90;171003,43;171327,39;2,254954115E10;658087
WINFUT;26/01/2024;14:30:00;171201,77;171300,95;170963,77;171069,55;2,545996058E10;743826
WINFUT;26/01/2024;14:00:00;171413,34;171572,01;171036,49;171201,77;2,21170532E10;645734
WINFUT;26/01/2024;13:30:00;170798,48;171446,40;170752,20;171406,73;2,40072952E10;701668
WINFUT;26/01/2024;13:00:00;170646,42;170864,59;170467,91;170791,87;1,966031253E10;576149
WINFUT;26/01/2024;12:30:00;170805,09;171281,11;170586,92;170653,03;2,767113472E10;809387
WINFUT;26/01/2024;12:00:00;170712,53;170838,15;170223,29;170811,70;3,508176265E10;1028537
WINFUT;26/01/2024;11:30:00;170996,82;171261,28;170613,36;170719,14;4,753660552E10;1390173
WINFUT;26/01/2024;11:00:00;170282,79;171010,04;169793,55;170996,82;5,279055785E10;1550247
WINFUT;26/01/2024;10:30:00;170150,56;170672,86;169740,66;170282,79;6,351470461E10;1865446
WINFUT;26/01/2024;10:00:00;170302,63;170388,57;170051,39;170157,18;3,019943912E10;886920
WINFUT;26/01/2024;09:30:00;170593,53;170619,97;170289,40;170302,63;1,318418114E10;386722
WINFUT;26/01/2024;09:00:00;170738,98;171532,34;170474,52;170586,92;2,817993743E10;824818
WINFUT;25/01/2024;18:00:00;170249,74;170348,91;170018,34;170137,34;8410684616,00;247022
WINFUT;25/01/2024;17:30:00;170137,34;170322,46;169952,22;170249,74;1,535471029E10;451299
WINFUT;25/01/2024;17:00:00;170381,96;170415,02;169780,33;170130,73;2,412307652E10;709224
WINFUT;25/01/2024;16:30:00;170659,64;170864,59;170355,52;170375,35;1,852882633E10;542836
WINFUT;25/01/2024;16:00:00;170415,02;170719,14;170223,29;170666,25;2,567447598E10;752987
WINFUT;25/01/2024;15:30:00;170686,09;170851,37;170395,19;170408,41;2,212980399E10;648371
WINFUT;25/01/2024;15:00:00;170434,85;170719,14;170249,74;170686,09;2,521747619E10;739417
WINFUT;25/01/2024;14:30:00;170527,41;170560,47;170203,46;170434,85;2,093469869E10;614373
WINFUT;25/01/2024;14:00:00;170408,41;170646,42;170097,67;170527,41;2,723407345E10;799271
WINFUT;25/01/2024;13:30:00;170329,07;170474,52;170150,56;170408,41;2,247286038E10;659686
WINFUT;25/01/2024;13:00:00;170276,18;170329,07;169945,61;170322,46;2,299457599E10;675718
WINFUT;25/01/2024;12:30:00;170534,03;170659,64;170005,11;170269,57;3,203292167E10;940313
WINFUT;25/01/2024;12:00:00;170917,49;170990,21;170329,07;170540,64;3,754062387E10;1100347
WINFUT;25/01/2024;11:30:00;170329,07;170924,10;170071,23;170910,87;4,573245816E10;1341904
WINFUT;25/01/2024;11:00:00;170368,74;170494,36;170110,90;170335,68;3,202554213E10;940279
WINFUT;25/01/2024;10:30:00;170381,96;170877,82;169859,66;170375,35;5,307258098E10;1556260
WINFUT;25/01/2024;10:00:00;170296,02;170454,69;169833,22;170375,35;4,219856242E10;1239899
WINFUT;25/01/2024;09:30:00;170335,68;170527,41;170203,46;170302,63;2,0061726E10;588784
WINFUT;25/01/2024;09:00:00;170229,90;170467,91;169939,00;170329,07;2,600682718E10;763806
WINFUT;24/01/2024;18:00:00;169773,72;169846,44;169581,99;169667,93;8200252482,00;241583
WINFUT;24/01/2024;17:30:00;169786,94;170024,95;169648,10;169773,72;1,885943527E10;555226
WINFUT;24/01/2024;17:00:00;169925,78;170038,17;169720,82;169786,94;2,143412067E10;630853
WINFUT;24/01/2024;16:30:00;169886,11;170097,67;169661,32;169932,39;2,917191116E10;858573
WINFUT;24/01/2024;16:00:00;170190,23;170216,68;169720,82;169879,50;3,059037796E10;900066
WINFUT;24/01/2024;15:30:00;170705,92;170712,53;170044,78;170190,23;3,581446043E10;1051330
WINFUT;24/01/2024;15:00:00;171168,72;171274,50;170659,64;170699,31;3,250988577E10;951038
WINFUT;24/01/2024;14:30:00;170772,03;171215,00;170725,76;171162,11;2,848363107E10;832939
WINFUT;24/01/2024;14:00:00;170798,48;170831,54;170467,91;170778,65;2,52484677E10;739803
WINFUT;24/01/2024;13:30:00;170851,37;170857,98;170560,47;170798,48;2,131324461E10;624214
WINFUT;24/01/2024;13:00:00;170712,53;170877,82;170395,19;170844,76;3,028848513E10;887344
WINFUT;24/01/2024;12:30:00;170639,81;170976,99;170487,75;170712,53;3,481585568E10;1019934
WINFUT;24/01/2024;12:00:00;170877,82;170990,21;170586,92;170646,42;3,810112883E10;1115737
WINFUT;24/01/2024;11:30:00;171657,96;171697,63;170871,21;170884,43;5,562458708E10;1624264
WINFUT;24/01/2024;11:00:00;171862,91;172048,03;171591,85;171657,96;3,294808046E10;958788
WINFUT;24/01/2024;10:30:00;171730,69;171929,03;171347,23;171862,91;4,391520274E10;1279507
WINFUT;24/01/2024;10:00:00;171955,47;171955,47;171605,07;171730,69;3,669463603E10;1068099
WINFUT;24/01/2024;09:30:00;171691,02;172008,36;171585,24;171948,86;2,565756938E10;746788
WINFUT;24/01/2024;09:00:00;171578,62;172180,26;171572,01;171691,02;3,072124006E10;893947
WINFUT;23/01/2024;18:00:00;170613,36;170778,65;170500,97;170613,36;8154247649,00;238961
WINFUT;23/01/2024;17:30:00;170395,19;170633,20;170256,35;170619,97;1,449458158E10;425296
WINFUT;23/01/2024;17:00:00;170434,85;170586,92;170329,07;170401,80;1,680388628E10;492886
WINFUT;23/01/2024;16:30:00;170005,11;170487,75;169985,28;170428,24;2,159870209E10;634294
WINFUT;23/01/2024;16:00:00;170368,74;170448,08;169978,67;170005,11;2,226711329E10;654236
WINFUT;23/01/2024;15:30:00;170362,13;170520,80;170276,18;170368,74;2,196077519E10;644394
WINFUT;23/01/2024;15:00:00;170289,40;170401,80;170137,34;170362,13;2,032053502E10;596736
WINFUT;23/01/2024;14:30:00;170124,12;170348,91;170011,73;170296,02;2,335123281E10;686165
WINFUT;23/01/2024;14:00:00;169886,11;170157,18;169866,28;170117,51;2,561337924E10;753341
WINFUT;23/01/2024;13:30:00;169462,98;169912,56;169383,64;169886,11;2,424046559E10;714560
WINFUT;23/01/2024;13:00:00;169218,36;169562,15;169165,47;169456,37;2,555091658E10;754253
WINFUT;23/01/2024;12:30:00;169932,39;169952,22;168920,85;169218,36;3,510687759E10;1036484
WINFUT;23/01/2024;12:00:00;169317,53;170005,11;169244,81;169925,78;3,778978658E10;1113237
WINFUT;23/01/2024;11:30:00;169687,77;169740,66;168953,90;169324,14;5,853129349E10;1728813
WINFUT;23/01/2024;11:00:00;169615,04;169740,66;169092,74;169681,16;4,262151731E10;1258333
WINFUT;23/01/2024;10:30:00;168986,96;169648,10;168967,13;169615,04;4,7901467E10;1414167
WINFUT;23/01/2024;10:00:00;169462,98;169482,82;168801,84;168993,57;4,565269426E10;1350382
WINFUT;23/01/2024;09:30:00;169357,20;169489,43;169112,58;169462,98;2,671693784E10;789060
WINFUT;23/01/2024;09:00:00;168722,51;169423,31;168563,83;169357,20;3,221396241E10;952554
WINFUT;22/01/2024;18:00:00;168458,05;168464,66;168021,70;168259,71;8080544052,00;240186
WINFUT;22/01/2024;17:30:00;168358,88;168517,55;168286,15;168458,05;1,388762047E10;412332
WINFUT;22/01/2024;17:00:00;168101,04;168411,77;168101,04;168365,49;1,485702714E10;441504
WINFUT;22/01/2024;16:30:00;167757,24;168153,93;167737,41;168107,65;1,725560439E10;513554
WINFUT;22/01/2024;16:00:00;168081,20;168140,70;167373,78;167757,24;2,569937036E10;766166
WINFUT;22/01/2024;15:30:00;167777,08;168114,26;167710,96;168081,20;2,178916937E10;648847
WINFUT;22/01/2024;15:00:00;168623,34;168629,95;167770,47;167777,08;3,817519142E10;1134538
WINFUT;22/01/2024;14:30:00;168874,57;168901,01;168563,83;168623,34;2,127659691E10;630530
WINFUT;22/01/2024;14:00:00;168715,89;168953,90;168517,55;168881,18;2,179866993E10;645965
WINFUT;22/01/2024;13:30:00;168748,95;168808,45;168365,49;168715,89;2,725061694E10;808284
WINFUT;22/01/2024;13:00:00;169231,58;169244,81;168643,17;168755,56;3,11833874E10;923165
WINFUT;22/01/2024;12:30:00;169674,55;169687,77;169059,69;169231,58;3,302428453E10;975046
WINFUT;22/01/2024;12:00:00;169925,78;170104,29;169641,49;169667,93;3,611116894E10;1063021
WINFUT;22/01/2024;11:30:00;169191,91;169965,45;168828,29;169925,78;5,045537324E10;1489075
WINFUT;22/01/2024;11:00:00;169800,16;169905,94;169033,24;169185,30;4,218215358E10;1244437
WINFUT;22/01/2024;10:30:00;169985,28;170064,62;169535,71;169806,77;3,593594191E10;1058451
WINFUT;22/01/2024;10:00:00;169820,00;169998,50;169086,13;169985,28;6,022596344E10;1776227
WINFUT;22/01/2024;09:30:00;169694,38;169872,89;169568,76;169820,00;1,983472662E10;584339
WINFUT;22/01/2024;09:00:00;169846,44;169859,66;169396,87;169694,38;2,691595557E10;793624
WINFUT;19/01/2024;18:00:00;169892,72;170005,11;169555,54;169581,99;8289189525,00;244083
WINFUT;19/01/2024;17:30:00;169773,72;169932,39;169720,82;169892,72;1,349946219E10;397452
WINFUT;19/01/2024;17:00:00;169978,67;170044,78;169767,10;169780,33;1,666475833E10;490378
WINFUT;19/01/2024;16:30:00;169595,21;169998,50;169469,59;169972,06;2,521365231E10;742604
WINFUT;19/01/2024;16:00:00;169297,70;169747,27;169271,25;169601,82;2,256884122E10;665692
WINFUT;19/01/2024;15:30:00;169555,54;169588,60;169284,47;169291,09;1,91786686E10;566015
WINFUT;19/01/2024;15:00:00;169013,41;169568,76;168940,68;169548,93;2,566096573E10;758202
WINFUT;19/01/2024;14:30:00;169000,18;169152,25;168801,84;169013,41;2,67308234E10;790876
WINFUT;19/01/2024;14:00:00;168603,50;169039,85;168471,27;169000,18;2,070616338E10;613578
WINFUT;19/01/2024;13:30:00;168715,89;168768,79;168319,21;168610,11;2,270978263E10;673727
WINFUT;19/01/2024;13:00:00;168742,34;168815,07;168431,61;168715,89;2,145426219E10;636097
WINFUT;19/01/2024;12:30:00;168788,62;168986,96;168616,72;168742,34;2,217535144E10;656910
WINFUT;19/01/2024;12:00:00;168834,90;168947,29;168398,55;168788,62;3,790086974E10;1123309
WINFUT;19/01/2024;11:30:00;168610,11;168874,57;168504,33;168828,29;3,142960915E10;931497
WINFUT;19/01/2024;11:00:00;169641,49;169654,71;168544,00;168610,11;5,369300167E10;1587779
WINFUT;19/01/2024;10:30:00;169416,70;169800,16;169403,48;169641,49;3,838025943E10;1131183
WINFUT;19/01/2024;10:00:00;169958,83;170024,95;169357,20;169410,09;5,584852439E10;1645167
WINFUT;19/01/2024;09:30:00;170256,35;170269,57;169853,05;169965,45;2,181855798E10;641577
WINFUT;19/01/2024;09:00:00;170163,79;170428,24;169767,10;170249,74;2,906001134E10;853797
WINFUT;18/01/2024;18:00:00;169449,76;169542,32;169304,31;169317,53;9754650092,00;287863
WINFUT;18/01/2024;17:30:00;169793,55;169939,00;169436,54;169456,37;1,757016825E10;517519
WINFUT;18/01/2024;17:00:00;169925,78;170018,34;169767,10;169786,94;1,463123944E10;430590
WINFUT;18/01/2024;16:30:00;169958,83;170031,56;169753,88;169919,17;2,088928008E10;614772
WINFUT;18/01/2024;16:00:00;169707,60;170011,73;169681,16;169958,83;1,96479924E10;578332
WINFUT;18/01/2024;15:30:00;169628,27;169892,72;169615,04;169707,60;2,069099593E10;609449
WINFUT;18/01/2024;15:00:00;169548,93;169773,72;169456,37;169621,65;2,131798241E10;628403
WINFUT;18/01/2024;14:30:00;169674,55;169773,72;169423,31;169555,54;1,914188278E10;564217
WINFUT;18/01/2024;14:00:00;169734,05;169760,49;169462,98;169674,55;2,560346305E10;754794
WINFUT;18/01/2024;13:30:00;170038,17;170091,06;169562,15;169727,44;2,756321035E10;811336
WINFUT;18/01/2024;13:00:00;169813,38;170064,62;169608,43;170038,17;2,058094978E10;605906
WINFUT;18/01/2024;12:30:00;170031,56;170269,57;169720,82;169813,38;2,974386147E10;874735
WINFUT;18/01/2024;12:00:00;170395,19;170401,80;169905,94;170031,56;3,808948114E10;1119082
WINFUT;18/01/2024;11:30:00;170434,85;170672,86;170011,73;170401,80;4,961006616E10;1456642
WINFUT;18/01/2024;11:00:00;170705,92;171043,10;170355,52;170434,85;4,310663079E10;1262525
WINFUT;18/01/2024;10:30:00;171208,39;171334,00;170606,75;170705,92;4,66656074E10;1364898
WINFUT;18/01/2024;10:00:00;172048,03;172061,25;171115,83;171221,61;4,777410648E10;1392883
WINFUT;18/01/2024;09:30:00;172133,98;172147,20;171909,19;172048,03;2,214657333E10;643745
WINFUT;18/01/2024;09:00:00;171538,96;172160,43;171492,68;172133,98;3,852521811E10;1120762
WINFUT;17/01/2024;18:00:00;171267,89;171267,89;170772,03;170798,48;8840820290,00;258487
WINFUT;17/01/2024;17:30:00;171122,44;171373,67;171082,77;171261,28;1,434566948E10;418884
WINFUT;17/01/2024;17:00:00;171228,22;171287,72;171056,32;171122,44;1,33478525E10;389896
WINFUT;17/01/2024;16:30:00;171307,56;171538,96;171175,33;171234,83;1,949456715E10;568812
WINFUT;17/01/2024;16:00:00;171082,77;171426,56;170904,26;171300,95;2,19776118E10;642073
WINFUT;17/01/2024;15:30:00;171069,55;171129,05;170758,81;171082,77;1,928724568E10;564047
WINFUT;17/01/2024;15:00:00;171215,00;171294,33;170904,26;171069,55;2,077562147E10;607035
WINFUT;17/01/2024;14:30:00;170937,32;171340,61;170857,98;171208,39;2,051050478E10;599376
WINFUT;17/01/2024;14:00:00;171208,39;171334,00;170805,09;170937,32;2,492698963E10;728447
WINFUT;17/01/2024;13:30:00;171082,77;171439,78;171036,49;171208,39;1,911815877E10;558229
WINFUT;17/01/2024;13:00:00;171195,16;171499,29;171082,77;171089,38;2,179767956E10;636124
WINFUT;17/01/2024;12:30:00;171724,07;171823,24;171135,66;171201,77;3,053728413E10;890369
WINFUT;17/01/2024;12:00:00;171631,51;171909,19;171413,34;171724,07;3,351621652E10;976354
WINFUT;17/01/2024;11:30:00;171512,51;171823,24;171386,89;171631,51;4,148030409E10;1208531
WINFUT;17/01/2024;11:00:00;171446,40;171717,46;171267,89;171505,90;3,252151618E10;948109
WINFUT;17/01/2024;10:30:00;171790,19;171929,03;171201,77;171446,40;5,185912771E10;1511003
WINFUT;17/01/2024;10:00:00;171453,01;172114,15;171360,45;171783,58;4,26368843E10;1241119
WINFUT;17/01/2024;09:30:00;171757,13;171843,08;171043,10;171446,40;3,701539778E10;1079351
WINFUT;17/01/2024;09:00:00;171367,06;171783,58;170547,25;171763,74;3,624150917E10;1058135
WINFUT;16/01/2024;18:00:00;172226,54;172279,43;171915,80;171988,53;8478317743,00;246311
WINFUT;16/01/2024;17:30:00;172325,71;172424,88;172133,98;172233,15;1,797381292E10;521663
WINFUT;16/01/2024;17:00:00;172610,00;172676,11;172239,76;172319,10;2,046345737E10;593429
WINFUT;16/01/2024;16:30:00;172266,21;172669,50;172200,09;172616,61;2,074498335E10;601392
WINFUT;16/01/2024;16:00:00;172219,93;172332,32;171948,86;172266,21;2,240698065E10;650874
WINFUT;16/01/2024;15:30:00;172405,05;172517,44;171929,03;172219,93;2,74786763E10;797560
WINFUT;16/01/2024;15:00:00;172200,09;172438,10;172133,98;172411,66;1,933454176E10;561059
WINFUT;16/01/2024;14:30:00;172094,31;172332,32;171968,70;172200,09;2,699200345E10;783852
WINFUT;16/01/2024;14:00:00;172636,45;172676,11;172001,75;172087,70;3,324958778E10;964402
WINFUT;16/01/2024;13:30:00;172431,49;172795,12;172431,49;172636,45;2,06344191E10;597579
WINFUT;16/01/2024;13:00:00;172973,63;173013,29;172299,26;172431,49;5,306245022E10;1537706
WINFUT;16/01/2024;12:30:00;172953,79;173112,46;172570,33;172973,63;3,61557913E10;1045857
WINFUT;16/01/2024;12:00:00;172927,35;173191,80;172709,17;172953,79;3,425445428E10;990208
WINFUT;16/01/2024;11:30:00;173846,33;173919,05;172834,79;172927,35;6,145419108E10;1773390
WINFUT;16/01/2024;11:00:00;173575,26;173965,33;173489,31;173846,33;3,52093265E10;1013288
WINFUT;16/01/2024;10:30:00;173608,32;174011,61;173350,47;173581,87;5,262935517E10;1514707
WINFUT;16/01/2024;10:00:00;174157,06;174348,79;173390,14;173608,32;5,518438302E10;1586549
WINFUT;16/01/2024;09:30:00;173826,49;174196,73;173760,38;174157,06;2,198503826E10;631859
WINFUT;16/01/2024;09:00:00;174467,80;174553,75;173720,71;173826,49;3,337919098E10;959075
WINFUT;15/01/2024;18:00:00;175439,67;175638,01;175340,50;175419,84;7937014356,00;226138
WINFUT;15/01/2024;17:30:00;175419,84;175466,12;175274,39;175433,06;1,048132707E10;298861
WINFUT;15/01/2024;17:00:00;175195,05;175446,28;175115,71;175419,84;1,358801231E10;387686
WINFUT;15/01/2024;16:30:00;174963,65;175393,39;174957,04;175195,05;2,084098708E10;594640
WINFUT;15/01/2024;16:00:00;174930,60;175009,93;174804,98;174963,65;1,051979268E10;300741
WINFUT;15/01/2024;15:30:00;174811,59;174943,82;174771,92;174923,98;1,014999507E10;290249
WINFUT;15/01/2024;15:00:00;175069,43;175148,77;174785,14;174811,59;1,853505712E10;529724
WINFUT;15/01/2024;14:30:00;174890,93;175122,33;174771,92;175069,43;1,857670809E10;530985
WINFUT;15/01/2024;14:00:00;174771,92;174996,71;174652,92;174890,93;2,322315503E10;664095
WINFUT;15/01/2024;13:30:00;174679,36;174844,65;174586,80;174765,31;2,206876268E10;631544
WINFUT;15/01/2024;13:00:00;174315,74;174732,25;174262,85;174679,36;2,188359256E10;627095
WINFUT;15/01/2024;12:30:00;174064,50;174342,18;173971,94;174315,74;1,565417382E10;449452
WINFUT;15/01/2024;12:00:00;174203,34;174223,18;173819,88;174064,50;2,506093307E10;719966
WINFUT;15/01/2024;11:30:00;174342,18;174401,68;174071,12;174203,34;2,361626436E10;677769
WINFUT;15/01/2024;11:00:00;174117,39;174381,85;173919,05;174342,18;2,957999942E10;849558
WINFUT;15/01/2024;10:30:00;173786,83;174282,68;173661,21;174124,01;3,606847514E10;1036344
WINFUT;15/01/2024;10:00:00;173879,39;173892,61;173562,04;173793,44;3,527886146E10;1015278
WINFUT;15/01/2024;09:30:00;174249,62;174256,23;173819,88;173879,39;1,744008087E10;501253
WINFUT;15/01/2024;09:00:00;174137,23;174520,69;174031,45;174249,62;2,430677209E10;697274
WINFUT;12/01/2024;18:00:00;174679,36;174864,48;174547,13;174547,13;6800801444,00;194638
WINFUT;12/01/2024;17:30:00;174652,92;174804,98;174633,08;174679,36;1,072790754E10;307021
WINFUT;12/01/2024;17:00:00;174725,64;174838,04;174474,41;174659,53;1,918571755E10;549302
WINFUT;12/01/2024;16:30:00;175023,15;175036,38;174679,36;174732,25;1,652531397E10;472644
WINFUT;12/01/2024;16:00:00;174871,09;175062,82;174791,76;175023,15;1,479825624E10;422973
WINFUT;12/01/2024;15:30:00;174778,53;175003,32;174738,87;174877,70;1,391422187E10;397822
WINFUT;12/01/2024;15:00:00;175062,82;175076,05;174752,09;174778,53;1,503581216E10;429844
WINFUT;12/01/2024;14:30:00;174752,09;175161,99;174652,92;175056,21;2,117070597E10;605203
WINFUT;12/01/2024;14:00:00;174692,59;174923,98;174580,19;174745,48;2,143570496E10;613321
WINFUT;12/01/2024;13:30:00;174732,25;174864,48;174441,35;174685,97;2,18869354E10;626627
WINFUT;12/01/2024;13:00:00;174547,13;174831,42;174388,46;174738,87;1,892349754E10;542059
WINFUT;12/01/2024;12:30:00;174957,04;175042,99;174262,85;174547,13;3,32334317E10;951607
WINFUT;12/01/2024;12:00:00;175221,50;175446,28;174890,93;174950,43;3,133641349E10;894402
WINFUT;12/01/2024;11:30:00;175690,90;175915,69;175201,66;175228,11;4,212838334E10;1199233
WINFUT;12/01/2024;11:00:00;175062,82;175697,52;174871,09;175690,90;3,9523128E10;1127596
WINFUT;12/01/2024;10:30:00;174011,61;175142,16;173978,56;175062,82;6,519547376E10;1866016
WINFUT;12/01/2024;10:00:00;174315,74;174467,80;173826,49;174011,61;4,914389447E10;1410815
WINFUT;12/01/2024;09:30:00;174044,67;174328,96;173998,39;174322,35;2,358266542E10;677031
WINFUT;12/01/2024;09:00:00;173985,17;174124,01;173720,71;174044,67;2,301231567E10;661533
WINFUT;11/01/2024;18:00:00;174368,63;174408,30;174110,78;174183,51;6634085498,00;190355
WINFUT;11/01/2024;17:30:00;174414,91;174454,58;174209,95;174362,02;1,363713392E10;391142
WINFUT;11/01/2024;17:00:00;174454,58;174494,24;174216,57;174408,30;1,602596609E10;459544
WINFUT;11/01/2024;16:30:00;174494,24;174593,41;174302,51;174461,19;1,787897074E10;512418
WINFUT;11/01/2024;16:00:00;174388,46;174553,75;174262,85;174494,24;2,110437356E10;605052
WINFUT;11/01/2024;15:30:00;174137,23;174421,52;174051,28;174388,46;2,134504165E10;612595
WINFUT;11/01/2024;15:00:00;173846,33;174381,85;173714,10;174130,62;2,9515321E10;847357
WINFUT;11/01/2024;14:30:00;173727,32;174018,22;173548,82;173839,72;2,248013006E10;646722
WINFUT;11/01/2024;14:00:00;173714,10;173985,17;173681,04;173720,71;1,964399392E10;565036
WINFUT;11/01/2024;13:30:00;173588,48;173952,11;173562,04;173714,10;2,617765525E10;753256
WINFUT;11/01/2024;13:00:00;173760,38;173852,94;173436,42;173581,87;2,295790401E10;661057
WINFUT;11/01/2024;12:30:00;173528,98;174057,89;173515,76;173760,38;3,073247927E10;883995
WINFUT;11/01/2024;12:00:00;174256,23;174328,96;173152,13;173528,98;5,21420983E10;1502130
WINFUT;11/01/2024;11:30:00;174818,20;175042,99;173952,11;174256,23;6,303477481E10;1806543
WINFUT;11/01/2024;11:00:00;174057,89;175109,10;174024,84;174818,20;5,100757853E10;1460105
WINFUT;11/01/2024;10:30:00;174262,85;174573,58;173687,66;174051,28;7,00853438E10;2012170
WINFUT;11/01/2024;10:00:00;174328,96;174864,48;174064,50;174262,85;4,79920237E10;1375069
WINFUT;11/01/2024;09:30:00;174507,47;174573,58;174309,13;174328,96;1,696681759E10;486353
WINFUT;11/01/2024;09:00:00;174606,64;174606,64;173971,94;174507,47;3,336238626E10;957267
WINFUT;10/01/2024;18:00:00;174434,74;174593,41;174388,46;174421,52;6613089019,00;189474
WINFUT;10/01/2024;17:30:00;174520,69;174527,30;174302,51;174434,74;1,686621748E10;483482
WINFUT;10/01/2024;17:00:00;174725,64;174838,04;174434,74;174514,08;2,56387063E10;733931
WINFUT;10/01/2024;16:30:00;174547,13;174732,25;174381,85;174725,64;1,841030388E10;527381
WINFUT;10/01/2024;16:00:00;174335,57;174613,25;174322,35;174553,75;2,368580641E10;678826
WINFUT;10/01/2024;15:30:00;174209,95;174362,02;174124,01;174335,57;1,753004979E10;503017
WINFUT;10/01/2024;15:00:00;174500,86;174527,30;174064,50;174209,95;2,941073529E10;843710
WINFUT;10/01/2024;14:30:00;174229,79;174626,47;174203,34;174507,47;2,226499482E10;638230
WINFUT;10/01/2024;14:00:00;174282,68;174315,74;174090,95;174236,40;1,624266726E10;466172
WINFUT;10/01/2024;13:30:00;174282,68;174388,46;174110,78;174289,29;1,967548367E10;564546
WINFUT;10/01/2024;13:00:00;174328,96;174381,85;174097,56;174282,68;1,974077619E10;566444
WINFUT;10/01/2024;12:30:00;174143,84;174335,57;174031,45;174335,57;2,122134593E10;609097
WINFUT;10/01/2024;12:00:00;174547,13;174593,41;174005,00;174150,45;3,57108565E10;1024751
WINFUT;10/01/2024;11:30:00;174824,81;174844,65;174381,85;174553,75;4,300568941E10;1231530
WINFUT;10/01/2024;11:00:00;175089,27;175155,38;174560,36;174831,42;4,312736332E10;1233123
WINFUT;10/01/2024;10:30:00;175479,34;175598,34;174990,10;175082,66;4,573483595E10;1304661
WINFUT;10/01/2024;10:00:00;175373,56;175644,62;174923,98;175479,34;5,404582428E10;1541675
WINFUT;10/01/2024;09:30:00;175757,02;175823,13;175347,11;175373,56;2,097105855E10;597220
WINFUT;10/01/2024;09:00:00;175466,12;175942,14;175181,83;175757,02;3,243651532E10;923342
WINFUT;09/01/2024;18:00:00;175446,28;175578,51;175281,00;175281,00;8431825073,00;240288
WINFUT;09/01/2024;17:30:00;175485,95;175525,62;175373,56;175446,28;1,364430399E10;388833
WINFUT;09/01/2024;17:00:00;175525,62;175671,07;175400,00;175485,95;2,095261009E10;596813
WINFUT;09/01/2024;16:30:00;175565,29;175671,07;175340,50;175519,01;2,196425615E10;625793
WINFUT;09/01/2024;16:00:00;175644,62;175842,97;175499,17;175565,29;2,433248536E10;692626
WINFUT;09/01/2024;15:30:00;175459,51;175750,41;175353,72;175638,01;2,707018953E10;770942
WINFUT;09/01/2024;15:00:00;175578,51;175895,86;175406,61;175466,12;3,011867983E10;857411
WINFUT;09/01/2024;14:30:00;175479,34;175737,18;175314,06;175571,90;2,573140236E10;732865
WINFUT;09/01/2024;14:00:00;175532,23;175770,24;175380,17;175472,73;2,914103946E10;829959
WINFUT;09/01/2024;13:30:00;175565,29;175717,35;175459,51;175525,62;1,985837337E10;565527
WINFUT;09/01/2024;13:00:00;175565,29;175710,74;175459,51;175571,90;2,31684463E10;659693
WINFUT;09/01/2024;12:30:00;175386,78;175618,18;175274,39;175565,29;2,381129946E10;678674
WINFUT;09/01/2024;12:00:00;175314,06;175519,01;175082,66;175386,78;3,565396982E10;1016906
WINFUT;09/01/2024;11:30:00;175519,01;175671,07;175016,54;175307,44;6,152022527E10;1754418
WINFUT;09/01/2024;11:00:00;175876,02;175961,97;175426,45;175519,01;4,247353139E10;1208365
WINFUT;09/01/2024;10:30:00;175558,68;175981,81;175433,06;175876,02;4,482504744E10;1275457
WINFUT;09/01/2024;10:00:00;176001,64;176001,64;175347,11;175552,07;4,612317824E10;1312943
WINFUT;09/01/2024;09:30:00;175922,30;176034,70;175803,30;176001,64;2,10203637E10;597460
WINFUT;09/01/2024;09:00:00;176510,72;176517,33;175842,97;175928,91;2,716272332E10;771392
WINFUT;08/01/2024;18:00:00;176867,73;177251,19;176755,34;177251,19;9225751966,00;260670
WINFUT;08/01/2024;17:30:00;176788,39;176999,96;176662,78;176861,12;1,887731691E10;533703
WINFUT;08/01/2024;17:00:00;176722,28;176841,28;176537,16;176788,39;1,879668709E10;531985
WINFUT;08/01/2024;16:30:00;176755,34;177006,57;176649,55;176715,67;2,357537609E10;666633
WINFUT;08/01/2024;16:00:00;176345,43;176801,62;176312,37;176748,73;2,583826761E10;731682
WINFUT;08/01/2024;15:30:00;176451,21;176576,83;176147,09;176345,43;2,587777891E10;733712
WINFUT;08/01/2024;15:00:00;176398,32;176504,10;176266,09;176451,21;2,042459068E10;578953
WINFUT;08/01/2024;14:30:00;176444,60;176523,94;176292,54;176404,93;1,880294045E10;532937
WINFUT;08/01/2024;14:00:00;176266,09;176471,05;176193,37;176451,21;2,082458742E10;590541
WINFUT;08/01/2024;13:30:00;176411,55;176656,17;176206,59;176272,71;2,701051099E10;765356
WINFUT;08/01/2024;13:00:00;176398,32;176477,66;176173,54;176404,93;2,603863999E10;738321
WINFUT;08/01/2024;12:30:00;176259,48;176510,72;176213,20;176398,32;2,711183821E10;768541
WINFUT;08/01/2024;12:00:00;175803,30;176279,32;175552,07;176266,09;4,154924731E10;1180659
WINFUT;08/01/2024;11:30:00;175426,45;175909,08;175274,39;175796,69;5,715926929E10;1627728
WINFUT;08/01/2024;11:00:00;175307,44;175532,23;175228,11;175426,45;3,39090576E10;966671
WINFUT;08/01/2024;10:30:00;175056,21;175366,95;175029,77;175307,44;3,068397729E10;875604
WINFUT;08/01/2024;10:00:00;175532,23;175624,79;174943,82;175049,60;4,762548312E10;1358785
WINFUT;08/01/2024;09:30:00;175452,89;175598,34;175347,11;175532,23;1,628396494E10;463995
WINFUT;08/01/2024;09:00:00;175651,24;175717,35;175095,88;175452,89;2,98717973E10;851725
WINFUT;05/01/2024;18:00:00;176418,16;176570,22;176325,60;176550,38;6931645238,00;196419
WINFUT;05/01/2024;17:30:00;176054,53;176477,66;175915,69;176418,16;1,444879936E10;410114
WINFUT;05/01/2024;17:00:00;175876,02;176213,20;175776,85;176054,53;2,058256487E10;584679
WINFUT;05/01/2024;16:30:00;176173,54;176252,87;175730,57;175876,02;2,550500967E10;724490
WINFUT;05/01/2024;16:00:00;176299,15;176504,10;175895,86;176180,15;2,587049357E10;734135
WINFUT;05/01/2024;15:30:00;176100,81;176431,38;176087,59;176299,15;2,604498642E10;738810
WINFUT;05/01/2024;15:00:00;175842,97;176107,42;175624,79;176100,81;2,926699614E10;832207
WINFUT;05/01/2024;14:30:00;176014,86;176133,87;175704,13;175836,35;2,98241592E10;847667
WINFUT;05/01/2024;14:00:00;176285,93;176332,21;175955,36;176014,86;2,752684377E10;781314
WINFUT;05/01/2024;13:30:00;176431,38;176715,67;176266,09;176285,93;2,119510814E10;600461
WINFUT;05/01/2024;13:00:00;176768,56;176788,39;176404,93;176424,77;2,537474608E10;718351
WINFUT;05/01/2024;12:30:00;177072,68;177237,97;176761,95;176768,56;2,977991859E10;841124
WINFUT;05/01/2024;12:00:00;176087,59;177099,13;176080,98;177072,68;4,979277942E10;1408609
WINFUT;05/01/2024;11:30:00;175783,46;176233,04;175571,90;176087,59;4,940300882E10;1404016
WINFUT;05/01/2024;11:00:00;175882,63;175981,81;175426,45;175790,07;3,754496454E10;1068409
WINFUT;05/01/2024;10:30:00;175254,55;175902,47;174328,96;175889,25;7,242485124E10;2067093
WINFUT;05/01/2024;10:00:00;174738,87;175558,68;174666,14;175254,55;4,271802673E10;1220112
WINFUT;05/01/2024;09:30:00;174824,81;174923,98;174692,59;174738,87;1,704672021E10;487583
WINFUT;05/01/2024;09:00:00;174950,43;175168,60;174765,31;174824,81;2,241782661E10;640591
WINFUT;04/01/2024;18:00:00;175320,67;175479,34;175214,88;175241,33;1,089821409E10;310790
WINFUT;04/01/2024;17:30:00;175545,45;175664,46;175228,11;175314,06;2,395534513E10;682764
WINFUT;04/01/2024;17:00:00;175538,84;175591,73;175155,38;175538,84;2,000784178E10;570364
WINFUT;04/01/2024;16:30:00;175433,06;175591,73;175122,33;175545,45;2,655653291E10;757290
WINFUT;04/01/2024;16:00:00;175519,01;175598,34;175056,21;175433,06;3,201870911E10;913226
WINFUT;04/01/2024;15:30:00;175538,84;175684,29;175426,45;175519,01;2,115245723E10;602426
WINFUT;04/01/2024;15:00:00;175366,95;175578,51;175175,22;175538,84;2,563763328E10;730962
WINFUT;04/01/2024;14:30:00;175677,68;175856,19;175228,11;175353,72;3,409108432E10;970928
WINFUT;04/01/2024;14:00:00;175902,47;175942,14;175585,12;175677,68;2,465789084E10;701536
WINFUT;04/01/2024;13:30:00;176325,60;176345,43;175757,02;175902,47;3,182213487E10;903777
WINFUT;04/01/2024;13:00:00;176259,48;176457,82;176186,76;176332,21;2,182349574E10;618853
WINFUT;04/01/2024;12:30:00;176252,87;176484,27;176226,43;176259,48;2,209582738E10;626424
WINFUT;04/01/2024;12:00:00;176100,81;176451,21;176001,64;176246,26;3,333231263E10;945708
WINFUT;04/01/2024;11:30:00;175611,57;176114,03;175406,61;176100,81;4,365147423E10;1241338
WINFUT;04/01/2024;11:00:00;176623,11;176649,55;175598,34;175611,57;5,753534856E10;1634213
WINFUT;04/01/2024;10:30:00;177099,13;177105,74;176477,66;176623,11;3,813411099E10;1078845
WINFUT;04/01/2024;10:00:00;177442,92;177469,37;176973,51;177112,35;3,358506788E10;947830
WINFUT;04/01/2024;09:30:00;177687,54;177747,04;177323,92;177442,92;1,713950051E10;482610
WINFUT;04/01/2024;09:00:00;178044,56;178130,50;177475,98;177687,54;2,038417262E10;573695
WINFUT;03/01/2024;18:00:00;177793,32;177978,44;177621,43;177978,44;7357625288,00;206967
WINFUT;03/01/2024;17:30:00;178090,84;178163,56;177674,32;177793,32;2,080245904E10;584795
WINFUT;03/01/2024;17:00:00;178024,72;178150,34;177932,16;178090,84;1,689680735E10;474528
WINFUT;03/01/2024;16:30:00;178533,80;178652,80;177991,67;178024,72;2,334148691E10;654708
WINFUT;03/01/2024;16:00:00;178236,29;178599,91;177918,94;178527,19;3,539430083E10;993320
WINFUT;03/01/2024;15:30:00;178606,52;178639,58;178097,45;178236,29;2,311276517E10;648137
WINFUT;03/01/2024;15:00:00;178434,63;178705,70;178348,68;178606,52;2,500202822E10;700268
WINFUT;03/01/2024;14:30:00;178216,45;178474,30;178090,84;178441,24;2,302564752E10;645926
WINFUT;03/01/2024;14:00:00;177885,88;178282,57;177594,98;178209,84;2,546498271E10;715664
WINFUT;03/01/2024;13:30:00;177806,55;177998,28;177667,71;177885,88;1,824826286E10;513018
WINFUT;03/01/2024;13:00:00;177839,60;178104,06;177733,82;177799,94;2,263122049E10;635976
WINFUT;03/01/2024;12:30:00;177998,28;178051,17;177528,87;177839,60;3,38986609E10;953387
WINFUT;03/01/2024;12:00:00;177376,81;178170,17;177271,02;177991,67;5,130482653E10;1442520
WINFUT;03/01/2024;11:30:00;177099,13;177958,61;177052,85;177370,20;5,662030898E10;1594339
WINFUT;03/01/2024;11:00:00;176887,56;177297,47;176867,73;177099,13;3,02288905E10;853448
WINFUT;03/01/2024;10:30:00;177502,42;177634,65;176775,17;176887,56;4,260115455E10;1202093
WINFUT;03/01/2024;10:00:00;177112,35;177601,59;177059,46;177509,03;3,496445145E10;985774
WINFUT;03/01/2024;09:30:00;176953,68;177310,69;176933,84;177112,35;1,965016136E10;554647
WINFUT;03/01/2024;09:00:00;177085,91;177211,52;176682,61;176947,07;2,525844196E10;713857
WINFUT;02/01/2024;18:00:00;177482,59;177588,37;177390,03;177489,20;8350261888,00;235270
WINFUT;02/01/2024;17:30:00;176947,07;177575,15;176933,84;177482,59;1,914811043E10;540165
WINFUT;02/01/2024;17:00:00;176834,67;177066,07;176828,06;176947,07;1,5735408E10;444610
WINFUT;02/01/2024;16:30:00;176940,46;176993,35;176695,83;176834,67;1,743036628E10;492915
WINFUT;02/01/2024;16:00:00;176980,12;177026,40;176590,05;176940,46;2,604481551E10;736351
WINFUT;02/01/2024;15:30:00;177687,54;177727,21;176940,46;176980,12;2,874828701E10;810726
WINFUT;02/01/2024;15:00:00;178031,33;178057,78;177257,80;177694,15;3,135804147E10;882843
WINFUT;02/01/2024;14:30:00;178176,78;178408,18;178018,11;178031,33;1,785435466E10;500849
WINFUT;02/01/2024;14:00:00;178064,39;178454,46;178031,33;178176,78;1,931198332E10;541720
WINFUT;02/01/2024;13:30:00;178150,34;178156,95;177634,65;178064,39;2,230740848E10;627011
WINFUT;02/01/2024;13:00:00;177852,83;178223,06;177832,99;178150,34;1,911042057E10;536581
WINFUT;02/01/2024;12:30:00;177938,77;178097,45;177766,88;177859,44;2,188369661E10;615001
WINFUT;02/01/2024;12:00:00;178864,37;178897,43;177793,32;177945,39;3,855241573E10;1080719
WINFUT;02/01/2024;11:30:00;178381,74;178970,15;178269,34;178864,37;5,592981491E10;1565501
WINFUT;02/01/2024;11:00:00;178342,07;178632,97;178302,40;178388,35;2,022931835E10;566741
WINFUT;02/01/2024;10:30:00;178097,45;178705,70;177971,83;178335,46;3,548403171E10;994639
WINFUT;02/01/2024;10:00:00;178632,97;178778,42;178057,78;178097,45;3,921393811E10;1098492
WINFUT;02/01/2024;09:30:00;178573,47;178745,36;178507,35;178626,36;1,454716507E10;407200
WINFUT;02/01/2024;09:00:00;178837,92;178857,76;178183,40;178573,47;2,239756751E10;627693
