WINQ26;24/07/2026;18:00:00;174935,00;174950,00;174700,00;174700,00;4879855396,00;139564
WINQ26;24/07/2026;17:30:00;174955,00;174985,00;174860,00;174930,00;5728475850,00;163753
WINQ26;24/07/2026;17:00:00;175045,00;175125,00;174915,00;174955,00;1,04604805E10;298866
WINQ26;24/07/2026;16:30:00;175290,00;175325,00;174955,00;175045,00;1,67393475E10;477834
WINQ26;24/07/2026;16:00:00;175405,00;175450,00;175240,00;175290,00;1,364871973E10;389208
WINQ26;24/07/2026;15:30:00;175250,00;175435,00;175240,00;175400,00;1,196847286E10;341288
WINQ26;24/07/2026;15:00:00;175295,00;175395,00;175225,00;175250,00;1,246019308E10;355350
WINQ26;24/07/2026;14:30:00;175470,00;175495,00;175210,00;175295,00;1,837626361E10;523940
WINQ26;24/07/2026;14:00:00;175435,00;175490,00;175330,00;175475,00;1,4060896E10;400816
WINQ26;24/07/2026;13:30:00;175890,00;175895,00;175280,00;175430,00;2,563939873E10;730295
WINQ26;24/07/2026;13:00:00;176015,00;176070,00;175790,00;175890,00;1,315293574E10;373837
WINQ26;24/07/2026;12:30:00;176115,00;176155,00;175920,00;176020,00;1,748707355E10;496710
WINQ26;24/07/2026;12:00:00;176390,00;176445,00;175850,00;176115,00;3,988699118E10;1132165
WINQ26;24/07/2026;11:30:00;176490,00;176600,00;176075,00;176395,00;3,179790098E10;901960
WINQ26;24/07/2026;11:00:00;176135,00;176570,00;176065,00;176490,00;4,8084745E10;1363415
WINQ26;24/07/2026;10:30:00;176185,00;176425,00;175725,00;176130,00;6,028100322E10;1712380
WINQ26;24/07/2026;10:00:00;176295,00;176470,00;175950,00;176180,00;5,998706648E10;1702127
WINQ26;24/07/2026;09:30:00;176435,00;176730,00;176155,00;176295,00;3,686913937E10;1044993
WINQ26;24/07/2026;09:00:00;177860,00;177875,00;176350,00;176435,00;5,098897606E10;1442244
WINQ26;23/07/2026;18:00:00;177850,00;178025,00;177790,00;178025,00;3382088951,00;95056
WINQ26;23/07/2026;17:30:00;177775,00;177865,00;177735,00;177850,00;3626725220,00;101987
WINQ26;23/07/2026;17:00:00;177785,00;177915,00;177700,00;177780,00;8666506956,00;243716
WINQ26;23/07/2026;16:30:00;177815,00;178055,00;177645,00;177790,00;1,676638841E10;471535
WINQ26;23/07/2026;16:00:00;177935,00;178075,00;177635,00;177810,00;2,039137423E10;573201
WINQ26;23/07/2026;15:30:00;177790,00;178000,00;177765,00;177935,00;1,73204362E10;486813
WINQ26;23/07/2026;15:00:00;177545,00;177835,00;177500,00;177795,00;1,861357047E10;523851
WINQ26;23/07/2026;14:30:00;177580,00;177775,00;177440,00;177545,00;1,945354215E10;547677
WINQ26;23/07/2026;14:00:00;177770,00;177905,00;177465,00;177580,00;2,295232828E10;645940
WINQ26;23/07/2026;13:30:00;177835,00;177850,00;177625,00;177770,00;1,334825088E10;375529
WINQ26;23/07/2026;13:00:00;177775,00;177910,00;177680,00;177835,00;1,600459538E10;450081
WINQ26;23/07/2026;12:30:00;177585,00;177940,00;177540,00;177775,00;2,922539991E10;822165
WINQ26;23/07/2026;12:00:00;178535,00;178655,00;177565,00;177590,00;3,854103188E10;1081403
WINQ26;23/07/2026;11:30:00;178705,00;178825,00;178205,00;178530,00;3,826139334E10;1071581
WINQ26;23/07/2026;11:00:00;178220,00;178740,00;177960,00;178705,00;4,762686398E10;1335245
WINQ26;23/07/2026;10:30:00;178155,00;179125,00;178010,00;178210,00;7,915548558E10;2216851
WINQ26;23/07/2026;10:00:00;178275,00;178440,00;177400,00;178160,00;7,324370173E10;2058842
WINQ26;23/07/2026;09:30:00;178365,00;178680,00;178105,00;178275,00;3,722986725E10;1043573
WINQ26;23/07/2026;09:00:00;178400,00;178800,00;177740,00;178370,00;4,365220018E10;1224243
WINQ26;22/07/2026;18:00:00;179030,00;179160,00;178775,00;178775,00;5937700047,00;165859
WINQ26;22/07/2026;17:30:00;179140,00;179215,00;178980,00;179030,00;7520285159,00;209960
WINQ26;22/07/2026;17:00:00;178880,00;179230,00;178840,00;179135,00;1,748288598E10;488292
WINQ26;22/07/2026;16:30:00;178840,00;179000,00;178700,00;178880,00;1,819413907E10;508680
WINQ26;22/07/2026;16:00:00;178965,00;178990,00;178710,00;178835,00;1,712452074E10;478828
WINQ26;22/07/2026;15:30:00;178700,00;179020,00;178620,00;178960,00;2,256608009E10;631049
WINQ26;22/07/2026;15:00:00;178705,00;178860,00;178555,00;178695,00;2,532338184E10;708589
WINQ26;22/07/2026;14:30:00;178270,00;178775,00;178235,00;178705,00;2,834971041E10;794022
WINQ26;22/07/2026;14:00:00;177795,00;178310,00;177755,00;178265,00;2,803531896E10;787054
WINQ26;22/07/2026;13:30:00;177550,00;177885,00;177535,00;177795,00;2,160782383E10;607840
WINQ26;22/07/2026;13:00:00;177460,00;177655,00;177400,00;177555,00;2,162320051E10;609051
WINQ26;22/07/2026;12:30:00;177040,00;177560,00;176960,00;177465,00;2,911654572E10;820784
WINQ26;22/07/2026;12:00:00;176820,00;177155,00;176705,00;177035,00;3,21527518E10;908509
WINQ26;22/07/2026;11:30:00;177155,00;177165,00;176585,00;176825,00;4,208931526E10;1190097
WINQ26;22/07/2026;11:00:00;177875,00;177985,00;177080,00;177160,00;5,418336096E10;1527151
WINQ26;22/07/2026;10:30:00;176195,00;178270,00;176155,00;177875,00;8,999286343E10;2536698
WINQ26;22/07/2026;10:00:00;175645,00;176275,00;175435,00;176200,00;7,343632644E10;2087514
WINQ26;22/07/2026;09:30:00;175240,00;175755,00;175115,00;175645,00;5,723032246E10;1631299
WINQ26;22/07/2026;09:00:00;174250,00;175600,00;174245,00;175245,00;6,150868888E10;1755257
WINQ26;21/07/2026;18:00:00;174635,00;174735,00;174610,00;174690,00;4749932318,00;135966
WINQ26;21/07/2026;17:30:00;174505,00;174655,00;174500,00;174635,00;5442646413,00;155900
WINQ26;21/07/2026;17:00:00;174675,00;174690,00;174490,00;174505,00;9578753538,00;274337
WINQ26;21/07/2026;16:30:00;174685,00;174790,00;174605,00;174680,00;1,492467961E10;427162
WINQ26;21/07/2026;16:00:00;174730,00;174845,00;174655,00;174680,00;1,416862891E10;405392
WINQ26;21/07/2026;15:30:00;174680,00;174785,00;174650,00;174735,00;1,295780192E10;370834
WINQ26;21/07/2026;15:00:00;174690,00;174720,00;174520,00;174680,00;1,547458995E10;443072
WINQ26;21/07/2026;14:30:00;174315,00;174700,00;174280,00;174690,00;3,00119333E10;860126
WINQ26;21/07/2026;14:00:00;174335,00;174490,00;174220,00;174310,00;1,538213658E10;441151
WINQ26;21/07/2026;13:30:00;174220,00;174415,00;174155,00;174335,00;1,442375735E10;413826
WINQ26;21/07/2026;13:00:00;173965,00;174295,00;173935,00;174220,00;1,502146846E10;431392
WINQ26;21/07/2026;12:30:00;173955,00;174160,00;173920,00;173960,00;1,909917484E10;548715
WINQ26;21/07/2026;12:00:00;173590,00;174010,00;173500,00;173955,00;2,358699282E10;678859
WINQ26;21/07/2026;11:30:00;174085,00;174295,00;173515,00;173595,00;3,49681062E10;1005713
WINQ26;21/07/2026;11:00:00;174070,00;174610,00;173935,00;174090,00;4,359570887E10;1250643
WINQ26;21/07/2026;10:30:00;174610,00;175100,00;173870,00;174070,00;7,616084195E10;2183985
WINQ26;21/07/2026;10:00:00;174665,00;174980,00;174350,00;174610,00;5,882741859E10;1684168
WINQ26;21/07/2026;09:30:00;174630,00;175015,00;174540,00;174665,00;3,646352387E10;1043373
WINQ26;21/07/2026;09:00:00;175245,00;175345,00;174425,00;174630,00;6,460701052E10;1847673
WINQ26;20/07/2026;18:00:00;174745,00;174750,00;174560,00;174665,00;4742343095,00;135761
WINQ26;20/07/2026;17:30:00;174675,00;174795,00;174655,00;174745,00;5086234184,00;145558
WINQ26;20/07/2026;17:00:00;175000,00;175045,00;174625,00;174670,00;1,413885771E10;404541
WINQ26;20/07/2026;16:30:00;175090,00;175235,00;174955,00;175005,00;1,560786792E10;445643
WINQ26;20/07/2026;16:00:00;175095,00;175200,00;174930,00;175090,00;1,791889504E10;511795
WINQ26;20/07/2026;15:30:00;175155,00;175310,00;174960,00;175095,00;1,804120067E10;515078
WINQ26;20/07/2026;15:00:00;175150,00;175365,00;175090,00;175155,00;1,657763556E10;473061
WINQ26;20/07/2026;14:30:00;174985,00;175175,00;174845,00;175150,00;1,59841997E10;456707
WINQ26;20/07/2026;14:00:00;174960,00;175065,00;174900,00;174985,00;1,234390359E10;352725
WINQ26;20/07/2026;13:30:00;175425,00;175475,00;174905,00;174960,00;2,245104349E10;640706
WINQ26;20/07/2026;13:00:00;175465,00;175710,00;175395,00;175430,00;1,697548701E10;483430
WINQ26;20/07/2026;12:30:00;175305,00;175610,00;175295,00;175465,00;1,955461504E10;557358
WINQ26;20/07/2026;12:00:00;175555,00;175650,00;175145,00;175305,00;2,663083926E10;759178
WINQ26;20/07/2026;11:30:00;175170,00;175800,00;175145,00;175555,00;3,533225272E10;1006616
WINQ26;20/07/2026;11:00:00;175125,00;175435,00;174900,00;175170,00;3,847278353E10;1098342
WINQ26;20/07/2026;10:30:00;175190,00;175370,00;174530,00;175120,00;6,733632082E10;1924246
WINQ26;20/07/2026;10:00:00;175260,00;175955,00;175090,00;175185,00;6,195828194E10;1765931
WINQ26;20/07/2026;09:30:00;175190,00;175395,00;175000,00;175260,00;3,76102139E10;1073359
WINQ26;20/07/2026;09:00:00;175580,00;175705,00;174725,00;175190,00;6,480554824E10;1849579
WINQ26;17/07/2026;18:00:00;174935,00;175100,00;174880,00;175070,00;4248684139,00;121394
WINQ26;17/07/2026;17:30:00;175175,00;175200,00;174870,00;174935,00;8153386749,00;232956
WINQ26;17/07/2026;17:00:00;175225,00;175275,00;175125,00;175180,00;8471824657,00;241781
WINQ26;17/07/2026;16:30:00;175055,00;175335,00;174955,00;175230,00;1,926751165E10;550039
WINQ26;17/07/2026;16:00:00;174920,00;175070,00;174740,00;175055,00;1,611650963E10;460822
WINQ26;17/07/2026;15:30:00;174930,00;174990,00;174810,00;174925,00;1,339745946E10;382994
WINQ26;17/07/2026;15:00:00;175060,00;175070,00;174865,00;174930,00;1,96428009E10;561334
WINQ26;17/07/2026;14:30:00;175415,00;175535,00;175040,00;175055,00;2,08504545E10;594746
WINQ26;17/07/2026;14:00:00;175380,00;175550,00;175345,00;175420,00;1,609423665E10;458700
WINQ26;17/07/2026;13:30:00;175485,00;175570,00;175275,00;175385,00;2,146619082E10;611863
WINQ26;17/07/2026;13:00:00;175950,00;176025,00;175415,00;175485,00;2,724089174E10;775029
WINQ26;17/07/2026;12:30:00;175950,00;176065,00;175740,00;175955,00;2,249431164E10;639378
WINQ26;17/07/2026;12:00:00;175670,00;175980,00;175475,00;175955,00;2,791528695E10;794110
WINQ26;17/07/2026;11:30:00;175395,00;175785,00;175315,00;175675,00;3,107279827E10;884972
WINQ26;17/07/2026;11:00:00;175765,00;175795,00;175075,00;175395,00;4,251206301E10;1211947
WINQ26;17/07/2026;10:30:00;175230,00;175890,00;175060,00;175755,00;6,861418282E10;1955802
WINQ26;17/07/2026;10:00:00;175290,00;175475,00;174790,00;175235,00;7,020213378E10;2003843
WINQ26;17/07/2026;09:30:00;175050,00;175460,00;174875,00;175295,00;3,919463626E10;1118594
WINQ26;17/07/2026;09:00:00;174550,00;175650,00;174515,00;175055,00;6,083797914E10;1736276
WINQ26;16/07/2026;18:00:00;175270,00;175290,00;175140,00;175255,00;4088900123,00;116679
WINQ26;16/07/2026;17:30:00;175265,00;175365,00;175100,00;175275,00;8875711580,00;253246
WINQ26;16/07/2026;17:00:00;175435,00;175520,00;175260,00;175265,00;1,071255179E10;305403
WINQ26;16/07/2026;16:30:00;175345,00;175450,00;175205,00;175435,00;1,583991648E10;451779
WINQ26;16/07/2026;16:00:00;175395,00;175445,00;175260,00;175345,00;1,455281063E10;414965
WINQ26;16/07/2026;15:30:00;175420,00;175530,00;175260,00;175390,00;1,915445879E10;546104
WINQ26;16/07/2026;15:00:00;175455,00;175575,00;175160,00;175420,00;2,393500678E10;682295
WINQ26;16/07/2026;14:30:00;175710,00;175800,00;175355,00;175450,00;2,151845747E10;612680
WINQ26;16/07/2026;14:00:00;176105,00;176145,00;175535,00;175710,00;2,993486948E10;851524
WINQ26;16/07/2026;13:30:00;176310,00;176410,00;176060,00;176105,00;1,959576837E10;555950
WINQ26;16/07/2026;13:00:00;176720,00;176775,00;176195,00;176305,00;2,448200644E10;693855
WINQ26;16/07/2026;12:30:00;176655,00;176850,00;176490,00;176720,00;2,240181655E10;633925
WINQ26;16/07/2026;12:00:00;176630,00;176815,00;176340,00;176655,00;3,175713639E10;899368
WINQ26;16/07/2026;11:30:00;176320,00;176870,00;176155,00;176635,00;4,02830506E10;1141215
WINQ26;16/07/2026;11:00:00;175700,00;176485,00;175650,00;176320,00;4,963991197E10;1408849
WINQ26;16/07/2026;10:30:00;176610,00;176650,00;175410,00;175705,00;6,988477112E10;1988117
WINQ26;16/07/2026;10:00:00;177310,00;177365,00;176550,00;176610,00;6,669562007E10;1885704
WINQ26;16/07/2026;09:30:00;177705,00;177770,00;177240,00;177305,00;3,977425725E10;1120303
WINQ26;16/07/2026;09:00:00;177505,00;178765,00;177505,00;177705,00;6,157327609E10;1728328
WINQ26;15/07/2026;18:00:00;177720,00;177920,00;177670,00;177920,00;4596589745,00;129249
WINQ26;15/07/2026;17:30:00;177650,00;177790,00;177645,00;177715,00;4864868457,00;136872
WINQ26;15/07/2026;17:00:00;177695,00;177945,00;177610,00;177650,00;1,22569331E10;344712
WINQ26;15/07/2026;16:30:00;177995,00;178005,00;177665,00;177695,00;1,582183602E10;444968
WINQ26;15/07/2026;16:00:00;177805,00;178080,00;177785,00;177995,00;1,280929039E10;359871
WINQ26;15/07/2026;15:30:00;177930,00;178050,00;177790,00;177810,00;1,524583938E10;428510
WINQ26;15/07/2026;15:00:00;177825,00;177970,00;177685,00;177930,00;1,83453381E10;515775
WINQ26;15/07/2026;14:30:00;177515,00;177945,00;177495,00;177825,00;2,493315151E10;701436
WINQ26;15/07/2026;14:00:00;177145,00;177540,00;177140,00;177515,00;2,092179211E10;590016
WINQ26;15/07/2026;13:30:00;177305,00;177555,00;177035,00;177150,00;2,2534248E10;635458
WINQ26;15/07/2026;13:00:00;177475,00;177560,00;177205,00;177310,00;2,123724444E10;598632
WINQ26;15/07/2026;12:30:00;177690,00;177690,00;177390,00;177480,00;2,168280796E10;610815
WINQ26;15/07/2026;12:00:00;177885,00;178130,00;177575,00;177685,00;3,065880859E10;861874
WINQ26;15/07/2026;11:30:00;177525,00;177980,00;177455,00;177885,00;3,877900363E10;1090871
WINQ26;15/07/2026;11:00:00;177750,00;178080,00;177350,00;177525,00;4,413912623E10;1241712
WINQ26;15/07/2026;10:30:00;177890,00;178160,00;177365,00;177755,00;5,314437232E10;1495350
WINQ26;15/07/2026;10:00:00;178425,00;178500,00;177620,00;177890,00;6,81082753E10;1912795
WINQ26;15/07/2026;09:30:00;178015,00;178665,00;177775,00;178425,00;4,645350842E10;1302327
WINQ26;15/07/2026;09:00:00;178050,00;178135,00;176980,00;178015,00;6,069167638E10;1707920
WINQ26;14/07/2026;18:00:00;178520,00;178550,00;178200,00;178200,00;5501361616,00;154212
WINQ26;14/07/2026;17:30:00;178390,00;178580,00;178385,00;178525,00;7918254001,00;221808
WINQ26;14/07/2026;17:00:00;178485,00;178660,00;178360,00;178395,00;1,206406091E10;337930
WINQ26;14/07/2026;16:30:00;178315,00;178565,00;178185,00;178485,00;1,674231158E10;469291
WINQ26;14/07/2026;16:00:00;178460,00;178595,00;178230,00;178320,00;1,840262533E10;515724
WINQ26;14/07/2026;15:30:00;178070,00;178515,00;177970,00;178460,00;2,344454478E10;657619
WINQ26;14/07/2026;15:00:00;177805,00;178085,00;177805,00;178065,00;1,565101198E10;439780
WINQ26;14/07/2026;14:30:00;177805,00;178015,00;177755,00;177810,00;1,591277208E10;447340
WINQ26;14/07/2026;14:00:00;178025,00;178060,00;177755,00;177805,00;1,626983732E10;457374
WINQ26;14/07/2026;13:30:00;177960,00;178180,00;177875,00;178025,00;1,917856253E10;538683
WINQ26;14/07/2026;13:00:00;177910,00;178025,00;177560,00;177955,00;2,548498892E10;716568
WINQ26;14/07/2026;12:30:00;178295,00;178390,00;177865,00;177910,00;2,500578696E10;702004
WINQ26;14/07/2026;12:00:00;178085,00;178490,00;177855,00;178290,00;3,343892314E10;938195
WINQ26;14/07/2026;11:30:00;178235,00;178795,00;177905,00;178080,00;3,67099159E10;1029675
WINQ26;14/07/2026;11:00:00;178640,00;178970,00;178145,00;178230,00;5,13056709E10;1436918
WINQ26;14/07/2026;10:30:00;177955,00;178720,00;177945,00;178635,00;6,064019702E10;1699734
WINQ26;14/07/2026;10:00:00;178235,00;178670,00;177755,00;177955,00;6,594441527E10;1850545
WINQ26;14/07/2026;09:30:00;177535,00;179220,00;177490,00;178235,00;6,544893433E10;1833187
WINQ26;14/07/2026;09:00:00;178140,00;178335,00;177285,00;177545,00;6,265409838E10;1762546
WINQ26;13/07/2026;18:00:00;177120,00;177400,00;176990,00;177400,00;7066323296,00;199405
WINQ26;13/07/2026;17:30:00;177300,00;177310,00;177055,00;177125,00;8902859773,00;251275
WINQ26;13/07/2026;17:00:00;177450,00;177690,00;177210,00;177300,00;2,149844258E10;605836
WINQ26;13/07/2026;16:30:00;177510,00;177630,00;177385,00;177455,00;2,09047289E10;588870
WINQ26;13/07/2026;16:00:00;177765,00;177900,00;177500,00;177515,00;2,258766947E10;635448
WINQ26;13/07/2026;15:30:00;177525,00;177795,00;177490,00;177765,00;1,974879498E10;555742
WINQ26;13/07/2026;15:00:00;177540,00;177675,00;177410,00;177525,00;2,282779292E10;642892
WINQ26;13/07/2026;14:30:00;177690,00;177775,00;177460,00;177540,00;2,68588528E10;756040
WINQ26;13/07/2026;14:00:00;177860,00;178065,00;177675,00;177695,00;2,554508438E10;718062
WINQ26;13/07/2026;13:30:00;178275,00;178305,00;177815,00;177860,00;3,234382033E10;908175
WINQ26;13/07/2026;13:00:00;178360,00;178450,00;178230,00;178270,00;1,964981108E10;550904
WINQ26;13/07/2026;12:30:00;178475,00;178595,00;178250,00;178365,00;2,260808383E10;633509
WINQ26;13/07/2026;12:00:00;178775,00;178850,00;178280,00;178470,00;3,031077612E10;849107
WINQ26;13/07/2026;11:30:00;178995,00;179065,00;178490,00;178775,00;3,256606381E10;911017
WINQ26;13/07/2026;11:00:00;179450,00;179495,00;178690,00;178995,00;5,153863027E10;1439048
WINQ26;13/07/2026;10:30:00;179490,00;179920,00;178955,00;179455,00;6,65535923E10;1854667
WINQ26;13/07/2026;10:00:00;180150,00;180245,00;179345,00;179495,00;6,725685208E10;1869921
WINQ26;13/07/2026;09:30:00;179850,00;180220,00;179725,00;180145,00;4,164240773E10;1156876
WINQ26;13/07/2026;09:00:00;179670,00;180235,00;179475,00;179855,00;5,839778423E10;1624052
WINQ26;10/07/2026;18:00:00;180445,00;180670,00;180400,00;180515,00;6128334368,00;169720
WINQ26;10/07/2026;17:30:00;180395,00;180595,00;180350,00;180440,00;8177805775,00;226588
WINQ26;10/07/2026;17:00:00;179925,00;180495,00;179905,00;180400,00;2,173029041E10;602996
WINQ26;10/07/2026;16:30:00;179680,00;179955,00;179605,00;179925,00;1,698050818E10;472321
WINQ26;10/07/2026;16:00:00;179490,00;179760,00;179425,00;179685,00;1,884661339E10;524650
WINQ26;10/07/2026;15:30:00;179735,00;179785,00;179410,00;179495,00;1,742440893E10;485141
WINQ26;10/07/2026;15:00:00;179330,00;179940,00;179325,00;179735,00;2,950923134E10;821120
WINQ26;10/07/2026;14:30:00;179350,00;179455,00;179240,00;179335,00;1,388929037E10;387213
WINQ26;10/07/2026;14:00:00;179375,00;179475,00;179240,00;179345,00;2,034091324E10;567074
WINQ26;10/07/2026;13:30:00;179160,00;179545,00;179070,00;179375,00;2,680845715E10;747537
WINQ26;10/07/2026;13:00:00;178430,00;179215,00;178415,00;179155,00;2,701464816E10;755293
WINQ26;10/07/2026;12:30:00;178415,00;178475,00;178145,00;178430,00;2,296999422E10;644114
WINQ26;10/07/2026;12:00:00;178720,00;178755,00;178170,00;178415,00;3,170517122E10;888645
WINQ26;10/07/2026;11:30:00;178795,00;179060,00;178005,00;178715,00;5,098048473E10;1427114
WINQ26;10/07/2026;11:00:00;178505,00;178995,00;178230,00;178795,00;6,1611224E10;1724447
WINQ26;10/07/2026;10:30:00;178020,00;178545,00;177825,00;178505,00;6,742402978E10;1891790
WINQ26;10/07/2026;10:00:00;178310,00;178780,00;177545,00;178020,00;6,404861563E10;1798232
WINQ26;10/07/2026;09:30:00;177490,00;179300,00;177475,00;178315,00;5,456322476E10;1532421
WINQ26;10/07/2026;09:00:00;175900,00;177890,00;175900,00;177485,00;8,580198604E10;2422247
WINQ26;09/07/2026;18:00:00;175165,00;175490,00;175155,00;175490,00;6928308915,00;197608
WINQ26;09/07/2026;17:30:00;175100,00;175195,00;175040,00;175160,00;6334432985,00;180864
WINQ26;09/07/2026;17:00:00;175045,00;175230,00;174955,00;175095,00;1,359357988E10;388195
WINQ26;09/07/2026;16:30:00;174940,00;175080,00;174765,00;175040,00;1,771318165E10;506288
WINQ26;09/07/2026;16:00:00;174875,00;175045,00;174800,00;174940,00;1,696022196E10;484790
WINQ26;09/07/2026;15:30:00;174645,00;174925,00;174605,00;174870,00;1,610997271E10;460980
WINQ26;09/07/2026;15:00:00;174865,00;174900,00;174625,00;174640,00;1,735487156E10;496611
WINQ26;09/07/2026;14:30:00;174645,00;174970,00;174605,00;174860,00;2,198360002E10;628692
WINQ26;09/07/2026;14:00:00;174465,00;174715,00;174370,00;174645,00;1,641351436E10;470233
WINQ26;09/07/2026;13:30:00;174550,00;174565,00;174360,00;174465,00;1,32127452E10;378686
WINQ26;09/07/2026;13:00:00;174460,00;174755,00;174455,00;174545,00;1,81139501E10;518714
WINQ26;09/07/2026;12:30:00;174200,00;174520,00;174115,00;174460,00;1,764336002E10;505900
WINQ26;09/07/2026;12:00:00;174460,00;174720,00;174145,00;174200,00;3,181220043E10;911771
WINQ26;09/07/2026;11:30:00;174250,00;174495,00;174145,00;174465,00;3,00308885E10;861440
WINQ26;09/07/2026;11:00:00;173110,00;174390,00;173100,00;174255,00;6,615633602E10;1902885
WINQ26;09/07/2026;10:30:00;173365,00;173415,00;172830,00;173110,00;5,318831702E10;1536573
WINQ26;09/07/2026;10:00:00;173150,00;173825,00;173145,00;173365,00;6,372865983E10;1836702
WINQ26;09/07/2026;09:30:00;173645,00;173775,00;172995,00;173150,00;4,05172861E10;1168189
WINQ26;09/07/2026;09:00:00;173025,00;173860,00;172460,00;173645,00;6,735146346E10;1942468
WINQ26;08/07/2026;18:00:00;172545,00;172720,00;172495,00;172665,00;4117558453,00;119270
WINQ26;08/07/2026;17:30:00;172500,00;172590,00;172430,00;172545,00;6104710195,00;176938
WINQ26;08/07/2026;17:00:00;172865,00;172875,00;172480,00;172505,00;1,228761546E10;355824
WINQ26;08/07/2026;16:30:00;172920,00;173070,00;172795,00;172865,00;1,578746322E10;456418
WINQ26;08/07/2026;16:00:00;172810,00;172985,00;172790,00;172920,00;1,202071161E10;347644
WINQ26;08/07/2026;15:30:00;172830,00;173000,00;172700,00;172810,00;1,717145515E10;496764
WINQ26;08/07/2026;15:00:00;172605,00;172955,00;172595,00;172825,00;1,868717645E10;540645
WINQ26;08/07/2026;14:30:00;172675,00;172730,00;172505,00;172605,00;1,612616619E10;467117
WINQ26;08/07/2026;14:00:00;172790,00;172885,00;172480,00;172670,00;2,060596588E10;596656
WINQ26;08/07/2026;13:30:00;172285,00;172970,00;172170,00;172790,00;2,694083497E10;780563
WINQ26;08/07/2026;13:00:00;172255,00;172390,00;172210,00;172280,00;1,429129231E10;414719
WINQ26;08/07/2026;12:30:00;172310,00;172675,00;172245,00;172260,00;2,111040162E10;612065
WINQ26;08/07/2026;12:00:00;172230,00;172600,00;172075,00;172315,00;2,682461523E10;778155
WINQ26;08/07/2026;11:30:00;172800,00;172875,00;172135,00;172235,00;3,93524233E10;1141071
WINQ26;08/07/2026;11:00:00;172745,00;173115,00;172560,00;172800,00;4,597048826E10;1329902
WINQ26;08/07/2026;10:30:00;173150,00;173500,00;172610,00;172740,00;6,480000345E10;1872779
WINQ26;08/07/2026;10:00:00;173560,00;173800,00;172005,00;173150,00;9,4554585E10;2733233
WINQ26;08/07/2026;09:30:00;173705,00;173885,00;173480,00;173565,00;3,465219426E10;997767
WINQ26;08/07/2026;09:00:00;172230,00;173800,00;172065,00;173705,00;6,017844335E10;1735302
WINQ26;07/07/2026;18:00:00;173955,00;173965,00;173600,00;173600,00;5082212798,00;146239
WINQ26;07/07/2026;17:30:00;174080,00;174080,00;173925,00;173955,00;4666018930,00;134095
WINQ26;07/07/2026;17:00:00;174035,00;174195,00;174005,00;174075,00;8487119895,00;243744
WINQ26;07/07/2026;16:30:00;174035,00;174130,00;173870,00;174035,00;1,698007719E10;487918
WINQ26;07/07/2026;16:00:00;174145,00;174190,00;173945,00;174035,00;2,343889699E10;673248
WINQ26;07/07/2026;15:30:00;173955,00;174345,00;173905,00;174145,00;2,757428582E10;791655
WINQ26;07/07/2026;15:00:00;174015,00;174080,00;173710,00;173960,00;2,046149096E10;588370
WINQ26;07/07/2026;14:30:00;174165,00;174205,00;173860,00;174020,00;1,941641711E10;557865
WINQ26;07/07/2026;14:00:00;173755,00;174210,00;173750,00;174165,00;2,437145258E10;700486
WINQ26;07/07/2026;13:30:00;173700,00;173815,00;173610,00;173760,00;1,322311551E10;380625
WINQ26;07/07/2026;13:00:00;173695,00;173825,00;173545,00;173700,00;1,778808053E10;512033
WINQ26;07/07/2026;12:30:00;173845,00;173975,00;173620,00;173695,00;2,203602845E10;634129
WINQ26;07/07/2026;12:00:00;174235,00;174245,00;173685,00;173845,00;3,326448313E10;956354
WINQ26;07/07/2026;11:30:00;173825,00;174540,00;173775,00;174230,00;4,233333935E10;1215352
WINQ26;07/07/2026;11:00:00;174705,00;175085,00;173575,00;173825,00;6,813584514E10;1953528
WINQ26;07/07/2026;10:30:00;174760,00;175795,00;174545,00;174710,00;8,500684303E10;2424132
WINQ26;07/07/2026;10:00:00;175130,00;175350,00;174620,00;174755,00;8,421846464E10;2406569
WINQ26;07/07/2026;09:30:00;175490,00;175585,00;175010,00;175130,00;4,583655106E10;1307784
WINQ26;07/07/2026;09:00:00;174370,00;175690,00;174260,00;175490,00;7,373817765E10;2103314
WINQ26;06/07/2026;18:00:00;174805,00;174850,00;174480,00;174535,00;6872102651,00;196720
WINQ26;06/07/2026;17:30:00;174645,00;174835,00;174630,00;174810,00;5658923340,00;161913
WINQ26;06/07/2026;17:00:00;174615,00;174725,00;174585,00;174640,00;8634752752,00;247174
WINQ26;06/07/2026;16:30:00;174650,00;174720,00;174530,00;174615,00;1,405857829E10;402557
WINQ26;06/07/2026;16:00:00;174670,00;174700,00;174425,00;174650,00;1,858371052E10;532261
WINQ26;06/07/2026;15:30:00;174820,00;174900,00;174620,00;174670,00;1,636440814E10;468261
WINQ26;06/07/2026;15:00:00;174810,00;174890,00;174550,00;174820,00;2,104446538E10;602099
WINQ26;06/07/2026;14:30:00;174655,00;174875,00;174465,00;174810,00;2,462879413E10;704966
WINQ26;06/07/2026;14:00:00;174295,00;174755,00;174215,00;174655,00;2,61445195E10;749249
WINQ26;06/07/2026;13:30:00;174135,00;174400,00;174090,00;174295,00;1,695670478E10;486538
WINQ26;06/07/2026;13:00:00;174215,00;174255,00;174065,00;174140,00;1,54983125E10;444942
WINQ26;06/07/2026;12:30:00;174295,00;174465,00;174155,00;174220,00;2,371355072E10;680197
WINQ26;06/07/2026;12:00:00;174125,00;174325,00;174015,00;174295,00;2,927946801E10;840435
WINQ26;06/07/2026;11:30:00;174255,00;174265,00;173855,00;174120,00;3,313807964E10;951890
WINQ26;06/07/2026;11:00:00;174695,00;174805,00;174075,00;174250,00;4,507952114E10;1293054
WINQ26;06/07/2026;10:30:00;174645,00;175480,00;174520,00;174705,00;7,42431908E10;2122515
WINQ26;06/07/2026;10:00:00;175110,00;175290,00;174470,00;174645,00;7,352616342E10;2101852
WINQ26;06/07/2026;09:30:00;175275,00;175410,00;175000,00;175110,00;3,391711647E10;968021
WINQ26;06/07/2026;09:00:00;176600,00;176835,00;175055,00;175275,00;7,114787199E10;2026262
WINQ26;03/07/2026;18:00:00;176830,00;176910,00;176710,00;176910,00;3252990825,00;91987
WINQ26;03/07/2026;17:30:00;176650,00;176880,00;176650,00;176830,00;6344879382,00;179458
WINQ26;03/07/2026;17:00:00;176790,00;176790,00;176530,00;176650,00;9641284175,00;272894
WINQ26;03/07/2026;16:30:00;176675,00;176800,00;176510,00;176790,00;1,31033129E10;370931
WINQ26;03/07/2026;16:00:00;176815,00;176870,00;176650,00;176680,00;1,126465646E10;318651
WINQ26;03/07/2026;15:30:00;176850,00;176885,00;176780,00;176815,00;7011769892,00;198260
WINQ26;03/07/2026;15:00:00;176935,00;176945,00;176730,00;176850,00;1,331164441E10;376404
WINQ26;03/07/2026;14:30:00;176955,00;177085,00;176905,00;176935,00;1,024430577E10;289415
WINQ26;03/07/2026;14:00:00;176910,00;176995,00;176740,00;176955,00;1,475058602E10;417003
WINQ26;03/07/2026;13:30:00;176975,00;177015,00;176870,00;176905,00;1,225668795E10;346346
WINQ26;03/07/2026;13:00:00;176900,00;177175,00;176895,00;176975,00;1,630422707E10;460434
WINQ26;03/07/2026;12:30:00;176860,00;177020,00;176775,00;176900,00;1,571048823E10;444009
WINQ26;03/07/2026;12:00:00;176690,00;176965,00;176635,00;176860,00;2,189068502E10;618943
WINQ26;03/07/2026;11:30:00;176475,00;176775,00;176385,00;176685,00;2,784730652E10;788414
WINQ26;03/07/2026;11:00:00;176055,00;176700,00;176020,00;176480,00;3,674031256E10;1041132
WINQ26;03/07/2026;10:30:00;175815,00;176185,00;175425,00;176055,00;4,526455094E10;1286896
WINQ26;03/07/2026;10:00:00;176325,00;176515,00;175300,00;175815,00;7,777104099E10;2211105
WINQ26;03/07/2026;09:30:00;176655,00;176790,00;176240,00;176325,00;4,405120219E10;1247933
WINQ26;03/07/2026;09:00:00;175725,00;176775,00;175550,00;176650,00;5,971703663E10;1693319
WINQ26;02/07/2026;18:00:00;175295,00;175355,00;175105,00;175175,00;4050496372,00;115577
WINQ26;02/07/2026;17:30:00;175365,00;175420,00;175260,00;175290,00;5405572807,00;154128
WINQ26;02/07/2026;17:00:00;175285,00;175400,00;175120,00;175360,00;1,075363516E10;306753
WINQ26;02/07/2026;16:30:00;174810,00;175295,00;174790,00;175280,00;1,693351595E10;483866
WINQ26;02/07/2026;16:00:00;175225,00;175265,00;174695,00;174810,00;1,638020293E10;468083
WINQ26;02/07/2026;15:30:00;174955,00;175305,00;174950,00;175225,00;2,028775667E10;579147
WINQ26;02/07/2026;15:00:00;174595,00;174980,00;174500,00;174960,00;1,945540171E10;556694
WINQ26;02/07/2026;14:30:00;174640,00;174770,00;174515,00;174595,00;1,586184903E10;454135
WINQ26;02/07/2026;14:00:00;174525,00;174815,00;174515,00;174645,00;1,607779157E10;460155
WINQ26;02/07/2026;13:30:00;174625,00;174845,00;174475,00;174530,00;1,97827804E10;566267
WINQ26;02/07/2026;13:00:00;174740,00;175000,00;174525,00;174630,00;2,236676308E10;639781
WINQ26;02/07/2026;12:30:00;174615,00;174880,00;174615,00;174745,00;1,923216212E10;550240
WINQ26;02/07/2026;12:00:00;174945,00;175115,00;174240,00;174620,00;3,823122209E10;1094499
WINQ26;02/07/2026;11:30:00;175215,00;175580,00;174630,00;174945,00;4,942444452E10;1412117
WINQ26;02/07/2026;11:00:00;175925,00;176180,00;175165,00;175220,00;4,932129126E10;1402753
WINQ26;02/07/2026;10:30:00;175230,00;177055,00;175215,00;175925,00;8,6275868E10;2447950
WINQ26;02/07/2026;10:00:00;175745,00;175970,00;175070,00;175230,00;6,5561962E10;1867120
WINQ26;02/07/2026;09:30:00;174965,00;176655,00;174325,00;175745,00;6,946673654E10;1973736
WINQ26;02/07/2026;09:00:00;174560,00;175005,00;173910,00;174975,00;5,43881992E10;1557713
WINQ26;01/07/2026;18:00:00;174540,00;174585,00;174430,00;174530,00;4026574959,00;115366
WINQ26;01/07/2026;17:30:00;174235,00;174645,00;174225,00;174545,00;7878726011,00;225807
WINQ26;01/07/2026;17:00:00;174280,00;174410,00;174105,00;174235,00;9689399889,00;278007
WINQ26;01/07/2026;16:30:00;174335,00;174480,00;174185,00;174280,00;1,444900717E10;414452
WINQ26;01/07/2026;16:00:00;174105,00;174565,00;174000,00;174335,00;1,91803215E10;550211
WINQ26;01/07/2026;15:30:00;174085,00;174165,00;173990,00;174105,00;9665169178,00;277623
WINQ26;01/07/2026;15:00:00;174145,00;174310,00;173915,00;174085,00;1,885288464E10;541458
WINQ26;01/07/2026;14:30:00;174510,00;174605,00;174005,00;174145,00;2,033383876E10;583202
WINQ26;01/07/2026;14:00:00;174360,00;174685,00;174345,00;174510,00;1,467199172E10;420319
WINQ26;01/07/2026;13:30:00;174510,00;174640,00;174260,00;174355,00;1,820709038E10;521721
WINQ26;01/07/2026;13:00:00;174265,00;174535,00;174210,00;174520,00;1,453638272E10;416796
WINQ26;01/07/2026;12:30:00;173635,00;174540,00;173575,00;174270,00;2,859895001E10;820983
WINQ26;01/07/2026;12:00:00;173705,00;173835,00;173465,00;173640,00;2,695236105E10;776116
WINQ26;01/07/2026;11:30:00;174075,00;174220,00;173660,00;173705,00;3,514750319E10;1010184
WINQ26;01/07/2026;11:00:00;173830,00;174480,00;173705,00;174075,00;4,898252823E10;1407030
WINQ26;01/07/2026;10:30:00;172860,00;174270,00;172580,00;173830,00;8,004699276E10;2305547
WINQ26;01/07/2026;10:00:00;172385,00;172985,00;172050,00;172855,00;6,763147411E10;1960520
WINQ26;01/07/2026;09:30:00;172690,00;172720,00;172190,00;172385,00;4,164752848E10;1207413
WINQ26;01/07/2026;09:00:00;174005,00;174230,00;172485,00;172690,00;6,448817749E10;1862870
WINQ26;30/06/2026;18:00:00;174720,00;174725,00;174565,00;174590,00;3961240689,00;113421
WINQ26;30/06/2026;17:30:00;174600,00;174750,00;174560,00;174720,00;5240791893,00;150039
WINQ26;30/06/2026;17:00:00;174810,00;174870,00;174540,00;174600,00;9988143423,00;285806
WINQ26;30/06/2026;16:30:00;174935,00;175040,00;174730,00;174805,00;1,698026388E10;485497
WINQ26;30/06/2026;16:00:00;175025,00;175090,00;174755,00;174930,00;1,634391139E10;467261
WINQ26;30/06/2026;15:30:00;175155,00;175175,00;174910,00;175025,00;1,925060683E10;549915
WINQ26;30/06/2026;15:00:00;175380,00;175385,00;175120,00;175155,00;2,062087408E10;588328
WINQ26;30/06/2026;14:30:00;175010,00;175445,00;174880,00;175375,00;2,308954033E10;659111
WINQ26;30/06/2026;14:00:00;174750,00;175090,00;174665,00;175010,00;2,522269666E10;721098
WINQ26;30/06/2026;13:30:00;175105,00;175115,00;174690,00;174745,00;2,291282985E10;655037
WINQ26;30/06/2026;13:00:00;174675,00;175160,00;174640,00;175105,00;2,261647327E10;646641
WINQ26;30/06/2026;12:30:00;174445,00;174695,00;174340,00;174675,00;2,031138269E10;581873
WINQ26;30/06/2026;12:00:00;174110,00;174725,00;174030,00;174450,00;3,44853554E10;988705
WINQ26;30/06/2026;11:30:00;174105,00;174250,00;173825,00;174110,00;3,836654943E10;1102109
WINQ26;30/06/2026;11:00:00;173810,00;174795,00;173495,00;174100,00;6,250391785E10;1794290
WINQ26;30/06/2026;10:30:00;173685,00;173910,00;173025,00;173805,00;6,493779139E10;1870912
WINQ26;30/06/2026;10:00:00;174670,00;174685,00;173470,00;173685,00;7,398151917E10;2126360
WINQ26;30/06/2026;09:30:00;174765,00;175175,00;174590,00;174675,00;4,815162152E10;1376470
WINQ26;30/06/2026;09:00:00;175910,00;176140,00;174330,00;174765,00;8,176357346E10;2334269
WINQ26;29/06/2026;18:00:00;175935,00;176000,00;175760,00;175760,00;4277291128,00;121595
WINQ26;29/06/2026;17:30:00;176050,00;176060,00;175915,00;175935,00;4417105065,00;125504
WINQ26;29/06/2026;17:00:00;175855,00;176095,00;175805,00;176050,00;9266653844,00;263339
WINQ26;29/06/2026;16:30:00;175990,00;176000,00;175775,00;175850,00;1,291551159E10;367170
WINQ26;29/06/2026;16:00:00;176240,00;176270,00;175935,00;175995,00;1,112860228E10;315917
WINQ26;29/06/2026;15:30:00;176210,00;176410,00;176170,00;176245,00;9957858947,00;282440
WINQ26;29/06/2026;15:00:00;176060,00;176280,00;176050,00;176210,00;9725116035,00;276012
WINQ26;29/06/2026;14:30:00;176125,00;176130,00;175910,00;176060,00;9047138983,00;256992
WINQ26;29/06/2026;14:00:00;176005,00;176185,00;175960,00;176125,00;8335849024,00;236676
WINQ26;29/06/2026;13:30:00;175735,00;176240,00;175710,00;176005,00;1,736323963E10;493315
WINQ26;29/06/2026;13:00:00;175325,00;175740,00;175260,00;175735,00;1,639353623E10;467026
WINQ26;29/06/2026;12:30:00;175645,00;175675,00;175275,00;175325,00;1,559421112E10;444436
WINQ26;29/06/2026;12:00:00;175765,00;175850,00;175475,00;175640,00;2,195928614E10;625167
WINQ26;29/06/2026;11:30:00;175995,00;176170,00;175670,00;175765,00;2,624630626E10;746092
WINQ26;29/06/2026;11:00:00;175835,00;176285,00;175285,00;175995,00;5,052445342E10;1437487
WINQ26;29/06/2026;10:30:00;175815,00;175965,00;174980,00;175840,00;6,855760219E10;1952947
WINQ26;29/06/2026;10:00:00;176315,00;176680,00;175805,00;175820,00;6,026767936E10;1709971
WINQ26;29/06/2026;09:30:00;175790,00;176360,00;175590,00;176310,00;4,552815352E10;1293574
WINQ26;29/06/2026;09:00:00;177200,00;177205,00;175700,00;175785,00;6,118182086E10;1735331
WINQ26;26/06/2026;18:00:00;176340,00;176485,00;176170,00;176290,00;6088067837,00;172655
WINQ26;26/06/2026;17:30:00;176480,00;176485,00;176175,00;176345,00;1,051572443E10;298214
WINQ26;26/06/2026;17:00:00;176200,00;176590,00;176105,00;176480,00;1,731553851E10;491062
WINQ26;26/06/2026;16:30:00;176355,00;176430,00;176110,00;176200,00;2,332568039E10;661684
WINQ26;26/06/2026;16:00:00;176415,00;176510,00;176245,00;176360,00;1,742148203E10;493870
WINQ26;26/06/2026;15:30:00;176775,00;176800,00;176330,00;176415,00;2,219953284E10;628813
WINQ26;26/06/2026;15:00:00;176655,00;176920,00;176630,00;176775,00;2,218299947E10;627428
WINQ26;26/06/2026;14:30:00;176605,00;176780,00;176540,00;176660,00;1,858978494E10;526099
WINQ26;26/06/2026;14:00:00;176400,00;176790,00;176365,00;176610,00;2,568807302E10;727325
WINQ26;26/06/2026;13:30:00;176350,00;176700,00;176200,00;176395,00;2,481224798E10;703119
WINQ26;26/06/2026;13:00:00;176455,00;176575,00;176320,00;176345,00;1,997278418E10;565935
WINQ26;26/06/2026;12:30:00;176305,00;176520,00;176080,00;176450,00;3,314426813E10;939886
WINQ26;26/06/2026;12:00:00;175645,00;176320,00;175635,00;176305,00;3,827941507E10;1087590
WINQ26;26/06/2026;11:30:00;175250,00;175900,00;175150,00;175645,00;4,716538837E10;1343204
WINQ26;26/06/2026;11:00:00;174550,00;175580,00;174300,00;175250,00;5,623203985E10;1607595
WINQ26;26/06/2026;10:30:00;174100,00;174595,00;173835,00;174550,00;6,144412812E10;1763645
WINQ26;26/06/2026;10:00:00;174590,00;174705,00;173795,00;174105,00;6,415614127E10;1841124
WINQ26;26/06/2026;09:30:00;175030,00;175155,00;174495,00;174585,00;3,91091017E10;1118902
WINQ26;26/06/2026;09:00:00;174000,00;175560,00;173765,00;175025,00;6,053933005E10;1731007
WINQ26;25/06/2026;18:00:00;174860,00;174885,00;174650,00;174650,00;3686758925,00;105477
WINQ26;25/06/2026;17:30:00;175055,00;175070,00;174825,00;174865,00;4989645721,00;142632
WINQ26;25/06/2026;17:00:00;174850,00;175090,00;174840,00;175055,00;8432433393,00;240907
WINQ26;25/06/2026;16:30:00;175070,00;175130,00;174735,00;174850,00;1,480683907E10;423232
WINQ26;25/06/2026;16:00:00;175125,00;175200,00;174950,00;175070,00;1,331624306E10;380318
WINQ26;25/06/2026;15:30:00;175340,00;175350,00;174880,00;175120,00;1,661930257E10;474705
WINQ26;25/06/2026;15:00:00;175410,00;175445,00;174825,00;175345,00;2,904142581E10;829048
WINQ26;25/06/2026;14:30:00;175390,00;175560,00;175270,00;175415,00;1,458540528E10;415765
WINQ26;25/06/2026;14:00:00;175630,00;175750,00;175115,00;175380,00;1,95593742E10;557391
WINQ26;25/06/2026;13:30:00;175945,00;175965,00;175435,00;175630,00;2,288401836E10;651260
WINQ26;25/06/2026;13:00:00;175870,00;176235,00;175815,00;175945,00;1,814546156E10;515344
WINQ26;25/06/2026;12:30:00;175785,00;176115,00;175720,00;175865,00;1,906582695E10;541878
WINQ26;25/06/2026;12:00:00;175510,00;175835,00;175260,00;175785,00;2,890663882E10;823404
WINQ26;25/06/2026;11:30:00;175900,00;176275,00;175385,00;175510,00;4,032050728E10;1146160
WINQ26;25/06/2026;11:00:00;174270,00;175965,00;174255,00;175900,00;5,334726193E10;1522419
WINQ26;25/06/2026;10:30:00;174825,00;174890,00;173860,00;174270,00;6,438386451E10;1846968
WINQ26;25/06/2026;10:00:00;174475,00;175815,00;174355,00;174825,00;6,922556176E10;1977464
WINQ26;25/06/2026;09:30:00;174725,00;175245,00;174400,00;174480,00;5,218020172E10;1491770
WINQ26;25/06/2026;09:00:00;174310,00;175055,00;173755,00;174715,00;5,832804523E10;1670873
WINQ26;24/06/2026;18:00:00;174150,00;174520,00;174125,00;174250,00;6537231182,00;187500
WINQ26;24/06/2026;17:30:00;173925,00;174195,00;173865,00;174145,00;7017385412,00;201617
WINQ26;24/06/2026;17:00:00;173500,00;174005,00;173450,00;173925,00;1,474314124E10;424211
WINQ26;24/06/2026;16:30:00;173595,00;173650,00;173345,00;173505,00;1,624710223E10;468257
WINQ26;24/06/2026;16:00:00;173420,00;173710,00;173255,00;173590,00;2,03677052E10;586915
WINQ26;24/06/2026;15:30:00;173235,00;173545,00;173135,00;173420,00;1,92170746E10;554442
WINQ26;24/06/2026;15:00:00;172945,00;173355,00;172945,00;173235,00;2,155986169E10;622503
WINQ26;24/06/2026;14:30:00;172775,00;173115,00;172615,00;172950,00;2,327514432E10;673339
WINQ26;24/06/2026;14:00:00;173170,00;173315,00;172670,00;172775,00;2,279374727E10;658977
WINQ26;24/06/2026;13:30:00;173180,00;173480,00;173040,00;173170,00;2,224060116E10;641837
WINQ26;24/06/2026;13:00:00;173095,00;173255,00;172910,00;173180,00;1,658936635E10;479262
WINQ26;24/06/2026;12:30:00;173305,00;173330,00;172945,00;173100,00;2,169914797E10;626588
WINQ26;24/06/2026;12:00:00;172950,00;173455,00;172765,00;173305,00;3,55989635E10;1028123
WINQ26;24/06/2026;11:30:00;172890,00;173250,00;172545,00;172950,00;3,850713061E10;1113827
WINQ26;24/06/2026;11:00:00;173295,00;173660,00;172720,00;172890,00;4,663670031E10;1346234
WINQ26;24/06/2026;10:30:00;174275,00;174400,00;173050,00;173300,00;7,379977699E10;2126380
WINQ26;24/06/2026;10:00:00;172985,00;174335,00;172210,00;174275,00;8,684893088E10;2503663
WINQ26;24/06/2026;09:30:00;173070,00;173155,00;172810,00;172980,00;3,327132134E10;961655
WINQ26;24/06/2026;09:00:00;174500,00;174685,00;172840,00;173075,00;6,655735625E10;1918348
WINQ26;23/06/2026;18:00:00;174685,00;174940,00;174635,00;174800,00;6440856115,00;184212
WINQ26;23/06/2026;17:30:00;174600,00;174775,00;174500,00;174685,00;7828154400,00;224148
WINQ26;23/06/2026;17:00:00;174375,00;174635,00;174245,00;174595,00;1,333028729E10;382101
WINQ26;23/06/2026;16:30:00;174600,00;174775,00;174315,00;174375,00;2,292949121E10;656822
WINQ26;23/06/2026;16:00:00;174170,00;174625,00;174145,00;174595,00;1,894836395E10;543355
WINQ26;23/06/2026;15:30:00;174175,00;174325,00;174060,00;174170,00;1,831717627E10;525843
WINQ26;23/06/2026;15:00:00;174470,00;174610,00;174150,00;174170,00;1,622890562E10;465247
WINQ26;23/06/2026;14:30:00;174525,00;174640,00;174385,00;174470,00;1,46210672E10;418949
WINQ26;23/06/2026;14:00:00;174400,00;174565,00;174205,00;174525,00;1,988784267E10;570162
WINQ26;23/06/2026;13:30:00;174450,00;174720,00;174305,00;174400,00;2,022018883E10;579412
WINQ26;23/06/2026;13:00:00;173860,00;174580,00;173825,00;174450,00;2,768983597E10;794398
WINQ26;23/06/2026;12:30:00;173840,00;173905,00;173475,00;173860,00;2,538686237E10;730852
WINQ26;23/06/2026;12:00:00;173920,00;174275,00;173810,00;173840,00;2,868357604E10;824057
WINQ26;23/06/2026;11:30:00;173745,00;174185,00;173520,00;173920,00;4,09161766E10;1176820
WINQ26;23/06/2026;11:00:00;172870,00;173800,00;172790,00;173745,00;5,703753794E10;1645362
WINQ26;23/06/2026;10:30:00;172285,00;173100,00;172205,00;172865,00;7,92485461E10;2294859
WINQ26;23/06/2026;10:00:00;171690,00;172340,00;171400,00;172285,00;7,083938807E10;2061766
WINQ26;23/06/2026;09:30:00;171705,00;171975,00;171450,00;171685,00;3,594011953E10;1046507
WINQ26;23/06/2026;09:00:00;172205,00;172685,00;171440,00;171700,00;5,360137013E10;1558975
WINQ26;22/06/2026;18:00:00;173665,00;173680,00;173455,00;173490,00;4223709486,00;121659
WINQ26;22/06/2026;17:30:00;173415,00;173695,00;173410,00;173665,00;6532276815,00;188195
WINQ26;22/06/2026;17:00:00;173515,00;173540,00;173270,00;173420,00;1,166738124E10;336424
WINQ26;22/06/2026;16:30:00;173705,00;173760,00;173455,00;173510,00;1,83412696E10;528222
WINQ26;22/06/2026;16:00:00;173565,00;173890,00;173505,00;173710,00;1,797290998E10;517221
WINQ26;22/06/2026;15:30:00;173575,00;173700,00;173470,00;173560,00;1,331666858E10;383565
WINQ26;22/06/2026;15:00:00;173345,00;173670,00;173335,00;173575,00;1,939538333E10;558874
WINQ26;22/06/2026;14:30:00;173410,00;173435,00;173170,00;173345,00;1,917683258E10;553234
WINQ26;22/06/2026;14:00:00;173615,00;173770,00;173390,00;173405,00;1,757357954E10;506143
WINQ26;22/06/2026;13:30:00;173240,00;173730,00;173235,00;173620,00;1,855755651E10;534731
WINQ26;22/06/2026;13:00:00;173215,00;173360,00;172960,00;173245,00;1,992294975E10;575343
WINQ26;22/06/2026;12:30:00;173480,00;173575,00;173200,00;173215,00;2,017647387E10;581841
WINQ26;22/06/2026;12:00:00;173705,00;173845,00;173330,00;173485,00;2,838249318E10;817616
WINQ26;22/06/2026;11:30:00;173270,00;173765,00;172905,00;173700,00;3,847851877E10;1110652
WINQ26;22/06/2026;11:00:00;172890,00;173385,00;172670,00;173270,00;4,53622313E10;1310793
WINQ26;22/06/2026;10:30:00;173280,00;173290,00;172160,00;172885,00;6,963929994E10;2016526
WINQ26;22/06/2026;10:00:00;171385,00;173480,00;171305,00;173275,00;8,449014439E10;2448640
WINQ26;22/06/2026;09:30:00;171175,00;171590,00;171130,00;171385,00;3,652130956E10;1065662
WINQ26;22/06/2026;09:00:00;171590,00;171605,00;170210,00;171175,00;6,655026433E10;1946674
WINQ26;19/06/2026;18:00:00;171360,00;171925,00;171350,00;171645,00;3623216868,00;105587
WINQ26;19/06/2026;17:30:00;171370,00;171440,00;171275,00;171355,00;4577598740,00;133570
WINQ26;19/06/2026;17:00:00;171350,00;171490,00;171255,00;171375,00;9287877062,00;271006
WINQ26;19/06/2026;16:30:00;171490,00;171625,00;171250,00;171350,00;1,535095989E10;447796
WINQ26;19/06/2026;16:00:00;171660,00;171705,00;171445,00;171495,00;1,209964501E10;352696
WINQ26;19/06/2026;15:30:00;171780,00;171780,00;171580,00;171655,00;1,07269712E10;312415
WINQ26;19/06/2026;15:00:00;171765,00;171825,00;171635,00;171785,00;1,278998978E10;372382
WINQ26;19/06/2026;14:30:00;171305,00;171920,00;171280,00;171765,00;2,031257078E10;591734
WINQ26;19/06/2026;14:00:00;171030,00;171390,00;171000,00;171305,00;1,243698631E10;363207
WINQ26;19/06/2026;13:30:00;171345,00;171375,00;170975,00;171030,00;1,367706075E10;399622
WINQ26;19/06/2026;13:00:00;171305,00;171405,00;171135,00;171340,00;1,209690979E10;353171
WINQ26;19/06/2026;12:30:00;171470,00;171510,00;171215,00;171300,00;1,516809249E10;442579
WINQ26;19/06/2026;12:00:00;171530,00;171735,00;171415,00;171470,00;1,705803808E10;497103
WINQ26;19/06/2026;11:30:00;171540,00;171670,00;171285,00;171530,00;2,259559836E10;658843
WINQ26;19/06/2026;11:00:00;170770,00;171650,00;170745,00;171540,00;4,002777008E10;1167918
WINQ26;19/06/2026;10:30:00;171525,00;171570,00;170730,00;170765,00;4,972481524E10;1452048
WINQ26;19/06/2026;10:00:00;171450,00;171945,00;171285,00;171520,00;5,07893599E10;1479843
WINQ26;19/06/2026;09:30:00;170895,00;171620,00;170875,00;171455,00;3,944565356E10;1151522
WINQ26;19/06/2026;09:00:00;171700,00;171735,00;170855,00;170895,00;4,325006375E10;1263316
WINQ26;18/06/2026;18:00:00;171755,00;172015,00;171715,00;172015,00;4137642078,00;120388
WINQ26;18/06/2026;17:30:00;171625,00;171790,00;171590,00;171755,00;4287002374,00;124863
WINQ26;18/06/2026;17:00:00;171510,00;171670,00;171435,00;171630,00;9248794233,00;269549
WINQ26;18/06/2026;16:30:00;171555,00;171595,00;171285,00;171510,00;1,624493515E10;473724
WINQ26;18/06/2026;16:00:00;171545,00;171695,00;171420,00;171560,00;1,777020342E10;517982
WINQ26;18/06/2026;15:30:00;171590,00;171800,00;171455,00;171545,00;2,209744699E10;643777
WINQ26;18/06/2026;15:00:00;171415,00;171615,00;171080,00;171590,00;2,584652411E10;754090
WINQ26;18/06/2026;14:30:00;171345,00;171480,00;171200,00;171410,00;1,853685984E10;540875
WINQ26;18/06/2026;14:00:00;171425,00;171615,00;171275,00;171345,00;2,101890263E10;612972
WINQ26;18/06/2026;13:30:00;171370,00;171460,00;171205,00;171425,00;1,588672215E10;463663
WINQ26;18/06/2026;13:00:00;171575,00;171665,00;171150,00;171370,00;2,54031993E10;741188
WINQ26;18/06/2026;12:30:00;171875,00;171985,00;171490,00;171575,00;2,829996192E10;824139
WINQ26;18/06/2026;12:00:00;172005,00;172220,00;171725,00;171870,00;3,44002078E10;1000242
WINQ26;18/06/2026;11:30:00;172340,00;172890,00;171970,00;172010,00;4,426948219E10;1283377
WINQ26;18/06/2026;11:00:00;172065,00;172535,00;171910,00;172340,00;4,215354362E10;1223691
WINQ26;18/06/2026;10:30:00;171545,00;172470,00;171505,00;172070,00;7,547728912E10;2194686
WINQ26;18/06/2026;10:00:00;171320,00;171840,00;171065,00;171545,00;6,945081165E10;2025463
WINQ26;18/06/2026;09:30:00;171185,00;171590,00;171010,00;171320,00;3,938204983E10;1149715
WINQ26;18/06/2026;09:00:00;171800,00;171940,00;170230,00;171190,00;6,573070731E10;1922495
WINQ26;17/06/2026;18:00:00;171405,00;171545,00;171325,00;171480,00;3326081993,00;97009
WINQ26;17/06/2026;17:30:00;171515,00;171555,00;171300,00;171400,00;6364610602,00;185620
WINQ26;17/06/2026;17:00:00;171475,00;171675,00;171300,00;171515,00;1,543596199E10;450041
WINQ26;17/06/2026;16:30:00;171670,00;171845,00;171160,00;171480,00;4,00545565E10;1168157
WINQ26;17/06/2026;16:00:00;173400,00;173535,00;171530,00;171665,00;5,411221277E10;1567687
WINQ26;17/06/2026;15:30:00;173345,00;173975,00;173235,00;173400,00;5,097564089E10;1468049
WINQ26;17/06/2026;15:00:00;174870,00;174880,00;173100,00;173340,00;5,530998858E10;1593341
WINQ26;17/06/2026;14:30:00;174705,00;175050,00;174410,00;174865,00;2,841537797E10;813356
WINQ26;17/06/2026;14:00:00;174935,00;175330,00;174675,00;174705,00;3,25440433E10;929921
WINQ26;17/06/2026;13:30:00;174635,00;174950,00;174575,00;174935,00;1,762550042E10;504230
WINQ26;17/06/2026;13:00:00;174590,00;174795,00;174555,00;174635,00;1,384010126E10;396185
WINQ26;17/06/2026;12:30:00;174660,00;174675,00;174450,00;174585,00;1,431647054E10;410086
WINQ26;17/06/2026;12:00:00;174550,00;174715,00;174150,00;174660,00;2,928610402E10;839503
WINQ26;17/06/2026;11:30:00;174575,00;174920,00;174115,00;174550,00;4,09830155E10;1173510
WINQ26;17/06/2026;11:00:00;174015,00;174690,00;173975,00;174580,00;4,39973769E10;1261300
WINQ26;17/06/2026;10:30:00;174145,00;175070,00;173965,00;174015,00;6,766186253E10;1939937
WINQ26;17/06/2026;10:00:00;173800,00;174655,00;173570,00;174150,00;7,216259421E10;2072592
WINQ26;17/06/2026;09:30:00;173370,00;173885,00;173240,00;173800,00;4,002358842E10;1153096
WINQ26;17/06/2026;09:00:00;172820,00;173605,00;172360,00;173370,00;5,666770736E10;1636627
WINQ26;16/06/2026;18:00:00;172715,00;172865,00;172610,00;172825,00;156953982,00;4543
WINQ26;16/06/2026;17:30:00;172825,00;172830,00;172615,00;172710,00;373509596,00;10813
WINQ26;16/06/2026;17:00:00;172980,00;173050,00;172825,00;172830,00;566484963,00;16379
WINQ26;16/06/2026;16:30:00;173045,00;173180,00;172915,00;172980,00;516297329,00;14918
WINQ26;16/06/2026;16:00:00;172985,00;173150,00;172790,00;173045,00;642740978,00;18578
WINQ26;16/06/2026;15:30:00;173345,00;173385,00;172945,00;172980,00;642013197,00;18542
WINQ26;16/06/2026;15:00:00;173305,00;173390,00;173210,00;173340,00;575623346,00;16607
WINQ26;16/06/2026;14:30:00;173435,00;173585,00;173260,00;173300,00;590574083,00;17025
WINQ26;16/06/2026;14:00:00;173390,00;173470,00;173205,00;173425,00;447828165,00;12917
WINQ26;16/06/2026;13:30:00;173515,00;173640,00;173140,00;173395,00;963078452,00;27774
WINQ26;16/06/2026;13:00:00;173260,00;173615,00;173220,00;173530,00;638603063,00;18411
WINQ26;16/06/2026;12:30:00;172985,00;173340,00;172900,00;173255,00;661872092,00;19114
WINQ26;16/06/2026;12:00:00;173025,00;173115,00;172725,00;172980,00;837739894,00;24222
WINQ26;16/06/2026;11:30:00;172725,00;173100,00;172500,00;173030,00;1352826348,00;39148
WINQ26;16/06/2026;11:00:00;172935,00;173450,00;172710,00;172720,00;1591190002,00;45951
WINQ26;16/06/2026;10:30:00;173045,00;173465,00;172610,00;172935,00;1755760448,00;50745
WINQ26;16/06/2026;10:00:00;172985,00;173225,00;172510,00;173045,00;1628515840,00;47101
WINQ26;16/06/2026;09:30:00;173810,00;173825,00;172875,00;172990,00;950049078,00;27404
WINQ26;16/06/2026;09:00:00;174200,00;174455,00;173195,00;173820,00;2114185411,00;60802
WINQ26;15/06/2026;18:00:00;174070,00;174070,00;173860,00;173860,00;100261758,00;2882
WINQ26;15/06/2026;17:30:00;174140,00;174160,00;174020,00;174070,00;122413705,00;3516
WINQ26;15/06/2026;17:00:00;174095,00;174275,00;174020,00;174135,00;227656960,00;6536
WINQ26;15/06/2026;16:30:00;173970,00;174225,00;173965,00;174095,00;299313330,00;8594
WINQ26;15/06/2026;16:00:00;174200,00;174210,00;173915,00;173970,00;297877769,00;8556
WINQ26;15/06/2026;15:30:00;174265,00;174305,00;173965,00;174185,00;243642020,00;6996
WINQ26;15/06/2026;15:00:00;174670,00;174715,00;174025,00;174260,00;647969306,00;18586
WINQ26;15/06/2026;14:30:00;175135,00;175140,00;174615,00;174670,00;259735918,00;7430
WINQ26;15/06/2026;14:00:00;175280,00;175280,00;175030,00;175140,00;150933484,00;4309
WINQ26;15/06/2026;13:30:00;175615,00;175715,00;175130,00;175290,00;256066291,00;7301
WINQ26;15/06/2026;13:00:00;175950,00;176045,00;175465,00;175610,00;243541860,00;6929
WINQ26;15/06/2026;12:30:00;176105,00;176230,00;175895,00;175930,00;189266214,00;5375
WINQ26;15/06/2026;12:00:00;176095,00;176385,00;176030,00;176110,00;185775778,00;5271
WINQ26;15/06/2026;11:30:00;176960,00;176970,00;175975,00;176075,00;458170622,00;12988
WINQ26;15/06/2026;11:00:00;177480,00;177485,00;176775,00;176955,00;340492905,00;9616
WINQ26;15/06/2026;10:30:00;177770,00;177995,00;177210,00;177465,00;683311252,00;19240
WINQ26;15/06/2026;10:00:00;177215,00;177835,00;176615,00;177775,00;690732785,00;19494
WINQ26;15/06/2026;09:30:00;176770,00;177255,00;176735,00;177200,00;233247343,00;6587
WINQ26;15/06/2026;09:00:00;176395,00;176795,00;175290,00;176765,00;589694082,00;16750
WINQ26;12/06/2026;18:00:00;174805,00;174860,00;174600,00;174600,00;15518452,00;444
WINQ26;12/06/2026;17:30:00;174785,00;174835,00;174750,00;174810,00;14193639,00;406
WINQ26;12/06/2026;17:00:00;174760,00;174900,00;174700,00;174780,00;21747766,00;622
WINQ26;12/06/2026;16:30:00;174940,00;174945,00;174555,00;174760,00;136745992,00;3913
WINQ26;12/06/2026;16:00:00;174720,00;175015,00;174690,00;174940,00;90471055,00;2587
WINQ26;12/06/2026;15:30:00;174970,00;174990,00;174710,00;174720,00;162073240,00;4634
WINQ26;12/06/2026;15:00:00;174790,00;174990,00;174600,00;174975,00;114671325,00;3281
WINQ26;12/06/2026;14:30:00;174965,00;175055,00;174705,00;174780,00;94754167,00;2709
WINQ26;12/06/2026;14:00:00;174855,00;175055,00;174735,00;174970,00;117173759,00;3350
WINQ26;12/06/2026;13:30:00;174940,00;174965,00;174550,00;174855,00;102985297,00;2947
WINQ26;12/06/2026;13:00:00;175135,00;175400,00;174915,00;174930,00;87151065,00;2488
WINQ26;12/06/2026;12:30:00;175570,00;175575,00;175105,00;175145,00;107761764,00;3073
WINQ26;12/06/2026;12:00:00;175635,00;175960,00;175470,00;175575,00;105030582,00;2989
WINQ26;12/06/2026;11:30:00;175325,00;175750,00;174865,00;175660,00;166536441,00;4751
WINQ26;12/06/2026;11:00:00;175555,00;175950,00;175245,00;175320,00;138552477,00;3946
WINQ26;12/06/2026;10:30:00;175745,00;176260,00;174720,00;175540,00;320901375,00;9136
WINQ26;12/06/2026;10:00:00;173805,00;175830,00;173360,00;175755,00;210325620,00;6024
WINQ26;12/06/2026;09:30:00;173670,00;174070,00;173645,00;173790,00;126954667,00;3651
WINQ26;12/06/2026;09:00:00;175530,00;175590,00;173540,00;173675,00;232327243,00;6664
WINQ26;11/06/2026;18:00:00;175190,00;175415,00;175130,00;175330,00;54444468,00;1553
WINQ26;11/06/2026;17:30:00;175445,00;175445,00;175095,00;175170,00;32000817,00;913
WINQ26;11/06/2026;17:00:00;175310,00;175560,00;175160,00;175415,00;92230306,00;2630
WINQ26;11/06/2026;16:30:00;174920,00;175830,00;174920,00;175310,00;193523964,00;5516
WINQ26;11/06/2026;16:00:00;174045,00;174940,00;174045,00;174885,00;129708889,00;3716
WINQ26;11/06/2026;15:30:00;174005,00;174270,00;173950,00;174000,00;74622461,00;2143
WINQ26;11/06/2026;15:00:00;173870,00;174340,00;173560,00;173980,00;154392181,00;4436
WINQ26;11/06/2026;14:30:00;173170,00;174160,00;173170,00;173850,00;179692153,00;5171
WINQ26;11/06/2026;14:00:00;172260,00;173140,00;171970,00;173140,00;93649111,00;2713
WINQ26;11/06/2026;13:30:00;172400,00;172545,00;172180,00;172300,00;20163923,00;585
WINQ26;11/06/2026;13:00:00;172270,00;172520,00;172180,00;172435,00;20509535,00;595
WINQ26;11/06/2026;12:30:00;172360,00;172485,00;172240,00;172265,00;11822832,00;343
WINQ26;11/06/2026;12:00:00;172350,00;172650,00;172300,00;172405,00;30598146,00;887
WINQ26;11/06/2026;11:30:00;172470,00;172730,00;172265,00;172335,00;75894117,00;2200
WINQ26;11/06/2026;11:00:00;172730,00;172900,00;172290,00;172415,00;170293201,00;4932
WINQ26;11/06/2026;10:30:00;173090,00;173225,00;172370,00;172810,00;223296802,00;6466
WINQ26;11/06/2026;10:00:00;172530,00;173200,00;172140,00;173010,00;126304603,00;3658
WINQ26;11/06/2026;09:30:00;172910,00;172950,00;172355,00;172540,00;175363446,00;5081
WINQ26;11/06/2026;09:00:00;173000,00;173560,00;172505,00;172920,00;158530806,00;4583
WINQ26;10/06/2026;18:00:00;172230,00;172275,00;172080,00;172200,00;18043918,00;524
WINQ26;10/06/2026;17:30:00;172385,00;172385,00;172175,00;172230,00;5099599,00;148
WINQ26;10/06/2026;17:00:00;172360,00;172435,00;172275,00;172350,00;5101001,00;148
WINQ26;10/06/2026;16:30:00;172385,00;172635,00;172355,00;172365,00;10281045,00;298
WINQ26;10/06/2026;16:00:00;172185,00;172340,00;172175,00;172315,00;5030354,00;146
WINQ26;10/06/2026;15:30:00;172305,00;172375,00;172175,00;172275,00;3445576,00;100
WINQ26;10/06/2026;15:00:00;172285,00;172360,00;172090,00;172305,00;13605678,00;395
WINQ26;10/06/2026;14:30:00;172485,00;172530,00;172225,00;172245,00;15203469,00;441
WINQ26;10/06/2026;14:00:00;172610,00;172755,00;172450,00;172490,00;8974403,00;260
WINQ26;10/06/2026;13:30:00;172530,00;172720,00;172420,00;172600,00;7525276,00;218
WINQ26;10/06/2026;13:00:00;172460,00;172530,00;172270,00;172530,00;10380249,00;301
WINQ26;10/06/2026;12:30:00;172375,00;172555,00;171950,00;172375,00;16953917,00;492
WINQ26;10/06/2026;12:00:00;171990,00;172555,00;171955,00;172385,00;45634820,00;1325
WINQ26;10/06/2026;11:30:00;172545,00;172545,00;171850,00;171935,00;34540222,00;1003
WINQ26;10/06/2026;11:00:00;172885,00;172990,00;172290,00;172545,00;148167790,00;4294
WINQ26;10/06/2026;10:30:00;172130,00;173075,00;172130,00;172880,00;61271307,00;1775
WINQ26;10/06/2026;10:00:00;172705,00;172900,00;171840,00;172145,00;85091562,00;2472
WINQ26;10/06/2026;09:30:00;172755,00;173350,00;172730,00;172730,00;30948928,00;894
WINQ26;10/06/2026;09:00:00;172545,00;172790,00;172025,00;172750,00;52184965,00;1514
WINQ26;09/06/2026;18:00:00;173645,00;173705,00;173500,00;173500,00;56670324,00;1632
WINQ26;09/06/2026;17:30:00;173555,00;173635,00;173480,00;173615,00;3332212,00;96
WINQ26;09/06/2026;17:00:00;173630,00;173695,00;173455,00;173590,00;10101516,00;291
WINQ26;09/06/2026;16:30:00;173305,00;173630,00;173180,00;173605,00;34809146,00;1004
WINQ26;09/06/2026;16:00:00;173820,00;173830,00;173230,00;173380,00;29327265,00;845
WINQ26;09/06/2026;15:30:00;173550,00;173925,00;173475,00;173820,00;16602471,00;478
WINQ26;09/06/2026;15:00:00;173330,00;173580,00;173275,00;173500,00;9261669,00;267
WINQ26;09/06/2026;14:30:00;173570,00;173770,00;173295,00;173335,00;18809232,00;542
WINQ26;09/06/2026;14:00:00;173000,00;173680,00;172940,00;173550,00;72904874,00;2104
WINQ26;09/06/2026;13:30:00;173250,00;173380,00;172190,00;173000,00;145573451,00;4214
WINQ26;09/06/2026;13:00:00;173110,00;173470,00;173090,00;173255,00;11609541,00;335
WINQ26;09/06/2026;12:30:00;173135,00;173360,00;172955,00;173145,00;122309084,00;3532
WINQ26;09/06/2026;12:00:00;173965,00;174180,00;173085,00;173110,00;38391512,00;1106
WINQ26;09/06/2026;11:30:00;174335,00;174405,00;173440,00;173955,00;46308046,00;1332
WINQ26;09/06/2026;11:00:00;173750,00;174650,00;173750,00;174310,00;36076178,00;1035
WINQ26;09/06/2026;10:30:00;173615,00;174140,00;173200,00;173605,00;81120228,00;2336
WINQ26;09/06/2026;10:00:00;173890,00;174270,00;173365,00;173610,00;32302664,00;929
WINQ26;09/06/2026;09:30:00;173370,00;173850,00;173290,00;173850,00;21381508,00;616
WINQ26;09/06/2026;09:00:00;173180,00;174205,00;173005,00;173370,00;96027759,00;2766
WINQ26;08/06/2026;18:00:00;172635,00;172800,00;172525,00;172800,00;39998607,00;1159
WINQ26;08/06/2026;17:30:00;172625,00;172765,00;172575,00;172640,00;7218022,00;209
WINQ26;08/06/2026;17:00:00;172515,00;172700,00;172465,00;172675,00;4660073,00;135
WINQ26;08/06/2026;16:30:00;172595,00;172620,00;172420,00;172465,00;16250086,00;471
WINQ26;08/06/2026;16:00:00;172595,00;172680,00;172365,00;172580,00;35149816,00;1019
WINQ26;08/06/2026;15:30:00;172570,00;172700,00;172495,00;172610,00;35378484,00;1025
WINQ26;08/06/2026;15:00:00;172450,00;172625,00;172385,00;172515,00;24947671,00;723
WINQ26;08/06/2026;14:30:00;172290,00;172475,00;172080,00;172440,00;26329290,00;764
WINQ26;08/06/2026;14:00:00;172345,00;172360,00;172070,00;172235,00;60686346,00;1762
WINQ26;08/06/2026;13:30:00;172515,00;172525,00;172310,00;172360,00;6758188,00;196
WINQ26;08/06/2026;13:00:00;172615,00;172650,00;172470,00;172475,00;29890386,00;866
WINQ26;08/06/2026;12:30:00;172795,00;172890,00;172575,00;172675,00;57064592,00;1652
WINQ26;08/06/2026;12:00:00;173245,00;173320,00;172705,00;172790,00;18775211,00;543
WINQ26;08/06/2026;11:30:00;172850,00;173390,00;172690,00;173155,00;63580136,00;1836
WINQ26;08/06/2026;11:00:00;172620,00;172790,00;172235,00;172775,00;38984562,00;1130
WINQ26;08/06/2026;10:30:00;172830,00;173660,00;172640,00;172640,00;71881158,00;2076
WINQ26;08/06/2026;10:00:00;172960,00;173095,00;172525,00;172795,00;28374587,00;821
WINQ26;08/06/2026;09:30:00;173530,00;173615,00;172640,00;173035,00;38836738,00;1122
WINQ26;08/06/2026;09:00:00;173685,00;173745,00;172930,00;173535,00;49000635,00;1413
WINQ26;05/06/2026;18:00:00;172790,00;172960,00;172670,00;172960,00;14374760,00;416
WINQ26;05/06/2026;17:30:00;172800,00;172900,00;172600,00;172790,00;10849772,00;314
WINQ26;05/06/2026;17:00:00;173000,00;173015,00;172500,00;172775,00;6045731,00;175
WINQ26;05/06/2026;16:30:00;173175,00;173295,00;172965,00;173025,00;81477846,00;2354
WINQ26;05/06/2026;16:00:00;173430,00;173445,00;173020,00;173200,00;25457387,00;735
WINQ26;05/06/2026;15:30:00;173395,00;173900,00;173350,00;173420,00;127385509,00;3670
WINQ26;05/06/2026;15:00:00;173505,00;173590,00;173150,00;173450,00;17295715,00;499
WINQ26;05/06/2026;14:30:00;173205,00;173650,00;173200,00;173495,00;33203747,00;958
WINQ26;05/06/2026;14:00:00;173260,00;173260,00;173010,00;173215,00;43505451,00;1256
WINQ26;05/06/2026;13:30:00;173345,00;173345,00;173075,00;173235,00;84690461,00;2445
WINQ26;05/06/2026;13:00:00;173315,00;173485,00;173195,00;173265,00;41950561,00;1210
WINQ26;05/06/2026;12:30:00;174100,00;174115,00;173235,00;173300,00;42000039,00;1209
WINQ26;05/06/2026;12:00:00;174235,00;174420,00;174100,00;174100,00;12407385,00;356
WINQ26;05/06/2026;11:30:00;173850,00;174500,00;173850,00;174150,00;26038225,00;747
WINQ26;05/06/2026;11:00:00;174020,00;174370,00;173700,00;173790,00;44414253,00;1276
WINQ26;05/06/2026;10:30:00;173455,00;174645,00;173405,00;174030,00;52056682,00;1493
WINQ26;05/06/2026;10:00:00;174335,00;174500,00;173480,00;173480,00;21534751,00;619
WINQ26;05/06/2026;09:30:00;174535,00;174580,00;174040,00;174310,00;15656281,00;449
WINQ26;05/06/2026;09:00:00;174455,00;175105,00;174290,00;174620,00;35605457,00;1019
WINQ26;03/06/2026;18:00:00;174375,00;174375,00;174105,00;174200,00;40668188,00;1167
WINQ26;03/06/2026;17:30:00;174360,00;174380,00;174295,00;174370,00;31343294,00;899
WINQ26;03/06/2026;17:00:00;174390,00;174475,00;174300,00;174355,00;12451773,00;357
WINQ26;03/06/2026;16:30:00;174260,00;174550,00;174260,00;174355,00;9000116,00;258
WINQ26;03/06/2026;16:00:00;174445,00;174505,00;174205,00;174250,00;7217770,00;207
WINQ26;03/06/2026;15:30:00;174535,00;174550,00;174105,00;174460,00;28338182,00;813
WINQ26;03/06/2026;15:00:00;174280,00;174565,00;174205,00;174500,00;72152988,00;2068
WINQ26;03/06/2026;14:30:00;174445,00;174755,00;174245,00;174310,00;27973002,00;802
WINQ26;03/06/2026;14:00:00;174575,00;174705,00;174440,00;174465,00;36107261,00;1034
WINQ26;03/06/2026;13:30:00;174675,00;174750,00;174370,00;174540,00;49804403,00;1426
WINQ26;03/06/2026;13:00:00;174910,00;174920,00;174555,00;174660,00;82221775,00;2353
WINQ26;03/06/2026;12:30:00;175160,00;175205,00;174840,00;174980,00;148426396,00;4241
WINQ26;03/06/2026;12:00:00;175495,00;175700,00;174970,00;175260,00;79708107,00;2275
WINQ26;03/06/2026;11:30:00;175530,00;175860,00;175020,00;175550,00;149065573,00;4246
WINQ26;03/06/2026;11:00:00;176165,00;176235,00;175165,00;175460,00;198200751,00;5641
WINQ26;03/06/2026;10:30:00;176000,00;176520,00;175780,00;176150,00;174859105,00;4964
WINQ26;03/06/2026;10:00:00;175795,00;176200,00;175390,00;175840,00;61861381,00;1760
WINQ26;03/06/2026;09:30:00;175985,00;176035,00;175575,00;175860,00;77489228,00;2204
WINQ26;03/06/2026;09:00:00;178405,00;178600,00;175195,00;176020,00;300059952,00;8489
WINQ26;02/06/2026;18:00:00;178795,00;178835,00;178625,00;178785,00;74756098,00;2092
WINQ26;02/06/2026;17:30:00;178920,00;178920,00;178695,00;178795,00;9262015,00;259
WINQ26;02/06/2026;17:00:00;178795,00;179080,00;178550,00;178935,00;17565131,00;491
WINQ26;02/06/2026;16:30:00;178915,00;178920,00;178685,00;178735,00;11050950,00;309
WINQ26;02/06/2026;16:00:00;178980,00;179010,00;178735,00;178865,00;16026178,00;448
WINQ26;02/06/2026;15:30:00;178950,00;179280,00;178905,00;178975,00;39064710,00;1091
WINQ26;02/06/2026;15:00:00;178575,00;178920,00;178565,00;178895,00;11867318,00;332
WINQ26;02/06/2026;14:30:00;178225,00;178630,00;178195,00;178520,00;13813129,00;387
WINQ26;02/06/2026;14:00:00;178720,00;178745,00;178175,00;178255,00;17880953,00;501
WINQ26;02/06/2026;13:30:00;178775,00;178915,00;178655,00;178745,00;9763939,00;273
WINQ26;02/06/2026;13:00:00;179075,00;179105,00;178780,00;178845,00;8804034,00;246
WINQ26;02/06/2026;12:30:00;179170,00;179290,00;179035,00;179100,00;17273409,00;482
WINQ26;02/06/2026;12:00:00;178835,00;179155,00;178715,00;179110,00;12772497,00;357
WINQ26;02/06/2026;11:30:00;178590,00;179325,00;178385,00;178850,00;20214188,00;565
WINQ26;02/06/2026;11:00:00;177670,00;178920,00;177270,00;178600,00;45381376,00;1273
WINQ26;02/06/2026;10:30:00;177370,00;178430,00;177240,00;177730,00;85243566,00;2395
WINQ26;02/06/2026;10:00:00;177550,00;177900,00;177295,00;177385,00;50390482,00;1419
WINQ26;02/06/2026;09:30:00;177610,00;177790,00;177140,00;177485,00;52575790,00;1481
WINQ26;02/06/2026;09:00:00;176395,00;177725,00;176395,00;177670,00;146814736,00;4146
WINQ26;01/06/2026;18:00:00;176580,00;176640,00;176330,00;176350,00;98529899,00;2792
WINQ26;01/06/2026;17:30:00;176550,00;176695,00;176475,00;176585,00;3955293,00;112
WINQ26;01/06/2026;17:00:00;176710,00;176825,00;176460,00;176535,00;11476071,00;325
WINQ26;01/06/2026;16:30:00;176965,00;177000,00;176665,00;176745,00;5480709,00;155
WINQ26;01/06/2026;16:00:00;176800,00;177125,00;176645,00;176950,00;11569014,00;327
WINQ26;01/06/2026;15:30:00;176815,00;176945,00;176745,00;176835,00;25886763,00;732
WINQ26;01/06/2026;15:00:00;176810,00;176925,00;176675,00;176810,00;5657864,00;160
WINQ26;01/06/2026;14:30:00;177000,00;177255,00;176625,00;176850,00;31701682,00;896
WINQ26;01/06/2026;14:00:00;177065,00;177085,00;176645,00;176985,00;13510268,00;382
WINQ26;01/06/2026;13:30:00;176440,00;177055,00;176285,00;177045,00;40399217,00;1144
WINQ26;01/06/2026;13:00:00;176795,00;176900,00;176145,00;176430,00;36197667,00;1026
WINQ26;01/06/2026;12:30:00;176840,00;177160,00;176690,00;176690,00;29273745,00;827
WINQ26;01/06/2026;12:00:00;176430,00;176905,00;176325,00;176890,00;28472532,00;806
WINQ26;01/06/2026;11:30:00;176855,00;177230,00;176400,00;176490,00;33908892,00;959
WINQ26;01/06/2026;11:00:00;176945,00;177490,00;176600,00;176825,00;50183720,00;1418
WINQ26;01/06/2026;10:30:00;176950,00;177250,00;176565,00;177000,00;36736691,00;1038
WINQ26;01/06/2026;10:00:00;178545,00;178740,00;176830,00;176935,00;49288189,00;1388
WINQ26;01/06/2026;09:30:00;178655,00;178775,00;178385,00;178555,00;13502589,00;378
WINQ26;01/06/2026;09:00:00;178555,00;179800,00;178555,00;178605,00;32094850,00;896
WINQ26;29/05/2026;18:00:00;178385,00;178670,00;178235,00;178400,00;14841512,00;416
WINQ26;29/05/2026;17:30:00;178625,00;178630,00;178325,00;178400,00;60764159,00;1703
WINQ26;29/05/2026;17:00:00;178720,00;178730,00;178580,00;178630,00;3108944,00;87
WINQ26;29/05/2026;16:30:00;178835,00;178850,00;178570,00;178580,00;54947194,00;1538
WINQ26;29/05/2026;16:00:00;178410,00;178950,00;178310,00;178745,00;14797480,00;414
WINQ26;29/05/2026;15:30:00;178550,00;178595,00;178270,00;178495,00;15385408,00;431
WINQ26;29/05/2026;15:00:00;178405,00;178600,00;178305,00;178505,00;3712427,00;104
WINQ26;29/05/2026;14:30:00;178210,00;178630,00;178210,00;178495,00;25310848,00;709
WINQ26;29/05/2026;14:00:00;177855,00;178500,00;177850,00;178265,00;34269127,00;961
WINQ26;29/05/2026;13:30:00;177940,00;178065,00;177805,00;177850,00;22278873,00;626
WINQ26;29/05/2026;13:00:00;177930,00;178020,00;177840,00;177895,00;2490972,00;70
WINQ26;29/05/2026;12:30:00;177900,00;178200,00;177735,00;177930,00;55745629,00;1567
WINQ26;29/05/2026;12:00:00;178130,00;178685,00;177935,00;177935,00;37613937,00;1055
WINQ26;29/05/2026;11:30:00;177500,00;178170,00;177285,00;178035,00;33803374,00;950
WINQ26;29/05/2026;11:00:00;178015,00;178095,00;177240,00;177605,00;44082388,00;1241
WINQ26;29/05/2026;10:30:00;177915,00;179110,00;177485,00;177975,00;95090874,00;2670
WINQ26;29/05/2026;10:00:00;179375,00;179660,00;177775,00;177965,00;97136212,00;2717
WINQ26;29/05/2026;09:30:00;179200,00;179720,00;179130,00;179275,00;46775996,00;1304
WINQ26;29/05/2026;09:00:00;179650,00;179935,00;179215,00;179215,00;63141953,00;1758
WINQ26;28/05/2026;18:00:00;179320,00;179330,00;179055,00;179210,00;42898076,00;1197
WINQ26;28/05/2026;17:30:00;179465,00;179475,00;179225,00;179225,00;2834124,00;79
WINQ26;28/05/2026;17:00:00;179860,00;179860,00;179400,00;179445,00;10595771,00;295
WINQ26;28/05/2026;16:30:00;180105,00;180110,00;179785,00;179840,00;22305727,00;620
WINQ26;28/05/2026;16:00:00;180135,00;180150,00;179935,00;180095,00;11415034,00;317
WINQ26;28/05/2026;15:30:00;180350,00;180365,00;180060,00;180260,00;25195512,00;699
WINQ26;28/05/2026;15:00:00;180765,00;180800,00;180325,00;180345,00;6354188,00;176
WINQ26;28/05/2026;14:30:00;180345,00;180850,00;180345,00;180825,00;31152387,00;862
WINQ26;28/05/2026;14:00:00;180525,00;180525,00;180200,00;180245,00;6312426,00;175
WINQ26;28/05/2026;13:30:00;180500,00;180605,00;180375,00;180565,00;13640587,00;378
WINQ26;28/05/2026;13:00:00;180260,00;180675,00;180160,00;180520,00;6637530,00;184
WINQ26;28/05/2026;12:30:00;180500,00;180715,00;180300,00;180355,00;5343556,00;148
WINQ26;28/05/2026;12:00:00;180450,00;180655,00;180235,00;180535,00;40667722,00;1127
WINQ26;28/05/2026;11:30:00;180760,00;181060,00;180320,00;180475,00;48926142,00;1354
WINQ26;28/05/2026;11:00:00;180410,00;181510,00;180055,00;180665,00;37489206,00;1036
WINQ26;28/05/2026;10:30:00;179870,00;180695,00;179305,00;180350,00;104655045,00;2906
WINQ26;28/05/2026;10:00:00;180740,00;181245,00;179870,00;179875,00;100598105,00;2784
WINQ26;28/05/2026;09:30:00;180640,00;181125,00;180640,00;180655,00;80444659,00;2224
WINQ26;28/05/2026;09:00:00;179865,00;180690,00;179295,00;180505,00;60218944,00;1674
WINQ26;27/05/2026;18:00:00;180500,00;180545,00;180350,00;180385,00;26714166,00;740
WINQ26;27/05/2026;17:30:00;180730,00;180730,00;180480,00;180580,00;18162860,00;503
WINQ26;27/05/2026;17:00:00;180640,00;180780,00;180480,00;180720,00;23804114,00;659
WINQ26;27/05/2026;16:30:00;180675,00;180800,00;180580,00;180615,00;14565440,00;403
WINQ26;27/05/2026;16:00:00;180650,00;180725,00;180495,00;180620,00;24895358,00;689
WINQ26;27/05/2026;15:30:00;180865,00;180870,00;180560,00;180655,00;4192632,00;116
WINQ26;27/05/2026;15:00:00;180555,00;181000,00;180410,00;180955,00;22244938,00;615
WINQ26;27/05/2026;14:30:00;180350,00;180740,00;180350,00;180725,00;4550308,00;126
WINQ26;27/05/2026;14:00:00;181110,00;181110,00;180250,00;180370,00;33533109,00;928
WINQ26;27/05/2026;13:30:00;181465,00;181470,00;181120,00;181120,00;3987419,00;110
WINQ26;27/05/2026;13:00:00;181530,00;181535,00;181185,00;181500,00;2683886,00;74
WINQ26;27/05/2026;12:30:00;181890,00;181995,00;181180,00;181475,00;9549626,00;263
WINQ26;27/05/2026;12:00:00;181780,00;181930,00;181540,00;181850,00;7232467,00;199
WINQ26;27/05/2026;11:30:00;181390,00;181955,00;181015,00;181835,00;14456644,00;398
WINQ26;27/05/2026;11:00:00;181800,00;181900,00;180965,00;181325,00;17045717,00;470
WINQ26;27/05/2026;10:30:00;181385,00;182605,00;181385,00;182000,00;39272245,00;1078
WINQ26;27/05/2026;10:00:00;182400,00;182810,00;181195,00;181280,00;67149588,00;1846
WINQ26;27/05/2026;09:30:00;182905,00;183180,00;182210,00;182480,00;51454382,00;1407
WINQ26;27/05/2026;09:00:00;181050,00;182965,00;180620,00;182910,00;74103321,00;2035
WINQ26;26/05/2026;18:00:00;181505,00;181505,00;181215,00;181245,00;3844463,00;106
WINQ26;26/05/2026;17:30:00;181340,00;181545,00;181340,00;181545,00;5697594,00;157
WINQ26;26/05/2026;17:00:00;181285,00;181470,00;181210,00;181330,00;7035724,00;194
WINQ26;26/05/2026;16:30:00;180845,00;181265,00;180810,00;181260,00;15426187,00;426
WINQ26;26/05/2026;16:00:00;180665,00;180840,00;180620,00;180840,00;1952094,00;54
WINQ26;26/05/2026;15:30:00;180600,00;180800,00;180535,00;180710,00;9652275,00;267
WINQ26;26/05/2026;15:00:00;180780,00;180920,00;180605,00;180615,00;5858387,00;162
WINQ26;26/05/2026;14:30:00;180545,00;180880,00;180545,00;180660,00;9689289,00;268
WINQ26;26/05/2026;14:00:00;180600,00;180635,00;180460,00;180575,00;2744381,00;76
WINQ26;26/05/2026;13:30:00;180500,00;180675,00;180340,00;180615,00;7364936,00;204
WINQ26;26/05/2026;13:00:00;180890,00;180950,00;180490,00;180595,00;6646876,00;184
WINQ26;26/05/2026;12:30:00;180730,00;180975,00;180485,00;180870,00;8639824,00;239
WINQ26;26/05/2026;12:00:00;181190,00;181225,00;180565,00;180725,00;10818594,00;299
WINQ26;26/05/2026;11:30:00;181000,00;181325,00;180785,00;181210,00;14309142,00;395
WINQ26;26/05/2026;11:00:00;180845,00;181130,00;180370,00;180970,00;68203171,00;1887
WINQ26;26/05/2026;10:30:00;182220,00;182400,00;180555,00;180810,00;56342649,00;1554
WINQ26;26/05/2026;10:00:00;182255,00;182470,00;180910,00;182145,00;79960450,00;2201
WINQ26;26/05/2026;09:30:00;182690,00;182690,00;181965,00;182190,00;13407627,00;368
WINQ26;26/05/2026;09:00:00;182765,00;182785,00;181945,00;182705,00;34072575,00;934
WINQ26;25/05/2026;18:00:00;182875,00;183020,00;182875,00;182995,00;4573952,00;125
WINQ26;25/05/2026;17:30:00;182900,00;183025,00;182860,00;182900,00;8158883,00;223
WINQ26;25/05/2026;17:00:00;182755,00;182945,00;182750,00;182900,00;24432445,00;668
WINQ26;25/05/2026;16:30:00;182525,00;182750,00;182485,00;182750,00;4968467,00;136
WINQ26;25/05/2026;16:00:00;182630,00;182680,00;182285,00;182560,00;4525940,00;124
WINQ26;25/05/2026;15:30:00;182370,00;182695,00;182320,00;182695,00;7267582,00;199
WINQ26;25/05/2026;15:00:00;182315,00;182500,00;182300,00;182400,00;3611743,00;99
WINQ26;25/05/2026;14:30:00;182220,00;182490,00;182200,00;182325,00;14661580,00;402
WINQ26;25/05/2026;14:00:00;181965,00;182230,00;181930,00;182205,00;10307848,00;283
WINQ26;25/05/2026;13:30:00;181560,00;182020,00;181515,00;181990,00;6872185,00;189
WINQ26;25/05/2026;13:00:00;181775,00;181830,00;181435,00;181585,00;6102446,00;168
WINQ26;25/05/2026;12:30:00;181695,00;182025,00;181645,00;181800,00;2692185,00;74
WINQ26;25/05/2026;12:00:00;181715,00;182050,00;181630,00;181670,00;4691934,00;129
WINQ26;25/05/2026;11:30:00;181815,00;181850,00;181600,00;181740,00;4979008,00;137
WINQ26;25/05/2026;11:00:00;181800,00;181995,00;181645,00;181775,00;6180077,00;170
WINQ26;25/05/2026;10:30:00;181815,00;182200,00;181690,00;181750,00;8078402,00;222
WINQ26;25/05/2026;10:00:00;182200,00;182365,00;181735,00;181760,00;14199269,00;390
WINQ26;25/05/2026;09:30:00;182645,00;182670,00;182200,00;182250,00;33866876,00;928
WINQ26;25/05/2026;09:00:00;182740,00;183845,00;182480,00;182740,00;73701634,00;2012
WINQ26;22/05/2026;18:00:00;181385,00;181485,00;181320,00;181355,00;3627319,00;100
WINQ26;22/05/2026;17:30:00;181450,00;181480,00;181285,00;181355,00;3627678,00;100
WINQ26;22/05/2026;17:00:00;181210,00;181575,00;181170,00;181500,00;5261066,00;145
WINQ26;22/05/2026;16:30:00;181430,00;181450,00;181125,00;181275,00;9787676,00;270
WINQ26;22/05/2026;16:00:00;181445,00;181575,00;181260,00;181455,00;14730482,00;406
WINQ26;22/05/2026;15:30:00;181395,00;181540,00;181240,00;181445,00;17884212,00;493
WINQ26;22/05/2026;15:00:00;181395,00;181465,00;181220,00;181370,00;32642283,00;900
WINQ26;22/05/2026;14:30:00;181660,00;181815,00;181245,00;181480,00;15679293,00;432
WINQ26;22/05/2026;14:00:00;181090,00;181745,00;180990,00;181660,00;33366700,00;920
WINQ26;22/05/2026;13:30:00;180950,00;181080,00;180820,00;181070,00;9951405,00;275
WINQ26;22/05/2026;13:00:00;180740,00;180935,00;180645,00;180935,00;8101438,00;224
WINQ26;22/05/2026;12:30:00;180605,00;180735,00;180450,00;180590,00;8634007,00;239
WINQ26;22/05/2026;12:00:00;180000,00;180670,00;179920,00;180655,00;9339816,00;259
WINQ26;22/05/2026;11:30:00;180220,00;180575,00;180000,00;180000,00;8290413,00;230
WINQ26;22/05/2026;11:00:00;181400,00;181460,00;180105,00;180250,00;23408227,00;648
WINQ26;22/05/2026;10:30:00;181410,00;181790,00;181000,00;181660,00;16829681,00;464
WINQ26;22/05/2026;10:00:00;181555,00;181710,00;181170,00;181510,00;8530067,00;235
WINQ26;22/05/2026;09:30:00;181850,00;181850,00;181300,00;181630,00;13140920,00;362
WINQ26;22/05/2026;09:00:00;182260,00;182455,00;181850,00;182025,00;14423335,00;396
WINQ26;21/05/2026;18:00:00;182605,00;182670,00;182355,00;182455,00;4452522,00;122
WINQ26;21/05/2026;17:30:00;182645,00;182785,00;182550,00;182720,00;1936135,00;53
WINQ26;21/05/2026;17:00:00;182935,00;182935,00;182575,00;182680,00;4862289,00;133
WINQ26;21/05/2026;16:30:00;182700,00;183005,00;182675,00;183000,00;21106918,00;577
WINQ26;21/05/2026;16:00:00;182510,00;182840,00;182470,00;182650,00;54358716,00;1488
WINQ26;21/05/2026;15:30:00;183170,00;183170,00;182285,00;182350,00;29381068,00;804
WINQ26;21/05/2026;15:00:00;183360,00;183380,00;182960,00;183205,00;9525370,00;260
WINQ26;21/05/2026;14:30:00;182985,00;183500,00;182850,00;183225,00;36552687,00;998
WINQ26;21/05/2026;14:00:00;182000,00;183920,00;182000,00;182985,00;39077618,00;1067
WINQ26;21/05/2026;13:30:00;182035,00;182140,00;181925,00;182040,00;4441418,00;122
WINQ26;21/05/2026;13:00:00;181830,00;182150,00;181830,00;182065,00;5677773,00;156
WINQ26;21/05/2026;12:30:00;181655,00;181830,00;181530,00;181805,00;7413969,00;204
WINQ26;21/05/2026;12:00:00;181590,00;181980,00;181420,00;181645,00;13846991,00;381
WINQ26;21/05/2026;11:30:00;181700,00;181705,00;181220,00;181600,00;35061202,00;966
WINQ26;21/05/2026;11:00:00;181915,00;181975,00;181465,00;181720,00;42417075,00;1167
WINQ26;21/05/2026;10:30:00;181300,00;182375,00;180915,00;181935,00;31728090,00;874
WINQ26;21/05/2026;10:00:00;181460,00;181775,00;181225,00;181320,00;16220869,00;447
WINQ26;21/05/2026;09:30:00;181305,00;181700,00;181000,00;181460,00;35632727,00;982
WINQ26;21/05/2026;09:00:00;181960,00;182400,00;181170,00;181300,00;55126493,00;1517
WINQ26;20/05/2026;18:00:00;182440,00;182460,00;182100,00;182170,00;4483144,00;123
WINQ26;20/05/2026;17:30:00;182500,00;182500,00;182350,00;182365,00;3867498,00;106
WINQ26;20/05/2026;17:00:00;182800,00;182800,00;182365,00;182500,00;6756164,00;185
WINQ26;20/05/2026;16:30:00;183260,00;183300,00;182800,00;182870,00;4832133,00;132
WINQ26;20/05/2026;16:00:00;183290,00;183460,00;183280,00;183280,00;3190979,00;87
WINQ26;20/05/2026;15:30:00;183195,00;183400,00;183195,00;183310,00;5388361,00;147
WINQ26;20/05/2026;15:00:00;183000,00;183260,00;182985,00;183195,00;3627376,00;99
WINQ26;20/05/2026;14:30:00;183275,00;183500,00;183040,00;183040,00;11439247,00;312
WINQ26;20/05/2026;14:00:00;183230,00;183400,00;183185,00;183330,00;6414512,00;175
WINQ26;20/05/2026;13:30:00;182795,00;183315,00;182795,00;183315,00;3807293,00;104
WINQ26;20/05/2026;13:00:00;182620,00;183000,00;182595,00;182780,00;4059096,00;111
WINQ26;20/05/2026;12:30:00;182560,00;182920,00;182505,00;182650,00;5078756,00;139
WINQ26;20/05/2026;12:00:00;182300,00;183220,00;182190,00;182545,00;28562241,00;781
WINQ26;20/05/2026;11:30:00;182390,00;182660,00;182020,00;182240,00;10574277,00;290
WINQ26;20/05/2026;11:00:00;182500,00;182855,00;181415,00;182480,00;64027740,00;1757
WINQ26;20/05/2026;10:30:00;181635,00;182640,00;181490,00;182455,00;41714475,00;1145
WINQ26;20/05/2026;10:00:00;180375,00;181725,00;180345,00;181640,00;104172994,00;2871
WINQ26;20/05/2026;09:30:00;180460,00;180570,00;180195,00;180250,00;10030924,00;278
WINQ26;20/05/2026;09:00:00;180175,00;181050,00;179925,00;180275,00;45665475,00;1265
WINQ26;19/05/2026;18:00:00;179785,00;180105,00;179785,00;179920,00;13783659,00;383
WINQ26;19/05/2026;17:30:00;179680,00;179770,00;179555,00;179740,00;62311812,00;1734
WINQ26;19/05/2026;17:00:00;179245,00;179690,00;179230,00;179690,00;16476841,00;459
WINQ26;19/05/2026;16:30:00;179165,00;179410,00;179070,00;179240,00;8531462,00;238
WINQ26;19/05/2026;16:00:00;179450,00;179480,00;179165,00;179225,00;13309609,00;371
WINQ26;19/05/2026;15:30:00;179565,00;179635,00;179365,00;179445,00;5923611,00;165
WINQ26;19/05/2026;15:00:00;179995,00;179995,00;179435,00;179660,00;31820414,00;885
WINQ26;19/05/2026;14:30:00;180375,00;180380,00;179960,00;180065,00;22047362,00;612
WINQ26;19/05/2026;14:00:00;180490,00;180560,00;180200,00;180310,00;26332780,00;730
WINQ26;19/05/2026;13:30:00;179900,00;180620,00;179835,00;180535,00;77850874,00;2159
WINQ26;19/05/2026;13:00:00;179880,00;180070,00;179525,00;179930,00;35393788,00;985
WINQ26;19/05/2026;12:30:00;179710,00;180075,00;179705,00;179850,00;16905874,00;470
WINQ26;19/05/2026;12:00:00;179955,00;180215,00;179615,00;179745,00;71092365,00;1977
WINQ26;19/05/2026;11:30:00;180510,00;180555,00;179710,00;179915,00;68616214,00;1905
WINQ26;19/05/2026;11:00:00;180675,00;181300,00;180330,00;180450,00;82929079,00;2294
WINQ26;19/05/2026;10:30:00;178960,00;180845,00;178960,00;180765,00;147990780,00;4113
WINQ26;19/05/2026;10:00:00;180090,00;180210,00;178800,00;178800,00;123526558,00;3439
WINQ26;19/05/2026;09:30:00;181250,00;181250,00;180055,00;180090,00;20868144,00;578
WINQ26;19/05/2026;09:00:00;181890,00;182355,00;180705,00;181240,00;40524234,00;1117
WINQ26;18/05/2026;18:00:00;182785,00;183065,00;182785,00;183025,00;9514453,00;260
WINQ26;18/05/2026;17:30:00;182715,00;182825,00;182670,00;182785,00;3910787,00;107
WINQ26;18/05/2026;17:00:00;182620,00;182850,00;182510,00;182790,00;21233101,00;581
WINQ26;18/05/2026;16:30:00;181850,00;182775,00;181835,00;182750,00;22879135,00;627
WINQ26;18/05/2026;16:00:00;181275,00;182015,00;181270,00;181850,00;17885900,00;492
WINQ26;18/05/2026;15:30:00;181390,00;181520,00;181320,00;181355,00;3555836,00;98
WINQ26;18/05/2026;15:00:00;181880,00;181880,00;181225,00;181385,00;12744013,00;351
WINQ26;18/05/2026;14:30:00;182265,00;182265,00;181845,00;181845,00;6552944,00;180
WINQ26;18/05/2026;14:00:00;182290,00;182325,00;182200,00;182295,00;1275792,00;35
WINQ26;18/05/2026;13:30:00;182080,00;182510,00;182055,00;182340,00;4666721,00;128
WINQ26;18/05/2026;13:00:00;182230,00;182420,00;182075,00;182125,00;7983967,00;219
WINQ26;18/05/2026;12:30:00;181915,00;182500,00;181915,00;182265,00;7185791,00;197
WINQ26;18/05/2026;12:00:00;182170,00;182300,00;181870,00;181970,00;6226586,00;171
WINQ26;18/05/2026;11:30:00;182010,00;182230,00;181765,00;182160,00;9280173,00;255
WINQ26;18/05/2026;11:00:00;182220,00;182240,00;181470,00;182015,00;15127384,00;416
WINQ26;18/05/2026;10:30:00;182190,00;182520,00;181470,00;182355,00;40174815,00;1103
WINQ26;18/05/2026;10:00:00;182085,00;182540,00;181735,00;182130,00;42678316,00;1171
WINQ26;18/05/2026;09:30:00;182000,00;182120,00;181680,00;182010,00;14919225,00;410
WINQ26;18/05/2026;09:00:00;182660,00;183200,00;181805,00;182090,00;18512821,00;508
WINQ26;15/05/2026;18:00:00;182780,00;183000,00;182680,00;182860,00;8266014,00;226
WINQ26;15/05/2026;17:30:00;182730,00;182880,00;182665,00;182815,00;25156625,00;688
WINQ26;15/05/2026;17:00:00;182740,00;182785,00;182440,00;182680,00;3762500,00;103
WINQ26;15/05/2026;16:30:00;182425,00;182955,00;182370,00;182895,00;8773424,00;240
WINQ26;15/05/2026;16:00:00;182130,00;182540,00;182035,00;182485,00;9836941,00;270
WINQ26;15/05/2026;15:30:00;182390,00;182405,00;181935,00;182110,00;28004713,00;769
WINQ26;15/05/2026;15:00:00;182590,00;182700,00;182225,00;182400,00;4708638,00;129
WINQ26;15/05/2026;14:30:00;182415,00;182585,00;182270,00;182570,00;3284017,00;90
WINQ26;15/05/2026;14:00:00;182250,00;182540,00;182200,00;182495,00;6968439,00;191
WINQ26;15/05/2026;13:30:00;182220,00;182520,00;182130,00;182320,00;5981300,00;164
WINQ26;15/05/2026;13:00:00;182075,00;182420,00;181990,00;182260,00;9216503,00;253
WINQ26;15/05/2026;12:30:00;182230,00;182230,00;181865,00;182040,00;8735326,00;240
WINQ26;15/05/2026;12:00:00;181705,00;182210,00;181700,00;182180,00;4548510,00;125
WINQ26;15/05/2026;11:30:00;182285,00;182430,00;181680,00;181680,00;23484226,00;645
WINQ26;15/05/2026;11:00:00;181440,00;182500,00;181155,00;182190,00;46107013,00;1269
WINQ26;15/05/2026;10:30:00;181340,00;181720,00;180825,00;181370,00;134219652,00;3703
WINQ26;15/05/2026;10:00:00;181055,00;181520,00;180920,00;181310,00;134409315,00;3709
WINQ26;15/05/2026;09:30:00;181720,00;181875,00;181060,00;181100,00;227322499,00;6265
WINQ26;15/05/2026;09:00:00;182995,00;182995,00;181375,00;181750,00;325384938,00;8949
WINQ26;14/05/2026;18:00:00;184200,00;184390,00;184150,00;184390,00;5821554,00;158
WINQ26;14/05/2026;17:30:00;184350,00;184350,00;184170,00;184225,00;54295305,00;1473
WINQ26;14/05/2026;17:00:00;184060,00;184355,00;184025,00;184300,00;6961900,00;189
WINQ26;14/05/2026;16:30:00;184150,00;184195,00;184000,00;184040,00;14170037,00;385
WINQ26;14/05/2026;16:00:00;184285,00;184420,00;184095,00;184095,00;3058332,00;83
WINQ26;14/05/2026;15:30:00;184455,00;184455,00;184050,00;184135,00;21999246,00;597
WINQ26;14/05/2026;15:00:00;184715,00;184725,00;184370,00;184455,00;5130779,00;139
WINQ26;14/05/2026;14:30:00;184840,00;185110,00;184730,00;184775,00;16760874,00;453
WINQ26;14/05/2026;14:00:00;184665,00;185055,00;184630,00;184765,00;10575713,00;286
WINQ26;14/05/2026;13:30:00;184435,00;184740,00;184355,00;184635,00;2215039,00;60
WINQ26;14/05/2026;13:00:00;184680,00;184785,00;184400,00;184420,00;8013234,00;217
WINQ26;14/05/2026;12:30:00;184610,00;184765,00;184465,00;184670,00;17249285,00;467
WINQ26;14/05/2026;12:00:00;184560,00;184775,00;184470,00;184585,00;31248322,00;846
WINQ26;14/05/2026;11:30:00;184500,00;184685,00;184245,00;184600,00;10701111,00;290
WINQ26;14/05/2026;11:00:00;183725,00;184535,00;183725,00;184435,00;33948095,00;921
WINQ26;14/05/2026;10:30:00;183920,00;184095,00;183290,00;183625,00;24219151,00;659
WINQ26;14/05/2026;10:00:00;184255,00;184420,00;183790,00;183925,00;49391012,00;1341
WINQ26;14/05/2026;09:30:00;183895,00;184350,00;183895,00;184235,00;23602693,00;641
WINQ26;14/05/2026;09:00:00;182400,00;184070,00;182200,00;183920,00;116071606,00;3161
WINQ26;13/05/2026;18:00:00;182770,00;182770,00;182455,00;182615,00;52345826,00;1434
WINQ26;13/05/2026;17:30:00;182720,00;182885,00;182680,00;182770,00;12757944,00;349
WINQ26;13/05/2026;17:00:00;182735,00;182800,00;182415,00;182720,00;5150105,00;141
WINQ26;13/05/2026;16:30:00;182725,00;182950,00;182440,00;182715,00;6065693,00;166
WINQ26;13/05/2026;16:00:00;183120,00;183230,00;182700,00;182900,00;10243568,00;280
WINQ26;13/05/2026;15:30:00;183430,00;183550,00;182380,00;183180,00;90451999,00;2467
WINQ26;13/05/2026;15:00:00;184120,00;184405,00;183200,00;183500,00;446111787,00;12143
WINQ26;13/05/2026;14:30:00;185420,00;185465,00;184000,00;184080,00;169917559,00;4605
WINQ26;13/05/2026;14:00:00;185740,00;185740,00;185285,00;185465,00;29077323,00;784
WINQ26;13/05/2026;13:30:00;186225,00;186330,00;185735,00;185765,00;10268913,00;276
WINQ26;13/05/2026;13:00:00;186190,00;186375,00;186055,00;186245,00;11622267,00;312
WINQ26;13/05/2026;12:30:00;186065,00;186175,00;185965,00;186095,00;6921549,00;186
WINQ26;13/05/2026;12:00:00;186145,00;186190,00;185805,00;186120,00;15511869,00;417
WINQ26;13/05/2026;11:30:00;186140,00;186160,00;185900,00;185975,00;7811317,00;210
WINQ26;13/05/2026;11:00:00;185550,00;186180,00;185435,00;186055,00;19485902,00;524
WINQ26;13/05/2026;10:30:00;185355,00;185765,00;184470,00;185575,00;86009624,00;2322
WINQ26;13/05/2026;10:00:00;185715,00;186055,00;185320,00;185335,00;69039501,00;1859
WINQ26;13/05/2026;09:30:00;185555,00;185805,00;185220,00;185720,00;105656878,00;2848
WINQ26;13/05/2026;09:00:00;186540,00;186540,00;185430,00;185560,00;58172571,00;1566
WINQ26;12/05/2026;18:00:00;186505,00;186575,00;186370,00;186575,00;3692603,00;99
WINQ26;12/05/2026;17:30:00;186400,00;186520,00;186365,00;186500,00;4176515,00;112
WINQ26;12/05/2026;17:00:00;186400,00;186450,00;186235,00;186390,00;11816592,00;317
WINQ26;12/05/2026;16:30:00;186535,00;186625,00;186405,00;186405,00;5930774,00;159
WINQ26;12/05/2026;16:00:00;186380,00;186835,00;186380,00;186575,00;16238023,00;435
WINQ26;12/05/2026;15:30:00;186345,00;186595,00;186230,00;186265,00;11784907,00;316
WINQ26;12/05/2026;15:00:00;186025,00;186475,00;185820,00;186355,00;18036888,00;484
WINQ26;12/05/2026;14:30:00;186240,00;186385,00;185940,00;186000,00;3983488,00;107
WINQ26;12/05/2026;14:00:00;185985,00;186420,00;185980,00;186260,00;16825819,00;452
WINQ26;12/05/2026;13:30:00;186115,00;186190,00;185840,00;185935,00;20713622,00;557
WINQ26;12/05/2026;13:00:00;186055,00;186240,00;185960,00;186050,00;1637642,00;44
WINQ26;12/05/2026;12:30:00;185930,00;186220,00;185900,00;186105,00;29429987,00;791
WINQ26;12/05/2026;12:00:00;186155,00;186530,00;185820,00;185860,00;36212601,00;973
WINQ26;12/05/2026;11:30:00;186200,00;186445,00;185875,00;186135,00;52221228,00;1403
WINQ26;12/05/2026;11:00:00;187200,00;187270,00;186190,00;186260,00;14525775,00;389
WINQ26;12/05/2026;10:30:00;186760,00;187750,00;186615,00;187120,00;33877672,00;904
WINQ26;12/05/2026;10:00:00;187235,00;187290,00;186185,00;186685,00;145437131,00;3894
WINQ26;12/05/2026;09:30:00;187020,00;187500,00;186800,00;187195,00;50752053,00;1356
WINQ26;12/05/2026;09:00:00;187895,00;187895,00;186900,00;187075,00;65455159,00;1749
WINQ26;11/05/2026;18:00:00;188025,00;188625,00;187975,00;188600,00;19099105,00;507
WINQ26;11/05/2026;17:30:00;187935,00;188065,00;187885,00;188065,00;7444752,00;198
WINQ26;11/05/2026;17:00:00;188095,00;188135,00;187895,00;187935,00;10079185,00;268
WINQ26;11/05/2026;16:30:00;187705,00;188095,00;187700,00;188095,00;16609581,00;442
WINQ26;11/05/2026;16:00:00;188130,00;188130,00;187655,00;187695,00;16673591,00;444
WINQ26;11/05/2026;15:30:00;188075,00;188345,00;188075,00;188145,00;6663300,00;177
WINQ26;11/05/2026;15:00:00;188150,00;188220,00;187910,00;188095,00;21446725,00;570
WINQ26;11/05/2026;14:30:00;188165,00;188175,00;187880,00;188100,00;27407476,00;729
WINQ26;11/05/2026;14:00:00;188100,00;188280,00;187960,00;188080,00;10011176,00;266
WINQ26;11/05/2026;13:30:00;187830,00;188240,00;187775,00;188175,00;56568902,00;1505
WINQ26;11/05/2026;13:00:00;188305,00;188335,00;187830,00;187845,00;45951424,00;1221
WINQ26;11/05/2026;12:30:00;188355,00;188515,00;188240,00;188360,00;20759598,00;551
WINQ26;11/05/2026;12:00:00;188555,00;188700,00;188350,00;188355,00;52321808,00;1388
WINQ26;11/05/2026;11:30:00;188665,00;189110,00;188585,00;188620,00;56965368,00;1508
WINQ26;11/05/2026;11:00:00;189325,00;189425,00;188570,00;188675,00;53539276,00;1418
WINQ26;11/05/2026;10:30:00;190200,00;190555,00;189190,00;189300,00;24109843,00;635
WINQ26;11/05/2026;10:00:00;189645,00;190635,00;189375,00;190145,00;38681399,00;1017
WINQ26;11/05/2026;09:30:00;189870,00;189925,00;189500,00;189610,00;11681075,00;308
WINQ26;11/05/2026;09:00:00;190930,00;190930,00;189400,00;189940,00;42452596,00;1119
WINQ26;08/05/2026;18:00:00;190710,00;190820,00;190595,00;190795,00;11976544,00;314
WINQ26;08/05/2026;17:30:00;190505,00;190800,00;190455,00;190670,00;11097061,00;291
WINQ26;08/05/2026;17:00:00;190560,00;190590,00;190380,00;190515,00;3047578,00;80
WINQ26;08/05/2026;16:30:00;190600,00;190685,00;190435,00;190645,00;13682042,00;359
WINQ26;08/05/2026;16:00:00;190985,00;191000,00;190615,00;190615,00;2746524,00;72
WINQ26;08/05/2026;15:30:00;190975,00;191175,00;190800,00;190855,00;18187999,00;476
WINQ26;08/05/2026;15:00:00;190815,00;190990,00;190745,00;190800,00;18935495,00;496
WINQ26;08/05/2026;14:30:00;190805,00;190900,00;190620,00;190875,00;14003660,00;367
WINQ26;08/05/2026;14:00:00;190860,00;191020,00;190785,00;190930,00;3932380,00;103
WINQ26;08/05/2026;13:30:00;191055,00;191160,00;190895,00;190895,00;2635882,00;69
WINQ26;08/05/2026;13:00:00;190890,00;191210,00;190840,00;191045,00;5424540,00;142
WINQ26;08/05/2026;12:30:00;191045,00;191095,00;190750,00;190750,00;3855804,00;101
WINQ26;08/05/2026;12:00:00;191295,00;191295,00;190840,00;191035,00;8901828,00;233
WINQ26;08/05/2026;11:30:00;191295,00;191720,00;191130,00;191310,00;5818325,00;152
WINQ26;08/05/2026;11:00:00;191250,00;191615,00;190770,00;191290,00;9824528,00;257
WINQ26;08/05/2026;10:30:00;191585,00;191970,00;191150,00;191305,00;30243009,00;789
WINQ26;08/05/2026;10:00:00;191375,00;191800,00;190960,00;191645,00;47867607,00;1250
WINQ26;08/05/2026;09:30:00;190685,00;191545,00;190240,00;191425,00;50291755,00;1316
WINQ26;08/05/2026;09:00:00;189780,00;190715,00;189535,00;190570,00;117112972,00;3079
WINQ26;07/05/2026;18:00:00;189180,00;189180,00;188900,00;189115,00;78142295,00;2067
WINQ26;07/05/2026;17:30:00;189270,00;189395,00;189080,00;189225,00;23470163,00;620
WINQ26;07/05/2026;17:00:00;189345,00;189535,00;189215,00;189250,00;59069655,00;1559
WINQ26;07/05/2026;16:30:00;189610,00;189650,00;189150,00;189340,00;135105649,00;3566
WINQ26;07/05/2026;16:00:00;189760,00;189800,00;189495,00;189555,00;74213153,00;1957
WINQ26;07/05/2026;15:30:00;189950,00;190095,00;189555,00;189770,00;160220136,00;4221
WINQ26;07/05/2026;15:00:00;189940,00;189960,00;189620,00;189915,00;90071257,00;2373
WINQ26;07/05/2026;14:30:00;189450,00;189945,00;189335,00;189885,00;219732020,00;5795
WINQ26;07/05/2026;14:00:00;189990,00;190180,00;189185,00;189415,00;188623127,00;4967
WINQ26;07/05/2026;13:30:00;190460,00;190465,00;189940,00;190005,00;245164851,00;6447
WINQ26;07/05/2026;13:00:00;190225,00;190500,00;190225,00;190445,00;52770618,00;1386
WINQ26;07/05/2026;12:30:00;190495,00;190550,00;190170,00;190265,00;136950424,00;3598
WINQ26;07/05/2026;12:00:00;190755,00;191000,00;190285,00;190490,00;148751455,00;3902
WINQ26;07/05/2026;11:30:00;190435,00;190835,00;190340,00;190750,00;70221611,00;1842
WINQ26;07/05/2026;11:00:00;190450,00;190635,00;190145,00;190430,00;104818255,00;2752
WINQ26;07/05/2026;10:30:00;192080,00;192080,00;190300,00;190430,00;95010469,00;2487
WINQ26;07/05/2026;10:00:00;193425,00;193425,00;192035,00;192125,00;35650828,00;925
WINQ26;07/05/2026;09:30:00;193280,00;193610,00;193075,00;193425,00;9128840,00;236
WINQ26;07/05/2026;09:00:00;194200,00;194545,00;193050,00;193360,00;67823517,00;1751
WINQ26;06/05/2026;18:00:00;193840,00;193920,00;193840,00;193910,00;66851184,00;1724
WINQ26;06/05/2026;17:30:00;194130,00;194130,00;193750,00;193855,00;39859089,00;1028
WINQ26;06/05/2026;17:00:00;194380,00;194405,00;194045,00;194150,00;122848626,00;3164
WINQ26;06/05/2026;16:30:00;194525,00;194615,00;194335,00;194500,00;6455544,00;166
WINQ26;06/05/2026;16:00:00;194600,00;194875,00;194600,00;194600,00;6387068,00;164
WINQ26;06/05/2026;15:30:00;194150,00;194610,00;194150,00;194590,00;160316776,00;4122
WINQ26;06/05/2026;15:00:00;194175,00;194345,00;194065,00;194180,00;154540735,00;3979
WINQ26;06/05/2026;14:30:00;194430,00;194435,00;193980,00;194155,00;128745886,00;3317
WINQ26;06/05/2026;14:00:00;194535,00;194875,00;194445,00;194455,00;4283249,00;110
WINQ26;06/05/2026;13:30:00;194740,00;194915,00;194350,00;194350,00;20986565,00;539
WINQ26;06/05/2026;13:00:00;194575,00;194985,00;194550,00;194765,00;4284938,00;110
WINQ26;06/05/2026;12:30:00;194640,00;194775,00;194435,00;194600,00;5721152,00;147
WINQ26;06/05/2026;12:00:00;194320,00;194830,00;194060,00;194670,00;99486734,00;2561
WINQ26;06/05/2026;11:30:00;193615,00;195000,00;193540,00;194340,00;140243515,00;3610
WINQ26;06/05/2026;11:00:00;194000,00;194050,00;193465,00;193595,00;171675760,00;4432
WINQ26;06/05/2026;10:30:00;195400,00;195400,00;194050,00;194050,00;60568950,00;1554
WINQ26;06/05/2026;10:00:00;195230,00;195420,00;194255,00;195370,00;43129567,00;1107
WINQ26;06/05/2026;09:30:00;196315,00;196420,00;195220,00;195290,00;13632111,00;348
WINQ26;06/05/2026;09:00:00;195275,00;196330,00;194625,00;196270,00;161871605,00;4145
WINQ26;05/05/2026;18:00:00;193365,00;193450,00;193200,00;193400,00;81234886,00;2101
WINQ26;05/05/2026;17:30:00;193450,00;193450,00;193280,00;193325,00;3131896,00;81
WINQ26;05/05/2026;17:00:00;193255,00;193510,00;193240,00;193460,00;1586078,00;41
WINQ26;05/05/2026;16:30:00;193550,00;193585,00;193190,00;193245,00;2552359,00;66
WINQ26;05/05/2026;16:00:00;193500,00;193580,00;193400,00;193565,00;2902282,00;75
WINQ26;05/05/2026;15:30:00;193540,00;193595,00;193360,00;193595,00;2244547,00;58
WINQ26;05/05/2026;15:00:00;193280,00;193595,00;193175,00;193550,00;4138885,00;107
WINQ26;05/05/2026;14:30:00;193045,00;193360,00;192925,00;193175,00;6219408,00;161
WINQ26;05/05/2026;14:00:00;193265,00;193360,00;193045,00;193080,00;4250406,00;110
WINQ26;05/05/2026;13:30:00;193970,00;194020,00;193210,00;193210,00;12704186,00;328
WINQ26;05/05/2026;13:00:00;194050,00;194085,00;193885,00;193950,00;2444516,00;63
WINQ26;05/05/2026;12:30:00;193720,00;194070,00;193720,00;193990,00;26869109,00;693
WINQ26;05/05/2026;12:00:00;193265,00;193735,00;192970,00;193670,00;6533919,00;169
WINQ26;05/05/2026;11:30:00;192795,00;193310,00;192665,00;193220,00;10075238,00;261
WINQ26;05/05/2026;11:00:00;192870,00;193195,00;192485,00;192845,00;9525469,00;247
WINQ26;05/05/2026;10:30:00;193045,00;193160,00;192200,00;192845,00;16641704,00;432
WINQ26;05/05/2026;10:00:00;192000,00;193250,00;191980,00;193115,00;69001122,00;1790
WINQ26;05/05/2026;09:30:00;192595,00;192625,00;191930,00;192035,00;29599800,00;770
WINQ26;05/05/2026;09:00:00;193305,00;193365,00;191985,00;192565,00;39463038,00;1025
WINQ26;04/05/2026;18:00:00;192260,00;192470,00;192260,00;192470,00;3000826,00;78
WINQ26;04/05/2026;17:30:00;192210,00;192250,00;192150,00;192165,00;3805476,00;99
WINQ26;04/05/2026;17:00:00;192270,00;192330,00;192070,00;192200,00;5111741,00;133
WINQ26;04/05/2026;16:30:00;192510,00;192510,00;192240,00;192240,00;3617434,00;94
WINQ26;04/05/2026;16:00:00;192490,00;192595,00;192360,00;192595,00;4659075,00;121
WINQ26;04/05/2026;15:30:00;192490,00;192560,00;192275,00;192410,00;5963629,00;155
WINQ26;04/05/2026;15:00:00;192530,00;192660,00;192300,00;192445,00;3694852,00;96
WINQ26;04/05/2026;14:30:00;192600,00;192600,00;192255,00;192440,00;4232947,00;110
WINQ26;04/05/2026;14:00:00;192355,00;192735,00;192340,00;192665,00;10932572,00;284
WINQ26;04/05/2026;13:30:00;192770,00;192905,00;192260,00;192350,00;13975684,00;363
WINQ26;04/05/2026;13:00:00;192845,00;193030,00;192565,00;192835,00;18583894,00;482
WINQ26;04/05/2026;12:30:00;192990,00;193105,00;192620,00;192840,00;68397854,00;1773
WINQ26;04/05/2026;12:00:00;193480,00;193810,00;192815,00;193010,00;58071725,00;1502
WINQ26;04/05/2026;11:30:00;194035,00;194230,00;193410,00;193475,00;27906010,00;720
WINQ26;04/05/2026;11:00:00;193740,00;194250,00;193650,00;194065,00;32095062,00;828
WINQ26;04/05/2026;10:30:00;193880,00;194500,00;193525,00;193760,00;24923628,00;643
WINQ26;04/05/2026;10:00:00;194025,00;194295,00;193645,00;193895,00;26977948,00;696
WINQ26;04/05/2026;09:30:00;194200,00;194310,00;193775,00;194060,00;10245536,00;264
WINQ26;04/05/2026;09:00:00;193220,00;194670,00;192890,00;194255,00;49533923,00;1275
WINQ26;30/04/2026;18:00:00;194030,00;194030,00;193815,00;193855,00;3102181,00;80
WINQ26;30/04/2026;17:30:00;194025,00;194065,00;193910,00;193935,00;5004845,00;129
WINQ26;30/04/2026;17:00:00;194540,00;194540,00;194035,00;194050,00;11661745,00;300
WINQ26;30/04/2026;16:30:00;194760,00;194770,00;194545,00;194560,00;14636432,00;376
WINQ26;30/04/2026;16:00:00;194540,00;194860,00;194540,00;194795,00;22477728,00;577
WINQ26;30/04/2026;15:30:00;194355,00;194590,00;194325,00;194520,00;20386719,00;524
WINQ26;30/04/2026;15:00:00;194225,00;194445,00;194225,00;194350,00;20681357,00;532
WINQ26;30/04/2026;14:30:00;194150,00;194360,00;194150,00;194200,00;18882451,00;486
WINQ26;30/04/2026;14:00:00;193950,00;194190,00;193950,00;194125,00;23718458,00;611
WINQ26;30/04/2026;13:30:00;193900,00;194125,00;193880,00;193975,00;21151895,00;545
WINQ26;30/04/2026;13:00:00;193975,00;194040,00;193725,00;193880,00;29113183,00;751
WINQ26;30/04/2026;12:30:00;193950,00;194060,00;193785,00;194060,00;2753380,00;71
WINQ26;30/04/2026;12:00:00;193805,00;194160,00;193660,00;193975,00;12406296,00;320
WINQ26;30/04/2026;11:30:00;193895,00;194120,00;193430,00;193835,00;49590415,00;1279
WINQ26;30/04/2026;11:00:00;193725,00;194070,00;193165,00;193900,00;52531578,00;1357
WINQ26;30/04/2026;10:30:00;193355,00;193800,00;193120,00;193745,00;166846901,00;4313
WINQ26;30/04/2026;10:00:00;192765,00;193360,00;192665,00;193280,00;72735545,00;1884
WINQ26;30/04/2026;09:30:00;192860,00;193050,00;192475,00;192675,00;95605697,00;2480
WINQ26;30/04/2026;09:00:00;191200,00;192900,00;191010,00;192810,00;163776721,00;4252
WINQ26;29/04/2026;18:00:00;191050,00;191050,00;190745,00;190800,00;35002725,00;917
WINQ26;29/04/2026;17:30:00;191230,00;191255,00;191060,00;191095,00;32195741,00;842
WINQ26;29/04/2026;17:00:00;191600,00;191755,00;191245,00;191350,00;53709821,00;1403
WINQ26;29/04/2026;16:30:00;191910,00;191910,00;191360,00;191575,00;38744050,00;1011
WINQ26;29/04/2026;16:00:00;192040,00;192100,00;191880,00;191980,00;10598225,00;276
WINQ26;29/04/2026;15:30:00;192050,00;192300,00;191750,00;192055,00;46666857,00;1215
WINQ26;29/04/2026;15:00:00;192575,00;192575,00;192100,00;192215,00;42021373,00;1093
WINQ26;29/04/2026;14:30:00;192685,00;192770,00;192400,00;192600,00;30276726,00;786
WINQ26;29/04/2026;14:00:00;192705,00;192800,00;192620,00;192675,00;60896050,00;1580
WINQ26;29/04/2026;13:30:00;192800,00;192815,00;192610,00;192740,00;43983255,00;1141
WINQ26;29/04/2026;13:00:00;192745,00;192995,00;192745,00;192820,00;9837714,00;255
WINQ26;29/04/2026;12:30:00;193260,00;193285,00;192550,00;192710,00;79107179,00;2051
WINQ26;29/04/2026;12:00:00;193800,00;193820,00;193245,00;193375,00;87083810,00;2250
WINQ26;29/04/2026;11:30:00;193460,00;193785,00;193360,00;193775,00;91400084,00;2361
WINQ26;29/04/2026;11:00:00;193385,00;193725,00;193200,00;193485,00;86780870,00;2243
WINQ26;29/04/2026;10:30:00;194220,00;194300,00;193380,00;193405,00;138519592,00;3575
WINQ26;29/04/2026;10:00:00;194550,00;194620,00;194145,00;194210,00;47228593,00;1215
WINQ26;29/04/2026;09:30:00;195105,00;195150,00;194550,00;194655,00;86775630,00;2225
WINQ26;29/04/2026;09:00:00;195530,00;195540,00;194900,00;195150,00;41951673,00;1075
WINQ26;28/04/2026;18:00:00;195820,00;195820,00;195570,00;195625,00;4618039,00;118
WINQ26;28/04/2026;17:30:00;195755,00;195835,00;195750,00;195790,00;7675560,00;196
WINQ26;28/04/2026;17:00:00;195755,00;195850,00;195720,00;195765,00;2623819,00;67
WINQ26;28/04/2026;16:30:00;195725,00;195910,00;195645,00;195745,00;5678092,00;145
WINQ26;28/04/2026;16:00:00;195710,00;195800,00;195590,00;195700,00;3640248,00;93
WINQ26;28/04/2026;15:30:00;195975,00;195975,00;195740,00;195740,00;3564574,00;91
WINQ26;28/04/2026;15:00:00;196010,00;196075,00;195670,00;196030,00;7208428,00;184
WINQ26;28/04/2026;14:30:00;195875,00;196205,00;195875,00;196005,00;7725231,00;197
WINQ26;28/04/2026;14:00:00;195935,00;195985,00;195645,00;195905,00;3955989,00;101
WINQ26;28/04/2026;13:30:00;195725,00;196000,00;195575,00;195890,00;11792053,00;301
WINQ26;28/04/2026;13:00:00;195735,00;195790,00;195555,00;195735,00;3639461,00;93
WINQ26;28/04/2026;12:30:00;195495,00;195750,00;195420,00;195735,00;12717094,00;325
WINQ26;28/04/2026;12:00:00;195035,00;195630,00;195035,00;195485,00;57724579,00;1479
WINQ26;28/04/2026;11:30:00;195055,00;195430,00;194600,00;194935,00;81055085,00;2080
WINQ26;28/04/2026;11:00:00;195360,00;195675,00;194930,00;195055,00;11921152,00;305
WINQ26;28/04/2026;10:30:00;194855,00;195820,00;194615,00;195350,00;53554859,00;1371
WINQ26;28/04/2026;10:00:00;195305,00;195340,00;194485,00;194860,00;63324551,00;1625
WINQ26;28/04/2026;09:30:00;195385,00;195665,00;195170,00;195315,00;34181891,00;875
WINQ26;28/04/2026;09:00:00;196235,00;196700,00;195210,00;195370,00;78762352,00;2013
WINQ26;27/04/2026;18:00:00;196815,00;196825,00;196610,00;196630,00;10625685,00;270
WINQ26;27/04/2026;17:30:00;196925,00;196925,00;196745,00;196775,00;13266193,00;337
WINQ26;27/04/2026;17:00:00;196975,00;196985,00;196850,00;196885,00;3859558,00;98
WINQ26;27/04/2026;16:30:00;197200,00;197200,00;196920,00;196960,00;6187330,00;157
WINQ26;27/04/2026;16:00:00;197370,00;197405,00;197200,00;197265,00;4932350,00;125
WINQ26;27/04/2026;15:30:00;197630,00;197630,00;197305,00;197305,00;5094305,00;129
WINQ26;27/04/2026;15:00:00;197475,00;197725,00;197475,00;197710,00;3241047,00;82
WINQ26;27/04/2026;14:30:00;197485,00;197675,00;197350,00;197565,00;7268586,00;184
WINQ26;27/04/2026;14:00:00;197425,00;197525,00;197085,00;197525,00;8718975,00;221
WINQ26;27/04/2026;13:30:00;197740,00;197785,00;197235,00;197370,00;7070763,00;179
WINQ26;27/04/2026;13:00:00;197740,00;197780,00;197605,00;197705,00;4269885,00;108
WINQ26;27/04/2026;12:30:00;197505,00;197805,00;197395,00;197800,00;5889990,00;149
WINQ26;27/04/2026;12:00:00;197510,00;197630,00;197335,00;197465,00;10465375,00;265
WINQ26;27/04/2026;11:30:00;198320,00;198345,00;197425,00;197490,00;13690038,00;346
WINQ26;27/04/2026;11:00:00;198350,00;198670,00;198230,00;198390,00;5952516,00;150
WINQ26;27/04/2026;10:30:00;198250,00;198605,00;197820,00;198375,00;43609255,00;1100
WINQ26;27/04/2026;10:00:00;198350,00;198750,00;198180,00;198445,00;12498163,00;315
WINQ26;27/04/2026;09:30:00;198380,00;198850,00;198380,00;198400,00;8580364,00;216
WINQ26;27/04/2026;09:00:00;198460,00;199170,00;198300,00;198330,00;21427268,00;539
WINQ26;24/04/2026;18:00:00;198345,00;198505,00;198325,00;198325,00;2301417,00;58
WINQ26;24/04/2026;17:30:00;198260,00;198400,00;198260,00;198325,00;24079655,00;607
WINQ26;24/04/2026;17:00:00;198160,00;198350,00;198120,00;198185,00;10545899,00;266
WINQ26;24/04/2026;16:30:00;197975,00;198100,00;197915,00;198100,00;8436636,00;213
WINQ26;24/04/2026;16:00:00;198205,00;198250,00;197860,00;197925,00;5663920,00;143
WINQ26;24/04/2026;15:30:00;197770,00;198205,00;197770,00;198165,00;12673964,00;320
WINQ26;24/04/2026;15:00:00;197800,00;197945,00;197610,00;197760,00;4468274,00;113
WINQ26;24/04/2026;14:30:00;197680,00;198015,00;197625,00;197840,00;3402579,00;86
WINQ26;24/04/2026;14:00:00;197655,00;197755,00;197490,00;197735,00;22971641,00;581
WINQ26;24/04/2026;13:30:00;197500,00;197650,00;197410,00;197550,00;2251762,00;57
WINQ26;24/04/2026;13:00:00;197970,00;197970,00;197470,00;197530,00;2925760,00;74
WINQ26;24/04/2026;12:30:00;197810,00;198185,00;197615,00;198025,00;15993645,00;404
WINQ26;24/04/2026;12:00:00;197750,00;197850,00;197500,00;197785,00;5298365,00;134
WINQ26;24/04/2026;11:30:00;197900,00;198115,00;197420,00;197735,00;9812084,00;248
WINQ26;24/04/2026;11:00:00;198500,00;198530,00;197910,00;198125,00;8644654,00;218
WINQ26;24/04/2026;10:30:00;198000,00;198640,00;197550,00;198605,00;55883424,00;1412
WINQ26;24/04/2026;10:00:00;198630,00;198980,00;197995,00;198045,00;19933895,00;502
WINQ26;24/04/2026;09:30:00;198830,00;198855,00;198150,00;198630,00;32733943,00;824
WINQ26;24/04/2026;09:00:00;199130,00;199370,00;198645,00;198840,00;46453580,00;1167
WINQ26;23/04/2026;18:00:00;198800,00;198800,00;198595,00;198595,00;6437155,00;162
WINQ26;23/04/2026;17:30:00;198905,00;198915,00;198800,00;198915,00;35467118,00;892
WINQ26;23/04/2026;17:00:00;199070,00;199110,00;198840,00;198845,00;10430145,00;262
WINQ26;23/04/2026;16:30:00;199315,00;199315,00;198895,00;199130,00;59132614,00;1485
WINQ26;23/04/2026;16:00:00;199565,00;199565,00;199145,00;199245,00;14582478,00;366
WINQ26;23/04/2026;15:30:00;199725,00;199885,00;199450,00;199510,00;18565636,00;465
WINQ26;23/04/2026;15:00:00;199400,00;199810,00;199375,00;199710,00;74339889,00;1861
WINQ26;23/04/2026;14:30:00;199220,00;199500,00;198400,00;199500,00;51159931,00;1286
WINQ26;23/04/2026;14:00:00;200140,00;200140,00;199000,00;199075,00;11178335,00;280
WINQ26;23/04/2026;13:30:00;199820,00;200340,00;199785,00;200095,00;14451885,00;361
WINQ26;23/04/2026;13:00:00;199665,00;199920,00;199400,00;199840,00;6669318,00;167
WINQ26;23/04/2026;12:30:00;200135,00;200150,00;199630,00;199665,00;5116495,00;128
WINQ26;23/04/2026;12:00:00;199920,00;200175,00;199645,00;200165,00;9915359,00;248
WINQ26;23/04/2026;11:30:00;200380,00;200420,00;199900,00;199945,00;9606627,00;240
WINQ26;23/04/2026;11:00:00;200075,00;200360,00;199750,00;200310,00;12484854,00;312
WINQ26;23/04/2026;10:30:00;200650,00;200965,00;199605,00;200120,00;33245577,00;830
WINQ26;23/04/2026;10:00:00;200490,00;200815,00;200275,00;200780,00;13673003,00;341
WINQ26;23/04/2026;09:30:00;200380,00;200560,00;200125,00;200335,00;47391475,00;1183
WINQ26;23/04/2026;09:00:00;200210,00;200550,00;199940,00;200420,00;97702816,00;2439
WINQ26;22/04/2026;18:00:00;200415,00;200440,00;200100,00;200100,00;29844951,00;745
WINQ26;22/04/2026;17:30:00;200610,00;200610,00;200410,00;200530,00;8343261,00;208
WINQ26;22/04/2026;17:00:00;200585,00;200650,00;200525,00;200560,00;25195873,00;628
WINQ26;22/04/2026;16:30:00;200470,00;200700,00;200410,00;200585,00;45241798,00;1128
WINQ26;22/04/2026;16:00:00;200625,00;200670,00;200350,00;200535,00;42670518,00;1064
WINQ26;22/04/2026;15:30:00;200715,00;200755,00;200545,00;200645,00;27448494,00;684
WINQ26;22/04/2026;15:00:00;200660,00;200910,00;200660,00;200715,00;30635114,00;763
WINQ26;22/04/2026;14:30:00;200955,00;201010,00;200580,00;200695,00;36090751,00;899
WINQ26;22/04/2026;14:00:00;200685,00;200985,00;200635,00;200900,00;36231418,00;902
WINQ26;22/04/2026;13:30:00;200800,00;200915,00;200495,00;200695,00;98235750,00;2447
WINQ26;22/04/2026;13:00:00;201395,00;201450,00;200735,00;200850,00;32093219,00;798
WINQ26;22/04/2026;12:30:00;201195,00;201455,00;201000,00;201345,00;53392722,00;1326
WINQ26;22/04/2026;12:00:00;201380,00;201380,00;201115,00;201225,00;48974925,00;1217
WINQ26;22/04/2026;11:30:00;201925,00;202060,00;201000,00;201375,00;86363838,00;2144
WINQ26;22/04/2026;11:00:00;202630,00;202795,00;201585,00;201875,00;107515099,00;2660
WINQ26;22/04/2026;10:30:00;203050,00;203070,00;201980,00;202560,00;60867547,00;1503
WINQ26;22/04/2026;10:00:00;202975,00;203670,00;202830,00;203270,00;19962189,00;491
WINQ26;22/04/2026;09:30:00;203055,00;203095,00;202565,00;202990,00;34244171,00;844
WINQ26;22/04/2026;09:00:00;204475,00;204610,00;202705,00;203120,00;89169376,00;2191
WINQ26;20/04/2026;18:00:00;204090,00;204350,00;204040,00;204350,00;4451773,00;109
WINQ26;20/04/2026;17:30:00;204020,00;204130,00;204020,00;204120,00;4367481,00;107
WINQ26;20/04/2026;17:00:00;204250,00;204250,00;204010,00;204025,00;3428632,00;84
WINQ26;20/04/2026;16:30:00;203995,00;204205,00;203905,00;204205,00;1959149,00;48
WINQ26;20/04/2026;16:00:00;204085,00;204280,00;203975,00;203975,00;1265535,00;31
WINQ26;20/04/2026;15:30:00;204150,00;204175,00;204020,00;204020,00;2285894,00;56
WINQ26;20/04/2026;15:00:00;204085,00;204315,00;203985,00;204125,00;5144980,00;126
WINQ26;20/04/2026;14:30:00;203960,00;204060,00;203865,00;204000,00;2365728,00;58
WINQ26;20/04/2026;14:00:00;204275,00;204370,00;204000,00;204000,00;5267827,00;129
WINQ26;20/04/2026;13:30:00;204600,00;204600,00;204225,00;204235,00;4496522,00;110
WINQ26;20/04/2026;13:00:00;204605,00;204715,00;204520,00;204600,00;3273620,00;80
WINQ26;20/04/2026;12:30:00;204550,00;204675,00;204415,00;204580,00;4949968,00;121
WINQ26;20/04/2026;12:00:00;204240,00;204595,00;203910,00;204550,00;9604240,00;235
WINQ26;20/04/2026;11:30:00;204090,00;204500,00;203940,00;204095,00;14212170,00;348
WINQ26;20/04/2026;11:00:00;203740,00;204070,00;203155,00;204070,00;15023113,00;369
WINQ26;20/04/2026;10:30:00;204650,00;204650,00;203670,00;203770,00;12365133,00;303
WINQ26;20/04/2026;10:00:00;204065,00;204670,00;203450,00;204670,00;25105590,00;615
WINQ26;20/04/2026;09:30:00;203950,00;204120,00;203850,00;204095,00;4896128,00;120
WINQ26;20/04/2026;09:00:00;203445,00;204200,00;203300,00;203875,00;39158314,00;961
WINQ26;17/04/2026;18:00:00;203915,00;203915,00;203465,00;203465,00;7736478,00;190
WINQ26;17/04/2026;17:30:00;203890,00;203980,00;203850,00;203900,00;2487817,00;61
WINQ26;17/04/2026;17:00:00;203640,00;204140,00;203640,00;203880,00;13950758,00;342
WINQ26;17/04/2026;16:30:00;203820,00;203910,00;203520,00;203635,00;30877530,00;758
WINQ26;17/04/2026;16:00:00;203680,00;203940,00;203680,00;203855,00;3465310,00;85
WINQ26;17/04/2026;15:30:00;204250,00;204255,00;203330,00;203725,00;10676483,00;262
WINQ26;17/04/2026;15:00:00;204450,00;204450,00;204070,00;204240,00;3472771,00;85
WINQ26;17/04/2026;14:30:00;204430,00;204540,00;204290,00;204450,00;4456205,00;109
WINQ26;17/04/2026;14:00:00;204410,00;204570,00;204120,00;204420,00;6704182,00;164
WINQ26;17/04/2026;13:30:00;204440,00;204545,00;204210,00;204460,00;6785610,00;166
WINQ26;17/04/2026;13:00:00;204185,00;204470,00;204065,00;204465,00;36633683,00;896
WINQ26;17/04/2026;12:30:00;204350,00;204505,00;204130,00;204185,00;38705840,00;947
WINQ26;17/04/2026;12:00:00;204070,00;204475,00;203745,00;204340,00;106277955,00;2603
WINQ26;17/04/2026;11:30:00;204905,00;204905,00;203540,00;204030,00;165998742,00;4065
WINQ26;17/04/2026;11:00:00;205600,00;205660,00;204840,00;204995,00;57801515,00;1408
WINQ26;17/04/2026;10:30:00;205940,00;205940,00;205235,00;205725,00;71725322,00;1745
WINQ26;17/04/2026;10:00:00;206920,00;207355,00;205815,00;206005,00;124411527,00;3011
WINQ26;17/04/2026;09:30:00;205745,00;207105,00;205600,00;206890,00;76874358,00;1860
WINQ26;17/04/2026;09:00:00;205230,00;205900,00;205120,00;205765,00;12944129,00;315
WINQ26;16/04/2026;18:00:00;204870,00;204870,00;204635,00;204745,00;7864268,00;192
WINQ26;16/04/2026;17:30:00;204855,00;204915,00;204840,00;204890,00;778563,00;19
WINQ26;16/04/2026;17:00:00;204865,00;205030,00;204770,00;204770,00;4219809,00;103
WINQ26;16/04/2026;16:30:00;204790,00;204930,00;204720,00;204885,00;3195548,00;78
WINQ26;16/04/2026;16:00:00;204590,00;204885,00;204575,00;204800,00;13636327,00;333
WINQ26;16/04/2026;15:30:00;204820,00;204845,00;204460,00;204545,00;15878342,00;388
WINQ26;16/04/2026;15:00:00;204645,00;204990,00;204630,00;204825,00;56316551,00;1375
WINQ26;16/04/2026;14:30:00;204805,00;204900,00;204535,00;204695,00;38169370,00;932
WINQ26;16/04/2026;14:00:00;205055,00;205090,00;204735,00;204770,00;34215905,00;835
WINQ26;16/04/2026;13:30:00;205285,00;205285,00;204840,00;205085,00;14270483,00;348
WINQ26;16/04/2026;13:00:00;205485,00;205500,00;205300,00;205300,00;4518920,00;110
WINQ26;16/04/2026;12:30:00;205050,00;205465,00;204940,00;205465,00;8657517,00;211
WINQ26;16/04/2026;12:00:00;204750,00;205235,00;204750,00;205085,00;26996572,00;658
WINQ26;16/04/2026;11:30:00;204775,00;205000,00;204585,00;204785,00;80435819,00;1964
WINQ26;16/04/2026;11:00:00;205475,00;205690,00;204700,00;204715,00;85806265,00;2091
WINQ26;16/04/2026;10:30:00;206400,00;206400,00;205315,00;205515,00;91113885,00;2213
WINQ26;16/04/2026;10:00:00;206685,00;206685,00;206180,00;206425,00;10446481,00;253
WINQ26;16/04/2026;09:30:00;206035,00;206880,00;206035,00;206740,00;66372157,00;1608
WINQ26;16/04/2026;09:00:00;205635,00;206435,00;205635,00;206125,00;35540506,00;862
WINQ26;15/04/2026;18:00:00;205610,00;205695,00;205525,00;205525,00;20560987,00;500
WINQ26;15/04/2026;17:30:00;205595,00;205735,00;205565,00;205565,00;1439699,00;35
WINQ26;15/04/2026;17:00:00;205675,00;205790,00;205500,00;205545,00;1274690,00;31
WINQ26;15/04/2026;16:30:00;205755,00;205755,00;205330,00;205650,00;13471635,00;328
WINQ26;15/04/2026;16:00:00;206025,00;206130,00;205650,00;205720,00;1153225,00;28
WINQ26;15/04/2026;15:30:00;205825,00;206250,00;205825,00;206065,00;3132112,00;76
WINQ26;15/04/2026;15:00:00;205425,00;205870,00;205325,00;205800,00;2672423,00;65
WINQ26;15/04/2026;14:30:00;205270,00;205505,00;205190,00;205500,00;4353163,00;106
WINQ26;15/04/2026;14:00:00;205350,00;205425,00;205350,00;205405,00;533984,00;13
WINQ26;15/04/2026;13:30:00;205360,00;205360,00;205025,00;205300,00;1149102,00;28
WINQ26;15/04/2026;13:00:00;205500,00;205575,00;205470,00;205575,00;657627,00;16
WINQ26;15/04/2026;12:30:00;205530,00;205675,00;205400,00;205505,00;1602965,00;39
WINQ26;15/04/2026;12:00:00;205865,00;205990,00;205865,00;205970,00;164753,00;4
WINQ26;15/04/2026;11:30:00;205630,00;205750,00;205500,00;205625,00;534604,00;13
WINQ26;15/04/2026;11:00:00;206500,00;206500,00;205600,00;205600,00;2925936,00;71
WINQ26;15/04/2026;10:30:00;207045,00;207250,00;205945,00;206045,00;11208958,00;271
WINQ26;15/04/2026;10:00:00;205800,00;207025,00;205800,00;207025,00;28133899,00;680
WINQ26;15/04/2026;09:30:00;205685,00;206300,00;205610,00;206200,00;7867172,00;191
WINQ26;15/04/2026;09:00:00;206100,00;206570,00;205750,00;205750,00;8122630,00;197
WINQ26;14/04/2026;18:00:00;206800,00;206800,00;206800,00;206800,00;41360,00;1
WINQ26;14/04/2026;17:30:00;206800,00;207000,00;206800,00;206800,00;20725346,00;501
WINQ26;14/04/2026;16:00:00;206880,00;207105,00;206880,00;207105,00;703522,00;17
WINQ26;14/04/2026;15:00:00;206830,00;206970,00;206600,00;206600,00;992766,00;24
WINQ26;14/04/2026;14:30:00;206920,00;206985,00;206750,00;206750,00;455144,00;11
WINQ26;14/04/2026;14:00:00;207025,00;207170,00;206850,00;206965,00;869616,00;21
WINQ26;14/04/2026;13:30:00;206845,00;206845,00;206845,00;206845,00;41369,00;1
WINQ26;14/04/2026;13:00:00;206770,00;206875,00;206565,00;206565,00;124042,00;3
WINQ26;14/04/2026;12:00:00;206640,00;206970,00;206500,00;206970,00;702577,00;17
WINQ26;14/04/2026;11:30:00;207210,00;207210,00;206870,00;206920,00;910447,00;22
WINQ26;14/04/2026;11:00:00;207500,00;207535,00;207010,00;207095,00;2072807,00;50
WINQ26;14/04/2026;10:30:00;206990,00;207225,00;206685,00;207225,00;993590,00;24
WINQ26;14/04/2026;10:00:00;206790,00;206790,00;206285,00;206790,00;1116116,00;27
WINQ26;14/04/2026;09:30:00;206600,00;206755,00;206485,00;206655,00;578668,00;14
WINQ26;14/04/2026;09:00:00;206175,00;207000,00;206135,00;206530,00;1321219,00;32
WINQ26;13/04/2026;18:00:00;206160,00;206160,00;205995,00;205995,00;1195596,00;29
WINQ26;13/04/2026;17:30:00;205900,00;206160,00;205900,00;206160,00;3174768,00;77
WINQ26;13/04/2026;17:00:00;206095,00;206165,00;206095,00;206165,00;412316,00;10
WINQ26;13/04/2026;16:30:00;206155,00;206235,00;206105,00;206235,00;412331,00;10
WINQ26;13/04/2026;15:00:00;206220,00;206220,00;206220,00;206220,00;41244,00;1
WINQ26;13/04/2026;14:30:00;205990,00;206150,00;205990,00;206105,00;865334,00;21
WINQ26;13/04/2026;14:00:00;205800,00;205840,00;205800,00;205840,00;82328,00;2
WINQ26;13/04/2026;13:30:00;205045,00;205695,00;205045,00;205320,00;328836,00;8
WINQ26;13/04/2026;13:00:00;204990,00;205455,00;204990,00;205440,00;287541,00;7
WINQ26;13/04/2026;12:30:00;204920,00;204920,00;204920,00;204920,00;81968,00;2
WINQ26;13/04/2026;11:30:00;204770,00;205190,00;204770,00;205190,00;122946,00;3
WINQ26;13/04/2026;10:30:00;204855,00;205000,00;204855,00;204900,00;286951,00;7
WINQ26;13/04/2026;09:30:00;204500,00;204650,00;204470,00;204500,00;3026744,00;74
WINQ26;13/04/2026;09:00:00;205250,00;205250,00;204500,00;204720,00;573362,00;14
WINQ26;10/04/2026;18:00:00;206000,00;206000,00;205995,00;205995,00;288394,00;7
WINQ26;10/04/2026;17:30:00;205700,00;205960,00;205700,00;205960,00;2265251,00;55
WINQ26;10/04/2026;17:00:00;205500,00;205500,00;205500,00;205500,00;246600,00;6
WINQ26;10/04/2026;16:30:00;205350,00;205500,00;205350,00;205500,00;205410,00;5
WINQ26;10/04/2026;16:00:00;205250,00;205250,00;205250,00;205250,00;82100,00;2
WINQ26;10/04/2026;15:00:00;204655,00;205250,00;204605,00;205250,00;1391571,00;34
WINQ26;10/04/2026;14:00:00;204600,00;204600,00;204600,00;204600,00;40920,00;1
WINQ26;10/04/2026;13:00:00;205000,00;205200,00;204800,00;204800,00;205080,00;5
WINQ26;10/04/2026;12:30:00;204900,00;204900,00;204700,00;204700,00;122880,00;3
WINQ26;10/04/2026;12:00:00;205245,00;205245,00;205245,00;205245,00;123147,00;3
WINQ26;10/04/2026;11:30:00;205400,00;205400,00;205400,00;205400,00;123240,00;3
WINQ26;10/04/2026;11:00:00;205585,00;205900,00;205585,00;205900,00;740617,00;18
WINQ26;10/04/2026;10:30:00;204450,00;205160,00;204450,00;205160,00;1024782,00;25
WINQ26;10/04/2026;10:00:00;204300,00;204500,00;204300,00;204500,00;122640,00;3
WINQ26;10/04/2026;09:30:00;203850,00;204250,00;203850,00;204185,00;1183495,00;29
WINQ26;10/04/2026;09:00:00;203710,00;204265,00;203540,00;203540,00;1714123,00;42
WINQ26;09/04/2026;18:00:00;203800,00;203920,00;203710,00;203710,00;285382,00;7
WINQ26;09/04/2026;17:30:00;203630,00;203630,00;203630,00;203630,00;40726,00;1
WINQ26;09/04/2026;15:30:00;203185,00;203365,00;203185,00;203365,00;447331,00;11
WINQ26;09/04/2026;14:30:00;203765,00;203765,00;203740,00;203740,00;81501,00;2
WINQ26;09/04/2026;14:00:00;203600,00;203600,00;203600,00;203600,00;40720,00;1
WINQ26;09/04/2026;13:00:00;203060,00;203060,00;203040,00;203040,00;81220,00;2
WINQ26;09/04/2026;12:30:00;203460,00;203460,00;203460,00;203460,00;203460,00;5
WINQ26;09/04/2026;12:00:00;202975,00;203000,00;202835,00;202835,00;405942,00;10
WINQ26;09/04/2026;10:30:00;202000,00;202000,00;202000,00;202000,00;404000,00;10
WINQ26;09/04/2026;10:00:00;201750,00;201940,00;201750,00;201940,00;121088,00;3
WINQ26;09/04/2026;09:30:00;201010,00;201500,00;200930,00;201500,00;442346,00;11
WINQ26;08/04/2026;16:30:00;200225,00;200405,00;200225,00;200405,00;80126,00;2
WINQ26;08/04/2026;16:00:00;200200,00;200200,00;200180,00;200180,00;440400,00;11
WINQ26;08/04/2026;15:30:00;200210,00;200210,00;200105,00;200130,00;4124289,00;103
WINQ26;08/04/2026;14:30:00;200530,00;200530,00;200530,00;200530,00;40106,00;1
WINQ26;08/04/2026;13:30:00;200210,00;200210,00;200210,00;200210,00;40042,00;1
WINQ26;08/04/2026;13:00:00;200450,00;200450,00;200195,00;200195,00;280429,00;7
WINQ26;08/04/2026;12:30:00;200505,00;200615,00;200305,00;200500,00;2527619,00;63
WINQ26;08/04/2026;10:30:00;200280,00;200305,00;200280,00;200305,00;200295,00;5
WINQ26;08/04/2026;10:00:00;202750,00;203000,00;201500,00;201500,00;242700,00;6
WINQ26;08/04/2026;09:30:00;202000,00;202750,00;202000,00;202750,00;242740,00;6
WINQ26;08/04/2026;09:00:00;200000,00;201620,00;200000,00;201620,00;723225,00;18
WINQ26;07/04/2026;18:00:00;196910,00;196910,00;196910,00;196910,00;39382,00;1
WINQ26;07/04/2026;17:30:00;196955,00;197000,00;196955,00;197000,00;157591,00;4
WINQ26;07/04/2026;17:00:00;196500,00;196600,00;196500,00;196600,00;78620,00;2
WINQ26;07/04/2026;16:30:00;195500,00;196430,00;195500,00;196430,00;4073266,00;104
WINQ26;07/04/2026;16:00:00;195820,00;195820,00;195820,00;195820,00;39164,00;1
WINQ26;07/04/2026;14:30:00;196110,00;196110,00;196110,00;196110,00;39222,00;1
WINQ26;07/04/2026;13:00:00;195590,00;195590,00;195590,00;195590,00;39118,00;1
WINQ26;07/04/2026;12:00:00;195250,00;195250,00;195250,00;195250,00;39050,00;1
WINQ26;07/04/2026;11:30:00;195255,00;195600,00;195255,00;195600,00;78171,00;2
WINQ26;07/04/2026;11:00:00;195140,00;195140,00;195140,00;195140,00;39028,00;1
WINQ26;07/04/2026;10:30:00;194500,00;194700,00;194500,00;194695,00;233599,00;6
WINQ26;07/04/2026;10:00:00;195610,00;195610,00;195300,00;195300,00;117262,00;3
WINQ26;07/04/2026;09:30:00;195200,00;195400,00;195100,00;195400,00;468420,00;12
WINQ26;07/04/2026;09:00:00;196265,00;196295,00;194770,00;195795,00;313628,00;8
WINQ26;06/04/2026;17:30:00;196400,00;196400,00;196400,00;196400,00;78560,00;2
WINQ26;06/04/2026;14:30:00;196540,00;196540,00;196540,00;196540,00;39308,00;1
WINQ26;06/04/2026;10:30:00;197300,00;197300,00;196540,00;196540,00;3346269,00;85
WINQ26;06/04/2026;09:00:00;197500,00;197500,00;197235,00;197345,00;276282,00;7
WINQ26;02/04/2026;18:00:00;196705,00;196705,00;195925,00;195925,00;117867,00;3
WINQ26;02/04/2026;16:30:00;196300,00;196450,00;196300,00;196450,00;117830,00;3
WINQ26;02/04/2026;14:30:00;195910,00;195910,00;195600,00;195600,00;156572,00;4
WINQ26;02/04/2026;12:00:00;197140,00;197640,00;197140,00;197515,00;1145672,00;29
WINQ26;02/04/2026;11:30:00;195835,00;197130,00;195835,00;197000,00;2120947,00;54
WINQ26;02/04/2026;10:00:00;193370,00;194000,00;193110,00;194000,00;116096,00;3
WINQ26;02/04/2026;09:30:00;193575,00;193720,00;193575,00;193720,00;116203,00;3
WINQ26;02/04/2026;09:00:00;193760,00;193800,00;193240,00;193240,00;464240,00;12
WINQ26;01/04/2026;16:00:00;196490,00;196580,00;196200,00;196580,00;117854,00;3
WINQ26;01/04/2026;15:30:00;196490,00;196490,00;196490,00;196490,00;39298,00;1
WINQ26;01/04/2026;15:00:00;197000,00;197000,00;197000,00;197000,00;39400,00;1
WINQ26;01/04/2026;14:00:00;197600,00;197650,00;197600,00;197650,00;79050,00;2
WINQ26;01/04/2026;13:30:00;197100,00;197340,00;197100,00;197340,00;118338,00;3
WINQ26;01/04/2026;12:00:00;197070,00;197070,00;197000,00;197000,00;78814,00;2
WINQ26;01/04/2026;11:30:00;196120,00;196770,00;196120,00;196770,00;275202,00;7
WINQ26;01/04/2026;10:00:00;196680,00;196680,00;196680,00;196680,00;39336,00;1
WINQ26;01/04/2026;09:30:00;197400,00;197400,00;197400,00;197400,00;39480,00;1
WINQ26;01/04/2026;09:00:00;196925,00;197500,00;196925,00;197500,00;78885,00;2
WINQ26;31/03/2026;18:00:00;196430,00;196500,00;196430,00;196500,00;314371,00;8
WINQ26;31/03/2026;17:30:00;196450,00;196450,00;196275,00;196275,00;78545,00;2
WINQ26;31/03/2026;17:00:00;196250,00;196250,00;195990,00;195990,00;117698,00;3
WINQ26;31/03/2026;16:30:00;195750,00;196150,00;195750,00;196150,00;4071792,00;104
WINQ26;31/03/2026;16:00:00;195750,00;195750,00;195750,00;195750,00;39150,00;1
WINQ26;31/03/2026;15:30:00;196000,00;196000,00;196000,00;196000,00;78400,00;2
WINQ26;31/03/2026;15:00:00;195995,00;196000,00;195750,00;195750,00;274349,00;7
WINQ26;31/03/2026;14:00:00;195500,00;196000,00;195500,00;195750,00;156605,00;4
WINQ26;31/03/2026;13:30:00;194330,00;195800,00;194330,00;195800,00;1171398,00;30
WINQ26;31/03/2026;12:00:00;193470,00;193850,00;193470,00;193850,00;77464,00;2
WINQ26;31/03/2026;11:30:00;194230,00;194230,00;193250,00;193250,00;77496,00;2
WINQ26;31/03/2026;10:30:00;193805,00;193805,00;193805,00;193805,00;38761,00;1
WINQ26;31/03/2026;10:00:00;193930,00;194815,00;193750,00;194815,00;465429,00;12
WINQ26;31/03/2026;09:30:00;194350,00;194350,00;194285,00;194285,00;77727,00;2
WINQ26;31/03/2026;09:00:00;193500,00;194000,00;193300,00;194000,00;310131,00;8
WINQ26;30/03/2026;17:00:00;191240,00;191240,00;191240,00;191240,00;38248,00;1
WINQ26;30/03/2026;15:30:00;191000,00;191000,00;191000,00;191000,00;38200,00;1
WINQ26;30/03/2026;12:30:00;192635,00;193000,00;192635,00;193000,00;77127,00;2
WINQ26;30/03/2026;10:30:00;192500,00;192500,00;191445,00;191445,00;115078,00;3
WINQ26;30/03/2026;09:30:00;191245,00;191245,00;191245,00;191245,00;38249,00;1
WINQ26;30/03/2026;09:00:00;190700,00;191110,00;190700,00;191110,00;114545,00;3
WINQ26;27/03/2026;16:30:00;189800,00;189800,00;189800,00;189800,00;417560,00;11
WINQ26;27/03/2026;15:00:00;189910,00;189910,00;189910,00;189910,00;37982,00;1
WINQ26;27/03/2026;12:00:00;192000,00;192000,00;192000,00;192000,00;76800,00;2
WINQ26;27/03/2026;10:00:00;190500,00;190500,00;190000,00;190000,00;152100,00;4
WINQ26;27/03/2026;09:30:00;191005,00;191005,00;190800,00;190800,00;76361,00;2
WINQ26;27/03/2026;09:00:00;191000,00;191340,00;190500,00;191340,00;152696,00;4
WINQ26;26/03/2026;17:30:00;192500,00;192500,00;192500,00;192500,00;38500,00;1
WINQ26;26/03/2026;17:00:00;192900,00;193220,00;192900,00;193220,00;77224,00;2
WINQ26;26/03/2026;16:30:00;191665,00;191665,00;191665,00;191665,00;38333,00;1
WINQ26;26/03/2026;16:00:00;191800,00;191800,00;191800,00;191800,00;38360,00;1
WINQ26;26/03/2026;14:00:00;191800,00;191800,00;191800,00;191800,00;76720,00;2
WINQ26;26/03/2026;10:30:00;192800,00;193440,00;192800,00;193440,00;77248,00;2
WINQ26;26/03/2026;10:00:00;192450,00;192800,00;192450,00;192800,00;770860,00;20
WINQ26;26/03/2026;09:30:00;192000,00;192200,00;192000,00;192200,00;153640,00;4
WINQ26;25/03/2026;18:00:00;194400,00;194400,00;194400,00;194400,00;77760,00;2
WINQ26;25/03/2026;15:30:00;194750,00;194750,00;194750,00;194750,00;38950,00;1
WINQ26;25/03/2026;15:00:00;195000,00;195000,00;195000,00;195000,00;39000,00;1
WINQ26;25/03/2026;14:30:00;194520,00;194520,00;194470,00;194470,00;77798,00;2
WINQ26;25/03/2026;12:00:00;194750,00;194750,00;194750,00;194750,00;38950,00;1
WINQ26;25/03/2026;11:30:00;195000,00;195000,00;195000,00;195000,00;78000,00;2
WINQ26;25/03/2026;11:00:00;194090,00;194090,00;194090,00;194090,00;38818,00;1
WINQ26;25/03/2026;10:30:00;194625,00;194625,00;194625,00;194625,00;389250,00;10
WINQ26;25/03/2026;09:30:00;193530,00;193590,00;193530,00;193590,00;387168,00;10
WINQ26;25/03/2026;09:00:00;195000,00;195000,00;195000,00;195000,00;39000,00;1
WINQ26;24/03/2026;18:00:00;193300,00;193300,00;193300,00;193300,00;193300,00;5
WINQ26;24/03/2026;17:30:00;192920,00;193300,00;192920,00;193100,00;115864,00;3
WINQ26;24/03/2026;17:00:00;191650,00;192575,00;191650,00;192575,00;1037565,00;27
WINQ26;24/03/2026;15:00:00;190990,00;190990,00;190990,00;190990,00;38198,00;1
WINQ26;24/03/2026;11:00:00;190600,00;190600,00;190600,00;190600,00;38120,00;1
WINQ26;24/03/2026;10:00:00;189000,00;189000,00;189000,00;189000,00;113400,00;3
WINQ26;24/03/2026;09:00:00;192000,00;192000,00;190470,00;190470,00;574470,00;15
WINQ26;23/03/2026;18:00:00;191800,00;191800,00;191800,00;191800,00;38360,00;1
WINQ26;23/03/2026;15:30:00;191000,00;192000,00;191000,00;192000,00;459580,00;12
WINQ26;23/03/2026;11:30:00;191000,00;191000,00;191000,00;191000,00;38200,00;1
WINQ26;23/03/2026;11:00:00;190360,00;191005,00;190360,00;191005,00;152673,00;4
WINQ26;23/03/2026;10:30:00;189000,00;190090,00;189000,00;190090,00;720608,00;19
WINQ26;23/03/2026;09:00:00;187075,00;187075,00;186800,00;186800,00;411510,00;11
WINQ26;20/03/2026;18:00:00;185600,00;186800,00;185600,00;186800,00;594741,00;16
WINQ26;20/03/2026;17:30:00;185005,00;185490,00;185005,00;185490,00;148199,00;4
WINQ26;20/03/2026;17:00:00;184865,00;185000,00;184800,00;184800,00;110933,00;3
WINQ26;20/03/2026;16:30:00;184100,00;184235,00;184100,00;184235,00;589525,00;16
WINQ26;20/03/2026;16:00:00;184315,00;184315,00;184315,00;184315,00;36863,00;1
WINQ26;20/03/2026;15:30:00;184565,00;184565,00;184565,00;184565,00;406043,00;11
WINQ26;20/03/2026;15:00:00;185020,00;185020,00;184140,00;184140,00;147620,00;4
WINQ26;20/03/2026;14:30:00;185200,00;185270,00;185200,00;185270,00;370498,00;10
WINQ26;20/03/2026;14:00:00;185070,00;185070,00;185070,00;185070,00;37014,00;1
WINQ26;20/03/2026;12:00:00;186275,00;186320,00;185995,00;185995,00;633237,00;17
WINQ26;20/03/2026;11:00:00;186580,00;186580,00;185500,00;185700,00;445816,00;12
WINQ26;20/03/2026;10:30:00;187500,00;187500,00;187155,00;187155,00;1534740,00;41
WINQ26;20/03/2026;10:00:00;187945,00;187945,00;187945,00;187945,00;37589,00;1
WINQ26;19/03/2026;17:00:00;189865,00;189865,00;189865,00;189865,00;37973,00;1
WINQ26;19/03/2026;16:00:00;189040,00;190585,00;189040,00;189395,00;2735027,00;72
WINQ26;19/03/2026;11:00:00;187400,00;187400,00;187400,00;187400,00;37480,00;1
WINQ26;19/03/2026;10:30:00;186955,00;186955,00;186955,00;186955,00;74782,00;2
WINQ26;19/03/2026;10:00:00;186310,00;186310,00;186310,00;186310,00;37262,00;1
WINQ26;19/03/2026;09:00:00;187155,00;187155,00;187155,00;187155,00;935775,00;25
WINQ26;18/03/2026;18:00:00;188230,00;188230,00;188230,00;188230,00;112938,00;3
WINQ26;18/03/2026;17:00:00;189000,00;189000,00;189000,00;189000,00;189000,00;5
WINQ26;18/03/2026;16:30:00;189445,00;189445,00;189445,00;189445,00;37889,00;1
WINQ26;18/03/2026;14:30:00;190600,00;190830,00;190600,00;190830,00;305098,00;8
WINQ26;18/03/2026;13:30:00;190320,00;190320,00;190320,00;190320,00;38064,00;1
WINQ26;18/03/2026;11:00:00;190520,00;190520,00;190520,00;190520,00;38104,00;1
WINQ26;18/03/2026;10:30:00;189920,00;190100,00;189920,00;190100,00;76004,00;2
WINQ26;18/03/2026;10:00:00;189220,00;189280,00;189220,00;189245,00;946207,00;25
WINQ26;18/03/2026;09:30:00;189180,00;189180,00;188810,00;188905,00;264509,00;7
WINQ26;18/03/2026;09:00:00;189800,00;189800,00;189800,00;189800,00;37960,00;1
WINQ26;17/03/2026;10:30:00;191805,00;191905,00;191805,00;191905,00;1381696,00;36
WINQ26;17/03/2026;09:30:00;189920,00;189920,00;189900,00;189900,00;189904,00;5
WINQ26;17/03/2026;09:00:00;188890,00;190135,00;188790,00;190135,00;1023899,00;27
WINQ26;16/03/2026;16:00:00;189920,00;189920,00;189920,00;189920,00;37984,00;1
WINQ26;16/03/2026;15:00:00;190100,00;190400,00;190100,00;190400,00;76100,00;2
WINQ26;16/03/2026;14:30:00;189700,00;189700,00;189700,00;189700,00;37940,00;1
WINQ26;16/03/2026;10:30:00;190500,00;190500,00;190500,00;190500,00;76200,00;2
WINQ26;16/03/2026;10:00:00;190650,00;190700,00;190650,00;190700,00;190690,00;5
WINQ26;16/03/2026;09:30:00;190150,00;190150,00;190100,00;190100,00;190110,00;5
WINQ26;16/03/2026;09:00:00;189720,00;190785,00;189670,00;190785,00;380450,00;10
WINQ26;13/03/2026;18:00:00;187005,00;187250,00;187005,00;187250,00;972577,00;26
WINQ26;13/03/2026;17:00:00;187480,00;187480,00;187480,00;187480,00;37496,00;1
WINQ26;13/03/2026;16:00:00;187500,00;187500,00;187365,00;187365,00;412230,00;11
WINQ26;13/03/2026;14:30:00;187500,00;187500,00;187500,00;187500,00;37500,00;1
WINQ26;13/03/2026;12:00:00;188620,00;188620,00;188620,00;188620,00;37724,00;1
WINQ26;13/03/2026;10:00:00;190500,00;190500,00;190500,00;190500,00;38100,00;1
WINQ26;13/03/2026;09:30:00;189675,00;189675,00;189675,00;189675,00;37935,00;1
WINQ26;13/03/2026;09:00:00;189685,00;189685,00;189685,00;189685,00;37937,00;1
WINQ26;12/03/2026;13:30:00;189685,00;189685,00;189685,00;189685,00;37937,00;1
WINQ26;12/03/2026;10:00:00;191000,00;191000,00;191000,00;191000,00;38200,00;1
WINQ26;12/03/2026;09:30:00;191795,00;191795,00;191350,00;191350,00;958085,00;25
WINQ26;12/03/2026;09:00:00;193000,00;193000,00;193000,00;193000,00;38600,00;1
WINQ26;11/03/2026;18:00:00;193535,00;193535,00;193535,00;193535,00;1935350,00;50
WINQ26;11/03/2026;16:30:00;193500,00;193500,00;193500,00;193500,00;38700,00;1
WINQ26;11/03/2026;12:00:00;194500,00;194500,00;194000,00;194000,00;77700,00;2
WINQ26;11/03/2026;11:30:00;194670,00;194670,00;194670,00;194670,00;38934,00;1
WINQ26;11/03/2026;11:00:00;195065,00;195065,00;195025,00;195025,00;1950642,00;50
WINQ26;11/03/2026;10:30:00;195000,00;195065,00;195000,00;195065,00;78013,00;2
WINQ26;11/03/2026;10:00:00;192900,00;192900,00;192900,00;192900,00;38580,00;1
WINQ26;10/03/2026;18:00:00;193500,00;193500,00;193500,00;193500,00;38700,00;1
WINQ26;10/03/2026;17:30:00;193775,00;193775,00;193775,00;193775,00;38755,00;1
WINQ26;10/03/2026;17:00:00;193650,00;193775,00;193650,00;193775,00;77485,00;2
WINQ26;10/03/2026;16:30:00;193660,00;193660,00;193250,00;193250,00;154758,00;4
WINQ26;10/03/2026;16:00:00;194090,00;194090,00;193770,00;193770,00;193964,00;5
WINQ26;10/03/2026;15:00:00;194960,00;194960,00;194960,00;194960,00;1949600,00;50
WINQ26;10/03/2026;13:30:00;193970,00;193970,00;193970,00;193970,00;38794,00;1
WINQ26;10/03/2026;12:00:00;193950,00;193950,00;193950,00;193950,00;38790,00;1
WINQ26;09/03/2026;18:00:00;191600,00;191600,00;191600,00;191600,00;38320,00;1
WINQ26;09/03/2026;16:30:00;191530,00;191530,00;191380,00;191400,00;114862,00;3
WINQ26;09/03/2026;16:00:00;190500,00;191530,00;190500,00;191530,00;421160,00;11
WINQ26;09/03/2026;13:00:00;189800,00;189800,00;189800,00;189800,00;37960,00;1
WINQ26;09/03/2026;12:00:00;189300,00;189500,00;189300,00;189500,00;75760,00;2
WINQ26;09/03/2026;10:00:00;189000,00;189000,00;189000,00;189000,00;37800,00;1
WINQ26;09/03/2026;09:00:00;188190,00;188190,00;188190,00;188190,00;112914,00;3
WINQ26;06/03/2026;17:30:00;189300,00;189500,00;189100,00;189500,00;113580,00;3
WINQ26;06/03/2026;17:00:00;189525,00;189525,00;189525,00;189525,00;37905,00;1
WINQ26;06/03/2026;16:30:00;189525,00;189525,00;189525,00;189525,00;1516200,00;40
WINQ26;06/03/2026;10:30:00;190500,00;190500,00;190500,00;190500,00;1524000,00;40
WINQ26;06/03/2026;10:00:00;190500,00;190500,00;190500,00;190500,00;38100,00;1
WINQ26;06/03/2026;09:30:00;189480,00;189480,00;189480,00;189480,00;1894800,00;50
WINQ26;06/03/2026;09:00:00;190455,00;190455,00;188535,00;188535,00;1546609,00;41
WINQ26;05/03/2026;18:00:00;190665,00;190665,00;190665,00;190665,00;76266,00;2
WINQ26;05/03/2026;17:00:00;190620,00;191600,00;190620,00;191600,00;190878,00;5
WINQ26;05/03/2026;14:30:00;191000,00;191000,00;191000,00;191000,00;38200,00;1
WINQ26;05/03/2026;12:00:00;191795,00;191795,00;191795,00;191795,00;38359,00;1
WINQ26;05/03/2026;11:30:00;192500,00;192500,00;192300,00;192300,00;76960,00;2
WINQ26;05/03/2026;11:00:00;193900,00;193900,00;193000,00;193000,00;850300,00;22
WINQ26;05/03/2026;10:30:00;194055,00;194055,00;194055,00;194055,00;38811,00;1
WINQ26;04/03/2026;11:30:00;194380,00;194380,00;193900,00;193900,00;116436,00;3
WINQ26;04/03/2026;10:30:00;195485,00;195485,00;195485,00;195485,00;195485,00;5
WINQ26;04/03/2026;10:00:00;196000,00;196000,00;196000,00;196000,00;78400,00;2
WINQ26;04/03/2026;09:00:00;194450,00;195075,00;194450,00;194690,00;700645,00;18
WINQ26;03/03/2026;18:00:00;193530,00;193530,00;192980,00;192980,00;154552,00;4
WINQ26;03/03/2026;16:00:00;194445,00;194650,00;194445,00;194650,00;9453290,00;243
WINQ26;03/03/2026;15:30:00;194675,00;194675,00;194465,00;194465,00;233409,00;6
WINQ26;03/03/2026;15:00:00;194000,00;194000,00;194000,00;194000,00;38800,00;1
WINQ26;03/03/2026;14:30:00;193865,00;193865,00;193850,00;193850,00;193859,00;5
WINQ26;03/03/2026;13:30:00;193040,00;193040,00;193040,00;193040,00;77216,00;2
WINQ26;03/03/2026;11:30:00;192500,00;192695,00;191780,00;191780,00;115395,00;3
WINQ26;03/03/2026;11:00:00;192850,00;192850,00;192850,00;192850,00;38570,00;1
WINQ26;03/03/2026;10:00:00;194750,00;194750,00;193985,00;193985,00;77747,00;2
WINQ26;03/03/2026;09:30:00;195180,00;195180,00;194750,00;194750,00;1092866,00;28
WINQ26;03/03/2026;09:00:00;198500,00;198500,00;195185,00;195185,00;78737,00;2
WINQ26;02/03/2026;17:30:00;200000,00;200000,00;200000,00;200000,00;40000,00;1
WINQ26;02/03/2026;16:30:00;200925,00;200925,00;200925,00;200925,00;200925,00;5
WINQ26;02/03/2026;16:00:00;200000,00;200925,00;200000,00;200925,00;120282,00;3
WINQ26;02/03/2026;15:00:00;199590,00;199590,00;199590,00;199590,00;159672,00;4
WINQ26;02/03/2026;11:30:00;198675,00;199025,00;198675,00;199025,00;596725,00;15
WINQ26;02/03/2026;11:00:00;197500,00;197500,00;197395,00;197395,00;434290,00;11
WINQ26;02/03/2026;10:00:00;198720,00;198720,00;198720,00;198720,00;39744,00;1
WINQ26;02/03/2026;09:30:00;198700,00;198700,00;197750,00;197750,00;118890,00;3
WINQ26;02/03/2026;09:00:00;199000,00;199000,00;199000,00;199000,00;79600,00;2
WINQ26;27/02/2026;18:00:00;199600,00;199600,00;199600,00;199600,00;79840,00;2
WINQ26;27/02/2026;17:00:00;199600,00;199600,00;199600,00;199600,00;39920,00;1
WINQ26;27/02/2026;16:30:00;199630,00;199630,00;199600,00;199600,00;1317366,00;33
WINQ26;27/02/2026;14:00:00;200620,00;200620,00;200620,00;200620,00;40124,00;1
WINQ26;27/02/2026;13:30:00;200900,00;200900,00;200620,00;200620,00;80304,00;2
WINQ26;27/02/2026;11:30:00;201740,00;201740,00;201740,00;201740,00;403480,00;10
WINQ26;27/02/2026;10:30:00;200400,00;200400,00;200400,00;200400,00;40080,00;1
WINQ26;27/02/2026;10:00:00;201020,00;201020,00;200960,00;200960,00;442124,00;11
WINQ26;27/02/2026;09:00:00;200200,00;200400,00;200200,00;200400,00;80120,00;2
WINQ26;26/02/2026;17:00:00;201995,00;202000,00;201995,00;202000,00;121199,00;3
WINQ26;26/02/2026;15:00:00;201200,00;201200,00;201200,00;201200,00;40240,00;1
WINQ26;26/02/2026;12:00:00;201000,00;201150,00;200600,00;200600,00;160779,00;4
WINQ26;26/02/2026;11:30:00;201750,00;201750,00;201300,00;201300,00;80610,00;2
WINQ26;26/02/2026;10:00:00;201900,00;201900,00;201900,00;201900,00;40380,00;1
WINQ26;26/02/2026;09:00:00;201800,00;201800,00;201795,00;201795,00;403591,00;10
WINQ26;25/02/2026;17:30:00;202040,00;202040,00;202040,00;202040,00;40408,00;1
WINQ26;25/02/2026;17:00:00;201700,00;201700,00;201700,00;201700,00;40340,00;1
WINQ26;25/02/2026;16:00:00;201890,00;201900,00;201890,00;201900,00;121136,00;3
WINQ26;25/02/2026;12:30:00;202190,00;202190,00;202000,00;202000,00;121238,00;3
WINQ26;25/02/2026;11:30:00;202605,00;202605,00;202405,00;202405,00;81002,00;2
WINQ26;25/02/2026;10:30:00;203000,00;203000,00;202605,00;202605,00;81121,00;2
WINQ26;25/02/2026;10:00:00;203625,00;203625,00;203515,00;203515,00;81428,00;2
WINQ26;24/02/2026;17:30:00;203000,00;203000,00;203000,00;203000,00;40600,00;1
WINQ26;24/02/2026;16:30:00;202775,00;202775,00;202775,00;202775,00;40555,00;1
WINQ26;24/02/2026;16:00:00;202535,00;202535,00;202535,00;202535,00;40507,00;1
WINQ26;24/02/2026;14:30:00;203000,00;203000,00;202890,00;202890,00;81178,00;2
WINQ26;24/02/2026;12:30:00;202000,00;202535,00;202000,00;202535,00;80907,00;2
WINQ26;24/02/2026;12:00:00;201500,00;202000,00;201500,00;202000,00;80700,00;2
WINQ26;24/02/2026;10:30:00;201500,00;201500,00;201250,00;201250,00;80550,00;2
WINQ26;24/02/2026;10:00:00;200750,00;200750,00;200750,00;200750,00;40150,00;1
WINQ26;24/02/2026;09:30:00;201000,00;201000,00;201000,00;201000,00;40200,00;1
WINQ26;24/02/2026;09:00:00;201000,00;201000,00;201000,00;201000,00;40200,00;1
WINQ26;23/02/2026;17:30:00;200050,00;200250,00;200050,00;200250,00;80060,00;2
WINQ26;23/02/2026;17:00:00;199975,00;199975,00;199975,00;199975,00;39995,00;1
WINQ26;23/02/2026;16:30:00;199820,00;199820,00;199820,00;199820,00;39964,00;1
WINQ26;23/02/2026;15:30:00;200600,00;200600,00;200340,00;200340,00;998334340,00;24916
WINQ26;23/02/2026;13:30:00;200335,00;200335,00;200335,00;200335,00;40067,00;1
WINQ26;23/02/2026;13:00:00;199975,00;199975,00;199975,00;199975,00;39995,00;1
WINQ26;23/02/2026;11:30:00;200960,00;200960,00;200960,00;200960,00;40192,00;1
WINQ26;20/02/2026;17:30:00;201750,00;201750,00;201595,00;201595,00;80669,00;2
WINQ26;20/02/2026;17:00:00;201900,00;202000,00;201900,00;202000,00;121180,00;3
WINQ26;20/02/2026;16:30:00;201300,00;201300,00;201300,00;201300,00;40260,00;1
WINQ26;20/02/2026;16:00:00;200900,00;200900,00;200900,00;200900,00;40180,00;1
WINQ26;20/02/2026;15:30:00;200655,00;200655,00;200655,00;200655,00;40131,00;1
WINQ26;20/02/2026;14:30:00;200100,00;200100,00;200100,00;200100,00;40020,00;1
WINQ26;20/02/2026;12:00:00;199225,00;200100,00;199225,00;200100,00;478775,00;12
WINQ26;20/02/2026;09:00:00;199500,00;199565,00;199500,00;199565,00;399117,00;10
WINQ26;19/02/2026;18:00:00;199700,00;199700,00;199700,00;199700,00;39940,00;1
WINQ26;19/02/2026;17:30:00;199330,00;199600,00;199330,00;199600,00;79786,00;2
WINQ26;19/02/2026;15:00:00;199700,00;199700,00;199700,00;199700,00;39940,00;1
WINQ26;19/02/2026;14:30:00;199850,00;199850,00;199850,00;199850,00;39970,00;1
WINQ26;19/02/2026;13:00:00;199645,00;199645,00;199645,00;199645,00;39929,00;1
WINQ26;19/02/2026;12:30:00;199475,00;199480,00;199465,00;199480,00;159577,00;4
WINQ26;19/02/2026;12:00:00;198110,00;198800,00;198110,00;198800,00;198376,00;5
WINQ26;19/02/2026;10:30:00;198000,00;198000,00;198000,00;198000,00;39600,00;1
WINQ26;19/02/2026;09:00:00;197345,00;198300,00;197345,00;198300,00;118598,00;3
WINQ26;13/02/2026;15:00:00;197540,00;197545,00;197540,00;197545,00;331869200,00;8400
WINQ26;13/02/2026;14:30:00;197540,00;197545,00;197540,00;197545,00;38757488,00;981
