WINQ26;24/07/2026;18:20:00;174850,00;174910,00;174700,00;174700,00;1293096017,00;36995
WINQ26;24/07/2026;18:00:00;174935,00;174950,00;174765,00;174850,00;3586759379,00;102569
WINQ26;24/07/2026;17:40:00;174920,00;174970,00;174860,00;174930,00;3055356701,00;87342
WINQ26;24/07/2026;17:20:00;174970,00;174990,00;174860,00;174920,00;4059516980,00;116032
WINQ26;24/07/2026;17:00:00;175045,00;175125,00;174915,00;174975,00;9074082664,00;259245
WINQ26;24/07/2026;16:40:00;175270,00;175310,00;174955,00;175045,00;1,355333528E10;386957
WINQ26;24/07/2026;16:20:00;175315,00;175380,00;175240,00;175275,00;7763259156,00;221432
WINQ26;24/07/2026;16:00:00;175405,00;175450,00;175280,00;175310,00;9071472800,00;258653
WINQ26;24/07/2026;15:40:00;175380,00;175435,00;175285,00;175400,00;6554797097,00;186891
WINQ26;24/07/2026;15:20:00;175275,00;175400,00;175225,00;175380,00;9207528585,00;262620
WINQ26;24/07/2026;15:00:00;175295,00;175395,00;175265,00;175275,00;8666340255,00;247127
WINQ26;24/07/2026;14:40:00;175405,00;175460,00;175210,00;175295,00;1,274383386E10;363396
WINQ26;24/07/2026;14:20:00;175385,00;175495,00;175340,00;175405,00;9476666531,00;270113
WINQ26;24/07/2026;14:00:00;175435,00;175470,00;175330,00;175390,00;1,021665921E10;291247
WINQ26;24/07/2026;13:40:00;175575,00;175585,00;175280,00;175430,00;1,461452289E10;416527
WINQ26;24/07/2026;13:20:00;175860,00;175930,00;175500,00;175570,00;1,562777894E10;444632
WINQ26;24/07/2026;13:00:00;176015,00;176070,00;175810,00;175865,00;8550032642,00;242973
WINQ26;24/07/2026;12:40:00;176075,00;176155,00;175920,00;176020,00;1,039126356E10;295190
WINQ26;24/07/2026;12:20:00;176205,00;176345,00;175975,00;176075,00;1,502079685E10;426367
WINQ26;24/07/2026;12:00:00;176390,00;176445,00;175850,00;176205,00;3,196200431E10;907318
WINQ26;24/07/2026;11:40:00;176135,00;176445,00;176075,00;176395,00;1,714074262E10;486257
WINQ26;24/07/2026;11:20:00;176175,00;176600,00;176065,00;176140,00;3,024987922E10;857662
WINQ26;24/07/2026;11:00:00;176135,00;176540,00;176085,00;176175,00;3,249202414E10;921456
WINQ26;24/07/2026;10:40:00;175810,00;176290,00;175725,00;176130,00;3,400842543E10;965929
WINQ26;24/07/2026;10:20:00;176105,00;176425,00;175755,00;175815,00;4,202734444E10;1193479
WINQ26;24/07/2026;10:00:00;176295,00;176470,00;175950,00;176110,00;4,423229983E10;1255099
WINQ26;24/07/2026;09:40:00;176390,00;176525,00;176155,00;176295,00;2,179042334E10;617831
WINQ26;24/07/2026;09:20:00;176660,00;176730,00;176315,00;176390,00;2,671535104E10;756786
WINQ26;24/07/2026;09:00:00;177860,00;177875,00;176430,00;176660,00;3,935234105E10;1112620
WINQ26;23/07/2026;18:20:00;177885,00;178025,00;177805,00;178025,00;1061500904,00;29823
WINQ26;23/07/2026;18:00:00;177850,00;177930,00;177790,00;177880,00;2320588047,00;65233
WINQ26;23/07/2026;17:40:00;177805,00;177865,00;177750,00;177850,00;2281292368,00;64147
WINQ26;23/07/2026;17:20:00;177750,00;177815,00;177730,00;177810,00;2835776513,00;79758
WINQ26;23/07/2026;17:00:00;177785,00;177915,00;177700,00;177750,00;7176163295,00;201798
WINQ26;23/07/2026;16:40:00;177755,00;177815,00;177645,00;177790,00;9144108850,00;257254
WINQ26;23/07/2026;16:20:00;177735,00;178055,00;177635,00;177755,00;1,528021932E10;429679
WINQ26;23/07/2026;16:00:00;177935,00;178075,00;177685,00;177735,00;1,273343447E10;357803
WINQ26;23/07/2026;15:40:00;177905,00;178000,00;177800,00;177935,00;9794512808,00;275289
WINQ26;23/07/2026;15:20:00;177675,00;178000,00;177665,00;177900,00;1,256753312E10;353345
WINQ26;23/07/2026;15:00:00;177545,00;177735,00;177500,00;177675,00;1,357196075E10;382030
WINQ26;23/07/2026;14:40:00;177485,00;177775,00;177440,00;177545,00;1,357552148E10;382154
WINQ26;23/07/2026;14:20:00;177660,00;177725,00;177450,00;177485,00;1,109424024E10;312354
WINQ26;23/07/2026;14:00:00;177770,00;177905,00;177465,00;177660,00;1,773610871E10;499109
WINQ26;23/07/2026;13:40:00;177725,00;177795,00;177640,00;177770,00;7271491292,00;204574
WINQ26;23/07/2026;13:20:00;177830,00;177875,00;177625,00;177725,00;1,082333418E10;304422
WINQ26;23/07/2026;13:00:00;177775,00;177910,00;177680,00;177825,00;1,125802079E10;316614
WINQ26;23/07/2026;12:40:00;177830,00;177900,00;177595,00;177775,00;1,5575826E10;438176
WINQ26;23/07/2026;12:20:00;178205,00;178260,00;177540,00;177830,00;2,875481211E10;808509
WINQ26;23/07/2026;12:00:00;178535,00;178655,00;178135,00;178205,00;2,343579367E10;656883
WINQ26;23/07/2026;11:40:00;178740,00;178760,00;178205,00;178530,00;2,40894979E10;674877
WINQ26;23/07/2026;11:20:00;178240,00;178825,00;178210,00;178735,00;2,693011342E10;754029
WINQ26;23/07/2026;11:00:00;178220,00;178570,00;177960,00;178245,00;3,4868646E10;977920
WINQ26;23/07/2026;10:40:00;178150,00;179125,00;178090,00;178210,00;5,210928839E10;1458413
WINQ26;23/07/2026;10:20:00;177580,00;178580,00;177400,00;178150,00;4,760985676E10;1336976
WINQ26;23/07/2026;10:00:00;178275,00;178440,00;177435,00;177575,00;5,268004216E10;1480304
WINQ26;23/07/2026;09:40:00;178500,00;178620,00;178105,00;178275,00;2,643357999E10;741211
WINQ26;23/07/2026;09:20:00;178135,00;178680,00;178090,00;178500,00;1,826469397E10;511802
WINQ26;23/07/2026;09:00:00;178400,00;178800,00;177740,00;178135,00;3,618379346E10;1014803
WINQ26;22/07/2026;18:20:00;179005,00;179015,00;178775,00;178775,00;1599361808,00;44713
WINQ26;22/07/2026;18:00:00;179030,00;179160,00;178950,00;179005,00;4338338239,00;121146
WINQ26;22/07/2026;17:40:00;179195,00;179195,00;178980,00;179030,00;5043090325,00;140829
WINQ26;22/07/2026;17:20:00;179165,00;179230,00;179110,00;179190,00;6332916778,00;176737
WINQ26;22/07/2026;17:00:00;178880,00;179205,00;178840,00;179165,00;1,362716403E10;380686
WINQ26;22/07/2026;16:40:00;178775,00;179000,00;178700,00;178880,00;1,444952594E10;403967
WINQ26;22/07/2026;16:20:00;178795,00;178900,00;178710,00;178775,00;9861259982,00;275756
WINQ26;22/07/2026;16:00:00;178965,00;178990,00;178740,00;178800,00;1,100787389E10;307785
WINQ26;22/07/2026;15:40:00;178790,00;179020,00;178735,00;178960,00;1,543108693E10;431400
WINQ26;22/07/2026;15:20:00;178620,00;178795,00;178600,00;178785,00;1,388697772E10;388591
WINQ26;22/07/2026;15:00:00;178705,00;178860,00;178555,00;178620,00;1,857139728E10;519647
WINQ26;22/07/2026;14:40:00;178370,00;178775,00;178335,00;178705,00;1,799253481E10;503746
WINQ26;22/07/2026;14:20:00;178130,00;178510,00;178120,00;178370,00;1,793179904E10;502787
WINQ26;22/07/2026;14:00:00;177795,00;178265,00;177755,00;178135,00;2,046069552E10;574543
WINQ26;22/07/2026;13:40:00;177735,00;177885,00;177635,00;177795,00;1,239441476E10;348618
WINQ26;22/07/2026;13:20:00;177450,00;177800,00;177415,00;177740,00;1,420056059E10;399707
WINQ26;22/07/2026;13:00:00;177460,00;177655,00;177400,00;177450,00;1,6636049E10;468566
WINQ26;22/07/2026;12:40:00;177315,00;177560,00;177235,00;177465,00;1,766506465E10;497812
WINQ26;22/07/2026;12:20:00;176840,00;177440,00;176790,00;177315,00;2,185809334E10;616889
WINQ26;22/07/2026;12:00:00;176820,00;177120,00;176705,00;176845,00;2,174613953E10;614592
WINQ26;22/07/2026;11:40:00;176820,00;176995,00;176585,00;176825,00;2,775974925E10;785139
WINQ26;22/07/2026;11:20:00;177420,00;177430,00;176770,00;176825,00;2,831947638E10;799677
WINQ26;22/07/2026;11:00:00;177875,00;177985,00;177095,00;177420,00;4,019345058E10;1132432
WINQ26;22/07/2026;10:40:00;176985,00;178270,00;176925,00;177875,00;5,728501552E10;1611260
WINQ26;22/07/2026;10:20:00;175865,00;177050,00;175745,00;176990,00;5,476024519E10;1551670
WINQ26;22/07/2026;10:00:00;175645,00;176145,00;175435,00;175860,00;5,138392917E10;1461282
WINQ26;22/07/2026;09:40:00;175530,00;175755,00;175115,00;175645,00;4,179611556E10;1191574
WINQ26;22/07/2026;09:20:00;175355,00;175690,00;175205,00;175530,00;3,020229488E10;860878
WINQ26;22/07/2026;09:00:00;174250,00;175600,00;174245,00;175355,00;4,674060091E10;1334104
WINQ26;21/07/2026;18:20:00;174690,00;174715,00;174630,00;174690,00;1110030916,00;31772
WINQ26;21/07/2026;18:00:00;174635,00;174735,00;174610,00;174695,00;3639901402,00;104194
WINQ26;21/07/2026;17:40:00;174515,00;174655,00;174500,00;174635,00;3480079673,00;99677
WINQ26;21/07/2026;17:20:00;174575,00;174585,00;174490,00;174515,00;4042207307,00;115805
WINQ26;21/07/2026;17:00:00;174675,00;174690,00;174525,00;174575,00;7499112971,00;214755
WINQ26;21/07/2026;16:40:00;174710,00;174790,00;174610,00;174680,00;1,0069093E10;288190
WINQ26;21/07/2026;16:20:00;174700,00;174785,00;174605,00;174705,00;9638031951,00;275828
WINQ26;21/07/2026;16:00:00;174730,00;174845,00;174680,00;174695,00;9386183580,00;268536
WINQ26;21/07/2026;15:40:00;174730,00;174785,00;174650,00;174735,00;7367391052,00;210835
WINQ26;21/07/2026;15:20:00;174625,00;174750,00;174600,00;174735,00;9572950459,00;274008
WINQ26;21/07/2026;15:00:00;174690,00;174700,00;174520,00;174625,00;1,149205036E10;329063
WINQ26;21/07/2026;14:40:00;174505,00;174700,00;174285,00;174690,00;2,110030528E10;604654
WINQ26;21/07/2026;14:20:00;174285,00;174525,00;174220,00;174505,00;1,342569084E10;384979
WINQ26;21/07/2026;14:00:00;174335,00;174490,00;174280,00;174285,00;1,086807376E10;311644
WINQ26;21/07/2026;13:40:00;174165,00;174415,00;174155,00;174335,00;9753046075,00;279774
WINQ26;21/07/2026;13:20:00;174070,00;174295,00;174070,00;174160,00;1,113479733E10;319586
WINQ26;21/07/2026;13:00:00;173965,00;174110,00;173935,00;174070,00;8557382405,00;245858
WINQ26;21/07/2026;12:40:00;174055,00;174160,00;173950,00;173960,00;1,036915972E10;297898
WINQ26;21/07/2026;12:20:00;173820,00;174140,00;173720,00;174060,00;1,725662489E10;496017
WINQ26;21/07/2026;12:00:00;173590,00;173830,00;173500,00;173820,00;1,506038305E10;433659
WINQ26;21/07/2026;11:40:00;173805,00;173945,00;173515,00;173595,00;2,07073698E10;595915
WINQ26;21/07/2026;11:20:00;174405,00;174420,00;173715,00;173805,00;2,607891579E10;749002
WINQ26;21/07/2026;11:00:00;174070,00;174610,00;173935,00;174405,00;3,177752947E10;911439
WINQ26;21/07/2026;10:40:00;174140,00;174530,00;173870,00;174070,00;4,175727953E10;1198784
WINQ26;21/07/2026;10:20:00;174525,00;175100,00;174115,00;174145,00;5,6508116E10;1618424
WINQ26;21/07/2026;10:00:00;174665,00;174980,00;174500,00;174525,00;3,672286501E10;1050945
WINQ26;21/07/2026;09:40:00;174965,00;175015,00;174550,00;174665,00;2,375138821E10;679668
WINQ26;21/07/2026;09:20:00;174785,00;174970,00;174425,00;174965,00;2,779311438E10;795579
WINQ26;21/07/2026;09:00:00;175245,00;175345,00;174535,00;174785,00;4,952603181E10;1415799
WINQ26;20/07/2026;18:20:00;174655,00;174665,00;174595,00;174665,00;1031171835,00;29520
WINQ26;20/07/2026;18:00:00;174745,00;174750,00;174560,00;174650,00;3711171260,00;106241
WINQ26;20/07/2026;17:40:00;174670,00;174795,00;174660,00;174745,00;2883593920,00;82517
WINQ26;20/07/2026;17:20:00;174735,00;174760,00;174625,00;174675,00;5345012221,00;152991
WINQ26;20/07/2026;17:00:00;175000,00;175045,00;174625,00;174730,00;1,099648576E10;314591
WINQ26;20/07/2026;16:40:00;175150,00;175235,00;174955,00;175005,00;1,017311644E10;290483
WINQ26;20/07/2026;16:20:00;175005,00;175225,00;174930,00;175155,00;1,194605382E10;341173
WINQ26;20/07/2026;16:00:00;175095,00;175200,00;174940,00;175000,00;1,14075927E10;325782
WINQ26;20/07/2026;15:40:00;175195,00;175195,00;174960,00;175095,00;1,158807178E10;330953
WINQ26;20/07/2026;15:20:00;175210,00;175310,00;175090,00;175195,00;1,17490227E10;335297
WINQ26;20/07/2026;15:00:00;175150,00;175365,00;175150,00;175210,00;1,128174175E10;321889
WINQ26;20/07/2026;14:40:00;174895,00;175175,00;174860,00;175150,00;1,006605436E10;287560
WINQ26;20/07/2026;14:20:00;174960,00;175045,00;174845,00;174895,00;9283378948,00;265308
WINQ26;20/07/2026;14:00:00;174960,00;175065,00;174900,00;174960,00;8978669982,00;256564
WINQ26;20/07/2026;13:40:00;175350,00;175380,00;174905,00;174960,00;1,695771509E10;484098
WINQ26;20/07/2026;13:20:00;175615,00;175690,00;175310,00;175345,00;1,191976848E10;339655
WINQ26;20/07/2026;13:00:00;175465,00;175710,00;175420,00;175615,00;1,054904693E10;300383
WINQ26;20/07/2026;12:40:00;175385,00;175610,00;175295,00;175465,00;1,174007955E10;334569
WINQ26;20/07/2026;12:20:00;175250,00;175475,00;175145,00;175380,00;1,458421011E10;415948
WINQ26;20/07/2026;12:00:00;175555,00;175650,00;175225,00;175250,00;1,986116464E10;566019
WINQ26;20/07/2026;11:40:00;175480,00;175800,00;175270,00;175555,00;2,460344795E10;700765
WINQ26;20/07/2026;11:20:00;175130,00;175525,00;174985,00;175475,00;2,050103244E10;584829
WINQ26;20/07/2026;11:00:00;175125,00;175435,00;174900,00;175125,00;2,870055586E10;819364
WINQ26;20/07/2026;10:40:00;175110,00;175245,00;174530,00;175120,00;4,004144949E10;1144727
WINQ26;20/07/2026;10:20:00;175150,00;175480,00;174795,00;175115,00;4,366946812E10;1246565
WINQ26;20/07/2026;10:00:00;175260,00;175955,00;175090,00;175155,00;4,558368516E10;1298885
WINQ26;20/07/2026;09:40:00;175055,00;175395,00;175000,00;175260,00;2,33312582E10;665930
WINQ26;20/07/2026;09:20:00;175060,00;175350,00;174780,00;175050,00;3,392325048E10;968662
WINQ26;20/07/2026;09:00:00;175580,00;175705,00;174725,00;175055,00;4,516125346E10;1288346
WINQ26;17/07/2026;18:20:00;174975,00;175100,00;174965,00;175070,00;1091093395,00;31164
WINQ26;17/07/2026;18:00:00;174935,00;175085,00;174880,00;174975,00;3157590744,00;90230
WINQ26;17/07/2026;17:40:00;174970,00;175080,00;174870,00;174935,00;4802568029,00;137247
WINQ26;17/07/2026;17:20:00;175210,00;175220,00;174935,00;174975,00;4700839071,00;134240
WINQ26;17/07/2026;17:00:00;175225,00;175275,00;175125,00;175205,00;7121804306,00;203250
WINQ26;17/07/2026;16:40:00;175015,00;175335,00;174990,00;175230,00;1,318022556E10;376146
WINQ26;17/07/2026;16:20:00;174835,00;175100,00;174755,00;175005,00;1,273888908E10;364056
WINQ26;17/07/2026;16:00:00;174920,00;174985,00;174740,00;174835,00;9464906644,00;270659
WINQ26;17/07/2026;15:40:00;174910,00;174985,00;174845,00;174925,00;7016809463,00;200576
WINQ26;17/07/2026;15:20:00;174975,00;174995,00;174810,00;174910,00;9583192941,00;273950
WINQ26;17/07/2026;15:00:00;175060,00;175070,00;174865,00;174975,00;1,644025796E10;469802
WINQ26;17/07/2026;14:40:00;175315,00;175380,00;175040,00;175055,00;1,48260331E10;423021
WINQ26;17/07/2026;14:20:00;175395,00;175535,00;175295,00;175315,00;9756485856,00;278105
WINQ26;17/07/2026;14:00:00;175380,00;175550,00;175345,00;175390,00;1,236217219E10;352320
WINQ26;17/07/2026;13:40:00;175335,00;175570,00;175305,00;175385,00;1,37444177E10;391698
WINQ26;17/07/2026;13:20:00;175645,00;175650,00;175275,00;175330,00;1,605387127E10;457532
WINQ26;17/07/2026;13:00:00;175950,00;176025,00;175585,00;175645,00;1,890879359E10;537662
WINQ26;17/07/2026;12:40:00;175900,00;176065,00;175740,00;175955,00;1,377652184E10;391633
WINQ26;17/07/2026;12:20:00;175865,00;176035,00;175775,00;175905,00;1,784806546E10;507284
WINQ26;17/07/2026;12:00:00;175670,00;175915,00;175475,00;175865,00;1,87850113E10;534571
WINQ26;17/07/2026;11:40:00;175520,00;175785,00;175360,00;175675,00;2,163134507E10;615901
WINQ26;17/07/2026;11:20:00;175300,00;175595,00;175265,00;175520,00;1,969379571E10;561313
WINQ26;17/07/2026;11:00:00;175765,00;175795,00;175075,00;175300,00;3,22597205E10;919705
WINQ26;17/07/2026;10:40:00;175160,00;175890,00;175100,00;175755,00;4,023754155E10;1146535
WINQ26;17/07/2026;10:20:00;175265,00;175650,00;174790,00;175165,00;5,270260446E10;1504016
WINQ26;17/07/2026;10:00:00;175290,00;175475,00;174945,00;175260,00;4,587617059E10;1309094
WINQ26;17/07/2026;09:40:00;175075,00;175460,00;175050,00;175295,00;2,459986981E10;701681
WINQ26;17/07/2026;09:20:00;175195,00;175250,00;174875,00;175075,00;2,893348827E10;826390
WINQ26;17/07/2026;09:00:00;174550,00;175650,00;174515,00;175195,00;4,649925732E10;1326799
WINQ26;16/07/2026;18:20:00;175210,00;175255,00;175140,00;175255,00;1163810111,00;33207
WINQ26;16/07/2026;18:00:00;175270,00;175290,00;175150,00;175215,00;2925090012,00;83472
WINQ26;16/07/2026;17:40:00;175280,00;175365,00;175205,00;175275,00;4521594355,00;128982
WINQ26;16/07/2026;17:20:00;175325,00;175340,00;175100,00;175280,00;6347342990,00;181120
WINQ26;16/07/2026;17:00:00;175435,00;175520,00;175310,00;175325,00;8719326026,00;248547
WINQ26;16/07/2026;16:40:00;175315,00;175450,00;175210,00;175435,00;1,046866162E10;298559
WINQ26;16/07/2026;16:20:00;175400,00;175445,00;175205,00;175320,00;9917352593,00;282849
WINQ26;16/07/2026;16:00:00;175395,00;175435,00;175260,00;175405,00;1,00067129E10;285336
WINQ26;16/07/2026;15:40:00;175320,00;175530,00;175280,00;175390,00;1,284319361E10;366116
WINQ26;16/07/2026;15:20:00;175490,00;175575,00;175260,00;175325,00;1,247748908E10;355685
WINQ26;16/07/2026;15:00:00;175455,00;175560,00;175160,00;175485,00;1,776878287E10;506598
WINQ26;16/07/2026;14:40:00;175690,00;175760,00;175355,00;175450,00;1,645582523E10;468640
WINQ26;16/07/2026;14:20:00;175675,00;175800,00;175570,00;175690,00;1,140029847E10;324411
WINQ26;16/07/2026;14:00:00;176105,00;176145,00;175535,00;175675,00;2,359720326E10;671153
WINQ26;16/07/2026;13:40:00;176365,00;176390,00;176060,00;176105,00;1,372163569E10;389394
WINQ26;16/07/2026;13:20:00;176360,00;176410,00;176195,00;176360,00;1,369783724E10;388483
WINQ26;16/07/2026;13:00:00;176720,00;176775,00;176325,00;176365,00;1,665830187E10;471928
WINQ26;16/07/2026;12:40:00;176800,00;176835,00;176580,00;176720,00;1,308554363E10;370224
WINQ26;16/07/2026;12:20:00;176490,00;176850,00;176455,00;176800,00;1,899255028E10;537558
WINQ26;16/07/2026;12:00:00;176630,00;176650,00;176340,00;176490,00;2,208085903E10;625511
WINQ26;16/07/2026;11:40:00;176275,00;176870,00;176195,00;176635,00;3,02522294E10;856633
WINQ26;16/07/2026;11:20:00;176310,00;176355,00;176070,00;176270,00;2,181653339E10;619033
WINQ26;16/07/2026;11:00:00;175700,00;176485,00;175650,00;176310,00;3,785419978E10;1074398
WINQ26;16/07/2026;10:40:00;175625,00;175795,00;175410,00;175705,00;3,395284494E10;966799
WINQ26;16/07/2026;10:20:00;176720,00;176870,00;175510,00;175630,00;5,671360712E10;1609400
WINQ26;16/07/2026;10:00:00;177310,00;177365,00;176580,00;176720,00;4,591393912E10;1297622
WINQ26;16/07/2026;09:40:00;177590,00;177695,00;177240,00;177305,00;2,568611683E10;723628
WINQ26;16/07/2026;09:20:00;178100,00;178115,00;177420,00;177590,00;2,869260295E10;807316
WINQ26;16/07/2026;09:00:00;177505,00;178765,00;177505,00;178095,00;4,696881357E10;1317687
WINQ26;15/07/2026;18:20:00;177755,00;177920,00;177745,00;177920,00;1040391681,00;29244
WINQ26;15/07/2026;18:00:00;177720,00;177920,00;177670,00;177755,00;3556198064,00;100005
WINQ26;15/07/2026;17:40:00;177700,00;177790,00;177645,00;177715,00;2842847294,00;79981
WINQ26;15/07/2026;17:20:00;177740,00;177765,00;177610,00;177695,00;4482860303,00;126145
WINQ26;15/07/2026;17:00:00;177695,00;177945,00;177690,00;177745,00;9796093957,00;275458
WINQ26;15/07/2026;16:40:00;177825,00;177825,00;177665,00;177695,00;9449497771,00;265810
WINQ26;15/07/2026;16:20:00;178055,00;178080,00;177735,00;177825,00;1,089339665E10;306152
WINQ26;15/07/2026;16:00:00;177805,00;178075,00;177785,00;178055,00;8288231998,00;232877
WINQ26;15/07/2026;15:40:00;177845,00;177920,00;177790,00;177810,00;8030975127,00;225781
WINQ26;15/07/2026;15:20:00;177865,00;178050,00;177775,00;177845,00;1,270189658E10;356980
WINQ26;15/07/2026;15:00:00;177825,00;177955,00;177685,00;177865,00;1,285830577E10;361524
WINQ26;15/07/2026;14:40:00;177690,00;177945,00;177625,00;177825,00;1,449353511E10;407548
WINQ26;15/07/2026;14:20:00;177320,00;177740,00;177240,00;177685,00;1,728399317E10;486833
WINQ26;15/07/2026;14:00:00;177145,00;177405,00;177140,00;177320,00;1,407741535E10;397071
WINQ26;15/07/2026;13:40:00;177260,00;177555,00;177035,00;177150,00;1,6875992E10;475902
WINQ26;15/07/2026;13:20:00;177390,00;177415,00;177205,00;177260,00;1,301906848E10;367130
WINQ26;15/07/2026;13:00:00;177475,00;177560,00;177310,00;177390,00;1,387643196E10;391058
WINQ26;15/07/2026;12:40:00;177495,00;177575,00;177390,00;177480,00;1,253418071E10;353126
WINQ26;15/07/2026;12:20:00;177915,00;177920,00;177435,00;177490,00;1,894158107E10;533219
WINQ26;15/07/2026;12:00:00;177885,00;178130,00;177720,00;177910,00;2,086585476E10;586344
WINQ26;15/07/2026;11:40:00;177825,00;177980,00;177530,00;177885,00;2,566796529E10;721987
WINQ26;15/07/2026;11:20:00;177725,00;177915,00;177350,00;177825,00;3,179963952E10;895133
WINQ26;15/07/2026;11:00:00;177750,00;178080,00;177650,00;177730,00;2,545052506E10;715463
WINQ26;15/07/2026;10:40:00;177635,00;177895,00;177365,00;177755,00;3,186685425E10;897076
WINQ26;15/07/2026;10:20:00;177915,00;178175,00;177555,00;177635,00;3,919775861E10;1101726
WINQ26;15/07/2026;10:00:00;178425,00;178500,00;177620,00;177915,00;5,018803476E10;1409343
WINQ26;15/07/2026;09:40:00;178390,00;178665,00;178315,00;178425,00;2,755111949E10;771818
WINQ26;15/07/2026;09:20:00;177865,00;178460,00;177775,00;178390,00;3,179138865E10;892609
WINQ26;15/07/2026;09:00:00;178050,00;178050,00;176980,00;177870,00;4,780267666E10;1345820
WINQ26;14/07/2026;18:20:00;178295,00;178325,00;178200,00;178200,00;1227165545,00;34426
WINQ26;14/07/2026;18:00:00;178520,00;178550,00;178280,00;178295,00;4274196071,00;119786
WINQ26;14/07/2026;17:40:00;178560,00;178570,00;178435,00;178525,00;4459072101,00;124910
WINQ26;14/07/2026;17:20:00;178405,00;178580,00;178360,00;178560,00;5642040722,00;158078
WINQ26;14/07/2026;17:00:00;178485,00;178660,00;178385,00;178405,00;9881202091,00;276750
WINQ26;14/07/2026;16:40:00;178315,00;178565,00;178310,00;178485,00;1,09670567E10;307311
WINQ26;14/07/2026;16:20:00;178385,00;178395,00;178185,00;178315,00;1,146915254E10;321660
WINQ26;14/07/2026;16:00:00;178460,00;178595,00;178360,00;178390,00;1,270872766E10;356044
WINQ26;14/07/2026;15:40:00;178080,00;178515,00;178055,00;178460,00;1,792258368E10;502540
WINQ26;14/07/2026;15:20:00;177935,00;178095,00;177885,00;178080,00;1,051347815E10;295298
WINQ26;14/07/2026;15:00:00;177805,00;178005,00;177805,00;177940,00;1,065949494E10;299561
WINQ26;14/07/2026;14:40:00;177770,00;178015,00;177760,00;177810,00;1,112552207E10;312733
WINQ26;14/07/2026;14:20:00;177800,00;177895,00;177755,00;177775,00;8428346040,00;236997
WINQ26;14/07/2026;14:00:00;178025,00;178060,00;177765,00;177795,00;1,26287413E10;354984
WINQ26;14/07/2026;13:40:00;178065,00;178180,00;177875,00;178025,00;1,362475922E10;382694
WINQ26;14/07/2026;13:20:00;177945,00;178090,00;177910,00;178065,00;9635311315,00;270669
WINQ26;14/07/2026;13:00:00;177910,00;178000,00;177560,00;177940,00;2,140348092E10;601888
WINQ26;14/07/2026;12:40:00;178135,00;178240,00;177865,00;177910,00;1,691115754E10;474938
WINQ26;14/07/2026;12:20:00;178425,00;178430,00;178130,00;178140,00;1,644064848E10;461089
WINQ26;14/07/2026;12:00:00;178085,00;178490,00;177855,00;178420,00;2,509290407E10;704172
WINQ26;14/07/2026;11:40:00;178385,00;178415,00;177905,00;178080,00;2,190364615E10;614974
WINQ26;14/07/2026;11:20:00;178235,00;178795,00;178185,00;178385,00;2,98889495E10;837468
WINQ26;14/07/2026;11:00:00;178640,00;178970,00;178145,00;178235,00;3,622299115E10;1014151
WINQ26;14/07/2026;10:40:00;178355,00;178720,00;178195,00;178635,00;3,346342418E10;937668
WINQ26;14/07/2026;10:20:00;177955,00;178555,00;177755,00;178350,00;4,643517685E10;1302792
WINQ26;14/07/2026;10:00:00;178235,00;178670,00;177760,00;177955,00;4,668601125E10;1309819
WINQ26;14/07/2026;09:40:00;178640,00;178720,00;178175,00;178235,00;2,995184598E10;839476
WINQ26;14/07/2026;09:20:00;177610,00;179220,00;177365,00;178635,00;5,276071001E10;1479616
WINQ26;14/07/2026;09:00:00;178140,00;178335,00;177285,00;177610,00;4,539047672E10;1276641
WINQ26;13/07/2026;18:20:00;177280,00;177400,00;177140,00;177400,00;1663963008,00;46915
WINQ26;13/07/2026;18:00:00;177120,00;177325,00;176990,00;177275,00;5402360288,00;152490
WINQ26;13/07/2026;17:40:00;177195,00;177200,00;177055,00;177125,00;5937048361,00;167605
WINQ26;13/07/2026;17:20:00;177270,00;177345,00;177170,00;177200,00;6708521521,00;189229
WINQ26;13/07/2026;17:00:00;177450,00;177690,00;177210,00;177270,00;1,775573247E10;500277
WINQ26;13/07/2026;16:40:00;177460,00;177630,00;177400,00;177455,00;1,298324438E10;365677
WINQ26;13/07/2026;16:20:00;177785,00;177815,00;177385,00;177460,00;1,806213253E10;508611
WINQ26;13/07/2026;16:00:00;177765,00;177900,00;177675,00;177785,00;1,244702146E10;350030
WINQ26;13/07/2026;15:40:00;177655,00;177795,00;177635,00;177765,00;1,217454344E10;342541
WINQ26;13/07/2026;15:20:00;177485,00;177770,00;177460,00;177660,00;1,279404121E10;360224
WINQ26;13/07/2026;15:00:00;177540,00;177675,00;177410,00;177485,00;1,760800325E10;495869
WINQ26;13/07/2026;14:40:00;177665,00;177760,00;177460,00;177540,00;1,789713426E10;503864
WINQ26;13/07/2026;14:20:00;178005,00;178015,00;177600,00;177670,00;1,931333053E10;543213
WINQ26;13/07/2026;14:00:00;177860,00;178065,00;177755,00;178010,00;1,51934724E10;427025
WINQ26;13/07/2026;13:40:00;178140,00;178285,00;177815,00;177860,00;1,959166669E10;550252
WINQ26;13/07/2026;13:20:00;178320,00;178400,00;178015,00;178145,00;2,010329685E10;564054
WINQ26;13/07/2026;13:00:00;178360,00;178450,00;178230,00;178320,00;1,229866787E10;344773
WINQ26;13/07/2026;12:40:00;178415,00;178555,00;178250,00;178365,00;1,430311446E10;400869
WINQ26;13/07/2026;12:20:00;178380,00;178595,00;178280,00;178415,00;1,700599102E10;476505
WINQ26;13/07/2026;12:00:00;178775,00;178850,00;178290,00;178380,00;2,160975447E10;605242
WINQ26;13/07/2026;11:40:00;178755,00;178795,00;178490,00;178775,00;2,232711624E10;624846
WINQ26;13/07/2026;11:20:00;178980,00;179070,00;178710,00;178755,00;2,202455783E10;615520
WINQ26;13/07/2026;11:00:00;179450,00;179495,00;178690,00;178985,00;3,975302001E10;1109699
WINQ26;13/07/2026;10:40:00;179155,00;179585,00;178955,00;179455,00;3,855252223E10;1075080
WINQ26;13/07/2026;10:20:00;179745,00;179965,00;179060,00;179155,00;4,691647633E10;1306020
WINQ26;13/07/2026;10:00:00;180150,00;180245,00;179605,00;179750,00;4,834144582E10;1343488
WINQ26;13/07/2026;09:40:00;179840,00;180220,00;179815,00;180145,00;3,058633558E10;849492
WINQ26;13/07/2026;09:20:00;179785,00;180000,00;179540,00;179840,00;2,510944299E10;698394
WINQ26;13/07/2026;09:00:00;179670,00;180235,00;179475,00;179790,00;4,43444134E10;1233042
WINQ26;10/07/2026;18:20:00;180560,00;180650,00;180515,00;180515,00;812120136,00;22488
WINQ26;10/07/2026;18:00:00;180445,00;180670,00;180400,00;180545,00;5316214232,00;147232
WINQ26;10/07/2026;17:40:00;180400,00;180595,00;180385,00;180440,00;5211680612,00;144382
WINQ26;10/07/2026;17:20:00;180275,00;180495,00;180270,00;180400,00;7691323862,00;213179
WINQ26;10/07/2026;17:00:00;179925,00;180390,00;179905,00;180275,00;1,700509171E10;472023
WINQ26;10/07/2026;16:40:00;179650,00;179955,00;179620,00;179925,00;1,275331151E10;354676
WINQ26;10/07/2026;16:20:00;179605,00;179760,00;179585,00;179645,00;9657318800,00;268763
WINQ26;10/07/2026;16:00:00;179490,00;179715,00;179425,00;179605,00;1,341649126E10;373532
WINQ26;10/07/2026;15:40:00;179615,00;179665,00;179410,00;179495,00;1,178847439E10;328308
WINQ26;10/07/2026;15:20:00;179855,00;179915,00;179585,00;179615,00;1,256941993E10;349655
WINQ26;10/07/2026;15:00:00;179330,00;179940,00;179325,00;179860,00;2,257574596E10;628298
WINQ26;10/07/2026;14:40:00;179330,00;179455,00;179240,00;179335,00;1,016973026E10;283519
WINQ26;10/07/2026;14:20:00;179255,00;179430,00;179250,00;179325,00;1,027912074E10;286562
WINQ26;10/07/2026;14:00:00;179375,00;179475,00;179240,00;179250,00;1,378135261E10;384206
WINQ26;10/07/2026;13:40:00;179240,00;179545,00;179210,00;179375,00;1,760211819E10;490622
WINQ26;10/07/2026;13:20:00;178855,00;179280,00;178825,00;179235,00;1,846412303E10;515472
WINQ26;10/07/2026;13:00:00;178430,00;178980,00;178415,00;178850,00;1,775686409E10;496736
WINQ26;10/07/2026;12:40:00;178230,00;178475,00;178190,00;178430,00;1,442972163E10;404557
WINQ26;10/07/2026;12:20:00;178220,00;178495,00;178145,00;178230,00;1,852164505E10;519363
WINQ26;10/07/2026;12:00:00;178720,00;178755,00;178170,00;178220,00;2,172379876E10;608839
WINQ26;10/07/2026;11:40:00;178440,00;179060,00;178415,00;178715,00;2,451619051E10;685635
WINQ26;10/07/2026;11:20:00;178790,00;178995,00;178005,00;178445,00;4,683006006E10;1311132
WINQ26;10/07/2026;11:00:00;178505,00;178850,00;178230,00;178785,00;4,124545816E10;1154794
WINQ26;10/07/2026;10:40:00;178420,00;178545,00;177825,00;178505,00;4,23815384E10;1188935
WINQ26;10/07/2026;10:20:00;177740,00;178465,00;177545,00;178420,00;4,731712499E10;1329097
WINQ26;10/07/2026;10:00:00;178310,00;178780,00;177720,00;177740,00;4,177398203E10;1171990
WINQ26;10/07/2026;09:40:00;177755,00;179300,00;177640,00;178315,00;3,737129424E10;1048679
WINQ26;10/07/2026;09:20:00;177435,00;177890,00;177375,00;177755,00;3,802329629E10;1070178
WINQ26;10/07/2026;09:00:00;175900,00;177675,00;175900,00;177440,00;6,497062027E10;1835811
WINQ26;09/07/2026;18:20:00;175355,00;175490,00;175285,00;175490,00;926030812,00;26397
WINQ26;09/07/2026;18:00:00;175165,00;175420,00;175155,00;175355,00;6002278103,00;171211
WINQ26;09/07/2026;17:40:00;175125,00;175195,00;175040,00;175160,00;4558603691,00;130160
WINQ26;09/07/2026;17:20:00;175185,00;175195,00;175070,00;175120,00;4187656207,00;119561
WINQ26;09/07/2026;17:00:00;175045,00;175230,00;174955,00;175185,00;1,118175297E10;319338
WINQ26;09/07/2026;16:40:00;174880,00;175080,00;174855,00;175040,00;1,090992248E10;311740
WINQ26;09/07/2026;16:20:00;174980,00;175045,00;174765,00;174880,00;1,213247388E10;346823
WINQ26;09/07/2026;16:00:00;174875,00;175020,00;174800,00;174975,00;1,163100725E10;332515
WINQ26;09/07/2026;15:40:00;174635,00;174925,00;174605,00;174870,00;1,17539025E10;336269
WINQ26;09/07/2026;15:20:00;174735,00;174760,00;174605,00;174630,00;9610205002,00;275093
WINQ26;09/07/2026;15:00:00;174865,00;174900,00;174660,00;174740,00;1,210073677E10;346229
WINQ26;09/07/2026;14:40:00;174900,00;174970,00;174815,00;174860,00;1,371142201E10;392011
WINQ26;09/07/2026;14:20:00;174475,00;174940,00;174475,00;174900,00;1,552508913E10;444377
WINQ26;09/07/2026;14:00:00;174465,00;174550,00;174370,00;174475,00;9160603237,00;262537
WINQ26;09/07/2026;13:40:00;174400,00;174490,00;174360,00;174465,00;8173212585,00;234283
WINQ26;09/07/2026;13:20:00;174665,00;174675,00;174395,00;174400,00;1,096469395E10;314121
WINQ26;09/07/2026;13:00:00;174460,00;174755,00;174455,00;174670,00;1,218878877E10;348996
WINQ26;09/07/2026;12:40:00;174415,00;174520,00;174370,00;174460,00;9313279591,00;266928
WINQ26;09/07/2026;12:20:00;174425,00;174435,00;174115,00;174415,00;1,733391686E10;497294
WINQ26;09/07/2026;12:00:00;174460,00;174720,00;174325,00;174425,00;2,280836401E10;653449
WINQ26;09/07/2026;11:40:00;174270,00;174495,00;174150,00;174465,00;1,765070438E10;506251
WINQ26;09/07/2026;11:20:00;173945,00;174415,00;173780,00;174270,00;3,479077914E10;998753
WINQ26;09/07/2026;11:00:00;173110,00;174075,00;173100,00;173950,00;4,3745741E10;1259321
WINQ26;09/07/2026;10:40:00;173080,00;173260,00;172830,00;173110,00;2,99771417E10;866258
WINQ26;09/07/2026;10:20:00;173390,00;173825,00;172935,00;173085,00;4,275228146E10;1233191
WINQ26;09/07/2026;10:00:00;173150,00;173795,00;173145,00;173385,00;4,41875537E10;1273826
WINQ26;09/07/2026;09:40:00;173425,00;173590,00;172995,00;173150,00;2,546887254E10;734705
WINQ26;09/07/2026;09:20:00;173660,00;173860,00;173365,00;173425,00;2,873181719E10;827345
WINQ26;09/07/2026;09:00:00;173025,00;173770,00;172460,00;173660,00;5,366805983E10;1548607
WINQ26;08/07/2026;18:20:00;172700,00;172720,00;172650,00;172665,00;573988198,00;16620
WINQ26;08/07/2026;18:00:00;172545,00;172715,00;172495,00;172695,00;3543570255,00;102650
WINQ26;08/07/2026;17:40:00;172465,00;172590,00;172465,00;172545,00;3406091445,00;98713
WINQ26;08/07/2026;17:20:00;172610,00;172615,00;172430,00;172465,00;5242851192,00;151954
WINQ26;08/07/2026;17:00:00;172865,00;172875,00;172555,00;172610,00;9743383020,00;282095
WINQ26;08/07/2026;16:40:00;173020,00;173060,00;172795,00;172865,00;1,092948379E10;316011
WINQ26;08/07/2026;16:20:00;172915,00;173070,00;172815,00;173015,00;8167775453,00;236137
WINQ26;08/07/2026;16:00:00;172810,00;172985,00;172790,00;172915,00;8710915579,00;251914
WINQ26;08/07/2026;15:40:00;172760,00;173000,00;172700,00;172810,00;1,106484866E10;320088
WINQ26;08/07/2026;15:20:00;172890,00;172935,00;172715,00;172755,00;1,141102942E10;330144
WINQ26;08/07/2026;15:00:00;172605,00;172955,00;172595,00;172895,00;1,338275353E10;387177
WINQ26;08/07/2026;14:40:00;172615,00;172685,00;172505,00;172605,00;1,020216603E10;295557
WINQ26;08/07/2026;14:20:00;172720,00;172885,00;172590,00;172615,00;1,259765326E10;364699
WINQ26;08/07/2026;14:00:00;172790,00;172800,00;172480,00;172725,00;1,393231277E10;403517
WINQ26;08/07/2026;13:40:00;172350,00;172970,00;172290,00;172790,00;1,93038423E10;558908
WINQ26;08/07/2026;13:20:00;172305,00;172390,00;172170,00;172345,00;1,274975099E10;370006
WINQ26;08/07/2026;13:00:00;172255,00;172380,00;172210,00;172305,00;9178533994,00;266368
WINQ26;08/07/2026;12:40:00;172495,00;172620,00;172245,00;172260,00;1,265306577E10;366931
WINQ26;08/07/2026;12:20:00;172355,00;172675,00;172275,00;172495,00;1,392572784E10;403766
WINQ26;08/07/2026;12:00:00;172230,00;172600,00;172075,00;172355,00;2,135622324E10;619523
WINQ26;08/07/2026;11:40:00;172535,00;172585,00;172135,00;172235,00;2,546958428E10;739017
WINQ26;08/07/2026;11:20:00;172760,00;173095,00;172440,00;172530,00;2,843324477E10;822868
WINQ26;08/07/2026;11:00:00;172745,00;173115,00;172560,00;172755,00;3,142008251E10;909088
WINQ26;08/07/2026;10:40:00;172975,00;173280,00;172610,00;172740,00;3,664885189E10;1059728
WINQ26;08/07/2026;10:20:00;172450,00;173500,00;172005,00;172975,00;6,366147325E10;1841818
WINQ26;08/07/2026;10:00:00;173560,00;173800,00;172435,00;172450,00;5,904426332E10;1704466
WINQ26;08/07/2026;09:40:00;173645,00;173780,00;173480,00;173565,00;2,103908667E10;605931
WINQ26;08/07/2026;09:20:00;173600,00;173885,00;173535,00;173645,00;2,367135746E10;681467
WINQ26;08/07/2026;09:00:00;172230,00;173800,00;172065,00;173600,00;5,012019348E10;1445671
WINQ26;07/07/2026;18:20:00;173640,00;173730,00;173600,00;173600,00;1150549093,00;33133
WINQ26;07/07/2026;18:00:00;173955,00;173965,00;173610,00;173640,00;3931663705,00;113106
WINQ26;07/07/2026;17:40:00;173980,00;173995,00;173925,00;173955,00;2591585222,00;74487
WINQ26;07/07/2026;17:20:00;174085,00;174105,00;173945,00;173985,00;3308410151,00;95051
WINQ26;07/07/2026;17:00:00;174035,00;174195,00;174005,00;174080,00;7253143452,00;208301
WINQ26;07/07/2026;16:40:00;173995,00;174130,00;173900,00;174035,00;9974447886,00;286589
WINQ26;07/07/2026;16:20:00;174105,00;174190,00;173870,00;173995,00;1,41806736E10;407395
WINQ26;07/07/2026;16:00:00;174145,00;174180,00;173945,00;174100,00;1,62638527E10;467182
WINQ26;07/07/2026;15:40:00;174115,00;174345,00;174075,00;174145,00;1,783426063E10;511910
WINQ26;07/07/2026;15:20:00;173900,00;174250,00;173830,00;174115,00;1,58396509E10;455075
WINQ26;07/07/2026;15:00:00;174015,00;174080,00;173710,00;173895,00;1,436186525E10;413040
WINQ26;07/07/2026;14:40:00;173905,00;174070,00;173860,00;174020,00;1,041593781E10;299354
WINQ26;07/07/2026;14:20:00;173950,00;174210,00;173905,00;173910,00;1,720108458E10;494048
WINQ26;07/07/2026;14:00:00;173755,00;174010,00;173750,00;173955,00;1,61708473E10;464949
WINQ26;07/07/2026;13:40:00;173740,00;173765,00;173610,00;173760,00;8694501024,00;250292
WINQ26;07/07/2026;13:20:00;173730,00;173825,00;173670,00;173745,00;1,06636735E10;306880
WINQ26;07/07/2026;13:00:00;173695,00;173750,00;173545,00;173725,00;1,165302151E10;335486
WINQ26;07/07/2026;12:40:00;173660,00;173805,00;173620,00;173695,00;1,279476832E10;368268
WINQ26;07/07/2026;12:20:00;173795,00;173975,00;173630,00;173655,00;1,790501657E10;515047
WINQ26;07/07/2026;12:00:00;174235,00;174245,00;173685,00;173800,00;2,460072669E10;707168
WINQ26;07/07/2026;11:40:00;173935,00;174540,00;173930,00;174230,00;2,842314488E10;815427
WINQ26;07/07/2026;11:20:00;174200,00;174280,00;173575,00;173935,00;3,440400948E10;989195
WINQ26;07/07/2026;11:00:00;174705,00;175085,00;174120,00;174195,00;4,764203013E10;1364258
WINQ26;07/07/2026;10:40:00;175565,00;175795,00;174545,00;174710,00;5,141085606E10;1466308
WINQ26;07/07/2026;10:20:00;175130,00;175745,00;174620,00;175565,00;5,56581827E10;1588341
WINQ26;07/07/2026;10:00:00;175130,00;175350,00;174690,00;175130,00;6,215626891E10;1776052
WINQ26;07/07/2026;09:40:00;175195,00;175430,00;175010,00;175130,00;2,776885816E10;792476
WINQ26;07/07/2026;09:20:00;175385,00;175590,00;175110,00;175195,00;3,812393926E10;1087162
WINQ26;07/07/2026;09:00:00;174370,00;175690,00;174260,00;175390,00;5,368193129E10;1531460
WINQ26;06/07/2026;18:20:00;174510,00;174565,00;174490,00;174535,00;1160320906,00;33241
WINQ26;06/07/2026;18:00:00;174805,00;174850,00;174480,00;174510,00;5711781745,00;163479
WINQ26;06/07/2026;17:40:00;174690,00;174835,00;174680,00;174810,00;4211483462,00;120481
WINQ26;06/07/2026;17:20:00;174685,00;174715,00;174620,00;174685,00;3437874658,00;98410
WINQ26;06/07/2026;17:00:00;174615,00;174725,00;174585,00;174690,00;6644317972,00;190196
WINQ26;06/07/2026;16:40:00;174600,00;174720,00;174555,00;174615,00;9354967882,00;267860
WINQ26;06/07/2026;16:20:00;174540,00;174700,00;174510,00;174595,00;1,108019753E10;317296
WINQ26;06/07/2026;16:00:00;174670,00;174690,00;174425,00;174545,00;1,220712339E10;349662
WINQ26;06/07/2026;15:40:00;174725,00;174800,00;174620,00;174670,00;9700623396,00;277635
WINQ26;06/07/2026;15:20:00;174805,00;174900,00;174695,00;174720,00;1,231535945E10;352264
WINQ26;06/07/2026;15:00:00;174810,00;174870,00;174550,00;174805,00;1,539289068E10;440461
WINQ26;06/07/2026;14:40:00;174520,00;174875,00;174480,00;174810,00;1,744250902E10;499126
WINQ26;06/07/2026;14:20:00;174370,00;174755,00;174365,00;174525,00;1,969301779E10;563959
WINQ26;06/07/2026;14:00:00;174295,00;174455,00;174215,00;174375,00;1,363778681E10;391130
WINQ26;06/07/2026;13:40:00;174290,00;174400,00;174160,00;174295,00;1,206387595E10;346093
WINQ26;06/07/2026;13:20:00;174190,00;174310,00;174085,00;174290,00;9495934390,00;272603
WINQ26;06/07/2026;13:00:00;174215,00;174255,00;174065,00;174195,00;1,089520694E10;312784
WINQ26;06/07/2026;12:40:00;174415,00;174465,00;174155,00;174220,00;1,32586848E10;380390
WINQ26;06/07/2026;12:20:00;174075,00;174450,00;174045,00;174410,00;1,8974046E10;544337
WINQ26;06/07/2026;12:00:00;174125,00;174310,00;174015,00;174070,00;2,076028794E10;595905
WINQ26;06/07/2026;11:40:00;174155,00;174180,00;173855,00;174120,00;2,408614519E10;692035
WINQ26;06/07/2026;11:20:00;174280,00;174415,00;174100,00;174160,00;1,98800035E10;570513
WINQ26;06/07/2026;11:00:00;174695,00;174805,00;174075,00;174280,00;3,425145208E10;982396
WINQ26;06/07/2026;10:40:00;174705,00;175480,00;174560,00;174705,00;4,634497586E10;1324180
WINQ26;06/07/2026;10:20:00;174925,00;175010,00;174470,00;174705,00;5,166712417E10;1478566
WINQ26;06/07/2026;10:00:00;175110,00;175290,00;174785,00;174925,00;4,975725419E10;1421621
WINQ26;06/07/2026;09:40:00;175145,00;175355,00;175000,00;175110,00;2,144504355E10;612187
WINQ26;06/07/2026;09:20:00;175615,00;175655,00;175055,00;175150,00;3,127531184E10;892166
WINQ26;06/07/2026;09:00:00;176600,00;176835,00;175155,00;175615,00;5,234463307E10;1489930
WINQ26;03/07/2026;18:20:00;176780,00;176910,00;176725,00;176910,00;1004273815,00;28390
WINQ26;03/07/2026;18:00:00;176830,00;176870,00;176710,00;176780,00;2248717010,00;63597
WINQ26;03/07/2026;17:40:00;176780,00;176880,00;176730,00;176830,00;3643905764,00;103055
WINQ26;03/07/2026;17:20:00;176660,00;176835,00;176635,00;176780,00;4626025518,00;130882
WINQ26;03/07/2026;17:00:00;176790,00;176790,00;176530,00;176655,00;7716232275,00;218415
WINQ26;03/07/2026;16:40:00;176635,00;176800,00;176510,00;176790,00;9412703232,00;266461
WINQ26;03/07/2026;16:20:00;176730,00;176840,00;176590,00;176630,00;8788341987,00;248687
WINQ26;03/07/2026;16:00:00;176815,00;176870,00;176700,00;176735,00;6166924134,00;174434
WINQ26;03/07/2026;15:40:00;176845,00;176875,00;176780,00;176815,00;4315823735,00;122035
WINQ26;03/07/2026;15:20:00;176820,00;176905,00;176800,00;176840,00;6109899197,00;172746
WINQ26;03/07/2026;15:00:00;176935,00;176945,00;176730,00;176815,00;9897691369,00;279883
WINQ26;03/07/2026;14:40:00;177010,00;177055,00;176905,00;176935,00;5361670586,00;151482
WINQ26;03/07/2026;14:20:00;176775,00;177085,00;176760,00;177010,00;1,096425268E10;309857
WINQ26;03/07/2026;14:00:00;176910,00;176965,00;176740,00;176775,00;8668968532,00;245079
WINQ26;03/07/2026;13:40:00;176945,00;177010,00;176880,00;176905,00;6315265089,00;178457
WINQ26;03/07/2026;13:20:00;177080,00;177100,00;176870,00;176940,00;9626322118,00;271966
WINQ26;03/07/2026;13:00:00;176900,00;177175,00;176895,00;177080,00;1,261932782E10;356357
WINQ26;03/07/2026;12:40:00;176920,00;177020,00;176875,00;176900,00;8526445603,00;240938
WINQ26;03/07/2026;12:20:00;176870,00;176995,00;176775,00;176920,00;1,306737553E10;369379
WINQ26;03/07/2026;12:00:00;176690,00;176945,00;176635,00;176870,00;1,600735212E10;452635
WINQ26;03/07/2026;11:40:00;176625,00;176775,00;176515,00;176685,00;1,583400873E10;448205
WINQ26;03/07/2026;11:20:00;176370,00;176735,00;176340,00;176625,00;1,910340259E10;541098
WINQ26;03/07/2026;11:00:00;176055,00;176700,00;176020,00;176370,00;2,965020776E10;840243
WINQ26;03/07/2026;10:40:00;175875,00;176185,00;175760,00;176055,00;2,930136815E10;832528
WINQ26;03/07/2026;10:20:00;175665,00;175995,00;175300,00;175875,00;3,896274075E10;1109162
WINQ26;03/07/2026;10:00:00;176325,00;176515,00;175500,00;175660,00;5,477148303E10;1556311
WINQ26;03/07/2026;09:40:00;176490,00;176790,00;176240,00;176325,00;2,831260795E10;802101
WINQ26;03/07/2026;09:20:00;176460,00;176775,00;176285,00;176490,00;3,077297053E10;871521
WINQ26;03/07/2026;09:00:00;175725,00;176715,00;175550,00;176465,00;4,468266035E10;1267630
WINQ26;02/07/2026;18:20:00;175225,00;175225,00;175105,00;175175,00;1208512871,00;34495
WINQ26;02/07/2026;18:00:00;175295,00;175355,00;175140,00;175225,00;2841983501,00;81082
WINQ26;02/07/2026;17:40:00;175360,00;175400,00;175260,00;175290,00;3373154971,00;96184
WINQ26;02/07/2026;17:20:00;175295,00;175420,00;175250,00;175365,00;4117605917,00;117418
WINQ26;02/07/2026;17:00:00;175285,00;175400,00;175120,00;175295,00;8668447076,00;247279
WINQ26;02/07/2026;16:40:00;174920,00;175295,00;174830,00;175280,00;1,36153065E10;388988
WINQ26;02/07/2026;16:20:00;174905,00;174935,00;174695,00;174920,00;8284839035,00;236927
WINQ26;02/07/2026;16:00:00;175225,00;175265,00;174830,00;174905,00;1,141357334E10;326034
WINQ26;02/07/2026;15:40:00;175145,00;175305,00;175020,00;175225,00;1,0789823E10;307969
WINQ26;02/07/2026;15:20:00;174645,00;175240,00;174630,00;175145,00;1,490083044E10;425738
WINQ26;02/07/2026;15:00:00;174595,00;174880,00;174500,00;174645,00;1,405250494E10;402134
WINQ26;02/07/2026;14:40:00;174580,00;174750,00;174545,00;174595,00;1,026260055E10;293812
WINQ26;02/07/2026;14:20:00;174745,00;174770,00;174515,00;174580,00;9550947877,00;273452
WINQ26;02/07/2026;14:00:00;174525,00;174815,00;174515,00;174740,00;1,212609217E10;347026
WINQ26;02/07/2026;13:40:00;174630,00;174845,00;174475,00;174530,00;1,254515402E10;359062
WINQ26;02/07/2026;13:20:00;174820,00;174880,00;174525,00;174630,00;1,49920348E10;429147
WINQ26;02/07/2026;13:00:00;174740,00;175000,00;174670,00;174820,00;1,461235466E10;417839
WINQ26;02/07/2026;12:40:00;174780,00;174880,00;174675,00;174745,00;1,250167672E10;357660
WINQ26;02/07/2026;12:20:00;174380,00;174840,00;174335,00;174780,00;1,816563816E10;519982
WINQ26;02/07/2026;12:00:00;174945,00;175115,00;174240,00;174375,00;2,679606933E10;767097
WINQ26;02/07/2026;11:40:00;174880,00;175040,00;174630,00;174945,00;2,753299885E10;787345
WINQ26;02/07/2026;11:20:00;175935,00;175940,00;174800,00;174875,00;4,028686471E10;1148801
WINQ26;02/07/2026;11:00:00;175925,00;176180,00;175670,00;175935,00;3,092587222E10;878724
WINQ26;02/07/2026;10:40:00;176420,00;177055,00;175730,00;175925,00;5,346802952E10;1514507
WINQ26;02/07/2026;10:20:00;175620,00;176460,00;175070,00;176420,00;5,244269482E10;1493339
WINQ26;02/07/2026;10:00:00;175745,00;175970,00;175275,00;175620,00;4,592710566E10;1307224
WINQ26;02/07/2026;09:40:00;176495,00;176655,00;175595,00;175745,00;3,659311981E10;1039380
WINQ26;02/07/2026;09:20:00;174575,00;176565,00;174325,00;176490,00;4,631833508E10;1319047
WINQ26;02/07/2026;09:00:00;174560,00;174885,00;173910,00;174580,00;4,094348085E10;1173022
WINQ26;01/07/2026;18:20:00;174550,00;174580,00;174510,00;174530,00;1062745238,00;30445
WINQ26;01/07/2026;18:00:00;174540,00;174585,00;174430,00;174545,00;2963829721,00;84921
WINQ26;01/07/2026;17:40:00;174450,00;174645,00;174405,00;174545,00;5118251294,00;146642
WINQ26;01/07/2026;17:20:00;174245,00;174475,00;174190,00;174450,00;4157349784,00;119254
WINQ26;01/07/2026;17:00:00;174280,00;174410,00;174105,00;174245,00;8292524822,00;237918
WINQ26;01/07/2026;16:40:00;174345,00;174480,00;174190,00;174280,00;8996495595,00;258036
WINQ26;01/07/2026;16:20:00;174440,00;174515,00;174185,00;174340,00;1,000089309E10;286809
WINQ26;01/07/2026;16:00:00;174105,00;174565,00;174000,00;174435,00;1,463193998E10;419818
WINQ26;01/07/2026;15:40:00;174050,00;174125,00;173990,00;174105,00;5088176819,00;146164
WINQ26;01/07/2026;15:20:00;174020,00;174240,00;174005,00;174055,00;1,090656425E10;313217
WINQ26;01/07/2026;15:00:00;174145,00;174310,00;173915,00;174025,00;1,252331275E10;359700
WINQ26;01/07/2026;14:40:00;174515,00;174600,00;174005,00;174145,00;1,473792839E10;422856
WINQ26;01/07/2026;14:20:00;174500,00;174625,00;174375,00;174510,00;8877382414,00;254341
WINQ26;01/07/2026;14:00:00;174360,00;174685,00;174345,00;174500,00;1,139051968E10;326324
WINQ26;01/07/2026;13:40:00;174555,00;174640,00;174260,00;174355,00;1,142737796E10;327512
WINQ26;01/07/2026;13:20:00;174390,00;174640,00;174255,00;174560,00;1,158931767E10;332121
WINQ26;01/07/2026;13:00:00;174265,00;174495,00;174210,00;174390,00;9726777468,00;278884
WINQ26;01/07/2026;12:40:00;174050,00;174540,00;174025,00;174270,00;1,970468858E10;565160
WINQ26;01/07/2026;12:20:00;173560,00;174085,00;173465,00;174050,00;1,781720011E10;512785
WINQ26;01/07/2026;12:00:00;173705,00;173835,00;173475,00;173565,00;1,802942237E10;519154
WINQ26;01/07/2026;11:40:00;174085,00;174165,00;173660,00;173705,00;2,376798214E10;683376
WINQ26;01/07/2026;11:20:00;174340,00;174435,00;173880,00;174085,00;2,761487492E10;793034
WINQ26;01/07/2026;11:00:00;173830,00;174480,00;173705,00;174340,00;3,274717436E10;940804
WINQ26;01/07/2026;10:40:00;173785,00;174270,00;173460,00;173830,00;4,508171809E10;1296334
WINQ26;01/07/2026;10:20:00;172480,00;173885,00;172395,00;173785,00;6,08301753E10;1758041
WINQ26;01/07/2026;10:00:00;172385,00;172660,00;172050,00;172475,00;4,176657349E10;1211692
WINQ26;01/07/2026;09:40:00;172415,00;172660,00;172190,00;172385,00;2,781446281E10;806516
WINQ26;01/07/2026;09:20:00;172680,00;172890,00;172360,00;172410,00;3,114844344E10;902226
WINQ26;01/07/2026;09:00:00;174005,00;174230,00;172640,00;172680,00;4,717279971E10;1361541
WINQ26;30/06/2026;18:20:00;174630,00;174685,00;174565,00;174590,00;1056221155,00;30246
WINQ26;30/06/2026;18:00:00;174720,00;174725,00;174570,00;174635,00;2905019534,00;83175
WINQ26;30/06/2026;17:40:00;174590,00;174750,00;174585,00;174720,00;3952473181,00;113145
WINQ26;30/06/2026;17:20:00;174680,00;174700,00;174540,00;174590,00;3726261086,00;106696
WINQ26;30/06/2026;17:00:00;174810,00;174870,00;174630,00;174680,00;7550201049,00;216004
WINQ26;30/06/2026;16:40:00;174905,00;174920,00;174730,00;174805,00;1,027376044E10;293829
WINQ26;30/06/2026;16:20:00;174900,00;175040,00;174755,00;174900,00;1,258077649E10;359654
WINQ26;30/06/2026;16:00:00;175025,00;175090,00;174810,00;174895,00;1,046963834E10;299275
WINQ26;30/06/2026;15:40:00;175030,00;175140,00;174910,00;175025,00;1,108265307E10;316591
WINQ26;30/06/2026;15:20:00;175350,00;175380,00;174955,00;175030,00;1,418577325E10;405017
WINQ26;30/06/2026;15:00:00;175380,00;175385,00;175140,00;175345,00;1,460305459E10;416635
WINQ26;30/06/2026;14:40:00;174910,00;175445,00;174895,00;175375,00;1,695278369E10;483762
WINQ26;30/06/2026;14:20:00;174900,00;175100,00;174830,00;174910,00;1,470594109E10;420231
WINQ26;30/06/2026;14:00:00;174750,00;175040,00;174665,00;174905,00;1,66535122E10;476216
WINQ26;30/06/2026;13:40:00;174940,00;175060,00;174690,00;174745,00;1,532292704E10;438117
WINQ26;30/06/2026;13:20:00;174835,00;175160,00;174800,00;174940,00;1,484027097E10;424052
WINQ26;30/06/2026;13:00:00;174675,00;174970,00;174640,00;174830,00;1,536610512E10;439509
WINQ26;30/06/2026;12:40:00;174445,00;174695,00;174375,00;174675,00;1,313425983E10;376166
WINQ26;30/06/2026;12:20:00;174395,00;174600,00;174195,00;174450,00;1,677808823E10;480978
WINQ26;30/06/2026;12:00:00;174110,00;174725,00;174030,00;174395,00;2,488439002E10;713434
WINQ26;30/06/2026;11:40:00;174100,00;174250,00;173825,00;174110,00;2,519970037E10;723818
WINQ26;30/06/2026;11:20:00;174190,00;174280,00;173870,00;174100,00;3,026003236E10;869147
WINQ26;30/06/2026;11:00:00;173810,00;174795,00;173495,00;174185,00;4,541073455E10;1303434
WINQ26;30/06/2026;10:40:00;173405,00;173910,00;173025,00;173805,00;3,996980804E10;1151587
WINQ26;30/06/2026;10:20:00;173875,00;173970,00;173320,00;173410,00;4,530730342E10;1304564
WINQ26;30/06/2026;10:00:00;174670,00;174685,00;173520,00;173875,00;5,36421991E10;1541121
WINQ26;30/06/2026;09:40:00;174850,00;175175,00;174590,00;174675,00;2,756628321E10;787935
WINQ26;30/06/2026;09:20:00;174815,00;175065,00;174330,00;174850,00;4,448942258E10;1273020
WINQ26;30/06/2026;09:00:00;175910,00;176140,00;174495,00;174810,00;5,785948918E10;1649784
WINQ26;29/06/2026;18:20:00;175890,00;175905,00;175760,00;175760,00;1120365358,00;31866
WINQ26;29/06/2026;18:00:00;175935,00;176000,00;175835,00;175890,00;3156925770,00;89729
WINQ26;29/06/2026;17:40:00;175950,00;176020,00;175915,00;175935,00;2649933105,00;75297
WINQ26;29/06/2026;17:20:00;175960,00;176095,00;175930,00;175950,00;4930604409,00;140062
WINQ26;29/06/2026;17:00:00;175855,00;175970,00;175805,00;175965,00;6103221395,00;173484
WINQ26;29/06/2026;16:40:00;175855,00;175940,00;175775,00;175850,00;8510333581,00;241961
WINQ26;29/06/2026;16:20:00;176135,00;176215,00;175810,00;175850,00;9523326977,00;270540
WINQ26;29/06/2026;16:00:00;176240,00;176270,00;176100,00;176135,00;6010453303,00;170586
WINQ26;29/06/2026;15:40:00;176310,00;176410,00;176170,00;176245,00;6686138582,00;189633
WINQ26;29/06/2026;15:20:00;176165,00;176320,00;176145,00;176310,00;6210152072,00;176178
WINQ26;29/06/2026;15:00:00;176060,00;176250,00;176050,00;176170,00;6786684328,00;192641
WINQ26;29/06/2026;14:40:00;176030,00;176095,00;175910,00;176060,00;5646898635,00;160424
WINQ26;29/06/2026;14:20:00;176090,00;176170,00;175995,00;176030,00;5499783018,00;156170
WINQ26;29/06/2026;14:00:00;176005,00;176185,00;175960,00;176095,00;6236306354,00;177074
WINQ26;29/06/2026;13:40:00;175880,00;176240,00;175865,00;176005,00;1,124267038E10;319271
WINQ26;29/06/2026;13:20:00;175615,00;175950,00;175535,00;175880,00;1,166849056E10;331984
WINQ26;29/06/2026;13:00:00;175325,00;175625,00;175260,00;175615,00;1,084561493E10;309086
WINQ26;29/06/2026;12:40:00;175435,00;175500,00;175275,00;175325,00;8687849440,00;247663
WINQ26;29/06/2026;12:20:00;175585,00;175675,00;175330,00;175440,00;1,322240188E10;376639
WINQ26;29/06/2026;12:00:00;175765,00;175850,00;175530,00;175590,00;1,564324594E10;445301
WINQ26;29/06/2026;11:40:00;175795,00;175960,00;175670,00;175765,00;1,544652629E10;439311
WINQ26;29/06/2026;11:20:00;175885,00;176285,00;175770,00;175795,00;2,60334453E10;739457
WINQ26;29/06/2026;11:00:00;175835,00;175915,00;175285,00;175885,00;3,529078809E10;1004811
WINQ26;29/06/2026;10:40:00;175185,00;175965,00;175160,00;175840,00;3,841308891E10;1093341
WINQ26;29/06/2026;10:20:00;176155,00;176280,00;174980,00;175185,00;4,970130029E10;1415148
WINQ26;29/06/2026;10:00:00;176315,00;176680,00;176045,00;176160,00;4,071089235E10;1154429
WINQ26;29/06/2026;09:40:00;175730,00;176360,00;175590,00;176310,00;2,600532982E10;738851
WINQ26;29/06/2026;09:20:00;176230,00;176260,00;175680,00;175730,00;3,793721355E10;1078206
WINQ26;29/06/2026;09:00:00;177200,00;177205,00;176045,00;176230,00;4,276743101E10;1211848
WINQ26;26/06/2026;18:20:00;176205,00;176290,00;176180,00;176290,00;1118566684,00;31729
WINQ26;26/06/2026;18:00:00;176340,00;176485,00;176170,00;176210,00;4969501153,00;140926
WINQ26;26/06/2026;17:40:00;176230,00;176430,00;176195,00;176345,00;5081296237,00;144092
WINQ26;26/06/2026;17:20:00;176210,00;176590,00;176175,00;176235,00;1,189638091E10;337260
WINQ26;26/06/2026;17:00:00;176200,00;176345,00;176105,00;176210,00;1,085358579E10;307924
WINQ26;26/06/2026;16:40:00;176335,00;176365,00;176110,00;176200,00;1,568937382E10;445137
WINQ26;26/06/2026;16:20:00;176360,00;176430,00;176215,00;176335,00;1,310504144E10;371622
WINQ26;26/06/2026;16:00:00;176415,00;176510,00;176305,00;176360,00;1,195274717E10;338795
WINQ26;26/06/2026;15:40:00;176600,00;176685,00;176330,00;176415,00;1,487406891E10;421456
WINQ26;26/06/2026;15:20:00;176695,00;176920,00;176550,00;176605,00;1,574370378E10;445433
WINQ26;26/06/2026;15:00:00;176655,00;176905,00;176630,00;176690,00;1,376475962E10;389352
WINQ26;26/06/2026;14:40:00;176575,00;176780,00;176540,00;176660,00;1,177815631E10;333301
WINQ26;26/06/2026;14:20:00;176540,00;176765,00;176430,00;176575,00;1,390760327E10;393753
WINQ26;26/06/2026;14:00:00;176400,00;176790,00;176365,00;176540,00;1,859209839E10;526370
WINQ26;26/06/2026;13:40:00;176570,00;176585,00;176200,00;176395,00;1,427526654E10;404751
WINQ26;26/06/2026;13:20:00;176530,00;176700,00;176320,00;176575,00;1,817284947E10;514778
WINQ26;26/06/2026;13:00:00;176455,00;176575,00;176350,00;176525,00;1,233691615E10;349525
WINQ26;26/06/2026;12:40:00;176365,00;176520,00;176135,00;176450,00;2,059824169E10;584003
WINQ26;26/06/2026;12:20:00;176035,00;176435,00;175950,00;176365,00;2,376824487E10;674463
WINQ26;26/06/2026;12:00:00;175645,00;176150,00;175635,00;176035,00;2,705719665E10;769010
WINQ26;26/06/2026;11:40:00;175600,00;175900,00;175360,00;175645,00;3,29584676E10;938169
WINQ26;26/06/2026;11:20:00;175295,00;175635,00;175085,00;175600,00;3,511684222E10;1001307
WINQ26;26/06/2026;11:00:00;174550,00;175320,00;174300,00;175295,00;3,53221184E10;1011323
WINQ26;26/06/2026;10:40:00;174035,00;174595,00;173835,00;174550,00;3,743502299E10;1074709
WINQ26;26/06/2026;10:20:00;174110,00;174495,00;173895,00;174035,00;4,175352135E10;1198557
WINQ26;26/06/2026;10:00:00;174590,00;174705,00;173795,00;174115,00;4,641172506E10;1331503
WINQ26;26/06/2026;09:40:00;174715,00;174820,00;174495,00;174585,00;2,524185673E10;722555
WINQ26;26/06/2026;09:20:00;175260,00;175350,00;174690,00;174720,00;2,858271553E10;816683
WINQ26;26/06/2026;09:00:00;174000,00;175560,00;173765,00;175265,00;4,582385949E10;1310671
WINQ26;25/06/2026;18:20:00;174795,00;174850,00;174650,00;174650,00;1079764844,00;30904
WINQ26;25/06/2026;18:00:00;174860,00;174885,00;174740,00;174795,00;2606994081,00;74573
WINQ26;25/06/2026;17:40:00;174945,00;174965,00;174825,00;174865,00;3025324637,00;86497
WINQ26;25/06/2026;17:20:00;175030,00;175090,00;174900,00;174945,00;3415189604,00;97575
WINQ26;25/06/2026;17:00:00;174850,00;175085,00;174840,00;175035,00;6981564873,00;199467
WINQ26;25/06/2026;16:40:00;175060,00;175130,00;174735,00;174850,00;1,162606354E10;332373
WINQ26;25/06/2026;16:20:00;175005,00;175145,00;174980,00;175055,00;6660879052,00;190252
WINQ26;25/06/2026;16:00:00;175125,00;175200,00;174950,00;175010,00;9836139536,00;280925
WINQ26;25/06/2026;15:40:00;175040,00;175145,00;174880,00;175120,00;9069738629,00;259107
WINQ26;25/06/2026;15:20:00;175220,00;175420,00;174925,00;175040,00;1,290217533E10;368263
WINQ26;25/06/2026;15:00:00;175410,00;175445,00;174825,00;175220,00;2,368881441E10;676383
WINQ26;25/06/2026;14:40:00;175435,00;175560,00;175270,00;175415,00;1,001099859E10;285358
WINQ26;25/06/2026;14:20:00;175150,00;175475,00;175115,00;175440,00;1,193210437E10;340294
WINQ26;25/06/2026;14:00:00;175630,00;175750,00;175140,00;175145,00;1,220167652E10;347504
WINQ26;25/06/2026;13:40:00;175705,00;175825,00;175435,00;175630,00;1,524794881E10;434097
WINQ26;25/06/2026;13:20:00;176160,00;176185,00;175625,00;175710,00;1,334038055E10;379171
WINQ26;25/06/2026;13:00:00;175870,00;176235,00;175815,00;176165,00;1,244115056E10;353336
WINQ26;25/06/2026;12:40:00;175925,00;176115,00;175800,00;175865,00;1,178481002E10;334878
WINQ26;25/06/2026;12:20:00;175505,00;175970,00;175415,00;175925,00;1,589313447E10;452078
WINQ26;25/06/2026;12:00:00;175510,00;175740,00;175260,00;175505,00;2,029452129E10;578326
WINQ26;25/06/2026;11:40:00;176175,00;176230,00;175385,00;175510,00;2,352089216E10;669051
WINQ26;25/06/2026;11:20:00;175250,00;176275,00;175225,00;176175,00;3,363278435E10;956414
WINQ26;25/06/2026;11:00:00;174270,00;175465,00;174255,00;175255,00;3,651409271E10;1043114
WINQ26;25/06/2026;10:40:00;173980,00;174660,00;173860,00;174270,00;3,70252966E10;1062130
WINQ26;25/06/2026;10:20:00;175350,00;175360,00;173870,00;173980,00;4,836181988E10;1385002
WINQ26;25/06/2026;10:00:00;174475,00;175815,00;174355,00;175355,00;4,822230978E10;1377300
WINQ26;25/06/2026;09:40:00;175065,00;175185,00;174400,00;174480,00;2,932010855E10;838568
WINQ26;25/06/2026;09:20:00;174815,00;175245,00;174295,00;175060,00;3,808517278E10;1089403
WINQ26;25/06/2026;09:00:00;174310,00;175055,00;173755,00;174815,00;4,310296563E10;1234672
WINQ26;24/06/2026;18:20:00;174295,00;174335,00;174190,00;174250,00;1017325991,00;29191
WINQ26;24/06/2026;18:00:00;174150,00;174520,00;174125,00;174300,00;5519905191,00;158309
WINQ26;24/06/2026;17:40:00;173960,00;174195,00;173935,00;174145,00;4740900527,00;136176
WINQ26;24/06/2026;17:20:00;173865,00;173980,00;173835,00;173955,00;4600679405,00;132269
WINQ26;24/06/2026;17:00:00;173500,00;174005,00;173450,00;173865,00;1,241894672E10;357383
WINQ26;24/06/2026;16:40:00;173470,00;173600,00;173410,00;173505,00;9622889894,00;277321
WINQ26;24/06/2026;16:20:00;173595,00;173700,00;173345,00;173475,00;1,226525966E10;353403
WINQ26;24/06/2026;16:00:00;173420,00;173710,00;173255,00;173600,00;1,472665788E10;424448
WINQ26;24/06/2026;15:40:00;173240,00;173545,00;173135,00;173420,00;1,380653601E10;398285
WINQ26;24/06/2026;15:20:00;173230,00;173340,00;173110,00;173240,00;1,148653356E10;331550
WINQ26;24/06/2026;15:00:00;172945,00;173355,00;172945,00;173225,00;1,548386672E10;447110
WINQ26;24/06/2026;14:40:00;172790,00;173115,00;172615,00;172950,00;1,576366099E10;456005
WINQ26;24/06/2026;14:20:00;172965,00;172965,00;172670,00;172790,00;1,566158677E10;453185
WINQ26;24/06/2026;14:00:00;173170,00;173315,00;172795,00;172960,00;1,464364382E10;423126
WINQ26;24/06/2026;13:40:00;173250,00;173370,00;173040,00;173170,00;1,334142902E10;385097
WINQ26;24/06/2026;13:20:00;173050,00;173480,00;173010,00;173255,00;1,475791158E10;425917
WINQ26;24/06/2026;13:00:00;173095,00;173130,00;172910,00;173045,00;1,073062692E10;310085
WINQ26;24/06/2026;12:40:00;173125,00;173310,00;173040,00;173100,00;1,004652272E10;290060
WINQ26;24/06/2026;12:20:00;173370,00;173455,00;172945,00;173125,00;2,358122549E10;680792
WINQ26;24/06/2026;12:00:00;172950,00;173390,00;172765,00;173370,00;2,367036327E10;683859
WINQ26;24/06/2026;11:40:00;172665,00;173250,00;172545,00;172950,00;2,563263658E10;741307
WINQ26;24/06/2026;11:20:00;173150,00;173235,00;172595,00;172665,00;2,896357644E10;837575
WINQ26;24/06/2026;11:00:00;173295,00;173660,00;173105,00;173150,00;3,054761789E10;881179
WINQ26;24/06/2026;10:40:00;173540,00;173840,00;173050,00;173300,00;3,946092416E10;1137609
WINQ26;24/06/2026;10:20:00;173750,00;174400,00;173195,00;173545,00;6,30365893E10;1813448
WINQ26;24/06/2026;10:00:00;172985,00;173775,00;172210,00;173745,00;5,815119441E10;1678986
WINQ26;24/06/2026;09:40:00;172975,00;173145,00;172810,00;172980,00;2,066940062E10;597414
WINQ26;24/06/2026;09:20:00;173130,00;173195,00;172820,00;172975,00;3,073291882E10;888274
WINQ26;24/06/2026;09:00:00;174500,00;174685,00;173010,00;173130,00;4,842635815E10;1394315
WINQ26;23/06/2026;18:20:00;174900,00;174900,00;174775,00;174800,00;1289497502,00;36883
WINQ26;23/06/2026;18:00:00;174685,00;174940,00;174635,00;174895,00;5151358613,00;147329
WINQ26;23/06/2026;17:40:00;174560,00;174775,00;174500,00;174685,00;5409169454,00;154867
WINQ26;23/06/2026;17:20:00;174560,00;174635,00;174515,00;174560,00;5619516474,00;160945
WINQ26;23/06/2026;17:00:00;174375,00;174575,00;174245,00;174565,00;1,012975576E10;290437
WINQ26;23/06/2026;16:40:00;174640,00;174655,00;174315,00;174375,00;1,441449937E10;413039
WINQ26;23/06/2026;16:20:00;174310,00;174775,00;174275,00;174635,00;1,564797998E10;448169
WINQ26;23/06/2026;16:00:00;174170,00;174435,00;174145,00;174315,00;1,181537582E10;338969
WINQ26;23/06/2026;15:40:00;174235,00;174245,00;174060,00;174170,00;1,169523226E10;335793
WINQ26;23/06/2026;15:20:00;174450,00;174465,00;174100,00;174240,00;1,309071472E10;375606
WINQ26;23/06/2026;15:00:00;174470,00;174610,00;174385,00;174445,00;9760134909,00;279691
WINQ26;23/06/2026;14:40:00;174455,00;174640,00;174405,00;174470,00;9671391239,00;277086
WINQ26;23/06/2026;14:20:00;174430,00;174565,00;174370,00;174460,00;1,088108533E10;311851
WINQ26;23/06/2026;14:00:00;174400,00;174530,00;174205,00;174430,00;1,39564333E10;400174
WINQ26;23/06/2026;13:40:00;174500,00;174590,00;174305,00;174400,00;1,098936526E10;314954
WINQ26;23/06/2026;13:20:00;174310,00;174720,00;174275,00;174505,00;1,604149833E10;459696
WINQ26;23/06/2026;13:00:00;173860,00;174580,00;173825,00;174305,00;2,087916121E10;599160
WINQ26;23/06/2026;12:40:00;173555,00;173880,00;173475,00;173860,00;1,600478723E10;460816
WINQ26;23/06/2026;12:20:00;173975,00;174020,00;173535,00;173555,00;1,634610955E10;470264
WINQ26;23/06/2026;12:00:00;173920,00;174275,00;173850,00;173975,00;2,171954163E10;623829
WINQ26;23/06/2026;11:40:00;173700,00;174185,00;173635,00;173920,00;2,774528775E10;797640
WINQ26;23/06/2026;11:20:00;173470,00;173800,00;173380,00;173700,00;3,093661082E10;890920
WINQ26;23/06/2026;11:00:00;172870,00;173500,00;172790,00;173470,00;3,927181597E10;1133622
WINQ26;23/06/2026;10:40:00;172765,00;172960,00;172205,00;172865,00;4,1255729E10;1195219
WINQ26;23/06/2026;10:20:00;171975,00;173100,00;171520,00;172770,00;6,103670966E10;1769980
WINQ26;23/06/2026;10:00:00;171690,00;172130,00;171400,00;171980,00;4,779549551E10;1391426
WINQ26;23/06/2026;09:40:00;171825,00;171885,00;171450,00;171685,00;2,362105955E10;688015
WINQ26;23/06/2026;09:20:00;172005,00;172050,00;171635,00;171825,00;2,412098126E10;701904
WINQ26;23/06/2026;09:00:00;172205,00;172685,00;171440,00;172010,00;4,179944884E10;1215563
WINQ26;22/06/2026;18:20:00;173590,00;173590,00;173455,00;173490,00;1302022436,00;37522
WINQ26;22/06/2026;18:00:00;173665,00;173680,00;173565,00;173585,00;2921687050,00;84137
WINQ26;22/06/2026;17:40:00;173530,00;173695,00;173520,00;173665,00;3986346456,00;114822
WINQ26;22/06/2026;17:20:00;173390,00;173550,00;173360,00;173535,00;4899941937,00;141248
WINQ26;22/06/2026;17:00:00;173515,00;173540,00;173270,00;173390,00;9313369663,00;268549
WINQ26;22/06/2026;16:40:00;173735,00;173740,00;173455,00;173510,00;1,275923676E10;367529
WINQ26;22/06/2026;16:20:00;173735,00;173815,00;173600,00;173735,00;9379186989,00;269955
WINQ26;22/06/2026;16:00:00;173565,00;173890,00;173505,00;173740,00;1,417575584E10;407959
WINQ26;22/06/2026;15:40:00;173565,00;173700,00;173535,00;173560,00;7865018822,00;226516
WINQ26;22/06/2026;15:20:00;173500,00;173670,00;173470,00;173565,00;1,227358322E10;353547
WINQ26;22/06/2026;15:00:00;173345,00;173640,00;173335,00;173495,00;1,257344986E10;362376
WINQ26;22/06/2026;14:40:00;173295,00;173425,00;173225,00;173345,00;1,148520945E10;331307
WINQ26;22/06/2026;14:20:00;173695,00;173760,00;173170,00;173290,00;1,514472025E10;436655
WINQ26;22/06/2026;14:00:00;173615,00;173770,00;173545,00;173700,00;1,012048242E10;291415
WINQ26;22/06/2026;13:40:00;173505,00;173730,00;173425,00;173620,00;1,1956528E10;344438
WINQ26;22/06/2026;13:20:00;173235,00;173575,00;173150,00;173500,00;1,327544251E10;382908
WINQ26;22/06/2026;13:00:00;173215,00;173260,00;172960,00;173235,00;1,324853574E10;382728
WINQ26;22/06/2026;12:40:00;173380,00;173575,00;173200,00;173215,00;1,35804184E10;391683
WINQ26;22/06/2026;12:20:00;173415,00;173580,00;173310,00;173385,00;1,403609181E10;404623
WINQ26;22/06/2026;12:00:00;173705,00;173845,00;173375,00;173415,00;2,094245684E10;603151
WINQ26;22/06/2026;11:40:00;173075,00;173765,00;172925,00;173700,00;2,35740231E10;680046
WINQ26;22/06/2026;11:20:00;173130,00;173385,00;172905,00;173075,00;3,030343664E10;875230
WINQ26;22/06/2026;11:00:00;172890,00;173325,00;172670,00;173130,00;2,996329033E10;866169
WINQ26;22/06/2026;10:40:00;172595,00;173195,00;172165,00;172885,00;3,661098892E10;1060162
WINQ26;22/06/2026;10:20:00;172970,00;173480,00;172160,00;172590,00;5,72241168E10;1654850
WINQ26;22/06/2026;10:00:00;171385,00;173200,00;171305,00;172970,00;6,029433861E10;1750154
WINQ26;22/06/2026;09:40:00;171285,00;171590,00;171225,00;171385,00;2,247143006E10;655572
WINQ26;22/06/2026;09:20:00;171125,00;171440,00;170970,00;171290,00;2,671224107E10;780087
WINQ26;22/06/2026;09:00:00;171590,00;171605,00;170210,00;171125,00;5,388790277E10;1576677
WINQ26;19/06/2026;18:20:00;171735,00;171925,00;171630,00;171645,00;1163052474,00;33865
WINQ26;19/06/2026;18:00:00;171360,00;171765,00;171350,00;171735,00;2460164394,00;71722
WINQ26;19/06/2026;17:40:00;171325,00;171400,00;171275,00;171355,00;2875091047,00;83900
WINQ26;19/06/2026;17:20:00;171325,00;171440,00;171315,00;171325,00;2866352611,00;83629
WINQ26;19/06/2026;17:00:00;171350,00;171490,00;171255,00;171330,00;8124032144,00;237047
WINQ26;19/06/2026;16:40:00;171355,00;171625,00;171250,00;171350,00;1,102867064E10;321714
WINQ26;19/06/2026;16:20:00;171495,00;171570,00;171305,00;171355,00;7534080611,00;219713
WINQ26;19/06/2026;16:00:00;171660,00;171705,00;171445,00;171490,00;8887853641,00;259065
WINQ26;19/06/2026;15:40:00;171700,00;171755,00;171635,00;171655,00;5456825753,00;158910
WINQ26;19/06/2026;15:20:00;171715,00;171805,00;171580,00;171695,00;8361758325,00;243515
WINQ26;19/06/2026;15:00:00;171765,00;171825,00;171635,00;171715,00;9698376899,00;282372
WINQ26;19/06/2026;14:40:00;171470,00;171920,00;171465,00;171765,00;1,409119486E10;410279
WINQ26;19/06/2026;14:20:00;171220,00;171545,00;171205,00;171470,00;1,067997059E10;311583
WINQ26;19/06/2026;14:00:00;171030,00;171295,00;171000,00;171215,00;7978391628,00;233079
WINQ26;19/06/2026;13:40:00;171105,00;171195,00;170975,00;171030,00;7626151464,00;222877
WINQ26;19/06/2026;13:20:00;171190,00;171375,00;171025,00;171100,00;9858111713,00;287876
WINQ26;19/06/2026;13:00:00;171305,00;171405,00;171135,00;171185,00;8289707361,00;242040
WINQ26;19/06/2026;12:40:00;171335,00;171480,00;171215,00;171300,00;1,009232145E10;294511
WINQ26;19/06/2026;12:20:00;171615,00;171615,00;171330,00;171340,00;1,002400944E10;292326
WINQ26;19/06/2026;12:00:00;171530,00;171735,00;171445,00;171610,00;1,210979968E10;352845
WINQ26;19/06/2026;11:40:00;171390,00;171605,00;171285,00;171530,00;1,434471427E10;418339
WINQ26;19/06/2026;11:20:00;171515,00;171670,00;171285,00;171390,00;1,93616375E10;564517
WINQ26;19/06/2026;11:00:00;170770,00;171650,00;170745,00;171515,00;2,891701667E10;843905
WINQ26;19/06/2026;10:40:00;171515,00;171570,00;170730,00;170765,00;3,175185965E10;927698
WINQ26;19/06/2026;10:20:00;171480,00;171865,00;171145,00;171515,00;3,448635166E10;1005274
WINQ26;19/06/2026;10:00:00;171450,00;171945,00;171285,00;171475,00;3,427596383E10;998919
WINQ26;19/06/2026;09:40:00;171070,00;171620,00;171070,00;171455,00;2,919724491E10;851901
WINQ26;19/06/2026;09:20:00;171180,00;171195,00;170855,00;171070,00;2,105725328E10;615672
WINQ26;19/06/2026;09:00:00;171700,00;171735,00;170895,00;171175,00;3,244121912E10;947265
WINQ26;18/06/2026;18:20:00;171825,00;172015,00;171760,00;172015,00;1025810014,00;29827
WINQ26;18/06/2026;18:00:00;171755,00;171910,00;171715,00;171830,00;3111832064,00;90561
WINQ26;18/06/2026;17:40:00;171670,00;171790,00;171625,00;171755,00;2510323940,00;73109
WINQ26;18/06/2026;17:20:00;171575,00;171685,00;171555,00;171670,00;3137976740,00;91421
WINQ26;18/06/2026;17:00:00;171510,00;171670,00;171435,00;171570,00;7887495927,00;229882
WINQ26;18/06/2026;16:40:00;171360,00;171595,00;171285,00;171510,00;1,147350763E10;334574
WINQ26;18/06/2026;16:20:00;171540,00;171695,00;171325,00;171365,00;1,12163866E10;326967
WINQ26;18/06/2026;16:00:00;171545,00;171620,00;171420,00;171535,00;1,132524434E10;330165
WINQ26;18/06/2026;15:40:00;171615,00;171680,00;171455,00;171545,00;1,070717859E10;311998
WINQ26;18/06/2026;15:20:00;171490,00;171800,00;171465,00;171610,00;1,898111316E10;553027
WINQ26;18/06/2026;15:00:00;171415,00;171565,00;171080,00;171490,00;1,825567935E10;532842
WINQ26;18/06/2026;14:40:00;171385,00;171480,00;171200,00;171410,00;1,265933921E10;369398
WINQ26;18/06/2026;14:20:00;171520,00;171550,00;171300,00;171390,00;1,18688245E10;346212
WINQ26;18/06/2026;14:00:00;171425,00;171615,00;171275,00;171515,00;1,502759877E10;438237
WINQ26;18/06/2026;13:40:00;171290,00;171460,00;171245,00;171425,00;1,024697493E10;299027
WINQ26;18/06/2026;13:20:00;171200,00;171440,00;171150,00;171290,00;1,277441657E10;372879
WINQ26;18/06/2026;13:00:00;171575,00;171665,00;171180,00;171205,00;1,826852995E10;532945
WINQ26;18/06/2026;12:40:00;171545,00;171870,00;171495,00;171575,00;1,630588962E10;474872
WINQ26;18/06/2026;12:20:00;171860,00;171985,00;171490,00;171540,00;2,025168909E10;589521
WINQ26;18/06/2026;12:00:00;172005,00;172220,00;171785,00;171860,00;2,614259101E10;759988
WINQ26;18/06/2026;11:40:00;172840,00;172860,00;171970,00;172010,00;2,65972588E10;771582
WINQ26;18/06/2026;11:20:00;172415,00;172890,00;172270,00;172840,00;2,908423456E10;842766
WINQ26;18/06/2026;11:00:00;172065,00;172525,00;171910,00;172415,00;3,074153245E10;892720
WINQ26;18/06/2026;10:40:00;171570,00;172470,00;171520,00;172070,00;4,583609864E10;1331835
WINQ26;18/06/2026;10:20:00;171515,00;171985,00;171065,00;171565,00;5,087608629E10;1482501
WINQ26;18/06/2026;10:00:00;171320,00;171840,00;171195,00;171515,00;4,821591584E10;1405813
WINQ26;18/06/2026;09:40:00;171210,00;171590,00;171170,00;171320,00;2,553153732E10;745110
WINQ26;18/06/2026;09:20:00;171175,00;171345,00;170885,00;171205,00;3,003579561E10;877645
WINQ26;18/06/2026;09:00:00;171800,00;171940,00;170230,00;171180,00;4,954542421E10;1449455
WINQ26;17/06/2026;18:20:00;171480,00;171545,00;171470,00;171480,00;1042316956,00;30390
WINQ26;17/06/2026;18:00:00;171405,00;171515,00;171325,00;171485,00;2283765037,00;66619
WINQ26;17/06/2026;17:40:00;171470,00;171495,00;171300,00;171400,00;3872996970,00;112974
WINQ26;17/06/2026;17:20:00;171480,00;171675,00;171405,00;171470,00;5945328026,00;173309
WINQ26;17/06/2026;17:00:00;171475,00;171630,00;171300,00;171480,00;1,19822476E10;349378
WINQ26;17/06/2026;16:40:00;171320,00;171530,00;171160,00;171480,00;2,402658152E10;701022
WINQ26;17/06/2026;16:20:00;172395,00;172410,00;171250,00;171320,00;3,70811981E10;1079310
WINQ26;17/06/2026;16:00:00;173400,00;173535,00;172380,00;172395,00;3,305898966E10;955512
WINQ26;17/06/2026;15:40:00;173655,00;173975,00;173245,00;173400,00;2,921741775E10;841114
WINQ26;17/06/2026;15:20:00;173535,00;173850,00;173145,00;173660,00;3,338043754E10;962121
WINQ26;17/06/2026;15:00:00;174870,00;174880,00;173100,00;173535,00;4,368777418E10;1258155
WINQ26;17/06/2026;14:40:00;174460,00;175050,00;174410,00;174865,00;1,837121033E10;525696
WINQ26;17/06/2026;14:20:00;174895,00;175000,00;174430,00;174465,00;1,831532071E10;524247
WINQ26;17/06/2026;14:00:00;174935,00;175330,00;174770,00;174895,00;2,427289023E10;693334
WINQ26;17/06/2026;13:40:00;174820,00;174950,00;174685,00;174935,00;1,211595192E10;346540
WINQ26;17/06/2026;13:20:00;174695,00;174845,00;174575,00;174815,00;1,092073827E10;312557
WINQ26;17/06/2026;13:00:00;174590,00;174720,00;174555,00;174695,00;8428911489,00;241318
WINQ26;17/06/2026;12:40:00;174505,00;174625,00;174450,00;174585,00;8626762783,00;247117
WINQ26;17/06/2026;12:20:00;174395,00;174675,00;174340,00;174505,00;1,366320131E10;391362
WINQ26;17/06/2026;12:00:00;174550,00;174715,00;174150,00;174400,00;2,131261046E10;611110
WINQ26;17/06/2026;11:40:00;174750,00;174825,00;174115,00;174550,00;2,817128783E10;806969
WINQ26;17/06/2026;11:20:00;174350,00;174920,00;174305,00;174745,00;2,510624996E10;718857
WINQ26;17/06/2026;11:00:00;174015,00;174690,00;173975,00;174350,00;3,170285461E10;908984
WINQ26;17/06/2026;10:40:00;174305,00;174430,00;173965,00;174015,00;3,778284079E10;1084448
WINQ26;17/06/2026;10:20:00;174200,00;175070,00;174110,00;174305,00;5,302012239E10;1518993
WINQ26;17/06/2026;10:00:00;173800,00;174310,00;173570,00;174200,00;4,902149355E10;1409088
WINQ26;17/06/2026;09:40:00;173325,00;173885,00;173240,00;173800,00;2,846094802E10;819739
WINQ26;17/06/2026;09:20:00;173375,00;173605,00;173215,00;173325,00;2,72767025E10;786501
WINQ26;17/06/2026;09:00:00;172820,00;173465,00;172360,00;173370,00;4,095364526E10;1183483
WINQ26;16/06/2026;18:20:00;172745,00;172865,00;172710,00;172825,00;50978053,00;1475
WINQ26;16/06/2026;18:00:00;172715,00;172820,00;172610,00;172730,00;105975929,00;3068
WINQ26;16/06/2026;17:40:00;172745,00;172800,00;172615,00;172710,00;168970503,00;4892
WINQ26;16/06/2026;17:20:00;172865,00;172905,00;172650,00;172730,00;328101969,00;9495
WINQ26;16/06/2026;17:00:00;172980,00;173050,00;172840,00;172865,00;442922087,00;12805
WINQ26;16/06/2026;16:40:00;173055,00;173135,00;172915,00;172980,00;410816443,00;11871
WINQ26;16/06/2026;16:20:00;173090,00;173180,00;173000,00;173050,00;285131154,00;8237
WINQ26;16/06/2026;16:00:00;172985,00;173110,00;172790,00;173090,00;463090710,00;13388
WINQ26;16/06/2026;15:40:00;173240,00;173290,00;172945,00;172980,00;530119505,00;15314
WINQ26;16/06/2026;15:20:00;173250,00;173385,00;173210,00;173240,00;309092629,00;8918
WINQ26;16/06/2026;15:00:00;173305,00;173390,00;173230,00;173250,00;378424409,00;10917
WINQ26;16/06/2026;14:40:00;173405,00;173555,00;173260,00;173300,00;326709643,00;9420
WINQ26;16/06/2026;14:20:00;173265,00;173585,00;173205,00;173410,00;429849920,00;12394
WINQ26;16/06/2026;14:00:00;173390,00;173470,00;173260,00;173265,00;281842685,00;8128
WINQ26;16/06/2026;13:40:00;173370,00;173495,00;173140,00;173395,00;580450739,00;16745
WINQ26;16/06/2026;13:20:00;173490,00;173640,00;173250,00;173385,00;639126546,00;18421
WINQ26;16/06/2026;13:00:00;173260,00;173560,00;173220,00;173500,00;382104230,00;11019
WINQ26;16/06/2026;12:40:00;173035,00;173340,00;172975,00;173255,00;502893778,00;14520
WINQ26;16/06/2026;12:20:00;172905,00;173110,00;172755,00;173050,00;407108589,00;11769
WINQ26;16/06/2026;12:00:00;173025,00;173115,00;172725,00;172900,00;589609619,00;17047
WINQ26;16/06/2026;11:40:00;172705,00;173100,00;172635,00;173030,00;855526270,00;24747
WINQ26;16/06/2026;11:20:00;173100,00;173275,00;172500,00;172710,00;967944323,00;28008
WINQ26;16/06/2026;11:00:00;172935,00;173450,00;172920,00;173080,00;1120545757,00;32344
WINQ26;16/06/2026;10:40:00;172930,00;173465,00;172730,00;172935,00;1024969451,00;29616
WINQ26;16/06/2026;10:20:00;172775,00;173210,00;172610,00;172935,00;1026644014,00;29682
WINQ26;16/06/2026;10:00:00;172985,00;173225,00;172510,00;172750,00;1332662823,00;38548
WINQ26;16/06/2026;09:40:00;173290,00;173620,00;172875,00;172990,00;658006105,00;18986
WINQ26;16/06/2026;09:20:00;173915,00;174130,00;173210,00;173280,00;660976967,00;19028
WINQ26;16/06/2026;09:00:00;174200,00;174455,00;173195,00;173905,00;1745251417,00;50192
WINQ26;15/06/2026;18:20:00;173900,00;173980,00;173860,00;173860,00;7860711,00;226
WINQ26;15/06/2026;18:00:00;174070,00;174070,00;173870,00;173900,00;92401047,00;2656
WINQ26;15/06/2026;17:40:00;174100,00;174110,00;174020,00;174070,00;80630348,00;2316
WINQ26;15/06/2026;17:20:00;174145,00;174175,00;174065,00;174100,00;74589380,00;2142
WINQ26;15/06/2026;17:00:00;174095,00;174275,00;174020,00;174140,00;194850937,00;5594
WINQ26;15/06/2026;16:40:00;174115,00;174225,00;174070,00;174095,00;183277968,00;5262
WINQ26;15/06/2026;16:20:00;174005,00;174180,00;173915,00;174115,00;203500043,00;5845
WINQ26;15/06/2026;16:00:00;174200,00;174210,00;173960,00;174005,00;210413088,00;6043
WINQ26;15/06/2026;15:40:00;174155,00;174305,00;174045,00;174185,00;104406960,00;2997
WINQ26;15/06/2026;15:20:00;174250,00;174350,00;173965,00;174175,00;184518956,00;5298
WINQ26;15/06/2026;15:00:00;174670,00;174715,00;174025,00;174245,00;602685410,00;17287
WINQ26;15/06/2026;14:40:00;174715,00;174815,00;174615,00;174670,00;141921597,00;4061
WINQ26;15/06/2026;14:20:00;175160,00;175220,00;174700,00;174705,00;141038094,00;4032
WINQ26;15/06/2026;14:00:00;175280,00;175280,00;175030,00;175150,00;127709711,00;3646
WINQ26;15/06/2026;13:40:00;175630,00;175675,00;175130,00;175290,00;205059780,00;5849
WINQ26;15/06/2026;13:20:00;175555,00;175715,00;175490,00;175625,00;119690530,00;3408
WINQ26;15/06/2026;13:00:00;175950,00;176045,00;175465,00;175550,00;174857841,00;4973
WINQ26;15/06/2026;12:40:00;176105,00;176160,00;175895,00;175930,00;134732271,00;3827
WINQ26;15/06/2026;12:20:00;176245,00;176285,00;176030,00;176100,00;116250880,00;3300
WINQ26;15/06/2026;12:00:00;176095,00;176385,00;176095,00;176255,00;124058841,00;3519
WINQ26;15/06/2026;11:40:00;176365,00;176470,00;175975,00;176075,00;237160415,00;6729
WINQ26;15/06/2026;11:20:00;176845,00;177085,00;176275,00;176355,00;371792315,00;10520
WINQ26;15/06/2026;11:00:00;177480,00;177485,00;176840,00;176860,00;189710797,00;5355
WINQ26;15/06/2026;10:40:00;177540,00;177755,00;177210,00;177465,00;349456975,00;9844
WINQ26;15/06/2026;10:20:00;177175,00;177995,00;177115,00;177550,00;605529464,00;17047
WINQ26;15/06/2026;10:00:00;177215,00;177230,00;176615,00;177170,00;419057598,00;11843
WINQ26;15/06/2026;09:40:00;176860,00;177255,00;176830,00;177200,00;173948873,00;4911
WINQ26;15/06/2026;09:20:00;176420,00;177020,00;176150,00;176865,00;162829917,00;4609
WINQ26;15/06/2026;09:00:00;176395,00;176490,00;175290,00;176415,00;486162635,00;13817
WINQ26;12/06/2026;18:20:00;174765,00;174775,00;174600,00;174600,00;5520125,00;158
WINQ26;12/06/2026;18:00:00;174805,00;174860,00;174745,00;174765,00;9998327,00;286
WINQ26;12/06/2026;17:40:00;174790,00;174835,00;174760,00;174810,00;9544142,00;273
WINQ26;12/06/2026;17:20:00;174825,00;174835,00;174750,00;174810,00;8600035,00;246
WINQ26;12/06/2026;17:00:00;174760,00;174900,00;174700,00;174810,00;17797228,00;509
WINQ26;12/06/2026;16:40:00;174740,00;174845,00;174555,00;174760,00;79212795,00;2267
WINQ26;12/06/2026;16:20:00;174910,00;175015,00;174595,00;174740,00;77933055,00;2229
WINQ26;12/06/2026;16:00:00;174720,00;174935,00;174690,00;174895,00;70071197,00;2004
WINQ26;12/06/2026;15:40:00;174975,00;174975,00;174710,00;174720,00;57116392,00;1633
WINQ26;12/06/2026;15:20:00;174765,00;174990,00;174715,00;174980,00;139752251,00;3996
WINQ26;12/06/2026;15:00:00;174790,00;174835,00;174600,00;174775,00;79875922,00;2286
WINQ26;12/06/2026;14:40:00;174905,00;175055,00;174705,00;174780,00;73134947,00;2091
WINQ26;12/06/2026;14:20:00;174940,00;175055,00;174845,00;174910,00;46147720,00;1319
WINQ26;12/06/2026;14:00:00;174855,00;175055,00;174735,00;174930,00;92645259,00;2649
WINQ26;12/06/2026;13:40:00;174825,00;174875,00;174550,00;174855,00;77699891,00;2224
WINQ26;12/06/2026;13:20:00;175095,00;175095,00;174755,00;174810,00;42820332,00;1224
WINQ26;12/06/2026;13:00:00;175135,00;175400,00;174980,00;175075,00;69616139,00;1987
WINQ26;12/06/2026;12:40:00;175340,00;175405,00;175105,00;175145,00;53764196,00;1534
WINQ26;12/06/2026;12:20:00;175575,00;175655,00;175195,00;175335,00;89078089,00;2538
WINQ26;12/06/2026;12:00:00;175635,00;175960,00;175555,00;175585,00;69950061,00;1990
WINQ26;12/06/2026;11:40:00;175350,00;175750,00;174865,00;175660,00;123537562,00;3525
WINQ26;12/06/2026;11:20:00;175395,00;175495,00;175225,00;175370,00;69482040,00;1981
WINQ26;12/06/2026;11:00:00;175555,00;175950,00;175245,00;175420,00;112069316,00;3191
WINQ26;12/06/2026;10:40:00;175920,00;175925,00;174720,00;175540,00;159801371,00;4560
WINQ26;12/06/2026;10:20:00;175195,00;176260,00;175175,00;175930,00;236136800,00;6714
WINQ26;12/06/2026;10:00:00;173805,00;175230,00;173360,00;175190,00;135288824,00;3886
WINQ26;12/06/2026;09:40:00;173840,00;174025,00;173690,00;173790,00;71421624,00;2054
WINQ26;12/06/2026;09:20:00;173775,00;174070,00;173540,00;173870,00;105138482,00;3025
WINQ26;12/06/2026;09:00:00;175530,00;175590,00;173725,00;173800,00;182721804,00;5236
WINQ26;11/06/2026;18:20:00;175395,00;175415,00;175325,00;175330,00;4103370,00;117
WINQ26;11/06/2026;18:00:00;175190,00;175400,00;175130,00;175375,00;50341098,00;1436
WINQ26;11/06/2026;17:40:00;175310,00;175310,00;175095,00;175170,00;19516517,00;557
WINQ26;11/06/2026;17:20:00;175425,00;175455,00;175295,00;175315,00;22307376,00;636
WINQ26;11/06/2026;17:00:00;175310,00;175560,00;175160,00;175415,00;82407230,00;2350
WINQ26;11/06/2026;16:40:00;175255,00;175610,00;175200,00;175310,00;65858670,00;1877
WINQ26;11/06/2026;16:20:00;174520,00;175830,00;174500,00;175255,00;198777254,00;5674
WINQ26;11/06/2026;16:00:00;174045,00;174530,00;174045,00;174495,00;58596929,00;1681
WINQ26;11/06/2026;15:40:00;174045,00;174270,00;173950,00;174000,00;56274938,00;1616
WINQ26;11/06/2026;15:20:00;174205,00;174205,00;173850,00;174070,00;41452856,00;1191
WINQ26;11/06/2026;15:00:00;173870,00;174340,00;173560,00;174210,00;131286848,00;3772
WINQ26;11/06/2026;14:40:00;173970,00;174160,00;173665,00;173850,00;93301763,00;2683
WINQ26;11/06/2026;14:20:00;172055,00;174100,00;172000,00;174020,00;158246064,00;4568
WINQ26;11/06/2026;14:00:00;172260,00;172320,00;171970,00;172070,00;21793437,00;633
WINQ26;11/06/2026;13:40:00;172385,00;172395,00;172180,00;172300,00;10301264,00;299
WINQ26;11/06/2026;13:20:00;172355,00;172545,00;172305,00;172430,00;20550062,00;596
WINQ26;11/06/2026;13:00:00;172270,00;172430,00;172180,00;172350,00;9822132,00;285
WINQ26;11/06/2026;12:40:00;172405,00;172465,00;172240,00;172265,00;7409843,00;215
WINQ26;11/06/2026;12:20:00;172500,00;172570,00;172320,00;172390,00;6827363,00;198
WINQ26;11/06/2026;12:00:00;172350,00;172650,00;172300,00;172470,00;28183772,00;817
WINQ26;11/06/2026;11:40:00;172695,00;172725,00;172265,00;172335,00;45436867,00;1318
WINQ26;11/06/2026;11:20:00;172320,00;172730,00;172320,00;172680,00;40252543,00;1166
WINQ26;11/06/2026;11:00:00;172730,00;172900,00;172290,00;172300,00;160497908,00;4648
WINQ26;11/06/2026;10:40:00;172600,00;172950,00;172370,00;172810,00;170422331,00;4935
WINQ26;11/06/2026;10:20:00;173060,00;173225,00;172500,00;172600,00;64189968,00;1858
WINQ26;11/06/2026;10:00:00;172530,00;173090,00;172140,00;173035,00;114989106,00;3331
WINQ26;11/06/2026;09:40:00;172520,00;172795,00;172355,00;172540,00;116308727,00;3370
WINQ26;11/06/2026;09:20:00;173020,00;173020,00;172425,00;172515,00;144643061,00;4188
WINQ26;11/06/2026;09:00:00;173000,00;173560,00;172830,00;172970,00;72942464,00;2106
WINQ26;10/06/2026;18:20:00;172140,00;172200,00;172080,00;172200,00;1618145,00;47
WINQ26;10/06/2026;18:00:00;172230,00;172275,00;172145,00;172150,00;16425773,00;477
WINQ26;10/06/2026;17:40:00;172340,00;172350,00;172175,00;172230,00;2927660,00;85
WINQ26;10/06/2026;17:20:00;172275,00;172390,00;172275,00;172305,00;3068115,00;89
WINQ26;10/06/2026;17:00:00;172360,00;172435,00;172275,00;172310,00;4204825,00;122
WINQ26;10/06/2026;16:40:00;172580,00;172610,00;172355,00;172365,00;5416220,00;157
WINQ26;10/06/2026;16:20:00;172270,00;172635,00;172225,00;172600,00;5864200,00;170
WINQ26;10/06/2026;16:00:00;172185,00;172335,00;172175,00;172275,00;4030979,00;117
WINQ26;10/06/2026;15:40:00;172350,00;172350,00;172175,00;172275,00;1343452,00;39
WINQ26;10/06/2026;15:20:00;172160,00;172375,00;172150,00;172320,00;5960365,00;173
WINQ26;10/06/2026;15:00:00;172285,00;172325,00;172090,00;172150,00;9747437,00;283
WINQ26;10/06/2026;14:40:00;172355,00;172530,00;172225,00;172245,00;12652178,00;367
WINQ26;10/06/2026;14:20:00;172475,00;172650,00;172335,00;172365,00;4898008,00;142
WINQ26;10/06/2026;14:00:00;172610,00;172755,00;172450,00;172470,00;6627686,00;192
WINQ26;10/06/2026;13:40:00;172655,00;172720,00;172455,00;172600,00;5385907,00;156
WINQ26;10/06/2026;13:20:00;172390,00;172625,00;172340,00;172620,00;5450231,00;158
WINQ26;10/06/2026;13:00:00;172460,00;172525,00;172270,00;172390,00;7069387,00;205
WINQ26;10/06/2026;12:40:00;172475,00;172500,00;171950,00;172375,00;13608701,00;395
WINQ26;10/06/2026;12:20:00;172325,00;172555,00;172300,00;172475,00;10173951,00;295
WINQ26;10/06/2026;12:00:00;171990,00;172380,00;171955,00;172325,00;38806085,00;1127
WINQ26;10/06/2026;11:40:00;172305,00;172335,00;171850,00;171935,00;29575255,00;859
WINQ26;10/06/2026;11:20:00;172540,00;172665,00;172270,00;172360,00;128526035,00;3726
WINQ26;10/06/2026;11:00:00;172885,00;172990,00;172525,00;172555,00;24606722,00;712
WINQ26;10/06/2026;10:40:00;172600,00;173075,00;172550,00;172880,00;24340409,00;704
WINQ26;10/06/2026;10:20:00;172045,00;172835,00;171840,00;172620,00;103305499,00;3000
WINQ26;10/06/2026;10:00:00;172705,00;172900,00;172020,00;172055,00;18716961,00;543
WINQ26;10/06/2026;09:40:00;173150,00;173350,00;172730,00;172730,00;12087211,00;349
WINQ26;10/06/2026;09:20:00;172705,00;173285,00;172370,00;173165,00;23830110,00;689
WINQ26;10/06/2026;09:00:00;172545,00;172790,00;172025,00;172600,00;47216572,00;1370
WINQ26;09/06/2026;18:20:00;173635,00;173650,00;173500,00;173500,00;5520550,00;159
WINQ26;09/06/2026;18:00:00;173645,00;173705,00;173575,00;173620,00;51149774,00;1473
WINQ26;09/06/2026;17:40:00;173530,00;173635,00;173490,00;173615,00;2638143,00;76
WINQ26;09/06/2026;17:20:00;173490,00;173605,00;173480,00;173480,00;4339136,00;125
WINQ26;09/06/2026;17:00:00;173630,00;173695,00;173455,00;173455,00;6456449,00;186
WINQ26;09/06/2026;16:40:00;173285,00;173630,00;173180,00;173605,00;25105242,00;724
WINQ26;09/06/2026;16:20:00;173310,00;173440,00;173230,00;173295,00;16255138,00;469
WINQ26;09/06/2026;16:00:00;173820,00;173830,00;173320,00;173320,00;22776031,00;656
WINQ26;09/06/2026;15:40:00;173540,00;173925,00;173500,00;173820,00;11396161,00;328
WINQ26;09/06/2026;15:20:00;173535,00;173635,00;173400,00;173540,00;7600579,00;219
WINQ26;09/06/2026;15:00:00;173330,00;173545,00;173275,00;173510,00;6867400,00;198
WINQ26;09/06/2026;14:40:00;173650,00;173770,00;173295,00;173335,00;12282588,00;354
WINQ26;09/06/2026;14:20:00;173360,00;173680,00;173360,00;173570,00;28493084,00;821
WINQ26;09/06/2026;14:00:00;173000,00;173400,00;172940,00;173360,00;50938434,00;1471
WINQ26;09/06/2026;13:40:00;172340,00;173000,00;172190,00;173000,00;76414726,00;2212
WINQ26;09/06/2026;13:20:00;173115,00;173470,00;172215,00;172310,00;73734680,00;2134
WINQ26;09/06/2026;13:00:00;173110,00;173405,00;173090,00;173130,00;7033586,00;203
WINQ26;09/06/2026;12:40:00;173220,00;173360,00;173075,00;173145,00;9180727,00;265
WINQ26;09/06/2026;12:20:00;173620,00;173710,00;172955,00;173215,00;135384148,00;3909
WINQ26;09/06/2026;12:00:00;173965,00;174180,00;173520,00;173610,00;16135721,00;464
WINQ26;09/06/2026;11:40:00;174310,00;174315,00;173440,00;173955,00;39791549,00;1145
WINQ26;09/06/2026;11:20:00;174065,00;174650,00;173995,00;174350,00;19105605,00;548
WINQ26;09/06/2026;11:00:00;173750,00;174525,00;173750,00;174045,00;23487070,00;674
WINQ26;09/06/2026;10:40:00;173565,00;174000,00;173200,00;173605,00;59029721,00;1700
WINQ26;09/06/2026;10:20:00;173580,00;174140,00;173365,00;173525,00;32644705,00;940
WINQ26;09/06/2026;10:00:00;173890,00;174270,00;173585,00;173585,00;21748466,00;625
WINQ26;09/06/2026;09:40:00;173405,00;173850,00;173320,00;173850,00;14303768,00;412
WINQ26;09/06/2026;09:20:00;173400,00;173585,00;173275,00;173435,00;14048456,00;405
WINQ26;09/06/2026;09:00:00;173180,00;174205,00;173005,00;173455,00;89057043,00;2565
WINQ26;08/06/2026;18:20:00;172590,00;172800,00;172590,00;172800,00;1726666,00;50
WINQ26;08/06/2026;18:00:00;172635,00;172645,00;172525,00;172590,00;38271941,00;1109
WINQ26;08/06/2026;17:40:00;172610,00;172765,00;172575,00;172640,00;6907290,00;200
WINQ26;08/06/2026;17:20:00;172560,00;172700,00;172560,00;172650,00;1968055,00;57
WINQ26;08/06/2026;17:00:00;172515,00;172655,00;172465,00;172580,00;3002750,00;87
WINQ26;08/06/2026;16:40:00;172460,00;172555,00;172420,00;172465,00;11177234,00;324
WINQ26;08/06/2026;16:20:00;172440,00;172620,00;172365,00;172460,00;24384968,00;707
WINQ26;08/06/2026;16:00:00;172595,00;172680,00;172380,00;172440,00;15837700,00;459
WINQ26;08/06/2026;15:40:00;172515,00;172630,00;172495,00;172610,00;16911405,00;490
WINQ26;08/06/2026;15:20:00;172465,00;172700,00;172385,00;172500,00;23089898,00;669
WINQ26;08/06/2026;15:00:00;172450,00;172625,00;172415,00;172500,00;20324852,00;589
WINQ26;08/06/2026;14:40:00;172195,00;172475,00;172135,00;172440,00;18513407,00;537
WINQ26;08/06/2026;14:20:00;172190,00;172360,00;172080,00;172180,00;17945915,00;521
WINQ26;08/06/2026;14:00:00;172345,00;172345,00;172070,00;172180,00;50556314,00;1468
WINQ26;08/06/2026;13:40:00;172455,00;172525,00;172310,00;172360,00;4930100,00;143
WINQ26;08/06/2026;13:20:00;172615,00;172620,00;172385,00;172495,00;6038870,00;175
WINQ26;08/06/2026;13:00:00;172615,00;172650,00;172470,00;172565,00;25679604,00;744
WINQ26;08/06/2026;12:40:00;172890,00;172890,00;172575,00;172675,00;42688928,00;1236
WINQ26;08/06/2026;12:20:00;172865,00;173125,00;172685,00;172850,00;24954336,00;722
WINQ26;08/06/2026;12:00:00;173245,00;173320,00;172705,00;172925,00;8196539,00;237
WINQ26;08/06/2026;11:40:00;172980,00;173390,00;172980,00;173155,00;47947875,00;1384
WINQ26;08/06/2026;11:20:00;172550,00;173095,00;172465,00;172945,00;33579351,00;972
WINQ26;08/06/2026;11:00:00;172620,00;172690,00;172235,00;172440,00;21037472,00;610
WINQ26;08/06/2026;10:40:00;173480,00;173480,00;172640,00;172640,00;34964591,00;1011
WINQ26;08/06/2026;10:20:00;172680,00;173660,00;172680,00;173515,00;40650692,00;1173
WINQ26;08/06/2026;10:00:00;172960,00;173095,00;172525,00;172735,00;24640462,00;713
WINQ26;08/06/2026;09:40:00;173280,00;173430,00;172640,00;173035,00;33043365,00;955
WINQ26;08/06/2026;09:20:00;173195,00;173670,00;173135,00;173280,00;29279853,00;844
WINQ26;08/06/2026;09:00:00;173685,00;173745,00;172930,00;173275,00;25514155,00;736
WINQ26;05/06/2026;18:20:00;172790,00;172960,00;172790,00;172960,00;3491391,00;101
WINQ26;05/06/2026;18:00:00;172790,00;172855,00;172670,00;172780,00;10883369,00;315
WINQ26;05/06/2026;17:40:00;172615,00;172825,00;172600,00;172790,00;9087518,00;263
WINQ26;05/06/2026;17:20:00;172685,00;172900,00;172625,00;172665,00;3075252,00;89
WINQ26;05/06/2026;17:00:00;173000,00;173015,00;172500,00;172615,00;4732733,00;137
WINQ26;05/06/2026;16:40:00;173150,00;173295,00;172995,00;173025,00;58742673,00;1697
WINQ26;05/06/2026;16:20:00;173180,00;173205,00;172965,00;173160,00;33882880,00;979
WINQ26;05/06/2026;16:00:00;173430,00;173445,00;173150,00;173190,00;14309680,00;413
WINQ26;05/06/2026;15:40:00;173530,00;173900,00;173415,00;173420,00;90467182,00;2606
WINQ26;05/06/2026;15:20:00;173265,00;173590,00;173250,00;173495,00;39692125,00;1144
WINQ26;05/06/2026;15:00:00;173505,00;173590,00;173150,00;173220,00;14521917,00;419
WINQ26;05/06/2026;14:40:00;173575,00;173650,00;173320,00;173495,00;7908621,00;228
WINQ26;05/06/2026;14:20:00;173090,00;173500,00;173055,00;173500,00;53249757,00;1537
WINQ26;05/06/2026;14:00:00;173260,00;173260,00;173010,00;173100,00;15550820,00;449
WINQ26;05/06/2026;13:40:00;173150,00;173330,00;173075,00;173235,00;27431323,00;792
WINQ26;05/06/2026;13:20:00;173370,00;173470,00;173150,00;173230,00;95152582,00;2746
WINQ26;05/06/2026;13:00:00;173315,00;173485,00;173195,00;173400,00;4057117,00;117
WINQ26;05/06/2026;12:40:00;173500,00;173580,00;173235,00;173300,00;8254772,00;238
WINQ26;05/06/2026;12:20:00;174250,00;174300,00;173510,00;173580,00;37612403,00;1082
WINQ26;05/06/2026;12:00:00;174235,00;174420,00;174155,00;174335,00;8540249,00;245
WINQ26;05/06/2026;11:40:00;174205,00;174375,00;174090,00;174150,00;6515386,00;187
WINQ26;05/06/2026;11:20:00;174330,00;174500,00;173700,00;174205,00;39895047,00;1146
WINQ26;05/06/2026;11:00:00;174020,00;174370,00;173830,00;174305,00;24042045,00;690
WINQ26;05/06/2026;10:40:00;174180,00;174645,00;174030,00;174030,00;43735461,00;1254
WINQ26;05/06/2026;10:20:00;174155,00;174480,00;173405,00;174275,00;12529056,00;360
WINQ26;05/06/2026;10:00:00;174335,00;174500,00;173615,00;174055,00;17326916,00;498
WINQ26;05/06/2026;09:40:00;174455,00;174555,00;174040,00;174310,00;8819393,00;253
WINQ26;05/06/2026;09:20:00;174685,00;174910,00;174160,00;174450,00;15187455,00;435
WINQ26;05/06/2026;09:00:00;174455,00;175105,00;174290,00;174635,00;27254890,00;780
WINQ26;03/06/2026;18:20:00;174185,00;174200,00;174105,00;174200,00;1184301,00;34
WINQ26;03/06/2026;18:00:00;174375,00;174375,00;174130,00;174160,00;39483887,00;1133
WINQ26;03/06/2026;17:40:00;174320,00;174380,00;174295,00;174370,00;7985160,00;229
WINQ26;03/06/2026;17:20:00;174385,00;174475,00;174300,00;174305,00;34693939,00;995
WINQ26;03/06/2026;17:00:00;174390,00;174460,00;174300,00;174360,00;1115968,00;32
WINQ26;03/06/2026;16:40:00;174385,00;174550,00;174340,00;174355,00;7570212,00;217
WINQ26;03/06/2026;16:20:00;174400,00;174425,00;174205,00;174400,00;5089968,00;146
WINQ26;03/06/2026;16:00:00;174445,00;174505,00;174285,00;174435,00;3557706,00;102
WINQ26;03/06/2026;15:40:00;174255,00;174490,00;174165,00;174460,00;12449076,00;357
WINQ26;03/06/2026;15:20:00;174410,00;174550,00;174105,00;174215,00;40830677,00;1171
WINQ26;03/06/2026;15:00:00;174280,00;174565,00;174205,00;174415,00;47211417,00;1353
WINQ26;03/06/2026;14:40:00;174605,00;174755,00;174245,00;174310,00;26890800,00;771
WINQ26;03/06/2026;14:20:00;174540,00;174610,00;174445,00;174575,00;3420806,00;98
WINQ26;03/06/2026;14:00:00;174575,00;174705,00;174440,00;174475,00;33768657,00;967
WINQ26;03/06/2026;13:40:00;174405,00;174750,00;174370,00;174540,00;13337079,00;382
WINQ26;03/06/2026;13:20:00;174685,00;174780,00;174415,00;174415,00;71322242,00;2042
WINQ26;03/06/2026;13:00:00;174910,00;174920,00;174650,00;174675,00;47366857,00;1355
WINQ26;03/06/2026;12:40:00;175045,00;175160,00;174840,00;174980,00;117445835,00;3356
WINQ26;03/06/2026;12:20:00;175110,00;175260,00;174920,00;175040,00;53052637,00;1515
WINQ26;03/06/2026;12:00:00;175495,00;175700,00;174970,00;175150,00;57636031,00;1645
WINQ26;03/06/2026;11:40:00;175640,00;175640,00;175020,00;175550,00;73517304,00;2097
WINQ26;03/06/2026;11:20:00;175425,00;175860,00;175165,00;175640,00;96069558,00;2734
WINQ26;03/06/2026;11:00:00;176165,00;176235,00;175215,00;175505,00;177679462,00;5056
WINQ26;03/06/2026;10:40:00;176340,00;176520,00;175780,00;176150,00;134940481,00;3831
WINQ26;03/06/2026;10:20:00;175640,00;176455,00;175390,00;176245,00;63037077,00;1791
WINQ26;03/06/2026;10:00:00;175795,00;176200,00;175500,00;175530,00;38742928,00;1102
WINQ26;03/06/2026;09:40:00;176000,00;176035,00;175590,00;175860,00;44366851,00;1262
WINQ26;03/06/2026;09:20:00;176180,00;176365,00;175575,00;175980,00;53224908,00;1513
WINQ26;03/06/2026;09:00:00;178405,00;178600,00;175195,00;176220,00;279957421,00;7918
WINQ26;02/06/2026;18:20:00;178710,00;178785,00;178695,00;178785,00;1715596,00;48
WINQ26;02/06/2026;18:00:00;178795,00;178835,00;178625,00;178795,00;73040502,00;2044
WINQ26;02/06/2026;17:40:00;178760,00;178885,00;178695,00;178795,00;6579701,00;184
WINQ26;02/06/2026;17:20:00;179000,00;179015,00;178745,00;178760,00;5187581,00;145
WINQ26;02/06/2026;17:00:00;178795,00;179080,00;178550,00;178970,00;15059864,00;421
WINQ26;02/06/2026;16:40:00;178855,00;178855,00;178685,00;178735,00;6864781,00;192
WINQ26;02/06/2026;16:20:00;178810,00;178920,00;178800,00;178860,00;8407018,00;235
WINQ26;02/06/2026;16:00:00;178980,00;179010,00;178735,00;178805,00;11805329,00;330
WINQ26;02/06/2026;15:40:00;179000,00;179045,00;178905,00;178975,00;14032597,00;392
WINQ26;02/06/2026;15:20:00;178700,00;179280,00;178700,00;179010,00;30110131,00;841
WINQ26;02/06/2026;15:00:00;178575,00;178790,00;178565,00;178700,00;6789300,00;190
WINQ26;02/06/2026;14:40:00;178410,00;178630,00;178345,00;178520,00;6962417,00;195
WINQ26;02/06/2026;14:20:00;178310,00;178545,00;178175,00;178425,00;12981882,00;364
WINQ26;02/06/2026;14:00:00;178720,00;178745,00;178265,00;178265,00;11749783,00;329
WINQ26;02/06/2026;13:40:00;178715,00;178915,00;178655,00;178745,00;8619721,00;241
WINQ26;02/06/2026;13:20:00;178985,00;178985,00;178740,00;178790,00;6081331,00;170
WINQ26;02/06/2026;13:00:00;179075,00;179105,00;178950,00;178950,00;3866921,00;108
WINQ26;02/06/2026;12:40:00;179125,00;179260,00;179035,00;179100,00;2758328,00;77
WINQ26;02/06/2026;12:20:00;178960,00;179290,00;178950,00;179180,00;17343898,00;484
WINQ26;02/06/2026;12:00:00;178835,00;178920,00;178715,00;178845,00;9943680,00;278
WINQ26;02/06/2026;11:40:00;179000,00;179325,00;178850,00;178850,00;10242598,00;286
WINQ26;02/06/2026;11:20:00;178330,00;179050,00;178245,00;178905,00;35916019,00;1005
WINQ26;02/06/2026;11:00:00;177670,00;178300,00;177270,00;178280,00;19436947,00;547
WINQ26;02/06/2026;10:40:00;177965,00;178430,00;177655,00;177730,00;26950455,00;757
WINQ26;02/06/2026;10:20:00;177590,00;178200,00;177240,00;177870,00;64755417,00;1820
WINQ26;02/06/2026;10:00:00;177550,00;177900,00;177295,00;177600,00;43928176,00;1237
WINQ26;02/06/2026;09:40:00;177320,00;177615,00;177140,00;177485,00;31771198,00;895
WINQ26;02/06/2026;09:20:00;177300,00;177790,00;177200,00;177290,00;38311012,00;1079
WINQ26;02/06/2026;09:00:00;176395,00;177580,00;176395,00;177285,00;129308316,00;3653
WINQ26;01/06/2026;18:20:00;176395,00;176405,00;176330,00;176350,00;50653407,00;1436
WINQ26;01/06/2026;18:00:00;176580,00;176640,00;176350,00;176370,00;47876492,00;1356
WINQ26;01/06/2026;17:40:00;176585,00;176600,00;176475,00;176585,00;3283990,00;93
WINQ26;01/06/2026;17:20:00;176640,00;176695,00;176515,00;176615,00;1765847,00;50
WINQ26;01/06/2026;17:00:00;176710,00;176825,00;176460,00;176655,00;10381527,00;294
WINQ26;01/06/2026;16:40:00;176815,00;176855,00;176665,00;176745,00;4666820,00;132
WINQ26;01/06/2026;16:20:00;176825,00;177125,00;176790,00;176855,00;8106261,00;229
WINQ26;01/06/2026;16:00:00;176800,00;176800,00;176645,00;176780,00;4276642,00;121
WINQ26;01/06/2026;15:40:00;176890,00;176945,00;176745,00;176835,00;1697876,00;48
WINQ26;01/06/2026;15:20:00;176775,00;176945,00;176760,00;176845,00;24507116,00;693
WINQ26;01/06/2026;15:00:00;176810,00;176925,00;176675,00;176775,00;5339635,00;151
WINQ26;01/06/2026;14:40:00;176740,00;176975,00;176740,00;176850,00;22105680,00;625
WINQ26;01/06/2026;14:20:00;176680,00;177255,00;176625,00;176625,00;14760142,00;417
WINQ26;01/06/2026;14:00:00;177065,00;177085,00;176645,00;176645,00;8346128,00;236
WINQ26;01/06/2026;13:40:00;176325,00;177055,00;176325,00;177045,00;34544506,00;978
WINQ26;01/06/2026;13:20:00;176420,00;176475,00;176285,00;176315,00;11465343,00;325
WINQ26;01/06/2026;13:00:00;176795,00;176900,00;176145,00;176390,00;30587035,00;867
WINQ26;01/06/2026;12:40:00;176905,00;176970,00;176690,00;176690,00;2086511,00;59
WINQ26;01/06/2026;12:20:00;176670,00;177160,00;176670,00;176945,00;36876000,00;1042
WINQ26;01/06/2026;12:00:00;176430,00;176750,00;176325,00;176575,00;18783766,00;532
WINQ26;01/06/2026;11:40:00;177015,00;177140,00;176400,00;176490,00;21660487,00;613
WINQ26;01/06/2026;11:20:00;176880,00;177230,00;176600,00;177065,00;28263289,00;799
WINQ26;01/06/2026;11:00:00;176945,00;177490,00;176665,00;176930,00;34168836,00;965
WINQ26;01/06/2026;10:40:00;176975,00;177250,00;176800,00;177000,00;20460453,00;578
WINQ26;01/06/2026;10:20:00;177535,00;177535,00;176565,00;176990,00;43449611,00;1227
WINQ26;01/06/2026;10:00:00;178545,00;178740,00;177525,00;177595,00;22114816,00;621
WINQ26;01/06/2026;09:40:00;178685,00;178720,00;178385,00;178555,00;7141665,00;200
WINQ26;01/06/2026;09:20:00;179015,00;179015,00;178590,00;178635,00;9971670,00;279
WINQ26;01/06/2026;09:00:00;178555,00;179800,00;178555,00;178990,00;28484104,00;795
WINQ26;29/05/2026;18:20:00;178290,00;178400,00;178235,00;178400,00;1996778,00;56
WINQ26;29/05/2026;18:00:00;178385,00;178670,00;178290,00;178300,00;12844734,00;360
WINQ26;29/05/2026;17:40:00;178535,00;178535,00;178325,00;178400,00;59156595,00;1658
WINQ26;29/05/2026;17:20:00;178600,00;178630,00;178570,00;178570,00;1821897,00;51
WINQ26;29/05/2026;17:00:00;178720,00;178730,00;178595,00;178600,00;2894611,00;81
WINQ26;29/05/2026;16:40:00;178840,00;178840,00;178570,00;178580,00;51943409,00;1454
WINQ26;29/05/2026;16:20:00;178830,00;178865,00;178710,00;178775,00;3969283,00;111
WINQ26;29/05/2026;16:00:00;178410,00;178950,00;178310,00;178855,00;13831982,00;387
WINQ26;29/05/2026;15:40:00;178420,00;178520,00;178270,00;178495,00;14350196,00;402
WINQ26;29/05/2026;15:20:00;178445,00;178595,00;178320,00;178450,00;1499295,00;42
WINQ26;29/05/2026;15:00:00;178405,00;178600,00;178305,00;178415,00;3248344,00;91
WINQ26;29/05/2026;14:40:00;178420,00;178630,00;178355,00;178495,00;5605066,00;157
WINQ26;29/05/2026;14:20:00;178375,00;178550,00;178200,00;178485,00;27302155,00;765
WINQ26;29/05/2026;14:00:00;177855,00;178500,00;177850,00;178375,00;26672754,00;748
WINQ26;29/05/2026;13:40:00;177955,00;178065,00;177805,00;177850,00;7935519,00;223
WINQ26;29/05/2026;13:20:00;177975,00;178060,00;177810,00;177980,00;15055099,00;423
WINQ26;29/05/2026;13:00:00;177930,00;178020,00;177840,00;177965,00;1779227,00;50
WINQ26;29/05/2026;12:40:00;177990,00;178055,00;177735,00;177930,00;54321440,00;1527
WINQ26;29/05/2026;12:20:00;178120,00;178200,00;177900,00;177935,00;17552247,00;493
WINQ26;29/05/2026;12:00:00;178130,00;178685,00;178055,00;178185,00;21485879,00;602
WINQ26;29/05/2026;11:40:00;177490,00;178170,00;177425,00;178035,00;29256273,00;822
WINQ26;29/05/2026;11:20:00;177650,00;177760,00;177240,00;177625,00;7067436,00;199
WINQ26;29/05/2026;11:00:00;178015,00;178095,00;177290,00;177445,00;41562053,00;1170
WINQ26;29/05/2026;10:40:00;178400,00;179110,00;177900,00;177975,00;33781221,00;946
WINQ26;29/05/2026;10:20:00;178430,00;178430,00;177485,00;178395,00;70462719,00;1981
WINQ26;29/05/2026;10:00:00;179375,00;179660,00;178475,00;178475,00;87983146,00;2460
WINQ26;29/05/2026;09:40:00;179615,00;179720,00;179205,00;179275,00;5384205,00;150
WINQ26;29/05/2026;09:20:00;179475,00;179810,00;179130,00;179670,00;59332807,00;1654
WINQ26;29/05/2026;09:00:00;179650,00;179935,00;179375,00;179455,00;45200937,00;1258
WINQ26;28/05/2026;18:20:00;179070,00;179315,00;179070,00;179210,00;2042956,00;57
WINQ26;28/05/2026;18:00:00;179320,00;179330,00;179055,00;179055,00;40855120,00;1140
WINQ26;28/05/2026;17:40:00;179370,00;179470,00;179225,00;179225,00;2331659,00;65
WINQ26;28/05/2026;17:20:00;179550,00;179550,00;179400,00;179440,00;5563201,00;155
WINQ26;28/05/2026;17:00:00;179860,00;179860,00;179575,00;179630,00;5535035,00;154
WINQ26;28/05/2026;16:40:00;179935,00;180040,00;179785,00;179840,00;17699311,00;492
WINQ26;28/05/2026;16:20:00;180055,00;180130,00;179910,00;179920,00;7091663,00;197
WINQ26;28/05/2026;16:00:00;180135,00;180150,00;179935,00;180085,00;8929787,00;248
WINQ26;28/05/2026;15:40:00;180160,00;180260,00;180060,00;180260,00;4827664,00;134
WINQ26;28/05/2026;15:20:00;180570,00;180570,00;180165,00;180180,00;23542861,00;653
WINQ26;28/05/2026;15:00:00;180765,00;180800,00;180540,00;180620,00;3179175,00;88
WINQ26;28/05/2026;14:40:00;180595,00;180850,00;180520,00;180825,00;26457898,00;732
WINQ26;28/05/2026;14:20:00;180360,00;180680,00;180200,00;180605,00;5812234,00;161
WINQ26;28/05/2026;14:00:00;180525,00;180525,00;180300,00;180410,00;5194681,00;144
WINQ26;28/05/2026;13:40:00;180525,00;180605,00;180375,00;180565,00;12918579,00;358
WINQ26;28/05/2026;13:20:00;180580,00;180675,00;180465,00;180500,00;1372244,00;38
WINQ26;28/05/2026;13:00:00;180260,00;180635,00;180160,00;180535,00;5987294,00;166
WINQ26;28/05/2026;12:40:00;180575,00;180660,00;180300,00;180355,00;3971026,00;110
WINQ26;28/05/2026;12:20:00;180385,00;180715,00;180235,00;180595,00;4835908,00;134
WINQ26;28/05/2026;12:00:00;180450,00;180655,00;180250,00;180395,00;37204344,00;1031
WINQ26;28/05/2026;11:40:00;180810,00;181060,00;180320,00;180475,00;45817495,00;1268
WINQ26;28/05/2026;11:20:00;181000,00;181050,00;180585,00;180830,00;9366404,00;259
WINQ26;28/05/2026;11:00:00;180410,00;181510,00;180055,00;181105,00;31231449,00;863
WINQ26;28/05/2026;10:40:00;179340,00;180695,00;179305,00;180350,00;80431252,00;2231
WINQ26;28/05/2026;10:20:00;180560,00;180580,00;179310,00;179310,00;43287613,00;1204
WINQ26;28/05/2026;10:00:00;180740,00;181245,00;180345,00;180670,00;81534285,00;2255
WINQ26;28/05/2026;09:40:00;180970,00;181125,00;180655,00;180655,00;37222662,00;1029
WINQ26;28/05/2026;09:20:00;179960,00;181110,00;179865,00;180915,00;72197834,00;1999
WINQ26;28/05/2026;09:00:00;179865,00;179930,00;179295,00;179910,00;31243107,00;870
WINQ26;27/05/2026;18:20:00;180485,00;180485,00;180360,00;180385,00;1226698,00;34
WINQ26;27/05/2026;18:00:00;180500,00;180545,00;180350,00;180515,00;25487468,00;706
WINQ26;27/05/2026;17:40:00;180675,00;180675,00;180480,00;180580,00;15921966,00;441
WINQ26;27/05/2026;17:20:00;180610,00;180780,00;180575,00;180690,00;11928654,00;330
WINQ26;27/05/2026;17:00:00;180640,00;180680,00;180480,00;180615,00;14116354,00;391
WINQ26;27/05/2026;16:40:00;180715,00;180800,00;180595,00;180615,00;13951250,00;386
WINQ26;27/05/2026;16:20:00;180575,00;180700,00;180545,00;180700,00;975374,00;27
WINQ26;27/05/2026;16:00:00;180650,00;180725,00;180495,00;180540,00;24534174,00;679
WINQ26;27/05/2026;15:40:00;180800,00;180825,00;180560,00;180655,00;3397028,00;94
WINQ26;27/05/2026;15:20:00;180920,00;181000,00;180750,00;180840,00;3111567,00;86
WINQ26;27/05/2026;15:00:00;180555,00;180900,00;180410,00;180875,00;19928975,00;551
WINQ26;27/05/2026;14:40:00;180580,00;180740,00;180510,00;180725,00;2709652,00;75
WINQ26;27/05/2026;14:20:00;180745,00;180765,00;180250,00;180670,00;4330854,00;120
WINQ26;27/05/2026;14:00:00;181110,00;181110,00;180575,00;180725,00;31042911,00;859
WINQ26;27/05/2026;13:40:00;181380,00;181470,00;181120,00;181120,00;3588341,00;99
WINQ26;27/05/2026;13:20:00;181415,00;181500,00;181365,00;181365,00;653108,00;18
WINQ26;27/05/2026;13:00:00;181530,00;181535,00;181185,00;181415,00;2429856,00;67
WINQ26;27/05/2026;12:40:00;181630,00;181630,00;181180,00;181475,00;6966908,00;192
WINQ26;27/05/2026;12:20:00;181600,00;181995,00;181540,00;181725,00;4290211,00;118
WINQ26;27/05/2026;12:00:00;181780,00;181930,00;181575,00;181750,00;5524974,00;152
WINQ26;27/05/2026;11:40:00;181440,00;181955,00;181275,00;181835,00;11591013,00;319
WINQ26;27/05/2026;11:20:00;181055,00;181535,00;181015,00;181510,00;4605974,00;127
WINQ26;27/05/2026;11:00:00;181800,00;181900,00;180965,00;181200,00;15305374,00;422
WINQ26;27/05/2026;10:40:00;182500,00;182605,00;181780,00;182000,00;11814056,00;324
WINQ26;27/05/2026;10:20:00;181970,00;182535,00;181195,00;182460,00;65157341,00;1793
WINQ26;27/05/2026;10:00:00;182400,00;182810,00;181835,00;182020,00;29450436,00;807
WINQ26;27/05/2026;09:40:00;182600,00;182805,00;182210,00;182480,00;16939703,00;464
WINQ26;27/05/2026;09:20:00;182140,00;183180,00;181965,00;182645,00;61252074,00;1675
WINQ26;27/05/2026;09:00:00;181050,00;182350,00;180620,00;182235,00;47365926,00;1303
WINQ26;26/05/2026;18:20:00;181300,00;181310,00;181215,00;181245,00;1268953,00;35
WINQ26;26/05/2026;18:00:00;181505,00;181505,00;181250,00;181250,00;2575510,00;71
WINQ26;26/05/2026;17:40:00;181400,00;181545,00;181385,00;181545,00;2540551,00;70
WINQ26;26/05/2026;17:20:00;181300,00;181490,00;181300,00;181410,00;3410895,00;94
WINQ26;26/05/2026;17:00:00;181285,00;181470,00;181210,00;181360,00;6781872,00;187
WINQ26;26/05/2026;16:40:00;181110,00;181265,00;181035,00;181260,00;7282195,00;201
WINQ26;26/05/2026;16:20:00;180715,00;181105,00;180705,00;181105,00;9156486,00;253
WINQ26;26/05/2026;16:00:00;180665,00;180785,00;180620,00;180700,00;939600,00;26
WINQ26;26/05/2026;15:40:00;180680,00;180800,00;180675,00;180710,00;8640920,00;239
WINQ26;26/05/2026;15:20:00;180790,00;180820,00;180535,00;180610,00;1806387,00;50
WINQ26;26/05/2026;15:00:00;180780,00;180920,00;180605,00;180750,00;5063355,00;140
WINQ26;26/05/2026;14:40:00;180805,00;180880,00;180660,00;180660,00;6291618,00;174
WINQ26;26/05/2026;14:20:00;180470,00;180845,00;180470,00;180815,00;3939310,00;109
WINQ26;26/05/2026;14:00:00;180600,00;180630,00;180460,00;180480,00;2202742,00;61
WINQ26;26/05/2026;13:40:00;180400,00;180675,00;180340,00;180615,00;4007341,00;111
WINQ26;26/05/2026;13:20:00;180650,00;180650,00;180400,00;180455,00;7148824,00;198
WINQ26;26/05/2026;13:00:00;180890,00;180950,00;180590,00;180660,00;2855647,00;79
WINQ26;26/05/2026;12:40:00;180735,00;180975,00;180695,00;180870,00;6328840,00;175
WINQ26;26/05/2026;12:20:00;180750,00;180775,00;180485,00;180665,00;5852434,00;162
WINQ26;26/05/2026;12:00:00;181190,00;181225,00;180785,00;180785,00;7277144,00;201
WINQ26;26/05/2026;11:40:00;180990,00;181325,00;180975,00;181210,00;11776056,00;325
WINQ26;26/05/2026;11:20:00;180915,00;181160,00;180785,00;180900,00;4306426,00;119
WINQ26;26/05/2026;11:00:00;180845,00;181130,00;180370,00;181000,00;66429831,00;1838
WINQ26;26/05/2026;10:40:00;182025,00;182035,00;180555,00;180810,00;51312396,00;1416
WINQ26;26/05/2026;10:20:00;181700,00;182470,00;181520,00;182235,00;29534384,00;811
WINQ26;26/05/2026;10:00:00;182255,00;182265,00;180910,00;181700,00;55456319,00;1528
WINQ26;26/05/2026;09:40:00;182000,00;182285,00;182000,00;182190,00;4626176,00;127
WINQ26;26/05/2026;09:20:00;182485,00;182785,00;181965,00;181965,00;20617834,00;565
WINQ26;26/05/2026;09:00:00;182765,00;182765,00;181945,00;182475,00;22236192,00;610
WINQ26;25/05/2026;18:20:00;182900,00;182995,00;182890,00;182995,00;987979,00;27
WINQ26;25/05/2026;18:00:00;182875,00;183020,00;182875,00;182940,00;3585973,00;98
WINQ26;25/05/2026;17:40:00;182950,00;182950,00;182860,00;182900,00;4170036,00;114
WINQ26;25/05/2026;17:20:00;182865,00;183025,00;182845,00;183010,00;11085246,00;303
WINQ26;25/05/2026;17:00:00;182755,00;182945,00;182750,00;182945,00;17336046,00;474
WINQ26;25/05/2026;16:40:00;182570,00;182750,00;182540,00;182750,00;4493809,00;123
WINQ26;25/05/2026;16:20:00;182370,00;182600,00;182370,00;182600,00;1387149,00;38
WINQ26;25/05/2026;16:00:00;182630,00;182680,00;182285,00;182385,00;3613449,00;99
WINQ26;25/05/2026;15:40:00;182320,00;182695,00;182320,00;182695,00;7194626,00;197
WINQ26;25/05/2026;15:20:00;182300,00;182500,00;182300,00;182410,00;2408356,00;66
WINQ26;25/05/2026;15:00:00;182315,00;182405,00;182300,00;182300,00;1276343,00;35
WINQ26;25/05/2026;14:40:00;182415,00;182440,00;182230,00;182325,00;5032399,00;138
WINQ26;25/05/2026;14:20:00;182095,00;182490,00;182095,00;182370,00;14511518,00;398
WINQ26;25/05/2026;14:00:00;181965,00;182130,00;181930,00;182015,00;5425511,00;149
WINQ26;25/05/2026;13:40:00;181725,00;182020,00;181700,00;181990,00;5129013,00;141
WINQ26;25/05/2026;13:20:00;181560,00;181705,00;181515,00;181705,00;1888429,00;52
WINQ26;25/05/2026;13:00:00;181775,00;181830,00;181435,00;181560,00;5957189,00;164
WINQ26;25/05/2026;12:40:00;181900,00;182025,00;181800,00;181800,00;2365035,00;65
WINQ26;25/05/2026;12:20:00;181940,00;181940,00;181645,00;181885,00;1417854,00;39
WINQ26;25/05/2026;12:00:00;181715,00;182050,00;181630,00;181950,00;3601230,00;99
WINQ26;25/05/2026;11:40:00;181735,00;181800,00;181665,00;181740,00;2035556,00;56
WINQ26;25/05/2026;11:20:00;181755,00;181855,00;181600,00;181685,00;5850875,00;161
WINQ26;25/05/2026;11:00:00;181800,00;181995,00;181740,00;181760,00;3272654,00;90
WINQ26;25/05/2026;10:40:00;182095,00;182200,00;181690,00;181750,00;5166296,00;142
WINQ26;25/05/2026;10:20:00;181980,00;182090,00;181735,00;182025,00;5785161,00;159
WINQ26;25/05/2026;10:00:00;182200,00;182365,00;181900,00;182035,00;11326214,00;311
WINQ26;25/05/2026;09:40:00;182625,00;182670,00;182250,00;182250,00;8322485,00;228
WINQ26;25/05/2026;09:20:00;182690,00;182800,00;182200,00;182615,00;33250097,00;911
WINQ26;25/05/2026;09:00:00;182740,00;183845,00;182670,00;182670,00;65995928,00;1801
WINQ26;22/05/2026;18:20:00;181445,00;181485,00;181320,00;181355,00;1596168,00;44
WINQ26;22/05/2026;18:00:00;181385,00;181410,00;181330,00;181385,00;2031151,00;56
WINQ26;22/05/2026;17:40:00;181370,00;181415,00;181285,00;181355,00;1704634,00;47
WINQ26;22/05/2026;17:20:00;181475,00;181500,00;181370,00;181375,00;2031930,00;56
WINQ26;22/05/2026;17:00:00;181210,00;181575,00;181170,00;181530,00;5152180,00;142
WINQ26;22/05/2026;16:40:00;181305,00;181305,00;181125,00;181275,00;5761846,00;159
WINQ26;22/05/2026;16:20:00;181495,00;181575,00;181280,00;181295,00;7220248,00;199
WINQ26;22/05/2026;16:00:00;181445,00;181520,00;181260,00;181490,00;11536064,00;318
WINQ26;22/05/2026;15:40:00;181320,00;181540,00;181240,00;181445,00;9067541,00;250
WINQ26;22/05/2026;15:20:00;181380,00;181490,00;181275,00;181390,00;16871386,00;465
WINQ26;22/05/2026;15:00:00;181395,00;181430,00;181220,00;181395,00;24587568,00;678
WINQ26;22/05/2026;14:40:00;181375,00;181480,00;181245,00;181480,00;7143632,00;197
WINQ26;22/05/2026;14:20:00;181040,00;181815,00;181040,00;181425,00;34295213,00;945
WINQ26;22/05/2026;14:00:00;181090,00;181215,00;180990,00;181020,00;7607148,00;210
WINQ26;22/05/2026;13:40:00;180925,00;181080,00;180870,00;181070,00;4850740,00;134
WINQ26;22/05/2026;13:20:00;180800,00;180975,00;180800,00;180880,00;8862422,00;245
WINQ26;22/05/2026;13:00:00;180740,00;180900,00;180645,00;180800,00;4339681,00;120
WINQ26;22/05/2026;12:40:00;180630,00;180735,00;180585,00;180590,00;4408208,00;122
WINQ26;22/05/2026;12:20:00;180320,00;180720,00;180320,00;180575,00;9279506,00;257
WINQ26;22/05/2026;12:00:00;180000,00;180315,00;179920,00;180165,00;4286109,00;119
WINQ26;22/05/2026;11:40:00;180560,00;180560,00;180000,00;180000,00;6413863,00;178
WINQ26;22/05/2026;11:20:00;180205,00;180575,00;180105,00;180575,00;9087058,00;252
WINQ26;22/05/2026;11:00:00;181400,00;181460,00;180170,00;180170,00;16197719,00;448
WINQ26;22/05/2026;10:40:00;181350,00;181790,00;181215,00;181660,00;9946907,00;274
WINQ26;22/05/2026;10:20:00;181655,00;181705,00;181000,00;181280,00;8189610,00;226
WINQ26;22/05/2026;10:00:00;181555,00;181710,00;181170,00;181665,00;7223231,00;199
WINQ26;22/05/2026;09:40:00;181400,00;181650,00;181300,00;181630,00;8818706,00;243
WINQ26;22/05/2026;09:20:00;182355,00;182355,00;181410,00;181410,00;6324702,00;174
WINQ26;22/05/2026;09:00:00;182260,00;182455,00;181850,00;182380,00;12420847,00;341
WINQ26;21/05/2026;18:20:00;182415,00;182550,00;182355,00;182455,00;729764,00;20
WINQ26;21/05/2026;18:00:00;182605,00;182670,00;182355,00;182430,00;3722758,00;102
WINQ26;21/05/2026;17:40:00;182600,00;182785,00;182600,00;182720,00;1717036,00;47
WINQ26;21/05/2026;17:20:00;182680,00;182680,00;182550,00;182600,00;255635,00;7
WINQ26;21/05/2026;17:00:00;182935,00;182935,00;182575,00;182675,00;4825753,00;132
WINQ26;21/05/2026;16:40:00;182760,00;183005,00;182675,00;183000,00;18876399,00;516
WINQ26;21/05/2026;16:20:00;182650,00;182870,00;182615,00;182770,00;4020720,00;110
WINQ26;21/05/2026;16:00:00;182510,00;182840,00;182470,00;182740,00;52568515,00;1439
WINQ26;21/05/2026;15:40:00;183015,00;183070,00;182285,00;182350,00;28319090,00;775
WINQ26;21/05/2026;15:20:00;183185,00;183370,00;183035,00;183035,00;3114768,00;85
WINQ26;21/05/2026;15:00:00;183360,00;183380,00;182960,00;183265,00;7472580,00;204
WINQ26;21/05/2026;14:40:00;183035,00;183500,00;182850,00;183225,00;17259347,00;471
WINQ26;21/05/2026;14:20:00;183360,00;183920,00;182905,00;182990,00;36100624,00;985
WINQ26;21/05/2026;14:00:00;182000,00;183495,00;182000,00;183400,00;22270334,00;609
WINQ26;21/05/2026;13:40:00;181995,00;182140,00;181925,00;182040,00;3531316,00;97
WINQ26;21/05/2026;13:20:00;182095,00;182150,00;181980,00;181980,00;1820515,00;50
WINQ26;21/05/2026;13:00:00;181830,00;182070,00;181830,00;182060,00;4767360,00;131
WINQ26;21/05/2026;12:40:00;181710,00;181830,00;181685,00;181805,00;6469271,00;178
WINQ26;21/05/2026;12:20:00;181895,00;181900,00;181530,00;181715,00;7923444,00;218
WINQ26;21/05/2026;12:00:00;181590,00;181980,00;181420,00;181785,00;6868245,00;189
WINQ26;21/05/2026;11:40:00;181545,00;181700,00;181220,00;181600,00;20061129,00;553
WINQ26;21/05/2026;11:20:00;181610,00;181810,00;181435,00;181510,00;26265534,00;723
WINQ26;21/05/2026;11:00:00;181915,00;181975,00;181465,00;181690,00;31151614,00;857
WINQ26;21/05/2026;10:40:00;181530,00;182375,00;181420,00;181935,00;14553414,00;400
WINQ26;21/05/2026;10:20:00;181400,00;181525,00;180915,00;181440,00;20765083,00;573
WINQ26;21/05/2026;10:00:00;181460,00;181775,00;181290,00;181445,00;12630462,00;348
WINQ26;21/05/2026;09:40:00;181625,00;181700,00;181400,00;181460,00;21390294,00;589
WINQ26;21/05/2026;09:20:00;181310,00;181605,00;181000,00;181545,00;24065364,00;664
WINQ26;21/05/2026;09:00:00;181960,00;182400,00;181170,00;181400,00;45303562,00;1246
WINQ26;20/05/2026;18:20:00;182150,00;182170,00;182100,00;182170,00;837887,00;23
WINQ26;20/05/2026;18:00:00;182440,00;182460,00;182155,00;182180,00;3645257,00;100
WINQ26;20/05/2026;17:40:00;182410,00;182500,00;182350,00;182365,00;2845576,00;78
WINQ26;20/05/2026;17:20:00;182525,00;182525,00;182365,00;182475,00;2700308,00;74
WINQ26;20/05/2026;17:00:00;182800,00;182800,00;182550,00;182550,00;5077778,00;139
WINQ26;20/05/2026;16:40:00;183125,00;183125,00;182800,00;182870,00;3256561,00;89
WINQ26;20/05/2026;16:20:00;183415,00;183415,00;183085,00;183160,00;2455794,00;67
WINQ26;20/05/2026;16:00:00;183290,00;183460,00;183290,00;183425,00;2310757,00;63
WINQ26;20/05/2026;15:40:00;183345,00;183375,00;183200,00;183310,00;1026392,00;28
WINQ26;20/05/2026;15:20:00;183250,00;183400,00;183180,00;183400,00;6414383,00;175
WINQ26;20/05/2026;15:00:00;183000,00;183260,00;182985,00;183260,00;1574962,00;43
WINQ26;20/05/2026;14:40:00;183405,00;183500,00;183040,00;183040,00;7367513,00;201
WINQ26;20/05/2026;14:20:00;183320,00;183495,00;183210,00;183495,00;5391651,00;147
WINQ26;20/05/2026;14:00:00;183230,00;183360,00;183185,00;183335,00;5094595,00;139
WINQ26;20/05/2026;13:40:00;183000,00;183315,00;183000,00;183315,00;2380335,00;65
WINQ26;20/05/2026;13:20:00;182880,00;183050,00;182725,00;183000,00;2487201,00;68
WINQ26;20/05/2026;13:00:00;182620,00;183000,00;182595,00;182905,00;2998853,00;82
WINQ26;20/05/2026;12:40:00;182680,00;182800,00;182505,00;182650,00;2849375,00;78
WINQ26;20/05/2026;12:20:00;182810,00;182920,00;182355,00;182715,00;6318796,00;173
WINQ26;20/05/2026;12:00:00;182300,00;183220,00;182190,00;182800,00;24472826,00;669
WINQ26;20/05/2026;11:40:00;182215,00;182510,00;182020,00;182240,00;5541478,00;152
WINQ26;20/05/2026;11:20:00;182825,00;182855,00;182105,00;182225,00;22415547,00;614
WINQ26;20/05/2026;11:00:00;182500,00;182805,00;181415,00;182805,00;46644992,00;1281
WINQ26;20/05/2026;10:40:00;182155,00;182640,00;181835,00;182455,00;25925717,00;711
WINQ26;20/05/2026;10:20:00;181200,00;182235,00;181115,00;182135,00;94937732,00;2613
WINQ26;20/05/2026;10:00:00;180375,00;181305,00;180345,00;181095,00;25024020,00;692
WINQ26;20/05/2026;09:40:00;180475,00;180475,00;180195,00;180250,00;4219796,00;117
WINQ26;20/05/2026;09:20:00;180325,00;180570,00;180275,00;180470,00;10537478,00;292
WINQ26;20/05/2026;09:00:00;180175,00;181050,00;179925,00;180285,00;40939125,00;1134
WINQ26;19/05/2026;18:20:00;180010,00;180090,00;179920,00;179920,00;1764497,00;49
WINQ26;19/05/2026;18:00:00;179785,00;180105,00;179785,00;180040,00;12019162,00;334
WINQ26;19/05/2026;17:40:00;179620,00;179765,00;179555,00;179740,00;52789347,00;1469
WINQ26;19/05/2026;17:20:00;179470,00;179770,00;179435,00;179620,00;16058468,00;447
WINQ26;19/05/2026;17:00:00;179245,00;179530,00;179230,00;179370,00;9940838,00;277
WINQ26;19/05/2026;16:40:00;179215,00;179410,00;179150,00;179240,00;6131242,00;171
WINQ26;19/05/2026;16:20:00;179320,00;179320,00;179070,00;179220,00;4765923,00;133
WINQ26;19/05/2026;16:00:00;179450,00;179480,00;179200,00;179410,00;10943906,00;305
WINQ26;19/05/2026;15:40:00;179540,00;179635,00;179365,00;179445,00;4738651,00;132
WINQ26;19/05/2026;15:20:00;179640,00;179820,00;179435,00;179540,00;9050387,00;252
WINQ26;19/05/2026;15:00:00;179995,00;179995,00;179650,00;179650,00;23954987,00;666
WINQ26;19/05/2026;14:40:00;180130,00;180185,00;179960,00;180065,00;15019609,00;417
WINQ26;19/05/2026;14:20:00;180445,00;180530,00;180025,00;180200,00;13630871,00;378
WINQ26;19/05/2026;14:00:00;180490,00;180560,00;180200,00;180415,00;19729662,00;547
WINQ26;19/05/2026;13:40:00;179885,00;180620,00;179885,00;180535,00;56041076,00;1553
WINQ26;19/05/2026;13:20:00;179590,00;180040,00;179525,00;179880,00;33091036,00;920
WINQ26;19/05/2026;13:00:00;179880,00;180070,00;179565,00;179585,00;24112550,00;671
WINQ26;19/05/2026;12:40:00;179870,00;180075,00;179785,00;179850,00;8022438,00;223
WINQ26;19/05/2026;12:20:00;179780,00;179955,00;179615,00;179905,00;30805525,00;857
WINQ26;19/05/2026;12:00:00;179955,00;180215,00;179645,00;179850,00;49170276,00;1367
WINQ26;19/05/2026;11:40:00;180250,00;180300,00;179710,00;179915,00;46407161,00;1289
WINQ26;19/05/2026;11:20:00;180610,00;180630,00;180170,00;180325,00;57673158,00;1599
WINQ26;19/05/2026;11:00:00;180675,00;181300,00;180490,00;180610,00;47464974,00;1311
WINQ26;19/05/2026;10:40:00;179650,00;180845,00;179485,00;180765,00;65513755,00;1817
WINQ26;19/05/2026;10:20:00;179340,00;179860,00;178800,00;179750,00;99415410,00;2769
WINQ26;19/05/2026;10:00:00;180090,00;180210,00;179215,00;179355,00;106588173,00;2966
WINQ26;19/05/2026;09:40:00;180765,00;180775,00;180055,00;180090,00;15620201,00;433
WINQ26;19/05/2026;09:20:00;180915,00;181270,00;180740,00;180740,00;14231363,00;393
WINQ26;19/05/2026;09:00:00;181890,00;182355,00;180705,00;180950,00;31540814,00;869
WINQ26;18/05/2026;18:20:00;183000,00;183065,00;182995,00;183025,00;5966650,00;163
WINQ26;18/05/2026;18:00:00;182785,00;182985,00;182785,00;182985,00;3547803,00;97
WINQ26;18/05/2026;17:40:00;182700,00;182825,00;182670,00;182785,00;3179881,00;87
WINQ26;18/05/2026;17:20:00;182745,00;182825,00;182715,00;182775,00;2156652,00;59
WINQ26;18/05/2026;17:00:00;182620,00;182850,00;182510,00;182795,00;19807355,00;542
WINQ26;18/05/2026;16:40:00;182215,00;182775,00;182215,00;182750,00;18547311,00;508
WINQ26;18/05/2026;16:20:00;181850,00;182205,00;181685,00;182205,00;5458979,00;150
WINQ26;18/05/2026;16:00:00;181275,00;182015,00;181270,00;181815,00;16758745,00;461
WINQ26;18/05/2026;15:40:00;181410,00;181520,00;181320,00;181355,00;2503582,00;69
WINQ26;18/05/2026;15:20:00;181465,00;181475,00;181225,00;181475,00;4315900,00;119
WINQ26;18/05/2026;15:00:00;181880,00;181880,00;181375,00;181390,00;9480367,00;261
WINQ26;18/05/2026;14:40:00;182100,00;182150,00;181845,00;181845,00;4986237,00;137
WINQ26;18/05/2026;14:20:00;182275,00;182295,00;182075,00;182095,00;2113519,00;58
WINQ26;18/05/2026;14:00:00;182290,00;182325,00;182200,00;182275,00;728980,00;20
WINQ26;18/05/2026;13:40:00;182115,00;182510,00;182055,00;182340,00;4047534,00;111
WINQ26;18/05/2026;13:20:00;182395,00;182395,00;182075,00;182140,00;3899318,00;107
WINQ26;18/05/2026;13:00:00;182230,00;182420,00;182190,00;182395,00;4703836,00;129
WINQ26;18/05/2026;12:40:00;182480,00;182500,00;182260,00;182265,00;5217017,00;143
WINQ26;18/05/2026;12:20:00;182090,00;182455,00;181915,00;182440,00;2442071,00;67
WINQ26;18/05/2026;12:00:00;182170,00;182300,00;181870,00;182030,00;5753289,00;158
WINQ26;18/05/2026;11:40:00;181850,00;182230,00;181765,00;182160,00;5168370,00;142
WINQ26;18/05/2026;11:20:00;181715,00;182100,00;181640,00;181880,00;9897221,00;272
WINQ26;18/05/2026;11:00:00;182220,00;182240,00;181470,00;181640,00;9341966,00;257
WINQ26;18/05/2026;10:40:00;181785,00;182520,00;181780,00;182355,00;25771531,00;707
WINQ26;18/05/2026;10:20:00;181800,00;182260,00;181470,00;181780,00;25036591,00;688
WINQ26;18/05/2026;10:00:00;182085,00;182540,00;181800,00;181845,00;32045009,00;879
WINQ26;18/05/2026;09:40:00;181885,00;182120,00;181680,00;182010,00;10191253,00;280
WINQ26;18/05/2026;09:20:00;181880,00;182200,00;181715,00;181925,00;7240534,00;199
WINQ26;18/05/2026;09:00:00;182660,00;183200,00;181805,00;181900,00;16000259,00;439
WINQ26;15/05/2026;18:20:00;182920,00;183000,00;182795,00;182860,00;4646200,00;127
WINQ26;15/05/2026;18:00:00;182780,00;182905,00;182680,00;182900,00;3619814,00;99
WINQ26;15/05/2026;17:40:00;182880,00;182880,00;182665,00;182815,00;13640205,00;373
WINQ26;15/05/2026;17:20:00;182695,00;182870,00;182680,00;182855,00;12101139,00;331
WINQ26;15/05/2026;17:00:00;182740,00;182785,00;182440,00;182650,00;3177781,00;87
WINQ26;15/05/2026;16:40:00;182705,00;182955,00;182620,00;182895,00;7276289,00;199
WINQ26;15/05/2026;16:20:00;182270,00;182700,00;182270,00;182695,00;2737602,00;75
WINQ26;15/05/2026;16:00:00;182130,00;182350,00;182035,00;182265,00;8596474,00;236
WINQ26;15/05/2026;15:40:00;181975,00;182405,00;181970,00;182110,00;5175247,00;142
WINQ26;15/05/2026;15:20:00;182240,00;182470,00;181935,00;182035,00;23558739,00;647
WINQ26;15/05/2026;15:00:00;182590,00;182700,00;182225,00;182225,00;3979365,00;109
WINQ26;15/05/2026;14:40:00;182370,00;182585,00;182270,00;182570,00;1970338,00;54
WINQ26;15/05/2026;14:20:00;182400,00;182545,00;182350,00;182375,00;2736804,00;75
WINQ26;15/05/2026;14:00:00;182250,00;182510,00;182200,00;182370,00;5545314,00;152
WINQ26;15/05/2026;13:40:00;182325,00;182520,00;182285,00;182320,00;5252325,00;144
WINQ26;15/05/2026;13:20:00;182150,00;182420,00;182130,00;182285,00;3645946,00;100
WINQ26;15/05/2026;13:00:00;182075,00;182205,00;181990,00;182205,00;6299532,00;173
WINQ26;15/05/2026;12:40:00;181905,00;182040,00;181865,00;182040,00;6333132,00;174
WINQ26;15/05/2026;12:20:00;181855,00;182230,00;181735,00;181890,00;4477155,00;123
WINQ26;15/05/2026;12:00:00;181705,00;182035,00;181700,00;181940,00;2473549,00;68
WINQ26;15/05/2026;11:40:00;182130,00;182180,00;181680,00;181680,00;17834145,00;490
WINQ26;15/05/2026;11:20:00;182300,00;182500,00;182080,00;182195,00;13525913,00;371
WINQ26;15/05/2026;11:00:00;181440,00;182285,00;181155,00;182285,00;38231181,00;1053
WINQ26;15/05/2026;10:40:00;181250,00;181720,00;180825,00;181370,00;125078609,00;3451
WINQ26;15/05/2026;10:20:00;181170,00;181545,00;181100,00;181390,00;29631985,00;817
WINQ26;15/05/2026;10:00:00;181055,00;181470,00;180920,00;181200,00;113918373,00;3144
WINQ26;15/05/2026;09:40:00;181470,00;181550,00;181060,00;181100,00;105170194,00;2901
WINQ26;15/05/2026;09:20:00;181855,00;182010,00;181275,00;181475,00;177964813,00;4899
WINQ26;15/05/2026;09:00:00;182995,00;182995,00;181375,00;181905,00;269572430,00;7414
WINQ26;14/05/2026;18:20:00;184260,00;184390,00;184260,00;184390,00;1142770,00;31
WINQ26;14/05/2026;18:00:00;184200,00;184240,00;184150,00;184205,00;4678784,00;127
WINQ26;14/05/2026;17:40:00;184315,00;184330,00;184170,00;184225,00;53889775,00;1462
WINQ26;14/05/2026;17:20:00;184215,00;184355,00;184215,00;184320,00;2654037,00;72
WINQ26;14/05/2026;17:00:00;184060,00;184265,00;184025,00;184255,00;4713393,00;128
WINQ26;14/05/2026;16:40:00;184090,00;184150,00;184025,00;184040,00;2024867,00;55
WINQ26;14/05/2026;16:20:00;184320,00;184320,00;184000,00;184130,00;13213357,00;359
WINQ26;14/05/2026;16:00:00;184285,00;184420,00;184155,00;184330,00;1990145,00;54
WINQ26;14/05/2026;15:40:00;184245,00;184270,00;184050,00;184135,00;5451204,00;148
WINQ26;14/05/2026;15:20:00;184625,00;184625,00;184125,00;184265,00;18023623,00;489
WINQ26;14/05/2026;15:00:00;184715,00;184725,00;184500,00;184700,00;3655198,00;99
WINQ26;14/05/2026;14:40:00;185065,00;185110,00;184730,00;184775,00;6216396,00;168
WINQ26;14/05/2026;14:20:00;184810,00;185110,00;184750,00;185055,00;13205569,00;357
WINQ26;14/05/2026;14:00:00;184665,00;185055,00;184630,00;184830,00;7914622,00;214
WINQ26;14/05/2026;13:40:00;184540,00;184740,00;184540,00;184635,00;1587940,00;43
WINQ26;14/05/2026;13:20:00;184715,00;184715,00;184355,00;184440,00;2398278,00;65
WINQ26;14/05/2026;13:00:00;184680,00;184785,00;184580,00;184760,00;6242055,00;169
WINQ26;14/05/2026;12:40:00;184570,00;184765,00;184570,00;184670,00;14333199,00;388
WINQ26;14/05/2026;12:20:00;184660,00;184755,00;184465,00;184550,00;22567650,00;611
WINQ26;14/05/2026;12:00:00;184560,00;184775,00;184470,00;184685,00;11596758,00;314
WINQ26;14/05/2026;11:40:00;184475,00;184665,00;184245,00;184600,00;5607016,00;152
WINQ26;14/05/2026;11:20:00;184385,00;184685,00;184200,00;184475,00;19507367,00;529
WINQ26;14/05/2026;11:00:00;183725,00;184535,00;183725,00;184335,00;19534823,00;530
WINQ26;14/05/2026;10:40:00;183995,00;184050,00;183290,00;183625,00;16646051,00;453
WINQ26;14/05/2026;10:20:00;184110,00;184320,00;183525,00;184015,00;14089987,00;383
WINQ26;14/05/2026;10:00:00;184255,00;184420,00;183790,00;184080,00;42874125,00;1164
WINQ26;14/05/2026;09:40:00;184005,00;184350,00;183965,00;184235,00;9687165,00;263
WINQ26;14/05/2026;09:20:00;183905,00;184195,00;183890,00;184070,00;20392214,00;554
WINQ26;14/05/2026;09:00:00;182400,00;183930,00;182200,00;183840,00;109594920,00;2985
WINQ26;13/05/2026;18:20:00;182585,00;182650,00;182565,00;182615,00;2775661,00;76
WINQ26;13/05/2026;18:00:00;182770,00;182770,00;182455,00;182565,00;49570165,00;1358
WINQ26;13/05/2026;17:40:00;182840,00;182865,00;182680,00;182770,00;11551444,00;316
WINQ26;13/05/2026;17:20:00;182670,00;182885,00;182670,00;182850,00;1608439,00;44
WINQ26;13/05/2026;17:00:00;182735,00;182800,00;182415,00;182625,00;4748166,00;130
WINQ26;13/05/2026;16:40:00;182920,00;182950,00;182570,00;182715,00;3764692,00;103
WINQ26;13/05/2026;16:20:00;182890,00;182900,00;182440,00;182860,00;3763379,00;103
WINQ26;13/05/2026;16:00:00;183120,00;183230,00;182730,00;182875,00;8781190,00;240
WINQ26;13/05/2026;15:40:00;183500,00;183550,00;182380,00;183180,00;26434471,00;722
WINQ26;13/05/2026;15:20:00;183535,00;183805,00;183100,00;183390,00;82879463,00;2259
WINQ26;13/05/2026;15:00:00;184120,00;184405,00;183200,00;183520,00;427249852,00;11629
WINQ26;13/05/2026;14:40:00;185370,00;185420,00;184000,00;184080,00;149824891,00;4063
WINQ26;13/05/2026;14:20:00;185545,00;185645,00;185240,00;185415,00;22208326,00;599
WINQ26;13/05/2026;14:00:00;185740,00;185740,00;185285,00;185550,00;26961665,00;727
WINQ26;13/05/2026;13:40:00;186200,00;186200,00;185735,00;185765,00;7698951,00;207
WINQ26;13/05/2026;13:20:00;186100,00;186375,00;186085,00;186255,00;9946338,00;267
WINQ26;13/05/2026;13:00:00;186190,00;186300,00;186055,00;186105,00;4245891,00;114
WINQ26;13/05/2026;12:40:00;186120,00;186175,00;185965,00;186095,00;4130056,00;111
WINQ26;13/05/2026;12:20:00;185835,00;186160,00;185805,00;186100,00;5767134,00;155
WINQ26;13/05/2026;12:00:00;186145,00;186190,00;185850,00;185850,00;12536228,00;337
WINQ26;13/05/2026;11:40:00;185985,00;186075,00;185905,00;185975,00;5058996,00;136
WINQ26;13/05/2026;11:20:00;185775,00;186180,00;185765,00;185950,00;10119609,00;272
WINQ26;13/05/2026;11:00:00;185550,00;186065,00;185435,00;185790,00;12118614,00;326
WINQ26;13/05/2026;10:40:00;184630,00;185765,00;184470,00;185575,00;54805514,00;1479
WINQ26;13/05/2026;10:20:00;185565,00;185920,00;184550,00;184650,00;60627236,00;1636
WINQ26;13/05/2026;10:00:00;185715,00;186055,00;185495,00;185525,00;39616375,00;1066
WINQ26;13/05/2026;09:40:00;185455,00;185805,00;185450,00;185720,00;55231819,00;1488
WINQ26;13/05/2026;09:20:00;185940,00;185940,00;185220,00;185450,00;90606182,00;2442
WINQ26;13/05/2026;09:00:00;186540,00;186540,00;185430,00;186000,00;17991448,00;484
WINQ26;12/05/2026;18:20:00;186375,00;186575,00;186370,00;186575,00;857744,00;23
WINQ26;12/05/2026;18:00:00;186505,00;186575,00;186400,00;186400,00;2834859,00;76
WINQ26;12/05/2026;17:40:00;186510,00;186520,00;186455,00;186500,00;1939454,00;52
WINQ26;12/05/2026;17:20:00;186400,00;186470,00;186365,00;186460,00;11035125,00;296
WINQ26;12/05/2026;17:00:00;186400,00;186430,00;186235,00;186430,00;3018528,00;81
WINQ26;12/05/2026;16:40:00;186475,00;186600,00;186405,00;186405,00;3841741,00;103
WINQ26;12/05/2026;16:20:00;186755,00;186755,00;186440,00;186440,00;5597752,00;150
WINQ26;12/05/2026;16:00:00;186380,00;186835,00;186380,00;186815,00;12729304,00;341
WINQ26;12/05/2026;15:40:00;186320,00;186390,00;186230,00;186265,00;2943385,00;79
WINQ26;12/05/2026;15:20:00;186200,00;186595,00;186185,00;186345,00;23159059,00;621
WINQ26;12/05/2026;15:00:00;186025,00;186200,00;185820,00;186200,00;3719351,00;100
WINQ26;12/05/2026;14:40:00;186330,00;186330,00;185940,00;186000,00;2977384,00;80
WINQ26;12/05/2026;14:20:00;186250,00;186420,00;186165,00;186305,00;4284985,00;115
WINQ26;12/05/2026;14:00:00;185985,00;186250,00;185980,00;186225,00;13546938,00;364
WINQ26;12/05/2026;13:40:00;186115,00;186130,00;185840,00;185935,00;19931995,00;536
WINQ26;12/05/2026;13:20:00;186175,00;186190,00;186035,00;186165,00;1005004,00;27
WINQ26;12/05/2026;13:00:00;186055,00;186240,00;185960,00;186155,00;1414265,00;38
WINQ26;12/05/2026;12:40:00;185915,00;186220,00;185915,00;186105,00;14624573,00;393
WINQ26;12/05/2026;12:20:00;185975,00;186075,00;185820,00;185940,00;31241380,00;840
WINQ26;12/05/2026;12:00:00;186155,00;186530,00;185965,00;186025,00;19776635,00;531
WINQ26;12/05/2026;11:40:00;186370,00;186445,00;185875,00;186135,00;20800360,00;559
WINQ26;12/05/2026;11:20:00;186400,00;186620,00;185960,00;186335,00;38131269,00;1024
WINQ26;12/05/2026;11:00:00;187200,00;187270,00;186475,00;186475,00;7815374,00;209
WINQ26;12/05/2026;10:40:00;187520,00;187750,00;187120,00;187120,00;14096937,00;376
WINQ26;12/05/2026;10:20:00;186350,00;187620,00;186290,00;187540,00;65009175,00;1739
WINQ26;12/05/2026;10:00:00;187235,00;187290,00;186185,00;186345,00;100208691,00;2683
WINQ26;12/05/2026;09:40:00;187185,00;187500,00;187035,00;187195,00;25798408,00;689
WINQ26;12/05/2026;09:20:00;187190,00;187205,00;186800,00;187170,00;51325078,00;1372
WINQ26;12/05/2026;09:00:00;187895,00;187895,00;186900,00;187250,00;39083726,00;1044
WINQ26;11/05/2026;18:20:00;188470,00;188625,00;188470,00;188600,00;7202529,00;191
WINQ26;11/05/2026;18:00:00;188025,00;188445,00;187975,00;188445,00;11896576,00;316
WINQ26;11/05/2026;17:40:00;187930,00;188065,00;187885,00;188065,00;7181611,00;191
WINQ26;11/05/2026;17:20:00;187960,00;187965,00;187935,00;187945,00;977352,00;26
WINQ26;11/05/2026;17:00:00;188095,00;188135,00;187895,00;187985,00;9364974,00;249
WINQ26;11/05/2026;16:40:00;187880,00;188095,00;187840,00;188095,00;7369770,00;196
WINQ26;11/05/2026;16:20:00;187780,00;187910,00;187655,00;187880,00;21028062,00;560
WINQ26;11/05/2026;16:00:00;188130,00;188130,00;187800,00;187800,00;4885340,00;130
WINQ26;11/05/2026;15:40:00;188230,00;188345,00;188145,00;188145,00;2372023,00;63
WINQ26;11/05/2026;15:20:00;187955,00;188300,00;187945,00;188175,00;5193733,00;138
WINQ26;11/05/2026;15:00:00;188150,00;188220,00;187910,00;187970,00;20544269,00;546
WINQ26;11/05/2026;14:40:00;188120,00;188140,00;187880,00;188100,00;23193158,00;617
WINQ26;11/05/2026;14:20:00;188000,00;188175,00;187990,00;188100,00;5568294,00;148
WINQ26;11/05/2026;14:00:00;188100,00;188280,00;187960,00;188035,00;8657200,00;230
WINQ26;11/05/2026;13:40:00;187860,00;188240,00;187840,00;188175,00;34218670,00;910
WINQ26;11/05/2026;13:20:00;188055,00;188125,00;187775,00;187840,00;30774928,00;819
WINQ26;11/05/2026;13:00:00;188305,00;188335,00;188020,00;188190,00;37526728,00;997
WINQ26;11/05/2026;12:40:00;188515,00;188515,00;188240,00;188360,00;16425431,00;436
WINQ26;11/05/2026;12:20:00;188465,00;188500,00;188320,00;188500,00;19484105,00;517
WINQ26;11/05/2026;12:00:00;188555,00;188700,00;188350,00;188510,00;37171870,00;986
WINQ26;11/05/2026;11:40:00;188785,00;189110,00;188585,00;188620,00;32048871,00;848
WINQ26;11/05/2026;11:20:00;188800,00;188895,00;188570,00;188745,00;48838287,00;1294
WINQ26;11/05/2026;11:00:00;189325,00;189425,00;188605,00;188930,00;29617486,00;784
WINQ26;11/05/2026;10:40:00;190495,00;190495,00;189190,00;189300,00;16724652,00;441
WINQ26;11/05/2026;10:20:00;190580,00;190635,00;189985,00;190385,00;13893152,00;365
WINQ26;11/05/2026;10:00:00;189645,00;190605,00;189375,00;190605,00;32173438,00;846
WINQ26;11/05/2026;09:40:00;189825,00;189865,00;189500,00;189610,00;9517816,00;251
WINQ26;11/05/2026;09:20:00;189520,00;189965,00;189490,00;189850,00;11572180,00;305
WINQ26;11/05/2026;09:00:00;190930,00;190930,00;189400,00;189580,00;33043675,00;871
WINQ26;08/05/2026;18:20:00;190750,00;190820,00;190680,00;190795,00;3318968,00;87
WINQ26;08/05/2026;18:00:00;190710,00;190800,00;190595,00;190800,00;8657576,00;227
WINQ26;08/05/2026;17:40:00;190580,00;190800,00;190530,00;190670,00;10144529,00;266
WINQ26;08/05/2026;17:20:00;190550,00;190595,00;190455,00;190525,00;1790952,00;47
WINQ26;08/05/2026;17:00:00;190560,00;190560,00;190380,00;190530,00;2209158,00;58
WINQ26;08/05/2026;16:40:00;190515,00;190685,00;190470,00;190645,00;10938599,00;287
WINQ26;08/05/2026;16:20:00;190770,00;190770,00;190435,00;190505,00;4192560,00;110
WINQ26;08/05/2026;16:00:00;190985,00;191000,00;190675,00;190700,00;1297407,00;34
WINQ26;08/05/2026;15:40:00;191095,00;191105,00;190800,00;190855,00;14290933,00;374
WINQ26;08/05/2026;15:20:00;190860,00;191175,00;190800,00;191115,00;4087892,00;107
WINQ26;08/05/2026;15:00:00;190815,00;190990,00;190745,00;190885,00;18744669,00;491
WINQ26;08/05/2026;14:40:00;190675,00;190900,00;190645,00;190875,00;12134622,00;318
WINQ26;08/05/2026;14:20:00;190935,00;190935,00;190620,00;190675,00;2136336,00;56
WINQ26;08/05/2026;14:00:00;190860,00;191020,00;190785,00;190835,00;3665082,00;96
WINQ26;08/05/2026;13:40:00;191015,00;191160,00;190895,00;190895,00;2101080,00;55
WINQ26;08/05/2026;13:20:00;190895,00;191065,00;190870,00;190935,00;1871264,00;49
WINQ26;08/05/2026;13:00:00;190890,00;191210,00;190840,00;190840,00;4088078,00;107
WINQ26;08/05/2026;12:40:00;190975,00;191015,00;190750,00;190750,00;3206366,00;84
WINQ26;08/05/2026;12:20:00;190920,00;191095,00;190840,00;191040,00;4583455,00;120
WINQ26;08/05/2026;12:00:00;191295,00;191295,00;190950,00;191010,00;4967811,00;130
WINQ26;08/05/2026;11:40:00;191435,00;191720,00;191175,00;191310,00;3866881,00;101
WINQ26;08/05/2026;11:20:00;191100,00;191615,00;191050,00;191445,00;4898990,00;128
WINQ26;08/05/2026;11:00:00;191250,00;191255,00;190770,00;191120,00;6876982,00;180
WINQ26;08/05/2026;10:40:00;191815,00;191970,00;191250,00;191305,00;16333891,00;426
WINQ26;08/05/2026;10:20:00;191725,00;191900,00;191150,00;191825,00;27511352,00;718
WINQ26;08/05/2026;10:00:00;191375,00;191800,00;190960,00;191710,00;34265373,00;895
WINQ26;08/05/2026;09:40:00;191140,00;191545,00;191080,00;191425,00;22310795,00;583
WINQ26;08/05/2026;09:20:00;190525,00;191305,00;190240,00;191165,00;50625486,00;1327
WINQ26;08/05/2026;09:00:00;189780,00;190550,00;189535,00;190535,00;94468446,00;2485
WINQ26;07/05/2026;18:20:00;188980,00;189115,00;188900,00;189115,00;4232201,00;112
WINQ26;07/05/2026;18:00:00;189180,00;189180,00;188985,00;189055,00;73910094,00;1955
WINQ26;07/05/2026;17:40:00;189240,00;189285,00;189175,00;189225,00;15783430,00;417
WINQ26;07/05/2026;17:20:00;189345,00;189395,00;189080,00;189120,00;8519594,00;225
WINQ26;07/05/2026;17:00:00;189345,00;189535,00;189285,00;189345,00;58236794,00;1537
WINQ26;07/05/2026;16:40:00;189630,00;189645,00;189150,00;189340,00;90330830,00;2385
WINQ26;07/05/2026;16:20:00;189680,00;189680,00;189495,00;189625,00;105370332,00;2779
WINQ26;07/05/2026;16:00:00;189760,00;189800,00;189575,00;189615,00;13617640,00;359
WINQ26;07/05/2026;15:40:00;189820,00;189860,00;189555,00;189770,00;93119288,00;2454
WINQ26;07/05/2026;15:20:00;189825,00;190095,00;189750,00;189825,00;80205782,00;2112
WINQ26;07/05/2026;15:00:00;189940,00;189940,00;189620,00;189745,00;76966323,00;2028
WINQ26;07/05/2026;14:40:00;189620,00;189945,00;189560,00;189885,00;97191355,00;2561
WINQ26;07/05/2026;14:20:00;189935,00;190045,00;189185,00;189585,00;189832548,00;5009
WINQ26;07/05/2026;14:00:00;189990,00;190180,00;189800,00;189800,00;121331244,00;3192
WINQ26;07/05/2026;13:40:00;190175,00;190300,00;189940,00;190005,00;158259936,00;4163
WINQ26;07/05/2026;13:20:00;190445,00;190500,00;190125,00;190125,00;97913835,00;2573
WINQ26;07/05/2026;13:00:00;190225,00;190450,00;190225,00;190395,00;41761698,00;1097
WINQ26;07/05/2026;12:40:00;190490,00;190550,00;190170,00;190265,00;124340606,00;3267
WINQ26;07/05/2026;12:20:00;190735,00;190735,00;190285,00;190460,00;103842087,00;2726
WINQ26;07/05/2026;12:00:00;190755,00;191000,00;190600,00;190750,00;57519186,00;1507
WINQ26;07/05/2026;11:40:00;190485,00;190835,00;190340,00;190750,00;57382383,00;1505
WINQ26;07/05/2026;11:20:00;190490,00;190635,00;190375,00;190450,00;44993880,00;1181
WINQ26;07/05/2026;11:00:00;190450,00;190570,00;190145,00;190520,00;72663603,00;1908
WINQ26;07/05/2026;10:40:00;191190,00;191200,00;190300,00;190430,00;64403599,00;1688
WINQ26;07/05/2026;10:20:00;192645,00;192785,00;191110,00;191210,00;36760882,00;959
WINQ26;07/05/2026;10:00:00;193425,00;193425,00;192200,00;192670,00;29496816,00;765
WINQ26;07/05/2026;09:40:00;193465,00;193570,00;193215,00;193425,00;5493351,00;142
WINQ26;07/05/2026;09:20:00;193195,00;193610,00;193050,00;193585,00;6649512,00;172
WINQ26;07/05/2026;09:00:00;194200,00;194545,00;193175,00;193255,00;64809494,00;1673
WINQ26;06/05/2026;18:20:00;193870,00;193910,00;193870,00;193910,00;77556,00;2
WINQ26;06/05/2026;18:00:00;193840,00;193920,00;193840,00;193900,00;66773628,00;1722
WINQ26;06/05/2026;17:40:00;193830,00;193920,00;193750,00;193855,00;18604584,00;480
WINQ26;06/05/2026;17:20:00;194125,00;194200,00;193810,00;193810,00;43541229,00;1122
WINQ26;06/05/2026;17:00:00;194380,00;194405,00;194045,00;194115,00;100561902,00;2590
WINQ26;06/05/2026;16:40:00;194425,00;194615,00;194335,00;194500,00;5833236,00;150
WINQ26;06/05/2026;16:20:00;194805,00;194805,00;194425,00;194425,00;1790337,00;46
WINQ26;06/05/2026;16:00:00;194600,00;194875,00;194600,00;194735,00;5219039,00;134
WINQ26;06/05/2026;15:40:00;194350,00;194610,00;194345,00;194590,00;157753118,00;4056
WINQ26;06/05/2026;15:20:00;194195,00;194330,00;194095,00;194310,00;3417900,00;88
WINQ26;06/05/2026;15:00:00;194175,00;194345,00;194065,00;194175,00;153686493,00;3957
WINQ26;06/05/2026;14:40:00;194255,00;194385,00;193980,00;194155,00;127229963,00;3278
WINQ26;06/05/2026;14:20:00;194745,00;194745,00;194250,00;194305,00;2683303,00;69
WINQ26;06/05/2026;14:00:00;194535,00;194875,00;194535,00;194700,00;3115869,00;80
WINQ26;06/05/2026;13:40:00;194850,00;194915,00;194350,00;194350,00;3268116,00;84
WINQ26;06/05/2026;13:20:00;194850,00;194900,00;194615,00;194900,00;18731195,00;481
WINQ26;06/05/2026;13:00:00;194575,00;194985,00;194550,00;194850,00;3272192,00;84
WINQ26;06/05/2026;12:40:00;194545,00;194775,00;194435,00;194600,00;4319653,00;111
WINQ26;06/05/2026;12:20:00;194695,00;194830,00;194520,00;194545,00;3114915,00;80
WINQ26;06/05/2026;12:00:00;194320,00;194735,00;194060,00;194735,00;97773318,00;2517
WINQ26;06/05/2026;11:40:00;194390,00;195000,00;194260,00;194340,00;67264253,00;1728
WINQ26;06/05/2026;11:20:00;193770,00;194400,00;193465,00;194265,00;182017553,00;4698
WINQ26;06/05/2026;11:00:00;194000,00;194050,00;193590,00;193710,00;62637469,00;1616
WINQ26;06/05/2026;10:40:00;195070,00;195325,00;194050,00;194050,00;14370141,00;369
WINQ26;06/05/2026;10:20:00;194815,00;195420,00;194795,00;195120,00;49906742,00;1280
WINQ26;06/05/2026;10:00:00;195230,00;195260,00;194255,00;194980,00;39421634,00;1012
WINQ26;06/05/2026;09:40:00;195970,00;195970,00;195220,00;195290,00;7746471,00;198
WINQ26;06/05/2026;09:20:00;195340,00;196420,00;195340,00;195985,00;20493034,00;523
WINQ26;06/05/2026;09:00:00;195275,00;195625,00;194625,00;195350,00;147264211,00;3772
WINQ26;05/05/2026;18:20:00;193305,00;193400,00;193200,00;193400,00;618538,00;16
WINQ26;05/05/2026;18:00:00;193365,00;193450,00;193235,00;193235,00;80616348,00;2085
WINQ26;05/05/2026;17:40:00;193320,00;193365,00;193280,00;193325,00;2822455,00;73
WINQ26;05/05/2026;17:20:00;193500,00;193505,00;193350,00;193375,00;696413,00;18
WINQ26;05/05/2026;17:00:00;193255,00;193510,00;193240,00;193495,00;1199106,00;31
WINQ26;05/05/2026;16:40:00;193470,00;193505,00;193190,00;193245,00;2165304,00;56
WINQ26;05/05/2026;16:20:00;193440,00;193585,00;193440,00;193520,00;1238453,00;32
WINQ26;05/05/2026;16:00:00;193500,00;193555,00;193400,00;193465,00;2050884,00;53
WINQ26;05/05/2026;15:40:00;193440,00;193595,00;193440,00;193595,00;1161214,00;30
WINQ26;05/05/2026;15:20:00;193495,00;193595,00;193360,00;193440,00;2089513,00;54
WINQ26;05/05/2026;15:00:00;193280,00;193505,00;193175,00;193375,00;3132705,00;81
WINQ26;05/05/2026;14:40:00;192975,00;193360,00;192975,00;193175,00;4212090,00;109
WINQ26;05/05/2026;14:20:00;193225,00;193225,00;192925,00;192985,00;4131832,00;107
WINQ26;05/05/2026;14:00:00;193265,00;193360,00;193140,00;193225,00;2125892,00;55
WINQ26;05/05/2026;13:40:00;193860,00;193875,00;193210,00;193210,00;5881191,00;152
WINQ26;05/05/2026;13:20:00;194055,00;194055,00;193790,00;193790,00;8685328,00;224
WINQ26;05/05/2026;13:00:00;194050,00;194085,00;194030,00;194075,00;582183,00;15
WINQ26;05/05/2026;12:40:00;193915,00;194070,00;193905,00;193990,00;13227988,00;341
WINQ26;05/05/2026;12:20:00;193540,00;193940,00;193535,00;193940,00;15190083,00;392
WINQ26;05/05/2026;12:00:00;193265,00;193510,00;192970,00;193415,00;4984957,00;129
WINQ26;05/05/2026;11:40:00;192895,00;193310,00;192895,00;193220,00;4829186,00;125
WINQ26;05/05/2026;11:20:00;192580,00;193115,00;192485,00;192890,00;8446041,00;219
WINQ26;05/05/2026;11:00:00;192870,00;193195,00;192530,00;192530,00;6325480,00;164
WINQ26;05/05/2026;10:40:00;192235,00;193160,00;192200,00;192845,00;9018097,00;234
WINQ26;05/05/2026;10:20:00;192940,00;193205,00;192265,00;192265,00;13840134,00;359
WINQ26;05/05/2026;10:00:00;192000,00;193250,00;191980,00;192945,00;62784595,00;1629
WINQ26;05/05/2026;09:40:00;192200,00;192265,00;191930,00;192035,00;23292907,00;606
WINQ26;05/05/2026;09:20:00;192340,00;192625,00;192115,00;192205,00;17619591,00;458
WINQ26;05/05/2026;09:00:00;193305,00;193365,00;191985,00;192295,00;28150340,00;731
WINQ26;04/05/2026;18:20:00;192365,00;192470,00;192365,00;192470,00;1539240,00;40
WINQ26;04/05/2026;18:00:00;192260,00;192375,00;192260,00;192350,00;1461586,00;38
WINQ26;04/05/2026;17:40:00;192155,00;192250,00;192150,00;192165,00;3536444,00;92
WINQ26;04/05/2026;17:20:00;192095,00;192210,00;192085,00;192160,00;2920954,00;76
WINQ26;04/05/2026;17:00:00;192270,00;192330,00;192070,00;192100,00;2459819,00;64
WINQ26;04/05/2026;16:40:00;192495,00;192505,00;192240,00;192240,00;2578019,00;67
WINQ26;04/05/2026;16:20:00;192570,00;192595,00;192465,00;192465,00;2040812,00;53
WINQ26;04/05/2026;16:00:00;192490,00;192595,00;192360,00;192500,00;3657678,00;95
WINQ26;04/05/2026;15:40:00;192560,00;192560,00;192275,00;192410,00;3962693,00;103
WINQ26;04/05/2026;15:20:00;192400,00;192530,00;192300,00;192505,00;4193697,00;109
WINQ26;04/05/2026;15:00:00;192530,00;192660,00;192450,00;192450,00;1502091,00;39
WINQ26;04/05/2026;14:40:00;192370,00;192500,00;192255,00;192440,00;1692836,00;44
WINQ26;04/05/2026;14:20:00;192695,00;192735,00;192340,00;192415,00;3696277,00;96
WINQ26;04/05/2026;14:00:00;192355,00;192730,00;192340,00;192670,00;9776406,00;254
WINQ26;04/05/2026;13:40:00;192565,00;192595,00;192260,00;192350,00;10815422,00;281
WINQ26;04/05/2026;13:20:00;192870,00;193000,00;192525,00;192525,00;4549017,00;118
WINQ26;04/05/2026;13:00:00;192845,00;193030,00;192565,00;192995,00;17195139,00;446
WINQ26;04/05/2026;12:40:00;192920,00;193010,00;192620,00;192840,00;30580776,00;793
WINQ26;04/05/2026;12:20:00;193275,00;193275,00;192800,00;193025,00;48470992,00;1256
WINQ26;04/05/2026;12:00:00;193480,00;193810,00;193265,00;193275,00;47417811,00;1226
WINQ26;04/05/2026;11:40:00;194175,00;194185,00;193410,00;193475,00;24800278,00;640
WINQ26;04/05/2026;11:20:00;194150,00;194250,00;193920,00;194175,00;5318700,00;137
WINQ26;04/05/2026;11:00:00;193740,00;194095,00;193650,00;194030,00;29882094,00;771
WINQ26;04/05/2026;10:40:00;194205,00;194500,00;193760,00;193760,00;8270012,00;213
WINQ26;04/05/2026;10:20:00;193805,00;194255,00;193525,00;194215,00;33660585,00;869
WINQ26;04/05/2026;10:00:00;194025,00;194295,00;193700,00;193760,00;9970979,00;257
WINQ26;04/05/2026;09:40:00;194015,00;194310,00;193945,00;194060,00;4696793,00;121
WINQ26;04/05/2026;09:20:00;194580,00;194670,00;193775,00;194120,00;26169728,00;673
WINQ26;04/05/2026;09:00:00;193220,00;194555,00;192890,00;194555,00;28912938,00;745
WINQ26;30/04/2026;18:20:00;193830,00;193895,00;193815,00;193855,00;1512214,00;39
WINQ26;30/04/2026;18:00:00;194030,00;194030,00;193845,00;193845,00;1589967,00;41
WINQ26;30/04/2026;17:40:00;194000,00;194030,00;193910,00;193935,00;2870965,00;74
WINQ26;30/04/2026;17:20:00;194275,00;194275,00;193945,00;193980,00;3298727,00;85
WINQ26;30/04/2026;17:00:00;194540,00;194540,00;194190,00;194270,00;10496898,00;270
WINQ26;30/04/2026;16:40:00;194750,00;194755,00;194545,00;194560,00;13468145,00;346
WINQ26;30/04/2026;16:20:00;194775,00;194860,00;194670,00;194770,00;10169189,00;261
WINQ26;30/04/2026;16:00:00;194540,00;194820,00;194540,00;194800,00;13476826,00;346
WINQ26;30/04/2026;15:40:00;194455,00;194590,00;194435,00;194520,00;17470646,00;449
WINQ26;30/04/2026;15:20:00;194400,00;194475,00;194325,00;194475,00;4743402,00;122
WINQ26;30/04/2026;15:00:00;194225,00;194405,00;194225,00;194400,00;18854028,00;485
WINQ26;30/04/2026;14:40:00;194350,00;194360,00;194175,00;194200,00;7187811,00;185
WINQ26;30/04/2026;14:20:00;194150,00;194355,00;194050,00;194305,00;13286564,00;342
WINQ26;30/04/2026;14:00:00;193950,00;194190,00;193950,00;194105,00;22126534,00;570
WINQ26;30/04/2026;13:40:00;194050,00;194100,00;193880,00;193975,00;6324968,00;163
WINQ26;30/04/2026;13:20:00;193850,00;194125,00;193725,00;194050,00;43009246,00;1109
WINQ26;30/04/2026;13:00:00;193975,00;194040,00;193825,00;193825,00;930864,00;24
WINQ26;30/04/2026;12:40:00;193835,00;194060,00;193785,00;194060,00;2171466,00;56
WINQ26;30/04/2026;12:20:00;193880,00;194160,00;193875,00;193880,00;3143097,00;81
WINQ26;30/04/2026;12:00:00;193805,00;193980,00;193660,00;193795,00;9845113,00;254
WINQ26;30/04/2026;11:40:00;193635,00;194120,00;193550,00;193835,00;8415389,00;217
WINQ26;30/04/2026;11:20:00;193515,00;194070,00;193430,00;193550,00;51723857,00;1334
WINQ26;30/04/2026;11:00:00;193725,00;193725,00;193165,00;193560,00;41982747,00;1085
WINQ26;30/04/2026;10:40:00;193240,00;193800,00;193120,00;193745,00;94432935,00;2440
WINQ26;30/04/2026;10:20:00;193110,00;193530,00;193060,00;193310,00;109007724,00;2820
WINQ26;30/04/2026;10:00:00;192765,00;193160,00;192665,00;193135,00;36141787,00;937
WINQ26;30/04/2026;09:40:00;192700,00;193050,00;192505,00;192675,00;61017848,00;1583
WINQ26;30/04/2026;09:20:00;192800,00;192985,00;192475,00;192730,00;95774248,00;2484
WINQ26;30/04/2026;09:00:00;191200,00;192900,00;191010,00;192780,00;102590322,00;2665
WINQ26;29/04/2026;18:20:00;190875,00;190880,00;190745,00;190800,00;19576003,00;513
WINQ26;29/04/2026;18:00:00;191050,00;191050,00;190805,00;190830,00;15426722,00;404
WINQ26;29/04/2026;17:40:00;191130,00;191210,00;191095,00;191095,00;30208091,00;790
WINQ26;29/04/2026;17:20:00;191395,00;191395,00;191060,00;191130,00;10789066,00;282
WINQ26;29/04/2026;17:00:00;191600,00;191755,00;191245,00;191390,00;44908405,00;1173
WINQ26;29/04/2026;16:40:00;191670,00;191695,00;191360,00;191575,00;15856077,00;414
WINQ26;29/04/2026;16:20:00;192000,00;192025,00;191535,00;191680,00;30491108,00;795
WINQ26;29/04/2026;16:00:00;192040,00;192100,00;191880,00;192015,00;2995090,00;78
WINQ26;29/04/2026;15:40:00;192055,00;192100,00;191750,00;192055,00;14856922,00;387
WINQ26;29/04/2026;15:20:00;192300,00;192375,00;191920,00;192125,00;35615714,00;927
WINQ26;29/04/2026;15:00:00;192575,00;192575,00;192100,00;192310,00;38215594,00;994
WINQ26;29/04/2026;14:40:00;192475,00;192705,00;192425,00;192600,00;14442732,00;375
WINQ26;29/04/2026;14:20:00;192775,00;192800,00;192400,00;192480,00;33791629,00;877
WINQ26;29/04/2026;14:00:00;192705,00;192800,00;192655,00;192710,00;42938415,00;1114
WINQ26;29/04/2026;13:40:00;192790,00;192800,00;192610,00;192740,00;32611664,00;846
WINQ26;29/04/2026;13:20:00;192800,00;192875,00;192655,00;192785,00;11564430,00;300
WINQ26;29/04/2026;13:00:00;192745,00;192995,00;192745,00;192810,00;9644875,00;250
WINQ26;29/04/2026;12:40:00;193090,00;193195,00;192550,00;192710,00;68792888,00;1784
WINQ26;29/04/2026;12:20:00;193405,00;193435,00;193060,00;193115,00;17390792,00;450
WINQ26;29/04/2026;12:00:00;193800,00;193820,00;193245,00;193420,00;80007309,00;2067
WINQ26;29/04/2026;11:40:00;193505,00;193785,00;193415,00;193775,00;46244070,00;1194
WINQ26;29/04/2026;11:20:00;193610,00;193725,00;193360,00;193570,00;74611297,00;1928
WINQ26;29/04/2026;11:00:00;193385,00;193610,00;193200,00;193610,00;57325587,00;1482
WINQ26;29/04/2026;10:40:00;194200,00;194205,00;193380,00;193405,00;105987709,00;2737
WINQ26;29/04/2026;10:20:00;194205,00;194350,00;193955,00;194225,00;60197146,00;1550
WINQ26;29/04/2026;10:00:00;194550,00;194620,00;194205,00;194205,00;19563330,00;503
WINQ26;29/04/2026;09:40:00;194895,00;194980,00;194550,00;194655,00;28524544,00;732
WINQ26;29/04/2026;09:20:00;195170,00;195260,00;194890,00;194890,00;77371412,00;1983
WINQ26;29/04/2026;09:00:00;195530,00;195540,00;194900,00;195175,00;22831347,00;585
WINQ26;28/04/2026;18:20:00;195625,00;195660,00;195570,00;195625,00;2347277,00;60
WINQ26;28/04/2026;18:00:00;195820,00;195820,00;195640,00;195640,00;2270762,00;58
WINQ26;28/04/2026;17:40:00;195770,00;195835,00;195750,00;195790,00;7479799,00;191
WINQ26;28/04/2026;17:20:00;195755,00;195805,00;195720,00;195770,00;1018012,00;26
WINQ26;28/04/2026;17:00:00;195755,00;195850,00;195755,00;195775,00;1801568,00;46
WINQ26;28/04/2026;16:40:00;195820,00;195910,00;195720,00;195745,00;4033841,00;103
WINQ26;28/04/2026;16:20:00;195665,00;195860,00;195645,00;195815,00;3327429,00;85
WINQ26;28/04/2026;16:00:00;195710,00;195800,00;195590,00;195690,00;1957070,00;50
WINQ26;28/04/2026;15:40:00;195900,00;195900,00;195740,00;195740,00;2114874,00;54
WINQ26;28/04/2026;15:20:00;195865,00;196030,00;195855,00;195915,00;4389312,00;112
WINQ26;28/04/2026;15:00:00;196010,00;196075,00;195670,00;195855,00;4268816,00;109
WINQ26;28/04/2026;14:40:00;196100,00;196130,00;196005,00;196005,00;3607850,00;92
WINQ26;28/04/2026;14:20:00;195675,00;196205,00;195645,00;196090,00;6350271,00;162
WINQ26;28/04/2026;14:00:00;195935,00;195935,00;195700,00;195700,00;1723099,00;44
WINQ26;28/04/2026;13:40:00;195575,00;196000,00;195575,00;195890,00;10852978,00;277
WINQ26;28/04/2026;13:20:00;195750,00;195785,00;195595,00;195595,00;1369743,00;35
WINQ26;28/04/2026;13:00:00;195735,00;195790,00;195555,00;195600,00;3208793,00;82
WINQ26;28/04/2026;12:40:00;195605,00;195750,00;195545,00;195735,00;10018706,00;256
WINQ26;28/04/2026;12:20:00;195400,00;195655,00;195365,00;195645,00;10283615,00;263
WINQ26;28/04/2026;12:00:00;195035,00;195485,00;195035,00;195400,00;50139352,00;1285
WINQ26;28/04/2026;11:40:00;194825,00;195075,00;194600,00;194935,00;76374031,00;1960
WINQ26;28/04/2026;11:20:00;195630,00;195630,00;194825,00;194855,00;9641795,00;247
WINQ26;28/04/2026;11:00:00;195360,00;195675,00;195300,00;195595,00;6960411,00;178
WINQ26;28/04/2026;10:40:00;195375,00;195820,00;195170,00;195350,00;32651606,00;835
WINQ26;28/04/2026;10:20:00;194665,00;195380,00;194485,00;195365,00;44033094,00;1130
WINQ26;28/04/2026;10:00:00;195305,00;195340,00;194610,00;194660,00;40194710,00;1031
WINQ26;28/04/2026;09:40:00;195315,00;195665,00;195215,00;195315,00;21802614,00;558
WINQ26;28/04/2026;09:20:00;195405,00;195685,00;195170,00;195330,00;40598610,00;1039
WINQ26;28/04/2026;09:00:00;196235,00;196700,00;195295,00;195545,00;50543019,00;1291
WINQ26;27/04/2026;18:20:00;196715,00;196750,00;196610,00;196630,00;1415994,00;36
WINQ26;27/04/2026;18:00:00;196815,00;196825,00;196695,00;196700,00;9209691,00;234
WINQ26;27/04/2026;17:40:00;196840,00;196860,00;196745,00;196775,00;11888042,00;302
WINQ26;27/04/2026;17:20:00;196880,00;196925,00;196820,00;196820,00;1850725,00;47
WINQ26;27/04/2026;17:00:00;196975,00;196985,00;196850,00;196910,00;3386984,00;86
WINQ26;27/04/2026;16:40:00;197075,00;197125,00;196920,00;196960,00;2679387,00;68
WINQ26;27/04/2026;16:20:00;197375,00;197405,00;196975,00;197100,00;5480654,00;139
WINQ26;27/04/2026;16:00:00;197370,00;197400,00;197245,00;197360,00;2959639,00;75
WINQ26;27/04/2026;15:40:00;197605,00;197605,00;197305,00;197305,00;3435007,00;87
WINQ26;27/04/2026;15:20:00;197630,00;197725,00;197495,00;197540,00;3042987,00;77
WINQ26;27/04/2026;15:00:00;197475,00;197620,00;197475,00;197590,00;1857358,00;47
WINQ26;27/04/2026;14:40:00;197480,00;197565,00;197350,00;197565,00;3277616,00;83
WINQ26;27/04/2026;14:20:00;197200,00;197675,00;197175,00;197435,00;8766169,00;222
WINQ26;27/04/2026;14:00:00;197425,00;197450,00;197085,00;197200,00;3943776,00;100
WINQ26;27/04/2026;13:40:00;197535,00;197540,00;197235,00;197370,00;4224166,00;107
WINQ26;27/04/2026;13:20:00;197650,00;197785,00;197520,00;197520,00;4428218,00;112
WINQ26;27/04/2026;13:00:00;197740,00;197765,00;197605,00;197605,00;2688264,00;68
WINQ26;27/04/2026;12:40:00;197645,00;197805,00;197545,00;197800,00;4428304,00;112
WINQ26;27/04/2026;12:20:00;197630,00;197695,00;197335,00;197670,00;5410268,00;137
WINQ26;27/04/2026;12:00:00;197510,00;197625,00;197400,00;197575,00;6516793,00;165
WINQ26;27/04/2026;11:40:00;198265,00;198265,00;197425,00;197490,00;10478298,00;265
WINQ26;27/04/2026;11:20:00;198300,00;198525,00;198160,00;198265,00;4799031,00;121
WINQ26;27/04/2026;11:00:00;198350,00;198670,00;198230,00;198325,00;4365225,00;110
WINQ26;27/04/2026;10:40:00;198040,00;198605,00;197820,00;198375,00;39249061,00;990
WINQ26;27/04/2026;10:20:00;198475,00;198570,00;197915,00;197935,00;10866078,00;274
WINQ26;27/04/2026;10:00:00;198350,00;198750,00;198180,00;198335,00;5992279,00;151
WINQ26;27/04/2026;09:40:00;198795,00;198820,00;198400,00;198400,00;5798980,00;146
WINQ26;27/04/2026;09:20:00;198415,00;198850,00;198300,00;198770,00;3733571,00;94
WINQ26;27/04/2026;09:00:00;198460,00;199170,00;198460,00;198600,00;20475081,00;515
WINQ26;24/04/2026;18:20:00;198415,00;198415,00;198325,00;198325,00;753839,00;19
WINQ26;24/04/2026;18:00:00;198345,00;198505,00;198325,00;198465,00;1547578,00;39
WINQ26;24/04/2026;17:40:00;198310,00;198400,00;198310,00;198325,00;20589116,00;519
WINQ26;24/04/2026;17:20:00;198215,00;198370,00;198185,00;198320,00;3569819,00;90
WINQ26;24/04/2026;17:00:00;198160,00;198350,00;198120,00;198225,00;10466619,00;264
WINQ26;24/04/2026;16:40:00;197950,00;198100,00;197945,00;198100,00;6021427,00;152
WINQ26;24/04/2026;16:20:00;197900,00;197990,00;197885,00;197915,00;2692277,00;68
WINQ26;24/04/2026;16:00:00;198205,00;198250,00;197860,00;197900,00;5386852,00;136
WINQ26;24/04/2026;15:40:00;197890,00;198205,00;197885,00;198165,00;9428052,00;238
WINQ26;24/04/2026;15:20:00;197635,00;197975,00;197610,00;197920,00;5222558,00;132
WINQ26;24/04/2026;15:00:00;197800,00;197945,00;197640,00;197700,00;2491628,00;63
WINQ26;24/04/2026;14:40:00;197790,00;198015,00;197775,00;197840,00;2137366,00;54
WINQ26;24/04/2026;14:20:00;197650,00;197755,00;197540,00;197675,00;23525687,00;595
WINQ26;24/04/2026;14:00:00;197655,00;197655,00;197490,00;197640,00;711167,00;18
WINQ26;24/04/2026;13:40:00;197460,00;197650,00;197410,00;197550,00;1777707,00;45
WINQ26;24/04/2026;13:20:00;197620,00;197625,00;197500,00;197550,00;1145740,00;29
WINQ26;24/04/2026;13:00:00;197970,00;197970,00;197470,00;197500,00;2254075,00;57
WINQ26;24/04/2026;12:40:00;197660,00;198185,00;197645,00;198025,00;14965755,00;378
WINQ26;24/04/2026;12:20:00;197750,00;197810,00;197615,00;197710,00;1621168,00;41
WINQ26;24/04/2026;12:00:00;197750,00;197850,00;197500,00;197650,00;4705087,00;119
WINQ26;24/04/2026;11:40:00;198015,00;198105,00;197420,00;197735,00;6248809,00;158
WINQ26;24/04/2026;11:20:00;198325,00;198325,00;197855,00;198010,00;5821650,00;147
WINQ26;24/04/2026;11:00:00;198500,00;198530,00;198170,00;198485,00;6386279,00;161
WINQ26;24/04/2026;10:40:00;197790,00;198640,00;197790,00;198605,00;22667249,00;572
WINQ26;24/04/2026;10:20:00;198450,00;198450,00;197550,00;197785,00;37654030,00;952
WINQ26;24/04/2026;10:00:00;198630,00;198980,00;198180,00;198285,00;15496040,00;390
WINQ26;24/04/2026;09:40:00;198660,00;198660,00;198150,00;198630,00;8810779,00;222
WINQ26;24/04/2026;09:20:00;198805,00;198860,00;198500,00;198615,00;34535281,00;869
WINQ26;24/04/2026;09:00:00;199130,00;199370,00;198850,00;198855,00;35841463,00;900
WINQ26;23/04/2026;18:20:00;198655,00;198655,00;198595,00;198595,00;2463298,00;62
WINQ26;23/04/2026;18:00:00;198800,00;198800,00;198600,00;198600,00;3973857,00;100
WINQ26;23/04/2026;17:40:00;198830,00;198915,00;198800,00;198915,00;34114694,00;858
WINQ26;23/04/2026;17:20:00;198935,00;199000,00;198840,00;198905,00;2784763,00;70
WINQ26;23/04/2026;17:00:00;199070,00;199110,00;198855,00;198855,00;8997806,00;226
WINQ26;23/04/2026;16:40:00;199220,00;199235,00;198895,00;199130,00;42318796,00;1063
WINQ26;23/04/2026;16:20:00;199325,00;199330,00;198930,00;199115,00;28326073,00;711
WINQ26;23/04/2026;16:00:00;199565,00;199565,00;199225,00;199355,00;3070223,00;77
WINQ26;23/04/2026;15:40:00;199555,00;199700,00;199450,00;199510,00;15209446,00;381
WINQ26;23/04/2026;15:20:00;199650,00;199885,00;199525,00;199530,00;4992928,00;125
WINQ26;23/04/2026;15:00:00;199400,00;199810,00;199375,00;199625,00;72703151,00;1820
WINQ26;23/04/2026;14:40:00;199000,00;199500,00;198400,00;199500,00;42669805,00;1073
WINQ26;23/04/2026;14:20:00;199180,00;199460,00;199000,00;199070,00;9366380,00;235
WINQ26;23/04/2026;14:00:00;200140,00;200140,00;199080,00;199205,00;10302081,00;258
WINQ26;23/04/2026;13:40:00;200085,00;200340,00;200040,00;200095,00;12012295,00;300
WINQ26;23/04/2026;13:20:00;199750,00;200140,00;199750,00;200085,00;5237551,00;131
WINQ26;23/04/2026;13:00:00;199665,00;199710,00;199400,00;199710,00;3871357,00;97
WINQ26;23/04/2026;12:40:00;199970,00;199975,00;199630,00;199665,00;3395675,00;85
WINQ26;23/04/2026;12:20:00;199960,00;200175,00;199920,00;200000,00;3721475,00;93
WINQ26;23/04/2026;12:00:00;199920,00;200070,00;199645,00;200000,00;7914704,00;198
WINQ26;23/04/2026;11:40:00;200095,00;200210,00;199900,00;199945,00;5160942,00;129
WINQ26;23/04/2026;11:20:00;200035,00;200420,00;199865,00;200125,00;7848662,00;196
WINQ26;23/04/2026;11:00:00;200075,00;200300,00;199750,00;199920,00;9081877,00;227
WINQ26;23/04/2026;10:40:00;200235,00;200715,00;199605,00;200120,00;20851560,00;521
WINQ26;23/04/2026;10:20:00;200815,00;200965,00;200180,00;200240,00;13879320,00;346
WINQ26;23/04/2026;10:00:00;200490,00;200800,00;200275,00;200800,00;12187700,00;304
WINQ26;23/04/2026;09:40:00;200560,00;200560,00;200125,00;200335,00;41657664,00;1040
WINQ26;23/04/2026;09:20:00;200300,00;200560,00;200115,00;200510,00;16747518,00;418
WINQ26;23/04/2026;09:00:00;200210,00;200550,00;199940,00;200315,00;86689109,00;2164
WINQ26;22/04/2026;18:20:00;200295,00;200310,00;200100,00;200100,00;8168161,00;204
WINQ26;22/04/2026;18:00:00;200415,00;200440,00;200245,00;200310,00;21676790,00;541
WINQ26;22/04/2026;17:40:00;200610,00;200610,00;200410,00;200530,00;5936187,00;148
WINQ26;22/04/2026;17:20:00;200570,00;200610,00;200540,00;200565,00;2888424,00;72
WINQ26;22/04/2026;17:00:00;200585,00;200650,00;200525,00;200610,00;24714523,00;616
WINQ26;22/04/2026;16:40:00;200425,00;200700,00;200410,00;200585,00;21025221,00;524
WINQ26;22/04/2026;16:20:00;200600,00;200625,00;200420,00;200545,00;39576814,00;987
WINQ26;22/04/2026;16:00:00;200625,00;200670,00;200350,00;200640,00;27310281,00;681
WINQ26;22/04/2026;15:40:00;200695,00;200735,00;200545,00;200645,00;18657312,00;465
WINQ26;22/04/2026;15:20:00;200780,00;200780,00;200640,00;200710,00;21035377,00;524
WINQ26;22/04/2026;15:00:00;200660,00;200910,00;200660,00;200785,00;18390919,00;458
WINQ26;22/04/2026;14:40:00;200680,00;200910,00;200580,00;200695,00;26773211,00;667
WINQ26;22/04/2026;14:20:00;200765,00;201010,00;200680,00;200715,00;12652006,00;315
WINQ26;22/04/2026;14:00:00;200685,00;200985,00;200635,00;200795,00;32896952,00;819
WINQ26;22/04/2026;13:40:00;200740,00;200915,00;200640,00;200695,00;47031467,00;1171
WINQ26;22/04/2026;13:20:00;200975,00;201055,00;200495,00;200760,00;63381807,00;1579
WINQ26;22/04/2026;13:00:00;201395,00;201450,00;200895,00;200980,00;19915695,00;495
WINQ26;22/04/2026;12:40:00;201065,00;201455,00;201000,00;201345,00;45992018,00;1142
WINQ26;22/04/2026;12:20:00;201205,00;201300,00;201000,00;201060,00;19633991,00;488
WINQ26;22/04/2026;12:00:00;201380,00;201380,00;201115,00;201235,00;36741638,00;913
WINQ26;22/04/2026;11:40:00;201340,00;201475,00;201000,00;201375,00;59175579,00;1470
WINQ26;22/04/2026;11:20:00;201870,00;202060,00;201285,00;201355,00;59799947,00;1482
WINQ26;22/04/2026;11:00:00;202630,00;202795,00;201840,00;201880,00;74903411,00;1852
WINQ26;22/04/2026;10:40:00;202160,00;202920,00;201980,00;202560,00;43884223,00;1084
WINQ26;22/04/2026;10:20:00;203490,00;203670,00;202050,00;202190,00;20197387,00;498
WINQ26;22/04/2026;10:00:00;202975,00;203670,00;202830,00;203460,00;16748126,00;412
WINQ26;22/04/2026;09:40:00;202655,00;203025,00;202655,00;202990,00;20934791,00;516
WINQ26;22/04/2026;09:20:00;203010,00;203770,00;202565,00;202680,00;36252438,00;892
WINQ26;22/04/2026;09:00:00;204475,00;204610,00;202705,00;202995,00;66226318,00;1627
WINQ26;20/04/2026;18:20:00;204140,00;204350,00;204040,00;204350,00;3553525,00;87
WINQ26;20/04/2026;18:00:00;204090,00;204200,00;204090,00;204180,00;898248,00;22
WINQ26;20/04/2026;17:40:00;204120,00;204125,00;204025,00;204120,00;2938868,00;72
WINQ26;20/04/2026;17:20:00;204040,00;204130,00;204010,00;204115,00;2367151,00;58
WINQ26;20/04/2026;17:00:00;204250,00;204250,00;204050,00;204050,00;2490094,00;61
WINQ26;20/04/2026;16:40:00;204090,00;204205,00;204090,00;204205,00;612467,00;15
WINQ26;20/04/2026;16:20:00;204030,00;204100,00;203905,00;204100,00;1836337,00;45
WINQ26;20/04/2026;16:00:00;204085,00;204280,00;204025,00;204155,00;775880,00;19
WINQ26;20/04/2026;15:40:00;204125,00;204125,00;204020,00;204020,00;2163399,00;53
WINQ26;20/04/2026;15:20:00;204265,00;204300,00;204115,00;204150,00;816772,00;20
WINQ26;20/04/2026;15:00:00;204085,00;204315,00;203985,00;204255,00;4450703,00;109
WINQ26;20/04/2026;14:40:00;203965,00;204060,00;203910,00;204000,00;1142227,00;28
WINQ26;20/04/2026;14:20:00;204170,00;204180,00;203865,00;203875,00;4775645,00;117
WINQ26;20/04/2026;14:00:00;204275,00;204370,00;204175,00;204200,00;1715683,00;42
WINQ26;20/04/2026;13:40:00;204385,00;204525,00;204225,00;204235,00;2370088,00;58
WINQ26;20/04/2026;13:20:00;204670,00;204670,00;204370,00;204370,00;2903996,00;71
WINQ26;20/04/2026;13:00:00;204605,00;204715,00;204520,00;204610,00;2496058,00;61
WINQ26;20/04/2026;12:40:00;204475,00;204675,00;204430,00;204580,00;2782195,00;68
WINQ26;20/04/2026;12:20:00;204195,00;204595,00;204175,00;204510,00;8424384,00;206
WINQ26;20/04/2026;12:00:00;204240,00;204295,00;203910,00;204255,00;3347629,00;82
WINQ26;20/04/2026;11:40:00;204100,00;204500,00;203940,00;204095,00;8901850,00;218
WINQ26;20/04/2026;11:20:00;203920,00;204395,00;203850,00;204160,00;7512997,00;184
WINQ26;20/04/2026;11:00:00;203740,00;203980,00;203155,00;203975,00;12820436,00;315
WINQ26;20/04/2026;10:40:00;204040,00;204100,00;203670,00;203770,00;7747986,00;190
WINQ26;20/04/2026;10:20:00;204350,00;204670,00;204035,00;204035,00;15046458,00;368
WINQ26;20/04/2026;10:00:00;204065,00;204310,00;203450,00;204250,00;14676279,00;360
WINQ26;20/04/2026;09:40:00;203890,00;204120,00;203890,00;204095,00;3876434,00;95
WINQ26;20/04/2026;09:20:00;204115,00;204200,00;203800,00;204005,00;6693645,00;164
WINQ26;20/04/2026;09:00:00;203445,00;204115,00;203300,00;204100,00;33484363,00;822
WINQ26;17/04/2026;18:20:00;203590,00;203610,00;203465,00;203465,00;5943290,00;146
WINQ26;17/04/2026;18:00:00;203915,00;203915,00;203670,00;203670,00;1793188,00;44
WINQ26;17/04/2026;17:40:00;203980,00;203980,00;203850,00;203900,00;1957515,00;48
WINQ26;17/04/2026;17:20:00;203970,00;203970,00;203865,00;203950,00;3017913,00;74
WINQ26;17/04/2026;17:00:00;203640,00;204140,00;203640,00;203980,00;11463147,00;281
WINQ26;17/04/2026;16:40:00;203680,00;203735,00;203520,00;203635,00;11239593,00;276
WINQ26;17/04/2026;16:20:00;203900,00;203940,00;203630,00;203650,00;20657477,00;507
WINQ26;17/04/2026;16:00:00;203680,00;203920,00;203680,00;203880,00;2445770,00;60
WINQ26;17/04/2026;15:40:00;204140,00;204160,00;203330,00;203725,00;9247265,00;227
WINQ26;17/04/2026;15:20:00;204205,00;204265,00;204070,00;204145,00;2041854,00;50
WINQ26;17/04/2026;15:00:00;204450,00;204450,00;204070,00;204175,00;2860135,00;70
WINQ26;17/04/2026;14:40:00;204375,00;204540,00;204350,00;204450,00;2780527,00;68
WINQ26;17/04/2026;14:20:00;204425,00;204570,00;204200,00;204330,00;4046604,00;99
WINQ26;17/04/2026;14:00:00;204410,00;204555,00;204120,00;204430,00;4333256,00;106
WINQ26;17/04/2026;13:40:00;204355,00;204460,00;204210,00;204460,00;4332077,00;106
WINQ26;17/04/2026;13:20:00;204380,00;204545,00;204330,00;204465,00;35002091,00;856
WINQ26;17/04/2026;13:00:00;204185,00;204340,00;204065,00;204330,00;4085125,00;100
WINQ26;17/04/2026;12:40:00;204280,00;204395,00;204130,00;204185,00;5147848,00;126
WINQ26;17/04/2026;12:20:00;204320,00;204505,00;204170,00;204310,00;51014160,00;1248
WINQ26;17/04/2026;12:00:00;204070,00;204355,00;203745,00;204165,00;88821787,00;2176
WINQ26;17/04/2026;11:40:00;204325,00;204710,00;203540,00;204030,00;126074408,00;3089
WINQ26;17/04/2026;11:20:00;204995,00;205300,00;204255,00;204330,00;54479689,00;1331
WINQ26;17/04/2026;11:00:00;205600,00;205660,00;204935,00;205050,00;43246160,00;1053
WINQ26;17/04/2026;10:40:00;205395,00;205865,00;205235,00;205725,00;51372117,00;1250
WINQ26;17/04/2026;10:20:00;206475,00;206525,00;205360,00;205525,00;65234691,00;1584
WINQ26;17/04/2026;10:00:00;206920,00;207355,00;206350,00;206420,00;79530041,00;1922
WINQ26;17/04/2026;09:40:00;205965,00;207105,00;205890,00;206890,00;74074605,00;1792
WINQ26;17/04/2026;09:20:00;205425,00;206000,00;205360,00;205920,00;7119656,00;173
WINQ26;17/04/2026;09:00:00;205230,00;205585,00;205120,00;205335,00;8624226,00;210
WINQ26;16/04/2026;18:20:00;204755,00;204780,00;204635,00;204745,00;859906,00;21
WINQ26;16/04/2026;18:00:00;204870,00;204870,00;204760,00;204760,00;7004362,00;171
WINQ26;16/04/2026;17:40:00;204890,00;204915,00;204880,00;204890,00;655653,00;16
WINQ26;16/04/2026;17:20:00;204845,00;204880,00;204770,00;204840,00;2826158,00;69
WINQ26;16/04/2026;17:00:00;204865,00;205030,00;204835,00;204900,00;1516561,00;37
WINQ26;16/04/2026;16:40:00;204820,00;204930,00;204780,00;204885,00;2581229,00;63
WINQ26;16/04/2026;16:20:00;204860,00;204885,00;204720,00;204785,00;5203327,00;127
WINQ26;16/04/2026;16:00:00;204590,00;204865,00;204575,00;204865,00;9047319,00;221
WINQ26;16/04/2026;15:40:00;204740,00;204740,00;204460,00;204545,00;15509703,00;379
WINQ26;16/04/2026;15:20:00;204900,00;204950,00;204750,00;204750,00;1515527,00;37
WINQ26;16/04/2026;15:00:00;204645,00;204990,00;204630,00;204930,00;55169663,00;1347
WINQ26;16/04/2026;14:40:00;204775,00;204900,00;204535,00;204695,00;28378696,00;693
WINQ26;16/04/2026;14:20:00;204815,00;204905,00;204715,00;204745,00;17082345,00;417
WINQ26;16/04/2026;14:00:00;205055,00;205090,00;204735,00;204790,00;26924234,00;657
WINQ26;16/04/2026;13:40:00;205145,00;205145,00;204995,00;205085,00;2009820,00;49
WINQ26;16/04/2026;13:20:00;205465,00;205465,00;204840,00;205180,00;14396672,00;351
WINQ26;16/04/2026;13:00:00;205485,00;205500,00;205340,00;205500,00;2382911,00;58
WINQ26;16/04/2026;12:40:00;205105,00;205465,00;204940,00;205465,00;3365890,00;82
WINQ26;16/04/2026;12:20:00;205100,00;205270,00;204990,00;205160,00;9722005,00;237
WINQ26;16/04/2026;12:00:00;204750,00;205235,00;204750,00;205025,00;22566194,00;550
WINQ26;16/04/2026;11:40:00;204620,00;205000,00;204600,00;204785,00;26174028,00;639
WINQ26;16/04/2026;11:20:00;204995,00;205090,00;204585,00;204615,00;70163152,00;1713
WINQ26;16/04/2026;11:00:00;205475,00;205690,00;204935,00;204935,00;69904904,00;1703
WINQ26;16/04/2026;10:40:00;206110,00;206185,00;205315,00;205515,00;66865713,00;1625
WINQ26;16/04/2026;10:20:00;206600,00;206650,00;205885,00;206170,00;25941872,00;629
WINQ26;16/04/2026;10:00:00;206685,00;206685,00;206180,00;206515,00;8752781,00;212
WINQ26;16/04/2026;09:40:00;206200,00;206880,00;206190,00;206740,00;20666317,00;500
WINQ26;16/04/2026;09:20:00;206280,00;206520,00;205970,00;206160,00;52385592,00;1270
WINQ26;16/04/2026;09:00:00;205635,00;206435,00;205635,00;206290,00;28860754,00;700
WINQ26;15/04/2026;18:20:00;205620,00;205695,00;205525,00;205525,00;863548,00;21
WINQ26;15/04/2026;18:00:00;205610,00;205625,00;205600,00;205600,00;19697439,00;479
WINQ26;15/04/2026;17:40:00;205700,00;205700,00;205565,00;205565,00;1275195,00;31
WINQ26;15/04/2026;17:20:00;205585,00;205735,00;205500,00;205735,00;657772,00;16
WINQ26;15/04/2026;17:00:00;205675,00;205790,00;205550,00;205710,00;781422,00;19
WINQ26;15/04/2026;16:40:00;205575,00;205675,00;205330,00;205650,00;12895922,00;314
WINQ26;15/04/2026;16:20:00;205825,00;205835,00;205585,00;205585,00;863776,00;21
WINQ26;15/04/2026;16:00:00;206025,00;206130,00;205770,00;205900,00;865162,00;21
WINQ26;15/04/2026;15:40:00;206000,00;206250,00;205925,00;206065,00;2473015,00;60
WINQ26;15/04/2026;15:20:00;205800,00;206000,00;205800,00;206000,00;700257,00;17
WINQ26;15/04/2026;15:00:00;205425,00;205870,00;205325,00;205725,00;2631263,00;64
WINQ26;15/04/2026;14:40:00;205450,00;205505,00;205190,00;205500,00;4312109,00;105
WINQ26;15/04/2026;14:20:00;205400,00;205425,00;205270,00;205270,00;205383,00;5
WINQ26;15/04/2026;14:00:00;205350,00;205370,00;205350,00;205370,00;369655,00;9
WINQ26;15/04/2026;13:40:00;205360,00;205360,00;205025,00;205300,00;1149102,00;28
WINQ26;15/04/2026;13:20:00;205575,00;205575,00;205575,00;205575,00;41115,00;1
WINQ26;15/04/2026;13:00:00;205500,00;205520,00;205470,00;205500,00;616512,00;15
WINQ26;15/04/2026;12:40:00;205600,00;205675,00;205400,00;205505,00;863142,00;21
WINQ26;15/04/2026;12:20:00;205970,00;205970,00;205485,00;205500,00;781017,00;19
WINQ26;15/04/2026;12:00:00;205865,00;205990,00;205865,00;205990,00;123559,00;3
WINQ26;15/04/2026;11:40:00;205715,00;205715,00;205625,00;205625,00;164554,00;4
WINQ26;15/04/2026;11:20:00;205705,00;206000,00;205500,00;205750,00;822812,00;20
WINQ26;15/04/2026;11:00:00;206500,00;206500,00;205690,00;205845,00;2473174,00;60
WINQ26;15/04/2026;10:40:00;206750,00;206750,00;205945,00;206045,00;3342705,00;81
WINQ26;15/04/2026;10:20:00;206300,00;207250,00;206155,00;206855,00;32824199,00;793
WINQ26;15/04/2026;10:00:00;205800,00;206400,00;205800,00;206100,00;3175953,00;77
WINQ26;15/04/2026;09:40:00;205945,00;206300,00;205815,00;206200,00;7084977,00;172
WINQ26;15/04/2026;09:20:00;205950,00;206040,00;205610,00;206035,00;1935280,00;47
WINQ26;15/04/2026;09:00:00;206100,00;206570,00;205840,00;206000,00;6969545,00;169
WINQ26;14/04/2026;18:00:00;206800,00;206800,00;206800,00;206800,00;41360,00;1
WINQ26;14/04/2026;17:20:00;206800,00;207000,00;206800,00;206800,00;20725346,00;501
WINQ26;14/04/2026;16:20:00;207105,00;207105,00;207105,00;207105,00;41421,00;1
WINQ26;14/04/2026;16:00:00;206880,00;207050,00;206880,00;207050,00;662101,00;16
WINQ26;14/04/2026;15:20:00;206780,00;206780,00;206600,00;206600,00;82676,00;2
WINQ26;14/04/2026;15:00:00;206830,00;206970,00;206830,00;206880,00;910090,00;22
WINQ26;14/04/2026;14:40:00;206840,00;206985,00;206750,00;206750,00;372379,00;9
WINQ26;14/04/2026;14:20:00;207170,00;207170,00;206905,00;206905,00;289797,00;7
WINQ26;14/04/2026;14:00:00;207025,00;207140,00;206850,00;207140,00;662584,00;16
WINQ26;14/04/2026;13:40:00;206845,00;206845,00;206845,00;206845,00;41369,00;1
WINQ26;14/04/2026;13:20:00;206565,00;206565,00;206565,00;206565,00;41313,00;1
WINQ26;14/04/2026;13:00:00;206770,00;206875,00;206770,00;206875,00;82729,00;2
WINQ26;14/04/2026;12:20:00;206710,00;206970,00;206710,00;206970,00;82736,00;2
WINQ26;14/04/2026;12:00:00;206640,00;206640,00;206500,00;206500,00;619841,00;15
WINQ26;14/04/2026;11:40:00;206970,00;206970,00;206870,00;206920,00;827563,00;20
WINQ26;14/04/2026;11:20:00;207170,00;207210,00;207010,00;207210,00;248557,00;6
WINQ26;14/04/2026;11:00:00;207500,00;207535,00;207145,00;207145,00;1907134,00;46
WINQ26;14/04/2026;10:40:00;207225,00;207225,00;207225,00;207225,00;41445,00;1
WINQ26;14/04/2026;10:20:00;206990,00;207055,00;206685,00;207055,00;952145,00;23
WINQ26;14/04/2026;10:00:00;206790,00;206790,00;206285,00;206790,00;1116116,00;27
WINQ26;14/04/2026;09:40:00;206600,00;206755,00;206485,00;206655,00;578668,00;14
WINQ26;14/04/2026;09:20:00;206255,00;206530,00;206135,00;206530,00;494827,00;12
WINQ26;14/04/2026;09:00:00;206175,00;207000,00;206175,00;206550,00;826392,00;20
WINQ26;13/04/2026;18:00:00;206160,00;206160,00;205995,00;205995,00;1195596,00;29
WINQ26;13/04/2026;17:40:00;206160,00;206160,00;206160,00;206160,00;2845008,00;69
WINQ26;13/04/2026;17:20:00;205900,00;206160,00;205900,00;206160,00;329760,00;8
WINQ26;13/04/2026;17:00:00;206095,00;206165,00;206095,00;206165,00;412316,00;10
WINQ26;13/04/2026;16:40:00;206155,00;206235,00;206105,00;206235,00;412331,00;10
WINQ26;13/04/2026;15:00:00;206220,00;206220,00;206220,00;206220,00;41244,00;1
WINQ26;13/04/2026;14:40:00;206005,00;206105,00;206005,00;206105,00;494518,00;12
WINQ26;13/04/2026;14:20:00;205840,00;206150,00;205840,00;206150,00;411984,00;10
WINQ26;13/04/2026;14:00:00;205800,00;205800,00;205800,00;205800,00;41160,00;1
WINQ26;13/04/2026;13:40:00;205695,00;205695,00;205320,00;205320,00;205620,00;5
WINQ26;13/04/2026;13:20:00;205440,00;205540,00;205045,00;205495,00;164304,00;4
WINQ26;13/04/2026;13:00:00;204990,00;205455,00;204990,00;205455,00;246453,00;6
WINQ26;13/04/2026;12:20:00;204920,00;204920,00;204920,00;204920,00;81968,00;2
WINQ26;13/04/2026;11:40:00;204770,00;205190,00;204770,00;205190,00;122946,00;3
WINQ26;13/04/2026;10:40:00;204855,00;205000,00;204855,00;204900,00;286951,00;7
WINQ26;13/04/2026;09:40:00;204650,00;204650,00;204500,00;204500,00;2944950,00;72
WINQ26;13/04/2026;09:20:00;204700,00;204720,00;204470,00;204470,00;368382,00;9
WINQ26;13/04/2026;09:00:00;205250,00;205250,00;204500,00;204935,00;286774,00;7
WINQ26;10/04/2026;18:00:00;206000,00;206000,00;205995,00;205995,00;288394,00;7
WINQ26;10/04/2026;17:40:00;205935,00;205960,00;205900,00;205960,00;2141760,00;52
WINQ26;10/04/2026;17:20:00;205500,00;205905,00;205500,00;205905,00;328991,00;8
WINQ26;10/04/2026;17:00:00;205500,00;205500,00;205500,00;205500,00;41100,00;1
WINQ26;10/04/2026;16:40:00;205500,00;205500,00;205500,00;205500,00;82200,00;2
WINQ26;10/04/2026;16:20:00;205350,00;205350,00;205350,00;205350,00;123210,00;3
WINQ26;10/04/2026;16:00:00;205250,00;205250,00;205250,00;205250,00;82100,00;2
WINQ26;10/04/2026;15:20:00;204900,00;205250,00;204900,00;205250,00;82030,00;2
WINQ26;10/04/2026;15:00:00;204655,00;204900,00;204605,00;204900,00;1309541,00;32
WINQ26;10/04/2026;14:00:00;204600,00;204600,00;204600,00;204600,00;40920,00;1
WINQ26;10/04/2026;13:20:00;204800,00;204800,00;204800,00;204800,00;40960,00;1
WINQ26;10/04/2026;13:00:00;205000,00;205200,00;205000,00;205200,00;164120,00;4
WINQ26;10/04/2026;12:40:00;204900,00;204900,00;204700,00;204700,00;122880,00;3
WINQ26;10/04/2026;12:00:00;205245,00;205245,00;205245,00;205245,00;123147,00;3
WINQ26;10/04/2026;11:40:00;205400,00;205400,00;205400,00;205400,00;82160,00;2
WINQ26;10/04/2026;11:20:00;205900,00;205900,00;205400,00;205400,00;329180,00;8
WINQ26;10/04/2026;11:00:00;205585,00;205700,00;205585,00;205700,00;452517,00;11
WINQ26;10/04/2026;10:40:00;205000,00;205160,00;205000,00;205160,00;697192,00;17
WINQ26;10/04/2026;10:20:00;204500,00;204900,00;204450,00;204900,00;368490,00;9
WINQ26;10/04/2026;10:00:00;204300,00;204400,00;204300,00;204400,00;81740,00;2
WINQ26;10/04/2026;09:40:00;204005,00;204250,00;204005,00;204185,00;449144,00;11
WINQ26;10/04/2026;09:20:00;203540,00;204200,00;203540,00;203885,00;775059,00;19
WINQ26;10/04/2026;09:00:00;203710,00;204265,00;203705,00;203805,00;1673415,00;41
WINQ26;09/04/2026;18:20:00;203920,00;203920,00;203710,00;203710,00;81526,00;2
WINQ26;09/04/2026;18:00:00;203800,00;203900,00;203800,00;203875,00;203856,00;5
WINQ26;09/04/2026;17:40:00;203630,00;203630,00;203630,00;203630,00;40726,00;1
WINQ26;09/04/2026;15:40:00;203365,00;203365,00;203365,00;203365,00;366057,00;9
WINQ26;09/04/2026;15:20:00;203185,00;203185,00;203185,00;203185,00;81274,00;2
WINQ26;09/04/2026;14:40:00;203740,00;203740,00;203740,00;203740,00;40748,00;1
WINQ26;09/04/2026;14:20:00;203600,00;203765,00;203600,00;203765,00;81473,00;2
WINQ26;09/04/2026;13:00:00;203060,00;203060,00;203040,00;203040,00;81220,00;2
WINQ26;09/04/2026;12:20:00;202835,00;203460,00;202835,00;203460,00;244027,00;6
WINQ26;09/04/2026;12:00:00;202975,00;203000,00;202975,00;203000,00;365375,00;9
WINQ26;09/04/2026;10:20:00;201940,00;202000,00;201940,00;202000,00;444388,00;11
WINQ26;09/04/2026;10:00:00;201750,00;201750,00;201750,00;201750,00;80700,00;2
WINQ26;09/04/2026;09:40:00;201150,00;201500,00;200930,00;201500,00;201120,00;5
WINQ26;09/04/2026;09:20:00;201010,00;201030,00;201000,00;201000,00;241226,00;6
WINQ26;08/04/2026;16:40:00;200405,00;200405,00;200405,00;200405,00;40081,00;1
WINQ26;08/04/2026;16:20:00;200180,00;200225,00;200180,00;200225,00;440405,00;11
WINQ26;08/04/2026;16:00:00;200200,00;200200,00;200200,00;200200,00;40040,00;1
WINQ26;08/04/2026;15:40:00;200210,00;200210,00;200105,00;200130,00;4124289,00;103
WINQ26;08/04/2026;14:40:00;200530,00;200530,00;200530,00;200530,00;40106,00;1
WINQ26;08/04/2026;13:20:00;200210,00;200210,00;200210,00;200210,00;40042,00;1
WINQ26;08/04/2026;13:00:00;200450,00;200450,00;200195,00;200195,00;280429,00;7
WINQ26;08/04/2026;12:40:00;200505,00;200615,00;200305,00;200500,00;2527619,00;63
WINQ26;08/04/2026;10:40:00;200280,00;200305,00;200280,00;200305,00;200295,00;5
WINQ26;08/04/2026;10:20:00;201750,00;201750,00;201500,00;201500,00;120950,00;3
WINQ26;08/04/2026;10:00:00;202750,00;203000,00;202750,00;203000,00;121750,00;3
WINQ26;08/04/2026;09:40:00;202000,00;202750,00;202000,00;202750,00;161940,00;4
WINQ26;08/04/2026;09:20:00;202000,00;202000,00;202000,00;202000,00;80800,00;2
WINQ26;08/04/2026;09:00:00;200000,00;201620,00;200000,00;201620,00;723225,00;18
WINQ26;07/04/2026;18:00:00;196910,00;196910,00;196910,00;196910,00;39382,00;1
WINQ26;07/04/2026;17:40:00;196955,00;197000,00;196955,00;197000,00;157591,00;4
WINQ26;07/04/2026;17:00:00;196500,00;196600,00;196500,00;196600,00;78620,00;2
WINQ26;07/04/2026;16:40:00;195820,00;196430,00;195820,00;196430,00;4034166,00;103
WINQ26;07/04/2026;16:20:00;195500,00;195500,00;195500,00;195500,00;39100,00;1
WINQ26;07/04/2026;16:00:00;195820,00;195820,00;195820,00;195820,00;39164,00;1
WINQ26;07/04/2026;14:20:00;196110,00;196110,00;196110,00;196110,00;39222,00;1
WINQ26;07/04/2026;13:00:00;195590,00;195590,00;195590,00;195590,00;39118,00;1
WINQ26;07/04/2026;12:00:00;195250,00;195250,00;195250,00;195250,00;39050,00;1
WINQ26;07/04/2026;11:20:00;195140,00;195600,00;195140,00;195600,00;117199,00;3
WINQ26;07/04/2026;10:40:00;194500,00;194700,00;194500,00;194695,00;233599,00;6
WINQ26;07/04/2026;10:00:00;195610,00;195610,00;195300,00;195300,00;117262,00;3
WINQ26;07/04/2026;09:40:00;195400,00;195400,00;195400,00;195400,00;39080,00;1
WINQ26;07/04/2026;09:20:00;195200,00;195200,00;195100,00;195100,00;429340,00;11
WINQ26;07/04/2026;09:00:00;196265,00;196295,00;194770,00;195795,00;313628,00;8
WINQ26;06/04/2026;17:40:00;196400,00;196400,00;196400,00;196400,00;78560,00;2
WINQ26;06/04/2026;14:40:00;196540,00;196540,00;196540,00;196540,00;39308,00;1
WINQ26;06/04/2026;10:40:00;197280,00;197280,00;196540,00;196540,00;3109869,00;79
WINQ26;06/04/2026;10:20:00;197300,00;197300,00;196940,00;196940,00;236400,00;6
WINQ26;06/04/2026;09:20:00;197345,00;197345,00;197345,00;197345,00;39469,00;1
WINQ26;06/04/2026;09:00:00;197500,00;197500,00;197235,00;197235,00;236813,00;6
WINQ26;02/04/2026;18:20:00;195925,00;195925,00;195925,00;195925,00;39185,00;1
WINQ26;02/04/2026;18:00:00;196705,00;196705,00;196705,00;196705,00;78682,00;2
WINQ26;02/04/2026;16:40:00;196450,00;196450,00;196450,00;196450,00;39290,00;1
WINQ26;02/04/2026;16:20:00;196300,00;196400,00;196300,00;196400,00;78540,00;2
WINQ26;02/04/2026;14:40:00;195750,00;195750,00;195600,00;195600,00;117390,00;3
WINQ26;02/04/2026;14:20:00;195910,00;195910,00;195910,00;195910,00;39182,00;1
WINQ26;02/04/2026;12:00:00;197140,00;197640,00;197140,00;197515,00;1145672,00;29
WINQ26;02/04/2026;11:40:00;197020,00;197020,00;196985,00;197000,00;236395,00;6
WINQ26;02/04/2026;11:20:00;195835,00;197130,00;195835,00;196820,00;1884552,00;48
WINQ26;02/04/2026;10:20:00;194000,00;194000,00;194000,00;194000,00;38800,00;1
WINQ26;02/04/2026;10:00:00;193370,00;193370,00;193110,00;193110,00;77296,00;2
WINQ26;02/04/2026;09:40:00;193575,00;193720,00;193575,00;193720,00;116203,00;3
WINQ26;02/04/2026;09:20:00;193240,00;193240,00;193240,00;193240,00;231888,00;6
WINQ26;02/04/2026;09:00:00;193760,00;193800,00;193500,00;193800,00;232352,00;6
WINQ26;01/04/2026;16:20:00;196580,00;196580,00;196580,00;196580,00;39316,00;1
WINQ26;01/04/2026;16:00:00;196490,00;196490,00;196200,00;196200,00;78538,00;2
WINQ26;01/04/2026;15:40:00;196490,00;196490,00;196490,00;196490,00;39298,00;1
WINQ26;01/04/2026;15:00:00;197000,00;197000,00;197000,00;197000,00;39400,00;1
WINQ26;01/04/2026;14:00:00;197600,00;197650,00;197600,00;197650,00;79050,00;2
WINQ26;01/04/2026;13:40:00;197340,00;197340,00;197340,00;197340,00;39468,00;1
WINQ26;01/04/2026;13:20:00;197100,00;197250,00;197100,00;197250,00;78870,00;2
WINQ26;01/04/2026;12:20:00;197000,00;197000,00;197000,00;197000,00;39400,00;1
WINQ26;01/04/2026;12:00:00;197070,00;197070,00;197070,00;197070,00;39414,00;1
WINQ26;01/04/2026;11:40:00;196570,00;196770,00;196570,00;196770,00;196730,00;5
WINQ26;01/04/2026;11:20:00;196120,00;196240,00;196120,00;196240,00;78472,00;2
WINQ26;01/04/2026;10:00:00;196680,00;196680,00;196680,00;196680,00;39336,00;1
WINQ26;01/04/2026;09:40:00;197400,00;197400,00;197400,00;197400,00;39480,00;1
WINQ26;01/04/2026;09:20:00;197500,00;197500,00;197500,00;197500,00;39500,00;1
WINQ26;01/04/2026;09:00:00;196925,00;196925,00;196925,00;196925,00;39385,00;1
WINQ26;31/03/2026;18:20:00;196475,00;196500,00;196475,00;196500,00;235795,00;6
WINQ26;31/03/2026;18:00:00;196430,00;196450,00;196430,00;196450,00;78576,00;2
WINQ26;31/03/2026;17:40:00;196450,00;196450,00;196275,00;196275,00;78545,00;2
WINQ26;31/03/2026;17:00:00;196250,00;196250,00;195990,00;195990,00;117698,00;3
WINQ26;31/03/2026;16:40:00;195750,00;196150,00;195750,00;196150,00;4071792,00;104
WINQ26;31/03/2026;16:00:00;195750,00;195750,00;195750,00;195750,00;39150,00;1
WINQ26;31/03/2026;15:40:00;196000,00;196000,00;196000,00;196000,00;78400,00;2
WINQ26;31/03/2026;15:20:00;195750,00;195750,00;195750,00;195750,00;39150,00;1
WINQ26;31/03/2026;15:00:00;195995,00;196000,00;195995,00;196000,00;235199,00;6
WINQ26;31/03/2026;14:20:00;195750,00;195750,00;195750,00;195750,00;39150,00;1
WINQ26;31/03/2026;14:00:00;195500,00;196000,00;195500,00;196000,00;117455,00;3
WINQ26;31/03/2026;13:40:00;195080,00;195800,00;195080,00;195800,00;820946,00;21
WINQ26;31/03/2026;13:20:00;194330,00;195000,00;194330,00;195000,00;350452,00;9
WINQ26;31/03/2026;12:20:00;193470,00;193850,00;193470,00;193850,00;77464,00;2
WINQ26;31/03/2026;11:40:00;193250,00;193250,00;193250,00;193250,00;38650,00;1
WINQ26;31/03/2026;11:20:00;194230,00;194230,00;194230,00;194230,00;38846,00;1
WINQ26;31/03/2026;10:20:00;193805,00;193805,00;193805,00;193805,00;38761,00;1
WINQ26;31/03/2026;10:00:00;193930,00;194815,00;193750,00;194815,00;465429,00;12
WINQ26;31/03/2026;09:40:00;194285,00;194285,00;194285,00;194285,00;38857,00;1
WINQ26;31/03/2026;09:20:00;194000,00;194350,00;194000,00;194350,00;232870,00;6
WINQ26;31/03/2026;09:00:00;193500,00;193855,00;193300,00;193855,00;116131,00;3
WINQ26;30/03/2026;17:00:00;191240,00;191240,00;191240,00;191240,00;38248,00;1
WINQ26;30/03/2026;15:40:00;191000,00;191000,00;191000,00;191000,00;38200,00;1
WINQ26;30/03/2026;12:40:00;193000,00;193000,00;193000,00;193000,00;38600,00;1
WINQ26;30/03/2026;12:20:00;192635,00;192635,00;192635,00;192635,00;38527,00;1
WINQ26;30/03/2026;10:40:00;191445,00;191445,00;191445,00;191445,00;76578,00;2
WINQ26;30/03/2026;10:20:00;192500,00;192500,00;192500,00;192500,00;38500,00;1
WINQ26;30/03/2026;09:20:00;191110,00;191245,00;191110,00;191245,00;76471,00;2
WINQ26;30/03/2026;09:00:00;190700,00;190915,00;190700,00;190915,00;76323,00;2
WINQ26;27/03/2026;16:40:00;189800,00;189800,00;189800,00;189800,00;417560,00;11
WINQ26;27/03/2026;15:20:00;189910,00;189910,00;189910,00;189910,00;37982,00;1
WINQ26;27/03/2026;12:00:00;192000,00;192000,00;192000,00;192000,00;76800,00;2
WINQ26;27/03/2026;10:20:00;190000,00;190000,00;190000,00;190000,00;114000,00;3
WINQ26;27/03/2026;10:00:00;190500,00;190500,00;190500,00;190500,00;38100,00;1
WINQ26;27/03/2026;09:40:00;191005,00;191005,00;190800,00;190800,00;76361,00;2
WINQ26;27/03/2026;09:00:00;191000,00;191340,00;190500,00;191340,00;152696,00;4
WINQ26;26/03/2026;17:40:00;192500,00;192500,00;192500,00;192500,00;38500,00;1
WINQ26;26/03/2026;17:00:00;192900,00;193220,00;192900,00;193220,00;77224,00;2
WINQ26;26/03/2026;16:40:00;191665,00;191665,00;191665,00;191665,00;38333,00;1
WINQ26;26/03/2026;16:00:00;191800,00;191800,00;191800,00;191800,00;38360,00;1
WINQ26;26/03/2026;14:20:00;191800,00;191800,00;191800,00;191800,00;76720,00;2
WINQ26;26/03/2026;10:40:00;192800,00;193440,00;192800,00;193440,00;77248,00;2
WINQ26;26/03/2026;10:20:00;192800,00;192800,00;192800,00;192800,00;385600,00;10
WINQ26;26/03/2026;10:00:00;192450,00;192650,00;192450,00;192650,00;385260,00;10
WINQ26;26/03/2026;09:40:00;192000,00;192200,00;192000,00;192200,00;115240,00;3
WINQ26;26/03/2026;09:20:00;192000,00;192000,00;192000,00;192000,00;38400,00;1
WINQ26;25/03/2026;18:00:00;194400,00;194400,00;194400,00;194400,00;77760,00;2
WINQ26;25/03/2026;15:20:00;195000,00;195000,00;194750,00;194750,00;77950,00;2
WINQ26;25/03/2026;14:40:00;194470,00;194470,00;194470,00;194470,00;38894,00;1
WINQ26;25/03/2026;14:20:00;194520,00;194520,00;194520,00;194520,00;38904,00;1
WINQ26;25/03/2026;12:00:00;194750,00;194750,00;194750,00;194750,00;38950,00;1
WINQ26;25/03/2026;11:40:00;195000,00;195000,00;195000,00;195000,00;78000,00;2
WINQ26;25/03/2026;11:20:00;194090,00;194090,00;194090,00;194090,00;38818,00;1
WINQ26;25/03/2026;10:20:00;194625,00;194625,00;194625,00;194625,00;389250,00;10
WINQ26;25/03/2026;09:20:00;193530,00;193590,00;193530,00;193590,00;387168,00;10
WINQ26;25/03/2026;09:00:00;195000,00;195000,00;195000,00;195000,00;39000,00;1
WINQ26;24/03/2026;18:20:00;193300,00;193300,00;193300,00;193300,00;193300,00;5
WINQ26;24/03/2026;17:20:00;191895,00;193300,00;191895,00;193100,00;1115099,00;29
WINQ26;24/03/2026;17:00:00;191650,00;191650,00;191650,00;191650,00;38330,00;1
WINQ26;24/03/2026;15:20:00;190990,00;190990,00;190990,00;190990,00;38198,00;1
WINQ26;24/03/2026;11:00:00;190600,00;190600,00;190600,00;190600,00;38120,00;1
WINQ26;24/03/2026;10:20:00;189000,00;189000,00;189000,00;189000,00;113400,00;3
WINQ26;24/03/2026;09:00:00;192000,00;192000,00;190470,00;190470,00;574470,00;15
WINQ26;23/03/2026;18:00:00;191800,00;191800,00;191800,00;191800,00;38360,00;1
WINQ26;23/03/2026;15:20:00;191000,00;192000,00;191000,00;192000,00;459580,00;12
WINQ26;23/03/2026;11:20:00;191000,00;191000,00;191000,00;191000,00;38200,00;1
WINQ26;23/03/2026;11:00:00;190360,00;191005,00;190360,00;191005,00;152673,00;4
WINQ26;23/03/2026;10:40:00;189000,00;190090,00;189000,00;190090,00;720608,00;19
WINQ26;23/03/2026;09:00:00;187075,00;187075,00;186800,00;186800,00;411510,00;11
WINQ26;20/03/2026;18:20:00;186800,00;186800,00;186800,00;186800,00;37360,00;1
WINQ26;20/03/2026;18:00:00;185600,00;186005,00;185600,00;186005,00;557381,00;15
WINQ26;20/03/2026;17:40:00;185250,00;185490,00;185250,00;185490,00;111198,00;3
WINQ26;20/03/2026;17:20:00;184800,00;185005,00;184800,00;185005,00;73961,00;2
WINQ26;20/03/2026;17:00:00;184865,00;185000,00;184865,00;185000,00;73973,00;2
WINQ26;20/03/2026;16:40:00;184235,00;184235,00;184235,00;184235,00;552705,00;15
WINQ26;20/03/2026;16:20:00;184100,00;184100,00;184100,00;184100,00;36820,00;1
WINQ26;20/03/2026;16:00:00;184315,00;184315,00;184315,00;184315,00;36863,00;1
WINQ26;20/03/2026;15:20:00;184515,00;184565,00;184140,00;184565,00;516659,00;14
WINQ26;20/03/2026;15:00:00;185020,00;185020,00;185020,00;185020,00;37004,00;1
WINQ26;20/03/2026;14:20:00;185200,00;185270,00;185200,00;185270,00;370498,00;10
WINQ26;20/03/2026;14:00:00;185070,00;185070,00;185070,00;185070,00;37014,00;1
WINQ26;20/03/2026;12:20:00;186275,00;186320,00;185995,00;185995,00;633237,00;17
WINQ26;20/03/2026;11:20:00;185700,00;185700,00;185700,00;185700,00;371400,00;10
WINQ26;20/03/2026;11:00:00;186580,00;186580,00;185500,00;185500,00;74416,00;2
WINQ26;20/03/2026;10:20:00;187500,00;187500,00;187155,00;187155,00;1534740,00;41
WINQ26;20/03/2026;10:00:00;187945,00;187945,00;187945,00;187945,00;37589,00;1
WINQ26;19/03/2026;17:20:00;189865,00;189865,00;189865,00;189865,00;37973,00;1
WINQ26;19/03/2026;16:20:00;189395,00;189395,00;189395,00;189395,00;37879,00;1
WINQ26;19/03/2026;16:00:00;189040,00;190585,00;189040,00;189865,00;2697148,00;71
WINQ26;19/03/2026;11:00:00;187400,00;187400,00;187400,00;187400,00;37480,00;1
WINQ26;19/03/2026;10:40:00;186955,00;186955,00;186955,00;186955,00;74782,00;2
WINQ26;19/03/2026;10:20:00;186310,00;186310,00;186310,00;186310,00;37262,00;1
WINQ26;19/03/2026;09:00:00;187155,00;187155,00;187155,00;187155,00;935775,00;25
WINQ26;18/03/2026;18:00:00;188230,00;188230,00;188230,00;188230,00;112938,00;3
WINQ26;18/03/2026;17:00:00;189000,00;189000,00;189000,00;189000,00;189000,00;5
WINQ26;18/03/2026;16:40:00;189445,00;189445,00;189445,00;189445,00;37889,00;1
WINQ26;18/03/2026;14:40:00;190600,00;190830,00;190600,00;190830,00;305098,00;8
WINQ26;18/03/2026;13:40:00;190320,00;190320,00;190320,00;190320,00;38064,00;1
WINQ26;18/03/2026;11:00:00;190520,00;190520,00;190520,00;190520,00;38104,00;1
WINQ26;18/03/2026;10:40:00;190100,00;190100,00;190100,00;190100,00;38020,00;1
WINQ26;18/03/2026;10:20:00;189280,00;189920,00;189245,00;189920,00;794971,00;21
WINQ26;18/03/2026;10:00:00;189220,00;189220,00;189220,00;189220,00;189220,00;5
WINQ26;18/03/2026;09:40:00;189180,00;189180,00;188810,00;188905,00;264509,00;7
WINQ26;18/03/2026;09:00:00;189800,00;189800,00;189800,00;189800,00;37960,00;1
WINQ26;17/03/2026;10:40:00;191805,00;191905,00;191805,00;191905,00;1381696,00;36
WINQ26;17/03/2026;09:40:00;189920,00;189920,00;189900,00;189900,00;189904,00;5
WINQ26;17/03/2026;09:20:00;189265,00;190135,00;189250,00;190135,00;948363,00;25
WINQ26;17/03/2026;09:00:00;188890,00;188890,00;188790,00;188790,00;75536,00;2
WINQ26;16/03/2026;16:20:00;189920,00;189920,00;189920,00;189920,00;37984,00;1
WINQ26;16/03/2026;15:00:00;190100,00;190400,00;190100,00;190400,00;76100,00;2
WINQ26;16/03/2026;14:20:00;189700,00;189700,00;189700,00;189700,00;37940,00;1
WINQ26;16/03/2026;10:40:00;190500,00;190500,00;190500,00;190500,00;76200,00;2
WINQ26;16/03/2026;10:00:00;190650,00;190700,00;190650,00;190700,00;190690,00;5
WINQ26;16/03/2026;09:40:00;190150,00;190150,00;190100,00;190100,00;190110,00;5
WINQ26;16/03/2026;09:20:00;189720,00;190785,00;189670,00;190785,00;380450,00;10
WINQ26;13/03/2026;18:20:00;187160,00;187250,00;187160,00;187250,00;112323,00;3
WINQ26;13/03/2026;18:00:00;187005,00;187110,00;187005,00;187110,00;860254,00;23
WINQ26;13/03/2026;17:00:00;187480,00;187480,00;187480,00;187480,00;37496,00;1
WINQ26;13/03/2026;16:20:00;187500,00;187500,00;187365,00;187365,00;412230,00;11
WINQ26;13/03/2026;14:40:00;187500,00;187500,00;187500,00;187500,00;37500,00;1
WINQ26;13/03/2026;12:00:00;188620,00;188620,00;188620,00;188620,00;37724,00;1
WINQ26;13/03/2026;10:20:00;190500,00;190500,00;190500,00;190500,00;38100,00;1
WINQ26;13/03/2026;09:40:00;189675,00;189675,00;189675,00;189675,00;37935,00;1
WINQ26;13/03/2026;09:00:00;189685,00;189685,00;189685,00;189685,00;37937,00;1
WINQ26;12/03/2026;13:40:00;189685,00;189685,00;189685,00;189685,00;37937,00;1
WINQ26;12/03/2026;10:00:00;191000,00;191000,00;191000,00;191000,00;38200,00;1
WINQ26;12/03/2026;09:40:00;191350,00;191350,00;191350,00;191350,00;382700,00;10
WINQ26;12/03/2026;09:20:00;191795,00;191795,00;191795,00;191795,00;575385,00;15
WINQ26;12/03/2026;09:00:00;193000,00;193000,00;193000,00;193000,00;38600,00;1
WINQ26;11/03/2026;18:00:00;193535,00;193535,00;193535,00;193535,00;1935350,00;50
WINQ26;11/03/2026;16:20:00;193500,00;193500,00;193500,00;193500,00;38700,00;1
WINQ26;11/03/2026;12:00:00;194500,00;194500,00;194000,00;194000,00;77700,00;2
WINQ26;11/03/2026;11:40:00;194670,00;194670,00;194670,00;194670,00;38934,00;1
WINQ26;11/03/2026;11:00:00;195065,00;195065,00;195025,00;195025,00;1950642,00;50
WINQ26;11/03/2026;10:40:00;195000,00;195065,00;195000,00;195065,00;78013,00;2
WINQ26;11/03/2026;10:00:00;192900,00;192900,00;192900,00;192900,00;38580,00;1
WINQ26;10/03/2026;18:20:00;193500,00;193500,00;193500,00;193500,00;38700,00;1
WINQ26;10/03/2026;17:40:00;193775,00;193775,00;193775,00;193775,00;38755,00;1
WINQ26;10/03/2026;17:00:00;193650,00;193775,00;193650,00;193775,00;77485,00;2
WINQ26;10/03/2026;16:40:00;193250,00;193250,00;193250,00;193250,00;38650,00;1
WINQ26;10/03/2026;16:20:00;193990,00;193990,00;193380,00;193380,00;232436,00;6
WINQ26;10/03/2026;16:00:00;194090,00;194090,00;194090,00;194090,00;77636,00;2
WINQ26;10/03/2026;15:00:00;194960,00;194960,00;194960,00;194960,00;1949600,00;50
WINQ26;10/03/2026;13:40:00;193970,00;193970,00;193970,00;193970,00;38794,00;1
WINQ26;10/03/2026;12:00:00;193950,00;193950,00;193950,00;193950,00;38790,00;1
WINQ26;09/03/2026;18:00:00;191600,00;191600,00;191600,00;191600,00;38320,00;1
WINQ26;09/03/2026;16:40:00;191380,00;191400,00;191380,00;191400,00;76556,00;2
WINQ26;09/03/2026;16:20:00;191530,00;191530,00;191530,00;191530,00;421366,00;11
WINQ26;09/03/2026;16:00:00;190500,00;190500,00;190500,00;190500,00;38100,00;1
WINQ26;09/03/2026;13:00:00;189800,00;189800,00;189800,00;189800,00;37960,00;1
WINQ26;09/03/2026;12:00:00;189300,00;189500,00;189300,00;189500,00;75760,00;2
WINQ26;09/03/2026;10:00:00;189000,00;189000,00;189000,00;189000,00;37800,00;1
WINQ26;09/03/2026;09:00:00;188190,00;188190,00;188190,00;188190,00;112914,00;3
WINQ26;06/03/2026;17:40:00;189100,00;189500,00;189100,00;189500,00;75720,00;2
WINQ26;06/03/2026;17:20:00;189525,00;189525,00;189300,00;189300,00;75765,00;2
WINQ26;06/03/2026;16:40:00;189525,00;189525,00;189525,00;189525,00;1516200,00;40
WINQ26;06/03/2026;10:40:00;190500,00;190500,00;190500,00;190500,00;1524000,00;40
WINQ26;06/03/2026;10:20:00;190500,00;190500,00;190500,00;190500,00;38100,00;1
WINQ26;06/03/2026;09:40:00;189480,00;189480,00;189480,00;189480,00;1894800,00;50
WINQ26;06/03/2026;09:00:00;190455,00;190455,00;188535,00;188535,00;1546609,00;41
WINQ26;05/03/2026;18:00:00;190665,00;190665,00;190665,00;190665,00;76266,00;2
WINQ26;05/03/2026;17:20:00;191600,00;191600,00;191600,00;191600,00;38320,00;1
WINQ26;05/03/2026;17:00:00;190620,00;190930,00;190620,00;190930,00;152558,00;4
WINQ26;05/03/2026;14:20:00;191000,00;191000,00;191000,00;191000,00;38200,00;1
WINQ26;05/03/2026;12:20:00;191795,00;191795,00;191795,00;191795,00;38359,00;1
WINQ26;05/03/2026;11:20:00;193000,00;193000,00;192300,00;192300,00;115560,00;3
WINQ26;05/03/2026;11:00:00;193900,00;193900,00;193230,00;193230,00;811700,00;21
WINQ26;05/03/2026;10:40:00;194055,00;194055,00;194055,00;194055,00;38811,00;1
WINQ26;04/03/2026;11:40:00;193900,00;193900,00;193900,00;193900,00;77560,00;2
WINQ26;04/03/2026;11:20:00;194380,00;194380,00;194380,00;194380,00;38876,00;1
WINQ26;04/03/2026;10:40:00;195485,00;195485,00;195485,00;195485,00;195485,00;5
WINQ26;04/03/2026;10:00:00;196000,00;196000,00;196000,00;196000,00;78400,00;2
WINQ26;04/03/2026;09:20:00;194690,00;194690,00;194690,00;194690,00;194690,00;5
WINQ26;04/03/2026;09:00:00;194450,00;195075,00;194450,00;195000,00;505955,00;13
WINQ26;03/03/2026;18:20:00;192980,00;192980,00;192980,00;192980,00;38596,00;1
WINQ26;03/03/2026;18:00:00;193530,00;193530,00;193000,00;193000,00;115956,00;3
WINQ26;03/03/2026;16:00:00;194445,00;194650,00;194445,00;194650,00;9453290,00;243
WINQ26;03/03/2026;15:40:00;194675,00;194675,00;194465,00;194465,00;233409,00;6
WINQ26;03/03/2026;15:00:00;194000,00;194000,00;194000,00;194000,00;38800,00;1
WINQ26;03/03/2026;14:40:00;193865,00;193865,00;193850,00;193850,00;193859,00;5
WINQ26;03/03/2026;13:40:00;193040,00;193040,00;193040,00;193040,00;77216,00;2
WINQ26;03/03/2026;11:40:00;191780,00;191780,00;191780,00;191780,00;38356,00;1
WINQ26;03/03/2026;11:20:00;192500,00;192695,00;192500,00;192695,00;77039,00;2
WINQ26;03/03/2026;11:00:00;192850,00;192850,00;192850,00;192850,00;38570,00;1
WINQ26;03/03/2026;10:00:00;194750,00;194750,00;193985,00;193985,00;77747,00;2
WINQ26;03/03/2026;09:40:00;195180,00;195180,00;194750,00;194750,00;1092866,00;28
WINQ26;03/03/2026;09:00:00;198500,00;198500,00;195185,00;195185,00;78737,00;2
WINQ26;02/03/2026;17:40:00;200000,00;200000,00;200000,00;200000,00;40000,00;1
WINQ26;02/03/2026;16:20:00;200925,00;200925,00;200925,00;200925,00;241110,00;6
WINQ26;02/03/2026;16:00:00;200000,00;200485,00;200000,00;200485,00;80097,00;2
WINQ26;02/03/2026;15:20:00;199590,00;199590,00;199590,00;199590,00;159672,00;4
WINQ26;02/03/2026;11:40:00;199025,00;199025,00;199025,00;199025,00;398050,00;10
WINQ26;02/03/2026;11:20:00;198675,00;198675,00;198675,00;198675,00;198675,00;5
WINQ26;02/03/2026;11:00:00;197500,00;197500,00;197395,00;197395,00;434290,00;11
WINQ26;02/03/2026;10:20:00;198720,00;198720,00;198720,00;198720,00;39744,00;1
WINQ26;02/03/2026;09:40:00;198000,00;198000,00;197750,00;197750,00;79150,00;2
WINQ26;02/03/2026;09:20:00;198700,00;198700,00;198700,00;198700,00;39740,00;1
WINQ26;02/03/2026;09:00:00;199000,00;199000,00;199000,00;199000,00;79600,00;2
WINQ26;27/02/2026;18:20:00;199600,00;199600,00;199600,00;199600,00;79840,00;2
WINQ26;27/02/2026;17:00:00;199600,00;199600,00;199600,00;199600,00;39920,00;1
WINQ26;27/02/2026;16:40:00;199600,00;199600,00;199600,00;199600,00;1277440,00;32
WINQ26;27/02/2026;16:20:00;199630,00;199630,00;199630,00;199630,00;39926,00;1
WINQ26;27/02/2026;14:00:00;200620,00;200620,00;200620,00;200620,00;40124,00;1
WINQ26;27/02/2026;13:40:00;200900,00;200900,00;200620,00;200620,00;80304,00;2
WINQ26;27/02/2026;11:20:00;201740,00;201740,00;201740,00;201740,00;403480,00;10
WINQ26;27/02/2026;10:40:00;200400,00;200400,00;200400,00;200400,00;40080,00;1
WINQ26;27/02/2026;10:00:00;201020,00;201020,00;200960,00;200960,00;442124,00;11
WINQ26;27/02/2026;09:00:00;200200,00;200400,00;200200,00;200400,00;80120,00;2
WINQ26;26/02/2026;17:20:00;202000,00;202000,00;202000,00;202000,00;40400,00;1
WINQ26;26/02/2026;17:00:00;201995,00;202000,00;201995,00;202000,00;80799,00;2
WINQ26;26/02/2026;15:00:00;201200,00;201200,00;201200,00;201200,00;40240,00;1
WINQ26;26/02/2026;12:00:00;201000,00;201150,00;200600,00;200600,00;160779,00;4
WINQ26;26/02/2026;11:40:00;201300,00;201300,00;201300,00;201300,00;40260,00;1
WINQ26;26/02/2026;11:20:00;201750,00;201750,00;201750,00;201750,00;40350,00;1
WINQ26;26/02/2026;10:20:00;201900,00;201900,00;201900,00;201900,00;40380,00;1
WINQ26;26/02/2026;09:20:00;201800,00;201800,00;201795,00;201795,00;403591,00;10
WINQ26;25/02/2026;17:40:00;202040,00;202040,00;202040,00;202040,00;40408,00;1
WINQ26;25/02/2026;17:00:00;201700,00;201700,00;201700,00;201700,00;40340,00;1
WINQ26;25/02/2026;16:00:00;201890,00;201900,00;201890,00;201900,00;121136,00;3
WINQ26;25/02/2026;12:20:00;202190,00;202190,00;202000,00;202000,00;121238,00;3
WINQ26;25/02/2026;11:40:00;202605,00;202605,00;202405,00;202405,00;81002,00;2
WINQ26;25/02/2026;10:40:00;203000,00;203000,00;202605,00;202605,00;81121,00;2
WINQ26;25/02/2026;10:20:00;203515,00;203515,00;203515,00;203515,00;40703,00;1
WINQ26;25/02/2026;10:00:00;203625,00;203625,00;203625,00;203625,00;40725,00;1
WINQ26;24/02/2026;17:40:00;203000,00;203000,00;203000,00;203000,00;40600,00;1
WINQ26;24/02/2026;16:40:00;202775,00;202775,00;202775,00;202775,00;40555,00;1
WINQ26;24/02/2026;16:00:00;202535,00;202535,00;202535,00;202535,00;40507,00;1
WINQ26;24/02/2026;14:20:00;203000,00;203000,00;202890,00;202890,00;81178,00;2
WINQ26;24/02/2026;12:40:00;202535,00;202535,00;202535,00;202535,00;40507,00;1
WINQ26;24/02/2026;12:20:00;202000,00;202000,00;202000,00;202000,00;40400,00;1
WINQ26;24/02/2026;12:00:00;201500,00;202000,00;201500,00;202000,00;80700,00;2
WINQ26;24/02/2026;10:40:00;201250,00;201250,00;201250,00;201250,00;40250,00;1
WINQ26;24/02/2026;10:20:00;201500,00;201500,00;201500,00;201500,00;40300,00;1
WINQ26;24/02/2026;10:00:00;200750,00;200750,00;200750,00;200750,00;40150,00;1
WINQ26;24/02/2026;09:40:00;201000,00;201000,00;201000,00;201000,00;40200,00;1
WINQ26;24/02/2026;09:20:00;201000,00;201000,00;201000,00;201000,00;40200,00;1
WINQ26;23/02/2026;17:40:00;200250,00;200250,00;200250,00;200250,00;40050,00;1
WINQ26;23/02/2026;17:20:00;200050,00;200050,00;200050,00;200050,00;40010,00;1
WINQ26;23/02/2026;17:00:00;199975,00;199975,00;199975,00;199975,00;39995,00;1
WINQ26;23/02/2026;16:40:00;199820,00;199820,00;199820,00;199820,00;39964,00;1
WINQ26;23/02/2026;15:40:00;200340,00;200340,00;200340,00;200340,00;998294220,00;24915
WINQ26;23/02/2026;15:20:00;200600,00;200600,00;200600,00;200600,00;40120,00;1
WINQ26;23/02/2026;13:40:00;200335,00;200335,00;200335,00;200335,00;40067,00;1
WINQ26;23/02/2026;13:20:00;199975,00;199975,00;199975,00;199975,00;39995,00;1
WINQ26;23/02/2026;11:20:00;200960,00;200960,00;200960,00;200960,00;40192,00;1
WINQ26;20/02/2026;17:40:00;201595,00;201595,00;201595,00;201595,00;40319,00;1
WINQ26;20/02/2026;17:20:00;201750,00;201750,00;201750,00;201750,00;40350,00;1
WINQ26;20/02/2026;17:00:00;201900,00;202000,00;201900,00;202000,00;121180,00;3
WINQ26;20/02/2026;16:20:00;201300,00;201300,00;201300,00;201300,00;40260,00;1
WINQ26;20/02/2026;16:00:00;200900,00;200900,00;200900,00;200900,00;40180,00;1
WINQ26;20/02/2026;15:20:00;200655,00;200655,00;200655,00;200655,00;40131,00;1
WINQ26;20/02/2026;14:40:00;200100,00;200100,00;200100,00;200100,00;40020,00;1
WINQ26;20/02/2026;12:00:00;199225,00;200100,00;199225,00;200100,00;478775,00;12
WINQ26;20/02/2026;09:00:00;199500,00;199565,00;199500,00;199565,00;399117,00;10
WINQ26;19/02/2026;18:00:00;199700,00;199700,00;199700,00;199700,00;39940,00;1
WINQ26;19/02/2026;17:40:00;199600,00;199600,00;199600,00;199600,00;39920,00;1
WINQ26;19/02/2026;17:20:00;199330,00;199330,00;199330,00;199330,00;39866,00;1
WINQ26;19/02/2026;15:00:00;199700,00;199700,00;199700,00;199700,00;39940,00;1
WINQ26;19/02/2026;14:20:00;199850,00;199850,00;199850,00;199850,00;39970,00;1
WINQ26;19/02/2026;13:00:00;199645,00;199645,00;199645,00;199645,00;39929,00;1
WINQ26;19/02/2026;12:40:00;199475,00;199480,00;199465,00;199480,00;159577,00;4
WINQ26;19/02/2026;12:00:00;198110,00;198800,00;198110,00;198800,00;198376,00;5
WINQ26;19/02/2026;10:20:00;198000,00;198000,00;198000,00;198000,00;39600,00;1
WINQ26;19/02/2026;09:00:00;197345,00;198300,00;197345,00;198300,00;118598,00;3
WINQ26;13/02/2026;15:20:00;197540,00;197545,00;197540,00;197545,00;300262800,00;7600
WINQ26;13/02/2026;15:00:00;197540,00;197540,00;197540,00;197540,00;31606400,00;800
WINQ26;13/02/2026;14:40:00;197540,00;197545,00;197540,00;197545,00;38757488,00;981
